backend,snr_db,profile,attack,attack_profile,n,n_clean_correct,n_attacked_correct,n_attack_success,mean_linf,mean_l2,clean_acc_pct,attacked_acc_pct,cond_asr_pct,cond_asr_ci95_lo_pct,cond_asr_ci95_hi_pct
CPU,-20,fgsm/eps0.005,fgsm,eps0.005,110,11,13,1,0.00018598942869252908,0.002966906155713532,10.0,11.818181818181818,9.090909090909092,1.6231752262825971,37.73646254862038
CPU,-20,fgsm/eps0.01,fgsm,eps0.01,110,11,12,3,0.00037197652008294545,0.005933150183409399,10.0,10.909090909090908,27.27272727272727,9.745880573921466,56.56502930102463
CPU,-20,fgsm/eps0.03,fgsm,eps0.03,110,11,13,9,0.0011159250645008765,0.017788682141425885,10.0,11.818181818181818,81.81818181818183,52.30138624217553,94.86333993289995
CPU,-20,fgsm/eps0.05,fgsm,eps0.05,110,11,11,11,0.0018598749016580471,0.02962593974714925,10.0,10.0,100.0,74.11599827511859,100.0
CPU,-20,bim/eps0.03_default,bim,eps0.03_default,110,11,11,11,0.001115925010526501,0.016381916793232563,10.0,10.0,100.0,74.11599827511859,100.0
CPU,-20,pgd/eps0.005,pgd,eps0.005,110,11,13,1,0.00018598942445924456,0.002863163776187685,10.0,11.818181818181818,9.090909090909092,1.6231752262825971,37.73646254862038
CPU,-20,pgd/eps0.01,pgd,eps0.01,110,11,12,4,0.0003719764777501009,0.005623229609971653,10.0,10.909090909090908,36.36363636363637,15.166223614131383,64.62032231083627
CPU,-20,pgd/eps0.03,pgd,eps0.03,110,11,9,11,0.0011159249861851163,0.01619130832735783,10.0,8.181818181818182,100.0,74.11599827511859,100.0
CPU,-20,mifgsm/eps0.03_default,mifgsm,eps0.03_default,110,11,9,11,0.001115925020051391,0.016896241903305007,10.0,8.181818181818182,100.0,74.11599827511859,100.0
CPU,-20,difgsm/eps0.03_default,difgsm,eps0.03_default,110,11,8,11,0.0011159249957100037,0.016956897444007024,10.0,7.2727272727272725,100.0,74.11599827511859,100.0
CPU,-20,vmifgsm/eps0.03_default,vmifgsm,eps0.03_default,110,11,8,11,0.0011159250158181064,0.017024035531688776,10.0,7.2727272727272725,100.0,74.11599827511859,100.0
CPU,-20,vnifgsm/eps0.03_default,vnifgsm,eps0.03_default,110,11,10,11,0.0011159250359262065,0.017131941867145572,10.0,9.090909090909092,100.0,74.11599827511859,100.0
CPU,-20,rfgsm/eps0.03_default,rfgsm,eps0.03_default,110,11,12,11,0.0011159249491438745,0.016287243764170144,10.0,10.909090909090908,100.0,74.11599827511859,100.0
CPU,-20,tpgd/eps0.03_default,tpgd,eps0.03_default,110,11,10,8,0.0011159249814226692,0.016030451723120384,10.0,9.090909090909092,72.72727272727273,43.43497069897537,90.25411942607853
CPU,-20,cw/c1_steps20_lr0.01,cw,c1_steps20_lr0.01,110,11,15,11,0.0006422070762544181,0.00743030212311577,10.0,13.636363636363635,100.0,74.11599827511859,100.0
CPU,-20,deepfool/package_default,deepfool,package_default,110,11,13,11,0.0014003243112131823,0.006393171760613385,10.0,11.818181818181818,100.0,74.11599827511859,100.0
CPU,-20,fab/eps0.005,fab,eps0.005,110,11,13,1,2.386756254550054e-05,0.0003646154297655902,10.0,11.818181818181818,9.090909090909092,1.6231752262825971,37.73646254862038
CPU,-20,fab/eps0.01,fab,eps0.01,110,11,14,3,7.244637407974948e-05,0.001063650274922402,10.0,12.727272727272727,27.27272727272727,9.745880573921466,56.56502930102463
CPU,-20,fab/eps0.03,fab,eps0.03,110,11,12,11,0.00036774847434237114,0.005186753870558871,10.0,10.909090909090908,100.0,74.11599827511859,100.0
CPU,-20,square/eps0.03_default,square,eps0.03_default,110,11,9,11,0.0011053109366911875,0.017630355159180534,10.0,8.181818181818182,100.0,74.11599827511859,100.0
CPU,-20,apgd/eps0.03_default,apgd,eps0.03_default,110,11,12,11,0.0010963032741776414,0.01620899310499868,10.0,10.909090909090908,100.0,74.11599827511859,100.0
CPU,-20,apgdt/eps0.03_default,apgdt,eps0.03_default,110,11,11,11,0.0011159246173602082,0.013865331441841298,10.0,10.0,100.0,74.11599827511859,100.0
CPU,-20,autoattack/eps0.03_standard,autoattack,eps0.03_standard,110,11,12,11,0.0011159249972974882,0.01649131174622607,10.0,10.909090909090908,100.0,74.11599827511859,100.0
CPU,-20,ead/package_default,ead,package_default,110,11,14,11,0.002224646810315158,0.005770788816946759,10.0,12.727272727272727,100.0,74.11599827511859,100.0
CPU,-20,ALL/ALL_24,ALL,ALL_24,2640,264,276,206,0.0009243265102585215,0.012004432612335586,10.0,10.454545454545453,78.03030303030303,72.65337963185797,82.60316005428486
CPU,-18,fgsm/eps0.005,fgsm,eps0.005,110,11,13,1,0.00018700804370874,0.0029842790681868262,10.0,11.818181818181818,9.090909090909092,1.6231752262825971,37.73646254862038
CPU,-18,fgsm/eps0.01,fgsm,eps0.01,110,11,13,3,0.00037401373847383,0.005967627677389112,10.0,11.818181818181818,27.27272727272727,9.745880573921466,56.56502930102463
CPU,-18,fgsm/eps0.03,fgsm,eps0.03,110,11,10,10,0.0011220364799637828,0.017891462849961036,10.0,9.090909090909092,90.9090909090909,62.26353745137963,98.3768247737174
CPU,-18,fgsm/eps0.05,fgsm,eps0.05,110,11,13,10,0.0018700607449069755,0.029801558584652114,10.0,11.818181818181818,90.9090909090909,62.26353745137963,98.3768247737174
CPU,-18,bim/eps0.03_default,bim,eps0.03_default,110,11,8,11,0.0011220364445100263,0.016423431030389887,10.0,7.2727272727272725,100.0,74.11599827511859,100.0
CPU,-18,pgd/eps0.005,pgd,eps0.005,110,11,12,2,0.00018700799396764817,0.0028780055211179135,10.0,10.909090909090908,18.181818181818183,5.136660067100063,47.69861375782448
CPU,-18,pgd/eps0.01,pgd,eps0.01,110,11,11,4,0.00037401362311682726,0.005652058988132214,10.0,10.0,36.36363636363637,15.166223614131383,64.62032231083627
CPU,-18,pgd/eps0.03,pgd,eps0.03,110,11,10,10,0.0011220364201686417,0.01621725167232476,10.0,9.090909090909092,90.9090909090909,62.26353745137963,98.3768247737174
CPU,-18,mifgsm/eps0.03_default,mifgsm,eps0.03_default,110,11,11,10,0.00112203644662667,0.016993787393651177,10.0,10.0,90.9090909090909,62.26353745137963,98.3768247737174
CPU,-18,difgsm/eps0.03_default,difgsm,eps0.03_default,110,11,9,9,0.0011220364138187164,0.017028308016332667,10.0,8.181818181818182,81.81818181818183,52.30138624217553,94.86333993289995
CPU,-18,vmifgsm/eps0.03_default,vmifgsm,eps0.03_default,110,11,9,10,0.0011220364445100272,0.017127255528149234,10.0,8.181818181818182,90.9090909090909,62.26353745137963,98.3768247737174
CPU,-18,vnifgsm/eps0.03_default,vnifgsm,eps0.03_default,110,11,10,10,0.001122036464618129,0.01722593498839569,10.0,9.090909090909092,90.9090909090909,62.26353745137963,98.3768247737174
CPU,-18,rfgsm/eps0.03_default,rfgsm,eps0.03_default,110,11,10,10,0.00112203639900222,0.01633379451761187,10.0,9.090909090909092,90.9090909090909,62.26353745137963,98.3768247737174
CPU,-18,tpgd/eps0.03_default,tpgd,eps0.03_default,110,11,14,6,0.0011220364217561247,0.016222833308645226,10.0,12.727272727272727,54.54545454545454,28.008775568998818,78.72904245601195
CPU,-18,cw/c1_steps20_lr0.01,cw,c1_steps20_lr0.01,110,11,7,11,0.0006295920669799191,0.007235095768489569,10.0,6.363636363636363,100.0,74.11599827511859,100.0
CPU,-18,deepfool/package_default,deepfool,package_default,110,11,10,11,0.0012330904904625454,0.005872585575905879,10.0,9.090909090909092,100.0,74.11599827511859,100.0
CPU,-18,fab/eps0.005,fab,eps0.005,110,11,12,2,3.952481122474784e-05,0.0005988082783241807,10.0,10.909090909090908,18.181818181818183,5.136660067100063,47.69861375782448
CPU,-18,fab/eps0.01,fab,eps0.01,110,11,13,3,9.64800168400109e-05,0.00142596943708055,10.0,11.818181818181818,27.27272727272727,9.745880573921466,56.56502930102463
CPU,-18,fab/eps0.03,fab,eps0.03,110,11,11,11,0.0003634560556912515,0.005099141103776376,10.0,10.0,100.0,74.11599827511859,100.0
CPU,-18,square/eps0.03_default,square,eps0.03_default,110,11,9,11,0.0011106058785860676,0.01771639269833724,10.0,8.181818181818182,100.0,74.11599827511859,100.0
CPU,-18,apgd/eps0.03_default,apgd,eps0.03_default,110,11,9,10,0.0011120542412919585,0.016435332441890566,10.0,8.181818181818182,90.9090909090909,62.26353745137963,98.3768247737174
CPU,-18,apgdt/eps0.03_default,apgdt,eps0.03_default,110,11,8,11,0.0011220360846808481,0.013814078135923853,10.0,7.2727272727272725,100.0,74.11599827511859,100.0
CPU,-18,autoattack/eps0.03_standard,autoattack,eps0.03_standard,110,11,8,11,0.0011220364085271091,0.01656486348841673,10.0,7.2727272727272725,100.0,74.11599827511859,100.0
CPU,-18,ead/package_default,ead,package_default,110,11,9,11,0.0023052776041863547,0.00567941974150012,10.0,8.181818181818182,100.0,74.11599827511859,100.0
CPU,-18,ALL/ALL_24,ALL,ALL_24,2640,264,249,198,0.0009260244057341322,0.012049553158941033,10.0,9.431818181818182,75.0,69.4432250696766,79.83963465039675
CPU,-16,fgsm/eps0.005,fgsm,eps0.005,110,12,13,5,0.00018900416537436727,0.0030160914683206043,10.909090909090908,11.818181818181818,41.66666666666667,19.325746190524658,68.04926643446272
CPU,-16,fgsm/eps0.01,fgsm,eps0.01,110,12,14,5,0.0003780056860043436,0.006031739639795591,10.909090909090908,12.727272727272727,41.66666666666667,19.325746190524658,68.04926643446272
CPU,-16,fgsm/eps0.03,fgsm,eps0.03,110,12,14,10,0.00113401212147432,0.018089374044740696,10.909090909090908,12.727272727272727,83.33333333333334,55.196364261532736,95.30358523851777
CPU,-16,fgsm/eps0.05,fgsm,eps0.05,110,12,10,11,0.001890020112676327,0.03013384318487206,10.909090909090908,9.090909090909092,91.66666666666666,64.61140782014047,98.51352905492264
CPU,-16,bim/eps0.03_default,bim,eps0.03_default,110,12,12,11,0.0011340120124672482,0.016574127972125957,10.909090909090908,10.909090909090908,91.66666666666666,64.61140782014047,98.51352905492264
CPU,-16,pgd/eps0.005,pgd,eps0.005,110,12,13,5,0.00018900413574137636,0.0029087419325316,10.909090909090908,11.818181818181818,41.66666666666667,19.325746190524658,68.04926643446272
CPU,-16,pgd/eps0.01,pgd,eps0.01,110,12,17,5,0.00037800560663026094,0.005700135146352328,10.909090909090908,15.454545454545453,41.66666666666667,19.325746190524658,68.04926643446272
CPU,-16,pgd/eps0.03,pgd,eps0.03,110,12,13,11,0.0011340120050589964,0.01633764669637783,10.909090909090908,11.818181818181818,91.66666666666666,64.61140782014047,98.51352905492264
CPU,-16,mifgsm/eps0.03_default,mifgsm,eps0.03_default,110,12,15,11,0.0011340120791414764,0.01714395825666455,10.909090909090908,13.636363636363635,91.66666666666666,64.61140782014047,98.51352905492264
CPU,-16,difgsm/eps0.03_default,difgsm,eps0.03_default,110,12,18,11,0.0011340120717332272,0.017182987064800436,10.909090909090908,16.363636363636363,91.66666666666666,64.61140782014047,98.51352905492264
CPU,-16,vmifgsm/eps0.03_default,vmifgsm,eps0.03_default,110,12,16,11,0.0011340120801997973,0.017279940521852485,10.909090909090908,14.545454545454545,91.66666666666666,64.61140782014047,98.51352905492264
CPU,-16,vnifgsm/eps0.03_default,vnifgsm,eps0.03_default,110,12,15,11,0.0011340120786123146,0.017390505114400885,10.909090909090908,13.636363636363635,91.66666666666666,64.61140782014047,98.51352905492264
CPU,-16,rfgsm/eps0.03_default,rfgsm,eps0.03_default,110,12,14,11,0.0011340120341628292,0.016449466787955933,10.909090909090908,12.727272727272727,91.66666666666666,64.61140782014047,98.51352905492264
CPU,-16,tpgd/eps0.03_default,tpgd,eps0.03_default,110,12,13,8,0.0011340120151130462,0.016247248954393598,10.909090909090908,11.818181818181818,66.66666666666666,39.06175873976139,86.18821601026386
CPU,-16,cw/c1_steps20_lr0.01,cw,c1_steps20_lr0.01,110,12,15,12,0.00062287871471855,0.007112240283326618,10.909090909090908,13.636363636363635,100.0,75.74992425007574,100.0
CPU,-16,deepfool/package_default,deepfool,package_default,110,12,15,12,0.0011430636363167046,0.005386489943669933,10.909090909090908,13.636363636363635,100.0,75.74992425007574,100.0
CPU,-16,fab/eps0.005,fab,eps0.005,110,12,14,5,2.166816742497794e-05,0.00033276846475019395,10.909090909090908,12.727272727272727,41.66666666666667,19.325746190524658,68.04926643446272
CPU,-16,fab/eps0.01,fab,eps0.01,110,12,18,6,0.00010818406960671359,0.0015784946715236387,10.909090909090908,16.363636363636363,50.0,25.377817039342222,74.62218296065778
CPU,-16,fab/eps0.03,fab,eps0.03,110,12,17,11,0.00030366424047808036,0.004309155456410629,10.909090909090908,15.454545454545453,91.66666666666666,64.61140782014047,98.51352905492264
CPU,-16,square/eps0.03_default,square,eps0.03_default,110,12,13,12,0.0011114258133932814,0.017732174206607092,10.909090909090908,11.818181818181818,100.0,75.74992425007574,100.0
CPU,-16,apgd/eps0.03_default,apgd,eps0.03_default,110,12,17,11,0.0011137867928482086,0.016397962900110398,10.909090909090908,15.454545454545453,91.66666666666666,64.61140782014047,98.51352905492264
CPU,-16,apgdt/eps0.03_default,apgdt,eps0.03_default,110,12,8,12,0.0011340116891501455,0.013792876204983704,10.909090909090908,7.2727272727272725,100.0,75.74992425007574,100.0
CPU,-16,autoattack/eps0.03_standard,autoattack,eps0.03_standard,110,12,12,12,0.0011340120278129,0.016735163585028814,10.909090909090908,10.909090909090908,100.0,75.74992425007574,100.0
CPU,-16,ead/package_default,ead,package_default,110,12,17,12,0.002116590627172744,0.005249497616188605,10.909090909090908,15.454545454545453,100.0,75.74992425007574,100.0
CPU,-16,ALL/ALL_24,ALL,ALL_24,2640,288,343,231,0.0009183097493046765,0.012046359588241008,10.909090909090908,12.992424242424242,80.20833333333334,75.22219597667458,84.39918767802031
CPU,-14,fgsm/eps0.005,fgsm,eps0.005,110,12,16,3,0.00018582206473426546,0.0029650826261124344,10.909090909090908,14.545454545454545,25.0,8.894003962896138,53.231033912065996
CPU,-14,fgsm/eps0.01,fgsm,eps0.01,110,12,19,5,0.0003716416440014637,0.005929484624754251,10.909090909090908,17.272727272727273,41.66666666666667,19.325746190524658,68.04926643446272
CPU,-14,fgsm/eps0.03,fgsm,eps0.03,110,12,11,11,0.0011149203500032626,0.01777830913832237,10.909090909090908,10.0,91.66666666666666,64.61140782014047,98.51352905492264
CPU,-14,fgsm/eps0.05,fgsm,eps0.05,110,12,13,12,0.0018582003032364847,0.029609651524912184,10.909090909090908,11.818181818181818,100.0,75.74992425007574,100.0
CPU,-14,bim/eps0.03_default,bim,eps0.03_default,110,12,11,11,0.0011149202484044309,0.016328066705980037,10.909090909090908,10.0,91.66666666666666,64.61140782014047,98.51352905492264
CPU,-14,pgd/eps0.005,pgd,eps0.005,110,12,14,4,0.00018582205706143545,0.0028655541468072493,10.909090909090908,12.727272727272727,33.33333333333333,13.811783989736135,60.9382412602386
CPU,-14,pgd/eps0.01,pgd,eps0.01,110,12,15,6,0.0003716415799730373,0.0056249258320100765,10.909090909090908,13.636363636363635,50.0,25.377817039342222,74.62218296065778
CPU,-14,pgd/eps0.03,pgd,eps0.03,110,12,9,12,0.0011149202621626062,0.016087315367026712,10.909090909090908,8.181818181818182,100.0,75.74992425007574,100.0
CPU,-14,mifgsm/eps0.03_default,mifgsm,eps0.03_default,110,12,10,11,0.0011149202769791045,0.016870549295774872,10.909090909090908,9.090909090909092,91.66666666666666,64.61140782014047,98.51352905492264
CPU,-14,difgsm/eps0.03_default,difgsm,eps0.03_default,110,12,15,11,0.0011149203161369854,0.016885344777256204,10.909090909090908,13.636363636363635,91.66666666666666,64.61140782014047,98.51352905492264
CPU,-14,vmifgsm/eps0.03_default,vmifgsm,eps0.03_default,110,12,11,11,0.00111492027380414,0.017020280108871733,10.909090909090908,10.0,91.66666666666666,64.61140782014047,98.51352905492264
CPU,-14,vnifgsm/eps0.03_default,vnifgsm,eps0.03_default,110,12,11,12,0.0011149203044954537,0.01709583979946641,10.909090909090908,10.0,100.0,75.74992425007574,100.0
CPU,-14,rfgsm/eps0.03_default,rfgsm,eps0.03_default,110,12,11,12,0.0011149202208880853,0.0162332711148668,10.909090909090908,10.0,100.0,75.74992425007574,100.0
CPU,-14,tpgd/eps0.03_default,tpgd,eps0.03_default,110,12,5,10,0.0011149202219464063,0.01608862346884874,10.909090909090908,4.545454545454546,83.33333333333334,55.196364261532736,95.30358523851777
CPU,-14,cw/c1_steps20_lr0.01,cw,c1_steps20_lr0.01,110,12,10,12,0.0005472161758172002,0.006395712194377459,10.909090909090908,9.090909090909092,100.0,75.74992425007574,100.0
CPU,-14,deepfool/package_default,deepfool,package_default,110,12,13,12,0.0010228807630482614,0.004716846761626036,10.909090909090908,11.818181818181818,100.0,75.74992425007574,100.0
CPU,-14,fab/eps0.005,fab,eps0.005,110,12,14,5,3.329696853390031e-05,0.0005025885301925549,10.909090909090908,12.727272727272727,41.66666666666667,19.325746190524658,68.04926643446272
CPU,-14,fab/eps0.01,fab,eps0.01,110,12,16,6,0.00010811917282723161,0.001603242940108016,10.909090909090908,14.545454545454545,50.0,25.377817039342222,74.62218296065778
CPU,-14,fab/eps0.03,fab,eps0.03,110,12,11,12,0.0002938128208783463,0.0042303297597299635,10.909090909090908,10.0,100.0,75.74992425007574,100.0
CPU,-14,square/eps0.03_default,square,eps0.03_default,110,12,8,12,0.001105702809185078,0.017647839712193143,10.909090909090908,7.2727272727272725,100.0,75.74992425007574,100.0
CPU,-14,apgd/eps0.03_default,apgd,eps0.03_default,110,12,9,12,0.0011062265098602411,0.016277182430376614,10.909090909090908,8.181818181818182,100.0,75.74992425007574,100.0
CPU,-14,apgdt/eps0.03_default,apgdt,eps0.03_default,110,12,8,12,0.0011149197578725991,0.013666086381470561,10.909090909090908,7.2727272727272725,100.0,75.74992425007574,100.0
CPU,-14,autoattack/eps0.03_standard,autoattack,eps0.03_standard,110,12,10,12,0.0011149202960288808,0.016409847724505402,10.909090909090908,9.090909090909092,100.0,75.74992425007574,100.0
CPU,-14,ead/package_default,ead,package_default,110,12,16,12,0.002053281137275197,0.004908402571477751,10.909090909090908,14.545454545454545,100.0,75.74992425007574,100.0
CPU,-14,ALL/ALL_24,ALL,ALL_24,2640,288,286,238,0.0008961577722980874,0.011822515730711148,10.909090909090908,10.833333333333334,82.63888888888889,77.8423299387051,86.57617653878131
CPU,-12,fgsm/eps0.005,fgsm,eps0.005,110,21,18,11,0.00018341494909355726,0.0029276302973315974,19.090909090909093,16.363636363636363,52.38095238095239,32.369217900266754,71.65628770323706
CPU,-12,fgsm/eps0.01,fgsm,eps0.01,110,21,17,13,0.00036682757120363275,0.0058547310361807495,19.090909090909093,15.454545454545453,61.904761904761905,40.87829581550152,79.2492322020175
CPU,-12,fgsm/eps0.03,fgsm,eps0.03,110,21,13,18,0.0011004783916921626,0.017556394348767625,19.090909090909093,11.818181818181818,85.71428571428571,65.36350585077048,95.0190782017865
CPU,-12,fgsm/eps0.05,fgsm,eps0.05,110,21,14,21,0.0018341303676027653,0.02924539399417959,19.090909090909093,12.727272727272727,100.0,84.5356176735798,99.99999999999999
CPU,-12,bim/eps0.03_default,bim,eps0.03_default,110,21,13,21,0.0011004783673507772,0.01608075325123284,19.090909090909093,11.818181818181818,100.0,84.5356176735798,99.99999999999999
CPU,-12,pgd/eps0.005,pgd,eps0.005,110,21,18,11,0.00018341492369385455,0.002819957372478418,19.090909090909093,16.363636363636363,52.38095238095239,32.369217900266754,71.65628770323706
CPU,-12,pgd/eps0.01,pgd,eps0.01,110,21,16,14,0.0003668275140542909,0.0055372000925919705,19.090909090909093,14.545454545454545,66.66666666666666,45.37307565721029,82.80546356731631
CPU,-12,pgd/eps0.03,pgd,eps0.03,110,21,16,20,0.0011004782805684463,0.015826952940022357,19.090909090909093,14.545454545454545,95.23809523809523,77.33018341376452,99.15442305280766
CPU,-12,mifgsm/eps0.03_default,mifgsm,eps0.03_default,110,21,15,20,0.0011004783832255928,0.016575669768181665,19.090909090909093,13.636363636363635,95.23809523809523,77.33018341376452,99.15442305280766
CPU,-12,difgsm/eps0.03_default,difgsm,eps0.03_default,110,21,14,19,0.001100478408096138,0.0166065025905316,19.090909090909093,12.727272727272727,90.47619047619048,71.08541613925932,97.34817912030528
CPU,-12,vmifgsm/eps0.03_default,vmifgsm,eps0.03_default,110,21,15,20,0.0011004783641758145,0.01671959715472021,19.090909090909093,13.636363636363635,95.23809523809523,77.33018341376452,99.15442305280766
CPU,-12,vnifgsm/eps0.03_default,vnifgsm,eps0.03_default,110,21,14,20,0.0011004783758173473,0.016848424136299927,19.090909090909093,12.727272727272727,95.23809523809523,77.33018341376452,99.15442305280766
CPU,-12,rfgsm/eps0.03_default,rfgsm,eps0.03_default,110,21,15,20,0.0011004783551800837,0.0159008559940213,19.090909090909093,13.636363636363635,95.23809523809523,77.33018341376452,99.15442305280766
CPU,-12,tpgd/eps0.03_default,tpgd,eps0.03_default,110,21,26,10,0.0011004783737007028,0.015877266465262885,19.090909090909093,23.636363636363637,47.61904761904761,28.343712296762945,67.63078209973324
CPU,-12,cw/c1_steps20_lr0.01,cw,c1_steps20_lr0.01,110,21,15,21,0.0005520408274605377,0.006351804228040208,19.090909090909093,13.636363636363635,100.0,84.5356176735798,99.99999999999999
CPU,-12,deepfool/package_default,deepfool,package_default,110,21,18,20,0.0009684209971137959,0.004660748065676129,19.090909090909093,16.363636363636363,95.23809523809523,77.33018341376452,99.15442305280766
CPU,-12,fab/eps0.005,fab,eps0.005,110,21,17,12,2.875160928603556e-05,0.00044170157845053846,19.090909090909093,15.454545454545453,57.14285714285714,36.546216297032444,75.53030051347895
CPU,-12,fab/eps0.01,fab,eps0.01,110,21,19,14,7.351064361334272e-05,0.0010972643827222902,19.090909090909093,17.272727272727273,66.66666666666666,45.37307565721029,82.80546356731631
CPU,-12,fab/eps0.03,fab,eps0.03,110,21,16,21,0.00028052177327808956,0.003997165289627354,19.090909090909093,14.545454545454545,100.0,84.5356176735798,99.99999999999999
CPU,-12,square/eps0.03_default,square,eps0.03_default,110,21,15,18,0.0010625506396701242,0.01695798111448996,19.090909090909093,13.636363636363635,85.71428571428571,65.36350585077048,95.0190782017865
CPU,-12,apgd/eps0.03_default,apgd,eps0.03_default,110,21,14,21,0.0011004783631174918,0.016210525161163322,19.090909090909093,12.727272727272727,100.0,84.5356176735798,99.99999999999999
CPU,-12,apgdt/eps0.03_default,apgdt,eps0.03_default,110,21,12,21,0.0011004779424348546,0.013439369853585908,19.090909090909093,10.909090909090908,100.0,84.5356176735798,99.99999999999999
CPU,-12,autoattack/eps0.03_standard,autoattack,eps0.03_standard,110,21,17,21,0.0011004783461843535,0.01619464204731308,19.090909090909093,15.454545454545453,100.0,84.5356176735798,99.99999999999999
CPU,-12,ead/package_default,ead,package_default,110,21,18,21,0.0019119696083097133,0.004714682730487221,19.090909090909093,16.363636363636363,100.0,84.5356176735798,99.99999999999999
CPU,-12,ALL/ALL_24,ALL,ALL_24,2640,504,385,428,0.0008757550573301459,0.011601800578889949,19.090909090909093,14.583333333333334,84.92063492063492,81.5329236971183,87.78002742779938
CPU,-10,fgsm/eps0.005,fgsm,eps0.005,110,31,25,14,0.00018442183817646908,0.002943221441554702,28.18181818181818,22.727272727272727,45.16129032258064,29.161482836586107,62.22812039633085
CPU,-10,fgsm/eps0.01,fgsm,eps0.01,110,31,23,22,0.00036884130465539094,0.005885816022584336,28.18181818181818,20.909090909090907,70.96774193548387,53.407340042459325,83.90437928156713
CPU,-10,fgsm/eps0.03,fgsm,eps0.03,110,31,15,29,0.001106519237245298,0.017649674805050496,28.18181818181818,13.636363636363635,93.54838709677419,79.28101168125355,98.21255922249368
CPU,-10,fgsm/eps0.05,fgsm,eps0.05,110,31,16,30,0.0018441984493454244,0.029399168948558197,28.18181818181818,14.545454545454545,96.7741935483871,83.80554282383036,99.42829259130555
CPU,-10,bim/eps0.03_default,bim,eps0.03_default,110,31,17,31,0.0011065191324715119,0.01605091666464096,28.18181818181818,15.454545454545453,100.0,88.9740999265246,99.99999999999999
CPU,-10,pgd/eps0.005,pgd,eps0.005,110,31,23,16,0.00018442181277676274,0.002841880113225043,28.18181818181818,20.909090909090907,51.61290322580645,34.84011828697318,68.03001396872116
CPU,-10,pgd/eps0.01,pgd,eps0.01,110,31,23,23,0.00036884126126422636,0.005569163121452337,28.18181818181818,20.909090909090907,74.19354838709677,56.75352757228489,86.29845626313025
CPU,-10,pgd/eps0.03,pgd,eps0.03,110,31,15,30,0.0011065191028385181,0.015816502755677107,28.18181818181818,13.636363636363635,96.7741935483871,83.80554282383036,99.42829259130555
CPU,-10,mifgsm/eps0.03_default,mifgsm,eps0.03_default,110,31,19,30,0.0011065191621045026,0.016643967123871454,28.18181818181818,17.272727272727273,96.7741935483871,83.80554282383036,99.42829259130555
CPU,-10,difgsm/eps0.03_default,difgsm,eps0.03_default,110,31,16,31,0.0011065191113050863,0.016682967975396954,28.18181818181818,14.545454545454545,100.0,88.9740999265246,99.99999999999999
CPU,-10,vmifgsm/eps0.03_default,vmifgsm,eps0.03_default,110,31,18,30,0.0011065191483463272,0.016812758190049317,28.18181818181818,16.363636363636363,96.7741935483871,83.80554282383036,99.42829259130555
CPU,-10,vnifgsm/eps0.03_default,vnifgsm,eps0.03_default,110,31,18,31,0.001106519132471511,0.016888911090791176,28.18181818181818,16.363636363636363,100.0,88.9740999265246,99.99999999999999
CPU,-10,rfgsm/eps0.03_default,rfgsm,eps0.03_default,110,31,15,30,0.0011065191155383745,0.015968364621089217,28.18181818181818,13.636363636363635,96.7741935483871,83.80554282383036,99.42829259130555
CPU,-10,tpgd/eps0.03_default,tpgd,eps0.03_default,110,31,23,20,0.0011065190996635518,0.015885220307179423,28.18181818181818,20.909090909090907,64.51612903225806,46.9476380428149,78.88355225843418
CPU,-10,cw/c1_steps20_lr0.01,cw,c1_steps20_lr0.01,110,31,21,31,0.0004156770606641211,0.005087881124649762,28.18181818181818,19.090909090909093,100.0,88.9740999265246,99.99999999999999
CPU,-10,deepfool/package_default,deepfool,package_default,110,31,17,30,0.0007257895020301937,0.0035243104599264967,28.18181818181818,15.454545454545453,96.7741935483871,83.80554282383036,99.42829259130555
CPU,-10,fab/eps0.005,fab,eps0.005,110,31,23,16,3.594222838397034e-05,0.0005526879134298905,28.18181818181818,20.909090909090907,51.61290322580645,34.84011828697318,68.03001396872116
CPU,-10,fab/eps0.01,fab,eps0.01,110,31,19,24,9.54576005989642e-05,0.0014317882605256408,28.18181818181818,17.272727272727273,77.41935483870968,60.187239941302614,88.60500840550121
CPU,-10,fab/eps0.03,fab,eps0.03,110,31,15,31,0.00022899643941356036,0.003282245589666212,28.18181818181818,13.636363636363635,100.0,88.9740999265246,99.99999999999999
CPU,-10,square/eps0.03_default,square,eps0.03_default,110,31,11,31,0.001106519227720408,0.017660178159448193,28.18181818181818,10.0,100.0,88.9740999265246,99.99999999999999
CPU,-10,apgd/eps0.03_default,apgd,eps0.03_default,110,31,13,31,0.0011065191165966937,0.01615998043932693,28.18181818181818,11.818181818181818,100.0,88.9740999265246,99.99999999999999
CPU,-10,apgdt/eps0.03_default,apgdt,eps0.03_default,110,31,14,31,0.0011065187557091954,0.013561865128576702,28.18181818181818,12.727272727272727,100.0,88.9740999265246,99.99999999999999
CPU,-10,autoattack/eps0.03_standard,autoattack,eps0.03_standard,110,31,15,31,0.001106519113421729,0.016150894447822414,28.18181818181818,13.636363636363635,100.0,88.9740999265246,99.99999999999999
CPU,-10,ead/package_default,ead,package_default,110,31,24,31,0.0017261947875587982,0.003789720867644016,28.18181818181818,21.818181818181817,100.0,88.9740999265246,99.99999999999999
CPU,-10,ALL/ALL_24,ALL,ALL_24,2640,744,438,654,0.0008568137808458579,0.011510003565505706,28.18181818181818,16.590909090909093,87.90322580645162,85.36326372544528,90.05377646060481
CPU,-8,fgsm/eps0.005,fgsm,eps0.005,110,45,40,20,0.0001821619760117582,0.0029091641772537855,40.909090909090914,36.36363636363637,44.44444444444444,30.938708549039106,58.82411658363468
CPU,-8,fgsm/eps0.01,fgsm,eps0.01,110,45,29,34,0.0003643218015150737,0.005817987117916298,40.909090909090914,26.36363636363636,75.55555555555556,61.326339415209866,85.76466497449071
CPU,-8,fgsm/eps0.03,fgsm,eps0.03,110,45,21,40,0.0010929607659239126,0.01744764630090102,40.909090909090914,19.090909090909093,88.88888888888889,76.50062450910904,95.15959956217445
CPU,-8,fgsm/eps0.05,fgsm,eps0.05,110,45,14,45,0.0018216010722839227,0.029061032103543882,40.909090909090914,12.727272727272727,100.0,92.13457380593594,100.00000000000003
CPU,-8,bim/eps0.03_default,bim,eps0.03_default,110,45,15,45,0.0010929606849623464,0.01570099032568656,40.909090909090914,13.636363636363635,100.0,92.13457380593594,100.00000000000003
CPU,-8,pgd/eps0.005,pgd,eps0.005,110,45,40,23,0.00018216193473723455,0.002802911256863263,40.909090909090914,36.36363636363637,51.11111111111111,37.00422432648975,65.0432106469755
CPU,-8,pgd/eps0.01,pgd,eps0.01,110,45,29,35,0.00036432166234584725,0.005489749385213259,40.909090909090914,26.36363636363636,77.77777777777779,63.7304262026367,87.45544813399437
CPU,-8,pgd/eps0.03,pgd,eps0.03,110,45,11,45,0.0010929606712041754,0.015511450713331001,40.909090909090914,10.0,100.0,92.13457380593594,100.00000000000003
CPU,-8,mifgsm/eps0.03_default,mifgsm,eps0.03_default,110,45,15,45,0.0010929607294118346,0.016360491124743717,40.909090909090914,13.636363636363635,100.0,92.13457380593594,100.00000000000003
CPU,-8,difgsm/eps0.03_default,difgsm,eps0.03_default,110,45,20,44,0.0010929607653947528,0.01644784813238811,40.909090909090914,18.181818181818183,97.77777777777777,88.43305361128118,99.60665024772425
CPU,-8,vmifgsm/eps0.03_default,vmifgsm,eps0.03_default,110,45,14,45,0.0010929607410533673,0.016503867617046242,40.909090909090914,12.727272727272727,100.0,92.13457380593594,100.00000000000003
CPU,-8,vnifgsm/eps0.03_default,vnifgsm,eps0.03_default,110,45,16,45,0.0010929607172411409,0.016626365762203884,40.909090909090914,14.545454545454545,100.0,92.13457380593594,100.00000000000003
CPU,-8,rfgsm/eps0.03_default,rfgsm,eps0.03_default,110,45,15,45,0.0010929606632667653,0.015603243051604744,40.909090909090914,13.636363636363635,100.0,92.13457380593594,100.00000000000003
CPU,-8,tpgd/eps0.03_default,tpgd,eps0.03_default,110,45,21,33,0.0010929606780832608,0.01560442526401439,40.909090909090914,19.090909090909093,73.33333333333333,58.960883302824705,84.03525113994537
CPU,-8,cw/c1_steps20_lr0.01,cw,c1_steps20_lr0.01,110,45,27,44,0.0003587031776656479,0.004537616691283563,40.909090909090914,24.545454545454547,97.77777777777777,88.43305361128118,99.60665024772425
CPU,-8,deepfool/package_default,deepfool,package_default,110,45,21,44,0.0006003040439364117,0.0027823638937681827,40.909090909090914,19.090909090909093,97.77777777777777,88.43305361128118,99.60665024772425
CPU,-8,fab/eps0.005,fab,eps0.005,110,45,37,24,4.953462815715336e-05,0.0007591752862584586,40.909090909090914,33.63636363636363,53.333333333333336,39.07720886241046,67.06509605798527
CPU,-8,fab/eps0.01,fab,eps0.01,110,45,28,38,0.00012128662757192072,0.0018078756262329305,40.909090909090914,25.454545454545453,84.44444444444444,71.2158094887512,92.25467468867133
CPU,-8,fab/eps0.03,fab,eps0.03,110,45,22,45,0.00019360749548382727,0.002838212782142485,40.909090909090914,20.0,100.0,92.13457380593594,100.00000000000003
CPU,-8,square/eps0.03_default,square,eps0.03_default,110,45,20,45,0.0010929607786237673,0.017444265710020557,40.909090909090914,18.181818181818183,100.0,92.13457380593594,100.00000000000003
CPU,-8,apgd/eps0.03_default,apgd,eps0.03_default,110,45,17,45,0.0010929606664417282,0.01580834056843406,40.909090909090914,15.454545454545453,100.0,92.13457380593594,100.00000000000003
CPU,-8,apgdt/eps0.03_default,apgdt,eps0.03_default,110,45,17,45,0.0010929603373038682,0.01317773932929739,40.909090909090914,15.454545454545453,100.0,92.13457380593594,100.00000000000003
CPU,-8,autoattack/eps0.03_standard,autoattack,eps0.03_standard,110,45,15,45,0.0010929606992496827,0.01583386292173099,40.909090909090914,13.636363636363635,100.0,92.13457380593594,100.00000000000003
CPU,-8,ead/package_default,ead,package_default,110,45,27,45,0.001646789784056339,0.0034624415754395646,40.909090909090914,24.545454545454547,100.0,92.13457380593594,100.00000000000003
CPU,-8,ALL/ALL_24,ALL,ALL_24,2640,1080,531,964,0.0008372201292469058,0.011264127779888266,40.909090909090914,20.113636363636363,89.25925925925927,87.27147429171883,90.9687408836352
CPU,-6,fgsm/eps0.005,fgsm,eps0.005,110,59,43,30,0.00018000712470061272,0.002873686730692282,53.63636363636364,39.09090909090909,50.847457627118644,38.43492802145344,63.15637455518369
CPU,-6,fgsm/eps0.01,fgsm,eps0.01,110,59,35,41,0.0003600119120991227,0.005746881401335601,53.63636363636364,31.818181818181817,69.49152542372882,56.853432740256174,79.74652652239787
CPU,-6,fgsm/eps0.03,fgsm,eps0.03,110,59,23,56,0.001080031459621861,0.01723224248059766,53.63636363636364,20.909090909090907,94.91525423728814,86.08327667771333,98.25575988405467
CPU,-6,fgsm/eps0.05,fgsm,eps0.05,110,59,21,57,0.0018000522681342118,0.028704681772399984,53.63636363636364,19.090909090909093,96.61016949152543,88.45621301839242,99.06542869664985
CPU,-6,bim/eps0.03_default,bim,eps0.03_default,110,59,18,59,0.0010800313818352591,0.015279246290976298,53.63636363636364,16.363636363636363,100.0,93.88685202159081,100.00000000000003
CPU,-6,pgd/eps0.005,pgd,eps0.005,110,59,40,33,0.00018000709559678454,0.0027679568156599482,53.63636363636364,36.36363636363637,55.932203389830505,43.289130270422646,67.84998776603726
CPU,-6,pgd/eps0.01,pgd,eps0.01,110,59,32,45,0.0003600118745287227,0.005406069129028056,53.63636363636364,29.09090909090909,76.27118644067797,64.02486613269721,85.30551374305388
CPU,-6,pgd/eps0.03,pgd,eps0.03,110,59,19,59,0.0010800313088111027,0.015164410780099254,53.63636363636364,17.272727272727273,100.0,93.88685202159081,100.00000000000003
CPU,-6,mifgsm/eps0.03_default,mifgsm,eps0.03_default,110,59,19,59,0.0010800313977100736,0.01609157869930967,53.63636363636364,17.272727272727273,100.0,93.88685202159081,100.00000000000003
CPU,-6,difgsm/eps0.03_default,difgsm,eps0.03_default,110,59,23,54,0.001080031430518031,0.016174623446369666,53.63636363636364,20.909090909090907,91.52542372881356,81.64797538583944,96.32585086938002
CPU,-6,vmifgsm/eps0.03_default,vmifgsm,eps0.03_default,110,59,17,59,0.001080031404060001,0.01626979645172299,53.63636363636364,15.454545454545453,100.0,93.88685202159081,100.00000000000003
CPU,-6,vnifgsm/eps0.03_default,vnifgsm,eps0.03_default,110,59,20,59,0.0010800313977100736,0.016374955944378218,53.63636363636364,18.181818181818183,100.0,93.88685202159081,100.00000000000003
CPU,-6,rfgsm/eps0.03_default,rfgsm,eps0.03_default,110,59,18,59,0.0010800313659604444,0.015239886677061922,53.63636363636364,16.363636363636363,100.0,93.88685202159081,100.00000000000003
CPU,-6,tpgd/eps0.03_default,tpgd,eps0.03_default,110,59,27,43,0.0010800313172776718,0.015261603697118386,53.63636363636364,24.545454545454547,72.88135593220339,60.40199456171089,82.56317500749167
CPU,-6,cw/c1_steps20_lr0.01,cw,c1_steps20_lr0.01,110,59,22,57,0.0003675866332327965,0.004505967001800352,53.63636363636364,20.0,96.61016949152543,88.45621301839242,99.06542869664985
CPU,-6,deepfool/package_default,deepfool,package_default,110,59,22,59,0.0006119020542510439,0.0027424174137856213,53.63636363636364,20.0,100.0,93.88685202159081,100.00000000000003
CPU,-6,fab/eps0.005,fab,eps0.005,110,59,40,34,4.9159205412820056e-05,0.0007481512215967218,53.63636363636364,36.36363636363637,57.6271186440678,44.93425547283663,69.38746771689756
CPU,-6,fab/eps0.01,fab,eps0.01,110,59,33,46,8.73429160988275e-05,0.001311794537974451,53.63636363636364,30.0,77.96610169491525,65.86705755334911,86.64592747567626
CPU,-6,fab/eps0.03,fab,eps0.03,110,59,23,58,0.00018573472572657102,0.0026682950374387103,53.63636363636364,20.909090909090907,98.30508474576271,91.0040625376147,99.70018433070186
CPU,-6,square/eps0.03_default,square,eps0.03_default,110,59,21,59,0.0010711892857215727,0.017102718539138563,53.63636363636364,19.090909090909093,100.0,93.88685202159081,100.00000000000003
CPU,-6,apgd/eps0.03_default,apgd,eps0.03_default,110,59,17,59,0.0010800313162193527,0.015341367538679686,53.63636363636364,15.454545454545453,100.0,93.88685202159081,100.00000000000003
CPU,-6,apgdt/eps0.03_default,apgdt,eps0.03_default,110,59,21,59,0.0010800311109050583,0.013505279213528695,53.63636363636364,19.090909090909093,100.0,93.88685202159081,100.00000000000003
CPU,-6,autoattack/eps0.03_standard,autoattack,eps0.03_standard,110,59,17,59,0.0010800313395024172,0.01528807077556844,53.63636363636364,15.454545454545453,100.0,93.88685202159081,100.00000000000003
CPU,-6,ead/package_default,ead,package_default,110,59,22,59,0.0016451161725192143,0.0033260571210120804,53.63636363636364,20.0,100.0,93.88685202159081,100.00000000000003
CPU,-6,ALL/ALL_24,ALL,ALL_24,2640,1416,593,1262,0.0008274373957564019,0.01104698911321972,53.63636363636364,22.46212121212121,89.12429378531074,87.39554821278716,90.64132575963345
CPU,-4,fgsm/eps0.005,fgsm,eps0.005,110,74,66,25,0.00017263144148847818,0.0027564030405218152,67.27272727272727,60.0,33.78378378378378,24.04645634553618,45.12170052688164
CPU,-4,fgsm/eps0.01,fgsm,eps0.01,110,74,57,42,0.0003452604797943427,0.005511649198491412,67.27272727272727,51.81818181818182,56.75675675675676,45.41253909309131,67.4340622100679
CPU,-4,fgsm/eps0.03,fgsm,eps0.03,110,74,32,68,0.0010357772714500244,0.016523407154123846,67.27272727272727,29.09090909090909,91.8918918918919,83.41786176052062,96.23106631906666
CPU,-4,fgsm/eps0.05,fgsm,eps0.05,110,74,27,73,0.0017262954455376537,0.027522264793515158,67.27272727272727,24.545454545454547,98.64864864864865,92.73446957024044,99.76105981250608
CPU,-4,bim/eps0.03_default,bim,eps0.03_default,110,74,27,74,0.0010357772232964127,0.01475509908050294,67.27272727272727,24.545454545454547,100.0,95.06484964337834,99.99999999999997
CPU,-4,pgd/eps0.005,pgd,eps0.005,110,74,63,28,0.00017263141608877,0.002659056334629269,67.27272727272727,57.27272727272727,37.83783783783784,27.64736658122867,49.228751073084695
CPU,-4,pgd/eps0.01,pgd,eps0.01,110,74,52,46,0.00034526047132777364,0.005209872977469401,67.27272727272727,47.27272727272727,62.16216216216216,50.771248926915305,72.35263341877133
CPU,-4,pgd/eps0.03,pgd,eps0.03,110,74,27,74,0.00103577719101762,0.01463588758117768,67.27272727272727,24.545454545454547,100.0,95.06484964337834,99.99999999999997
CPU,-4,mifgsm/eps0.03_default,mifgsm,eps0.03_default,110,74,28,73,0.0010357772275296964,0.015505015460604926,67.27272727272727,25.454545454545453,98.64864864864865,92.73446957024044,99.76105981250608
CPU,-4,difgsm/eps0.03_default,difgsm,eps0.03_default,110,74,22,70,0.00103577723864207,0.015486971746114115,67.27272727272727,20.0,94.5945945945946,86.90943547687496,97.87813312397599
CPU,-4,vmifgsm/eps0.03_default,vmifgsm,eps0.03_default,110,74,27,73,0.0010357772232964127,0.01563983384350479,67.27272727272727,24.545454545454547,98.64864864864865,92.73446957024044,99.76105981250608
CPU,-4,vnifgsm/eps0.03_default,vnifgsm,eps0.03_default,110,74,27,73,0.0010357772571626882,0.015730016839436457,67.27272727272727,24.545454545454547,98.64864864864865,92.73446957024044,99.76105981250608
CPU,-4,rfgsm/eps0.03_default,rfgsm,eps0.03_default,110,74,26,74,0.001035777191546779,0.014616238393566771,67.27272727272727,23.636363636363637,100.0,95.06484964337834,99.99999999999997
CPU,-4,tpgd/eps0.03_default,tpgd,eps0.03_default,110,74,42,41,0.001035777240229551,0.014681905660439571,67.27272727272727,38.18181818181819,55.4054054054054,44.092919627078444,66.18436141544893
CPU,-4,cw/c1_steps20_lr0.01,cw,c1_steps20_lr0.01,110,74,29,70,0.00040552663466020153,0.005039423750124192,67.27272727272727,26.36363636363636,94.5945945945946,86.90943547687496,97.87813312397599
CPU,-4,deepfool/package_default,deepfool,package_default,110,74,27,73,0.0008292978645344231,0.0034313693109486497,67.27272727272727,24.545454545454547,98.64864864864865,92.73446957024044,99.76105981250608
CPU,-4,fab/eps0.005,fab,eps0.005,110,74,65,27,3.158895521085432e-05,0.0004840040029612774,67.27272727272727,59.09090909090909,36.486486486486484,26.438399693345183,47.86839770033634
CPU,-4,fab/eps0.01,fab,eps0.01,110,74,51,46,8.499920791521115e-05,0.0012679578170192117,67.27272727272727,46.36363636363636,62.16216216216216,50.771248926915305,72.35263341877133
CPU,-4,fab/eps0.03,fab,eps0.03,110,74,26,74,0.00024433104765852,0.0035042644946687274,67.27272727272727,23.636363636363637,100.0,95.06484964337834,99.99999999999997
CPU,-4,square/eps0.03_default,square,eps0.03_default,110,74,25,73,0.0010260455765422275,0.016378940975766008,67.27272727272727,22.727272727272727,98.64864864864865,92.73446957024044,99.76105981250608
CPU,-4,apgd/eps0.03_default,apgd,eps0.03_default,110,74,24,74,0.0010357772333504636,0.014688648198815856,67.27272727272727,21.818181818181817,100.0,95.06484964337834,99.99999999999997
CPU,-4,apgdt/eps0.03_default,apgdt,eps0.03_default,110,74,23,74,0.0010357770200987609,0.01354363633489062,67.27272727272727,20.909090909090907,100.0,95.06484964337834,99.99999999999997
CPU,-4,autoattack/eps0.03_standard,autoattack,eps0.03_standard,110,74,25,74,0.0010357772000133473,0.014738467310301238,67.27272727272727,22.727272727272727,100.0,95.06484964337834,99.99999999999997
CPU,-4,ead/package_default,ead,package_default,110,74,27,74,0.0017878948975438617,0.003913034520254802,67.27272727272727,24.545454545454547,100.0,95.06484964337834,99.99999999999997
CPU,-4,ALL/ALL_24,ALL,ALL_24,2640,1776,845,1493,0.0008167120814973393,0.010759307034160363,67.27272727272727,32.00757575757576,84.06531531531532,82.2898216865831,85.69375617787405
CPU,-2,fgsm/eps0.005,fgsm,eps0.005,110,88,79,20,0.0001622281534681509,0.002590529389933382,80.0,71.81818181818181,22.727272727272727,15.22163058823423,32.51447157026475
CPU,-2,fgsm/eps0.01,fgsm,eps0.01,110,88,61,40,0.0003244541892358082,0.0051804407859559224,80.0,55.45454545454545,45.45454545454545,35.459231045256516,55.83011931449331
CPU,-2,fgsm/eps0.03,fgsm,eps0.03,110,88,42,63,0.0009733584931712428,0.015533977433700405,80.0,38.18181818181819,71.5909090909091,61.4202221177759,79.95536367341242
CPU,-2,fgsm/eps0.05,fgsm,eps0.05,110,88,30,74,0.001622264000417788,0.025871005163273984,80.0,27.27272727272727,84.0909090909091,75.04968606350918,90.2801862383671
CPU,-2,bim/eps0.03_default,bim,eps0.03_default,110,88,28,77,0.0009733584201470873,0.013942994575270153,80.0,25.454545454545453,87.5,78.98806043001849,92.87479910204542
CPU,-2,pgd/eps0.005,pgd,eps0.005,110,88,74,24,0.00016222815029318634,0.0025028327247127355,80.0,67.27272727272727,27.27272727272727,19.065350395100786,37.38140140364836
CPU,-2,pgd/eps0.01,pgd,eps0.01,110,88,56,47,0.00032445415960281545,0.004903867910616047,80.0,50.90909090909091,53.40909090909091,43.06328060247704,63.46970662771058
CPU,-2,pgd/eps0.03,pgd,eps0.03,110,88,28,77,0.0009733583672310318,0.013794776111502491,80.0,25.454545454545453,87.5,78.98806043001849,92.87479910204542
CPU,-2,mifgsm/eps0.03_default,mifgsm,eps0.03_default,110,88,30,75,0.0009733584370802246,0.01454637002369215,80.0,27.27272727272727,85.22727272727273,76.34870210099294,91.15883261094588
CPU,-2,difgsm/eps0.03_default,difgsm,eps0.03_default,110,88,30,71,0.0009733584328469364,0.014702844797548876,80.0,27.27272727272727,80.68181818181817,71.22274050169834,87.5741445699903
CPU,-2,vmifgsm/eps0.03_default,vmifgsm,eps0.03_default,110,88,30,76,0.0009733584296719782,0.0146882953037592,80.0,27.27272727272727,86.36363636363636,77.66106394938308,92.02413317261828
CPU,-2,vnifgsm/eps0.03_default,vnifgsm,eps0.03_default,110,88,27,77,0.0009733584624799292,0.014804085250943852,80.0,24.545454545454547,87.5,78.98806043001849,92.87479910204542
CPU,-2,rfgsm/eps0.03_default,rfgsm,eps0.03_default,110,88,28,76,0.0009733583915724163,0.013773277130993883,80.0,25.454545454545453,86.36363636363636,77.66106394938308,92.02413317261828
CPU,-2,tpgd/eps0.03_default,tpgd,eps0.03_default,110,88,58,41,0.0009733584021556255,0.013739505571059156,80.0,52.72727272727272,46.590909090909086,36.53029337228942,56.93671939752295
CPU,-2,cw/c1_steps20_lr0.01,cw,c1_steps20_lr0.01,110,88,21,81,0.0005687128395286164,0.0064880488858239885,80.0,19.090909090909093,92.04545454545455,84.47994519714656,96.09356397516751
CPU,-2,deepfool/package_default,deepfool,package_default,110,88,19,85,0.0013475237816402397,0.005490672361140025,80.0,17.272727272727273,96.5909090909091,90.4502374005803,98.83392141198397
CPU,-2,fab/eps0.005,fab,eps0.005,110,88,73,24,2.838545498723534e-05,0.00043621185744409325,80.0,66.36363636363637,27.27272727272727,19.065350395100786,37.38140140364836
CPU,-2,fab/eps0.01,fab,eps0.01,110,88,50,49,8.568839872497724e-05,0.0012760460040685227,80.0,45.45454545454545,55.68181818181818,45.28160324206779,65.60670880824492
CPU,-2,fab/eps0.03,fab,eps0.03,110,88,27,77,0.00026081009465002083,0.003683210490165129,80.0,24.545454545454547,87.5,78.98806043001849,92.87479910204542
CPU,-2,square/eps0.03_default,square,eps0.03_default,110,88,22,79,0.0008943168636918947,0.014273090713402178,80.0,20.0,89.77272727272727,81.69257242733357,94.52561192485541
CPU,-2,apgd/eps0.03_default,apgd,eps0.03_default,110,88,24,80,0.0009025454600552831,0.012852169192914207,80.0,21.818181818181817,90.9090909090909,83.07443293222694,95.3214138300246
CPU,-2,apgdt/eps0.03_default,apgdt,eps0.03_default,110,88,19,82,0.0009182394397529208,0.012200756746434234,80.0,17.272727272727273,93.18181818181817,85.91322131288098,96.83795026949565
CPU,-2,autoattack/eps0.03_standard,autoattack,eps0.03_standard,110,88,22,81,0.0009085317904298465,0.012957150761229002,80.0,20.0,92.04545454545455,84.47994519714656,96.09356397516751
CPU,-2,ead/package_default,ead,package_default,110,88,15,88,0.002174607618838839,0.005462853444524498,80.0,13.636363636363635,100.0,95.81714604275187,100.0
CPU,-2,ALL/ALL_24,ALL,ALL_24,2640,2112,893,1564,0.0008102173429864205,0.01023729219292117,80.0,33.82575757575758,74.0530303030303,72.14105313902117,75.87766433018824
CPU,0,fgsm/eps0.005,fgsm,eps0.005,110,88,84,14,0.00014999304601748817,0.0023944777415387465,80.0,76.36363636363637,15.909090909090908,9.719813761632919,24.950313936490808
CPU,0,fgsm/eps0.01,fgsm,eps0.01,110,88,74,28,0.00029998411720782997,0.004788261249830729,80.0,67.27272727272727,31.818181818181817,23.02243986376389,42.134961575235444
CPU,0,fgsm/eps0.03,fgsm,eps0.03,110,88,42,65,0.0008999486935366826,0.014356646001000247,80.0,38.18181818181819,73.86363636363636,63.824023750697265,81.90688686061614
CPU,0,fgsm/eps0.05,fgsm,eps0.05,110,88,31,76,0.0014999143969775118,0.023910913887348995,80.0,28.18181818181818,86.36363636363636,77.66106394938308,92.02413317261828
CPU,0,bim/eps0.03_default,bim,eps0.03_default,110,88,30,77,0.00089994865967041,0.012932786125351033,80.0,27.27272727272727,87.5,78.98806043001849,92.87479910204542
CPU,0,pgd/eps0.005,pgd,eps0.005,110,88,84,14,0.00014999301320953363,0.002315005979669993,80.0,76.36363636363637,15.909090909090908,9.719813761632919,24.950313936490808
CPU,0,pgd/eps0.01,pgd,eps0.01,110,88,68,34,0.00029998405714810726,0.004550284830937962,80.0,61.81818181818181,38.63636363636363,29.141940235595687,49.08143566377889
CPU,0,pgd/eps0.03,pgd,eps0.03,110,88,30,77,0.000899948632154059,0.012785966736687809,80.0,27.27272727272727,87.5,78.98806043001849,92.87479910204542
CPU,0,mifgsm/eps0.03_default,mifgsm,eps0.03_default,110,88,30,77,0.0008999486723702618,0.013514436366544477,80.0,27.27272727272727,87.5,78.98806043001849,92.87479910204542
CPU,0,difgsm/eps0.03_default,difgsm,eps0.03_default,110,88,34,72,0.0008999486877159182,0.013596024677496012,80.0,30.909090909090907,81.81818181818183,72.48754936722209,88.4869981145291
CPU,0,vmifgsm/eps0.03_default,vmifgsm,eps0.03_default,110,88,30,77,0.0008999486665494963,0.013630266309800425,80.0,27.27272727272727,87.5,78.98806043001849,92.87479910204542
CPU,0,vnifgsm/eps0.03_default,vnifgsm,eps0.03_default,110,88,30,77,0.0008999486930075237,0.013676935586739623,80.0,27.27272727272727,87.5,78.98806043001849,92.87479910204542
CPU,0,rfgsm/eps0.03_default,rfgsm,eps0.03_default,110,88,30,77,0.0008999486268624537,0.01283360585062336,80.0,27.27272727272727,87.5,78.98806043001849,92.87479910204542
CPU,0,tpgd/eps0.03_default,tpgd,eps0.03_default,110,88,54,44,0.0008999486686661381,0.012774829346347884,80.0,49.09090909090909,50.0,39.77398665504473,60.22601334495528
CPU,0,cw/c1_steps20_lr0.01,cw,c1_steps20_lr0.01,110,88,28,79,0.0006432672713840465,0.007256040606922654,80.0,25.454545454545453,89.77272727272727,81.69257242733357,94.52561192485541
CPU,0,deepfool/package_default,deepfool,package_default,110,88,20,87,0.0015120024634101385,0.006338212532947054,80.0,18.181818181818183,98.86363636363636,93.84035699273238,99.79912663995695
CPU,0,fab/eps0.005,fab,eps0.005,110,88,83,14,1.388721906220089e-05,0.00021477353993596863,80.0,75.45454545454545,15.909090909090908,9.719813761632919,24.950313936490808
CPU,0,fab/eps0.01,fab,eps0.01,110,88,67,34,6.114317802711099e-05,0.0009138781820915205,80.0,60.909090909090914,38.63636363636363,29.141940235595687,49.08143566377889
CPU,0,fab/eps0.03,fab,eps0.03,110,88,30,76,0.00028853424247986004,0.0040637528226339275,80.0,27.27272727272727,86.36363636363636,77.66106394938308,92.02413317261828
CPU,0,square/eps0.03_default,square,eps0.03_default,110,88,26,79,0.0008167130975793101,0.013032052749955442,80.0,23.636363636363637,89.77272727272727,81.69257242733357,94.52561192485541
CPU,0,apgd/eps0.03_default,apgd,eps0.03_default,110,88,29,78,0.0008097386995689826,0.011599419724313413,80.0,26.36363636363636,88.63636363636364,80.33125457954652,93.70926736257992
CPU,0,apgdt/eps0.03_default,apgdt,eps0.03_default,110,88,28,78,0.0008097386842233261,0.011105186002276864,80.0,25.454545454545453,88.63636363636364,80.33125457954652,93.70926736257992
CPU,0,autoattack/eps0.03_standard,autoattack,eps0.03_standard,110,88,29,78,0.000809738693748218,0.011575232320328357,80.0,26.36363636363636,88.63636363636364,80.33125457954652,93.70926736257992
CPU,0,ead/package_default,ead,package_default,110,88,18,88,0.0023435673750513155,0.0060683419569861315,80.0,16.363636363636363,100.0,95.81714604275187,100.0
CPU,0,ALL/ALL_24,ALL,ALL_24,2640,2112,1009,1500,0.0007753223981511636,0.009592805463679526,80.0,38.21969696969697,71.02272727272727,69.05113601141223,72.91797925695191
CPU,2,fgsm/eps0.005,fgsm,eps0.005,110,93,85,12,0.00013945918075143255,0.002226480221460437,84.54545454545455,77.27272727272727,12.903225806451612,7.537662016293771,21.211966242636276
CPU,2,fgsm/eps0.01,fgsm,eps0.01,110,93,75,26,0.0002789163295263764,0.004452267280695064,84.54545454545455,68.18181818181817,27.956989247311824,19.850210044898137,37.812612543741444
CPU,2,fgsm/eps0.03,fgsm,eps0.03,110,93,42,64,0.0008367455098777527,0.013346523241224567,84.54545454545455,38.18181818181819,68.81720430107528,58.81422410187721,77.32726881025974
CPU,2,fgsm/eps0.05,fgsm,eps0.05,110,93,30,75,0.0013945758988318235,0.02222272349860176,84.54545454545455,27.27272727272727,80.64516129032258,71.46734140699786,87.39166133562513
CPU,2,bim/eps0.03_default,bim,eps0.03_default,110,93,29,79,0.0008367454749531563,0.012056923361325758,84.54545454545455,26.36363636363636,84.94623655913979,76.30400864073414,90.81590676752016
CPU,2,pgd/eps0.005,pgd,eps0.005,110,93,84,14,0.00013945916223081397,0.002160004451235871,84.54545454545455,76.36363636363637,15.053763440860216,9.184093232479833,23.69599135926586
CPU,2,pgd/eps0.01,pgd,eps0.01,110,93,71,31,0.0002789163083599545,0.004247204241850787,84.54545454545455,64.54545454545455,33.33333333333333,24.582243182201942,43.40672023847677
CPU,2,pgd/eps0.03,pgd,eps0.03,110,93,30,77,0.0008367454818322428,0.011973490041087926,84.54545454545455,27.27272727272727,82.79569892473118,73.86593031568492,89.12352875975374
CPU,2,mifgsm/eps0.03_default,mifgsm,eps0.03_default,110,93,33,76,0.0008367454913571345,0.012595644152977198,84.54545454545455,30.0,81.72043010752688,72.6620301785226,88.26220073050823
CPU,2,difgsm/eps0.03_default,difgsm,eps0.03_default,110,93,36,72,0.0008367454659574282,0.012664516405625728,84.54545454545455,32.72727272727273,77.41935483870968,67.93336026404614,84.72995797935337
CPU,2,vmifgsm/eps0.03_default,vmifgsm,eps0.03_default,110,93,31,78,0.0008367454924154545,0.012698765234513668,84.54545454545455,28.18181818181818,83.87096774193549,75.07967733749072,89.97500990435576
CPU,2,vnifgsm/eps0.03_default,vnifgsm,eps0.03_default,110,93,31,76,0.0008367454934737763,0.012730465905571475,84.54545454545455,28.18181818181818,81.72043010752688,72.6620301785226,88.26220073050823
CPU,2,rfgsm/eps0.03_default,rfgsm,eps0.03_default,110,93,30,77,0.0008367454596075,0.011999792089177758,84.54545454545455,27.27272727272727,82.79569892473118,73.86593031568492,89.12352875975374
CPU,2,tpgd/eps0.03_default,tpgd,eps0.03_default,110,93,59,43,0.0008367454267995446,0.011856076739389735,84.54545454545455,53.63636363636364,46.236559139784944,36.454451284102326,56.31725013347029
CPU,2,cw/c1_steps20_lr0.01,cw,c1_steps20_lr0.01,110,93,24,83,0.0006419866729463757,0.007138412344134918,84.54545454545455,21.818181818181817,89.24731182795699,81.3270710323282,94.05375704155739
CPU,2,deepfool/package_default,deepfool,package_default,110,93,15,92,0.0015892785746307418,0.006738894345339298,84.54545454545455,13.636363636363635,98.9247311827957,94.15794088135158,99.80994069020443
CPU,2,fab/eps0.005,fab,eps0.005,110,93,82,14,1.3170284695326842e-05,0.00020181090402772932,84.54545454545455,74.54545454545455,15.053763440860216,9.184093232479833,23.69599135926586
CPU,2,fab/eps0.01,fab,eps0.01,110,93,72,30,5.6916328453954215e-05,0.0008425087893259345,84.54545454545455,65.45454545454545,32.25806451612903,23.624803528547357,42.298931725723534
CPU,2,fab/eps0.03,fab,eps0.03,110,93,30,77,0.0003050453291507059,0.004308760001140962,84.54545454545455,27.27272727272727,82.79569892473118,73.86593031568492,89.12352875975374
CPU,2,square/eps0.03_default,square,eps0.03_default,110,93,27,80,0.0007297571452164794,0.011642832316554568,84.54545454545455,24.545454545454547,86.02150537634408,77.53978731638328,91.64535625827884
CPU,2,apgd/eps0.03_default,apgd,eps0.03_default,110,93,28,79,0.0007222301062111415,0.010432240693483955,84.54545454545455,25.454545454545453,84.94623655913979,76.30400864073414,90.81590676752016
CPU,2,apgdt/eps0.03_default,apgdt,eps0.03_default,110,93,23,85,0.0007697165372188339,0.01058898374827079,84.54545454545455,20.909090909090907,91.39784946236558,83.9345381553405,95.57674625136072
CPU,2,autoattack/eps0.03_standard,autoattack,eps0.03_standard,110,93,21,86,0.0007804587435781173,0.011292604426275011,84.54545454545455,19.090909090909093,92.47311827956989,85.27013398161071,96.30637859149836
CPU,2,ead/package_default,ead,package_default,110,93,14,93,0.0024578817310446236,0.006376423172200243,84.54545454545455,12.727272727272727,100.0,96.03310973796383,99.99999999999999
CPU,2,ALL/ALL_24,ALL,ALL_24,2640,2232,1002,1519,0.0007428532345466955,0.009033097816895465,84.54545454545455,37.95454545454545,68.05555555555556,66.09158118239053,69.95748418968233
CPU,4,fgsm/eps0.005,fgsm,eps0.005,110,96,85,12,0.00012896898075595494,0.0020595854867926527,87.27272727272727,77.27272727272727,12.5,7.297128992395069,20.588642068966127
CPU,4,fgsm/eps0.01,fgsm,eps0.01,110,96,83,18,0.0002579361165936764,0.004118491821414315,87.27272727272727,75.45454545454545,18.75,12.202372252361302,27.70243696543969
CPU,4,fgsm/eps0.03,fgsm,eps0.03,110,96,53,53,0.0007738047702745446,0.012344010597602834,87.27272727272727,48.18181818181818,55.208333333333336,45.25145906400809,64.76440606635843
CPU,4,fgsm/eps0.05,fgsm,eps0.05,110,96,34,72,0.0012896746026605562,0.020549002687700716,87.27272727272727,30.909090909090907,75.0,65.49000204355595,82.58615058220326
CPU,4,bim/eps0.03_default,bim,eps0.03_default,110,96,38,69,0.0007738047379957509,0.011227974253283259,87.27272727272727,34.54545454545455,71.875,62.17391618504083,79.89271736249847
CPU,4,pgd/eps0.005,pgd,eps0.005,110,96,86,12,0.00012896897123106392,0.002001834313639138,87.27272727272727,78.18181818181819,12.5,7.297128992395069,20.588642068966127
CPU,4,pgd/eps0.01,pgd,eps0.01,110,96,78,23,0.00025793609701473273,0.003931139479391228,87.27272727272727,70.9090909090909,23.958333333333336,16.528105536529168,33.39256881163833
CPU,4,pgd/eps0.03,pgd,eps0.03,110,96,38,69,0.0007738047337624655,0.011148196314884803,87.27272727272727,34.54545454545455,71.875,62.17391618504083,79.89271736249847
CPU,4,mifgsm/eps0.03_default,mifgsm,eps0.03_default,110,96,38,69,0.00077380477450783,0.011683308959684538,87.27272727272727,34.54545454545455,71.875,62.17391618504083,79.89271736249847
CPU,4,difgsm/eps0.03_default,difgsm,eps0.03_default,110,96,42,63,0.0007738047708037027,0.01174562704241406,87.27272727272727,38.18181818181819,65.625,55.687844240445074,74.35975115065445
CPU,4,vmifgsm/eps0.03_default,vmifgsm,eps0.03_default,110,96,38,69,0.00077380477450783,0.011767465104772234,87.27272727272727,34.54545454545455,71.875,62.17391618504083,79.89271736249847
CPU,4,vnifgsm/eps0.03_default,vnifgsm,eps0.03_default,110,96,38,69,0.0007738047649829401,0.011802215865728478,87.27272727272727,34.54545454545455,71.875,62.17391618504083,79.89271736249847
CPU,4,rfgsm/eps0.03_default,rfgsm,eps0.03_default,110,96,38,69,0.0007738047401123936,0.011169560905545897,87.27272727272727,34.54545454545455,71.875,62.17391618504083,79.89271736249847
CPU,4,tpgd/eps0.03_default,tpgd,eps0.03_default,110,96,67,37,0.0007738047464623172,0.0110183010004799,87.27272727272727,60.909090909090914,38.54166666666667,29.425614956558316,48.539481756635396
CPU,4,cw/c1_steps20_lr0.01,cw,c1_steps20_lr0.01,110,96,17,89,0.0007898364988663228,0.008339737050175473,87.27272727272727,15.454545454545453,92.70833333333334,85.70680669280426,96.42328737620105
CPU,4,deepfool/package_default,deepfool,package_default,110,96,12,95,0.0018217474719593651,0.00802052911580668,87.27272727272727,10.909090909090908,98.95833333333334,94.33324450728878,99.81588771815633
CPU,4,fab/eps0.005,fab,eps0.005,110,96,86,12,1.023295626509819e-05,0.00015775022090629308,87.27272727272727,78.18181818181819,12.5,7.297128992395069,20.588642068966127
CPU,4,fab/eps0.01,fab,eps0.01,110,96,79,22,3.410682574294802e-05,0.0005098654533254217,87.27272727272727,71.81818181818181,22.916666666666664,15.648804837983807,32.26869648411039
CPU,4,fab/eps0.03,fab,eps0.03,110,96,39,68,0.00026083945479262187,0.003655912473167189,87.27272727272727,35.45454545454545,70.83333333333334,61.079921941430406,78.9835385800356
CPU,4,square/eps0.03_default,square,eps0.03_default,110,96,31,76,0.0006225065359930008,0.009932382074274946,87.27272727272727,28.18181818181818,79.16666666666666,69.9995683874769,86.0892763425755
CPU,4,apgd/eps0.03_default,apgd,eps0.03_default,110,96,37,71,0.0005871885880795784,0.008484034375740662,87.27272727272727,33.63636363636363,73.95833333333334,64.37875744340357,81.69422215628234
CPU,4,apgdt/eps0.03_default,apgdt,eps0.03_default,110,96,32,74,0.0006087479791444845,0.008560497600777315,87.27272727272727,29.09090909090909,77.08333333333334,67.73130351588962,84.3511951620162
CPU,4,autoattack/eps0.03_standard,autoattack,eps0.03_standard,110,96,29,78,0.0006361058739870819,0.009235931781206061,87.27272727272727,26.36363636363636,81.25,72.29756303456031,87.7976277476387
CPU,4,ead/package_default,ead,package_default,110,96,11,96,0.002564768250819924,0.006967528361432857,87.27272727272727,10.0,100.0,96.15230525151843,100.00000000000003
CPU,4,ALL/ALL_24,ALL,ALL_24,2640,2304,1129,1385,0.000706825334054841,0.00835128676417279,87.27272727272727,42.765151515151516,60.11284722222222,58.09813693705731,62.09389010673979
CPU,6,fgsm/eps0.005,fgsm,eps0.005,110,91,89,9,0.0001278740393568944,0.0020422019424255135,82.72727272727273,80.9090909090909,9.89010989010989,5.290804058720921,17.738752591525387
CPU,6,fgsm/eps0.01,fgsm,eps0.01,110,91,85,14,0.00025574622797478456,0.004083815265700849,82.72727272727273,77.27272727272727,15.384615384615385,9.391127768535098,24.18232523099254
CPU,6,fgsm/eps0.03,fgsm,eps0.03,110,91,55,47,0.0007672351933168627,0.012240941013971456,82.72727272727273,50.0,51.64835164835166,41.52385197536545,61.63931692941895
CPU,6,fgsm/eps0.05,fgsm,eps0.05,110,91,36,68,0.0012787254463711417,0.020374225266277742,82.72727272727273,32.72727272727273,74.72527472527473,64.92012891565241,82.52740465611357
CPU,6,bim/eps0.03_default,bim,eps0.03_default,110,91,40,66,0.0007672351811461691,0.011017551319673611,82.72727272727273,36.36363636363637,72.52747252747253,62.58502470283997,80.64495032921346
CPU,6,pgd/eps0.005,pgd,eps0.005,110,91,88,10,0.00012787397969404125,0.001981534104032224,82.72727272727273,80.0,10.989010989010989,6.079407536219415,19.058928383883156
CPU,6,pgd/eps0.01,pgd,eps0.01,110,91,84,15,0.00025574615627353003,0.0038764090573583983,82.72727272727273,76.36363636363637,16.483516483516482,10.251340708451503,25.4308915609324
CPU,6,pgd/eps0.03,pgd,eps0.03,110,91,39,67,0.000767235149925699,0.010943634465167417,82.72727272727273,35.45454545454545,73.62637362637363,63.74922768443272,81.589526617477
CPU,6,mifgsm/eps0.03_default,mifgsm,eps0.03_default,110,91,42,64,0.0007672351986084681,0.011498999951237937,82.72727272727273,38.18181818181819,70.32967032967034,60.275771763808216,78.73664472853271
CPU,6,difgsm/eps0.03_default,difgsm,eps0.03_default,110,91,44,60,0.0007672351943751837,0.011585164099762336,82.72727272727273,40.0,65.93406593406593,55.728522201045905,74.84877721186994
CPU,6,vmifgsm/eps0.03_default,vmifgsm,eps0.03_default,110,91,41,65,0.0007672351964918264,0.011585474196313412,82.72727272727273,37.27272727272727,71.42857142857143,61.42727836093079,79.6939174012664
CPU,6,vnifgsm/eps0.03_default,vnifgsm,eps0.03_default,110,91,43,63,0.0007672351938460228,0.011620470906861755,82.72727272727273,39.09090909090909,69.23076923076923,59.13030988143508,77.77332734104957
CPU,6,rfgsm/eps0.03_default,rfgsm,eps0.03_default,110,91,41,65,0.0007672351467507355,0.010942725117572287,82.72727272727273,37.27272727272727,71.42857142857143,61.42727836093079,79.6939174012664
CPU,6,tpgd/eps0.03_default,tpgd,eps0.03_default,110,91,70,32,0.0007672351652713536,0.010905458062717806,82.72727272727273,63.63636363636363,35.16483516483517,26.13712913278969,45.39435072415074
CPU,6,cw/c1_steps20_lr0.01,cw,c1_steps20_lr0.01,110,91,24,83,0.000814413414760022,0.008262300884218659,82.72727272727273,21.818181818181817,91.20879120879121,83.60118928653627,95.47803333307368
CPU,6,deepfool/package_default,deepfool,package_default,110,91,17,90,0.0018870277676878984,0.008007548508943346,82.72727272727273,15.454545454545453,98.9010989010989,94.03491964093863,99.8057578676652
CPU,6,fab/eps0.005,fab,eps0.005,110,91,87,10,1.1940027417781708e-05,0.000182660139723595,82.72727272727273,79.0909090909091,10.989010989010989,6.079407536219415,19.058928383883156
CPU,6,fab/eps0.01,fab,eps0.01,110,91,83,15,2.1377800095991097e-05,0.0003222774395282169,82.72727272727273,75.45454545454545,16.483516483516482,10.251340708451503,25.4308915609324
CPU,6,fab/eps0.03,fab,eps0.03,110,91,40,66,0.00028013996965121386,0.003910632344571146,82.72727272727273,36.36363636363637,72.52747252747253,62.58502470283997,80.64495032921346
CPU,6,square/eps0.03_default,square,eps0.03_default,110,91,36,70,0.0006056270435113447,0.009659908704104672,82.72727272727273,32.72727272727273,76.92307692307693,67.2831372058367,84.38195490564182
CPU,6,apgd/eps0.03_default,apgd,eps0.03_default,110,91,37,68,0.0005882009377025406,0.008450636732691743,82.72727272727273,33.63636363636363,74.72527472527473,64.92012891565241,82.52740465611357
CPU,6,apgdt/eps0.03_default,apgdt,eps0.03_default,110,91,36,70,0.0006064904827243203,0.008461866590001843,82.72727272727273,32.72727272727273,76.92307692307693,67.2831372058367,84.38195490564182
CPU,6,autoattack/eps0.03_standard,autoattack,eps0.03_standard,110,91,34,72,0.0006188828720372155,0.00891101109360138,82.72727272727273,30.909090909090907,79.12087912087912,69.67662422964305,86.20602642154799
CPU,6,ead/package_default,ead,package_default,110,91,16,91,0.0025834914788984286,0.007078899965827857,82.72727272727273,14.545454545454545,100.0,95.9494567784601,100.0
CPU,6,ALL/ALL_24,ALL,ALL_24,2640,2184,1207,1280,0.0007070280943287278,0.008247764465511884,82.72727272727273,45.71969696969697,58.60805860805861,56.52900727365824,60.656880406693034
CPU,8,fgsm/eps0.005,fgsm,eps0.005,110,96,90,7,0.00012251323575827774,0.0019561558369207955,87.27272727272727,81.81818181818183,7.291666666666667,3.57671262379895,14.293193307195748
CPU,8,fgsm/eps0.01,fgsm,eps0.01,110,96,80,20,0.00024502478799227364,0.003911364046772048,87.27272727272727,72.72727272727273,20.833333333333336,13.910723657424498,30.000431612523105
CPU,8,fgsm/eps0.03,fgsm,eps0.03,110,96,53,47,0.0007350712220861327,0.011721962068060535,87.27272727272727,48.18181818181818,48.95833333333333,39.19268939484636,58.804137579080354
CPU,8,fgsm/eps0.05,fgsm,eps0.05,110,96,39,62,0.0012251187433403538,0.01950844162228428,87.27272727272727,35.45454545454545,64.58333333333334,54.6241158747365,73.4203064902897
CPU,8,bim/eps0.03_default,bim,eps0.03_default,110,96,37,70,0.0007350711771074882,0.010625261440873097,87.27272727272727,33.63636363636363,72.91666666666666,63.273465167697694,80.7963414059149
CPU,8,pgd/eps0.005,pgd,eps0.005,110,96,90,7,0.000122513232583314,0.0018988236139358627,87.27272727272727,81.81818181818183,7.291666666666667,3.57671262379895,14.293193307195748
CPU,8,pgd/eps0.01,pgd,eps0.01,110,96,78,22,0.00024502475095103453,0.0037216082744469204,87.27272727272727,70.9090909090909,22.916666666666664,15.648804837983807,32.26869648411039
CPU,8,pgd/eps0.03,pgd,eps0.03,110,96,40,68,0.0007350711755200045,0.010576610703190577,87.27272727272727,36.36363636363637,70.83333333333334,61.079921941430406,78.9835385800356
CPU,8,mifgsm/eps0.03_default,mifgsm,eps0.03_default,110,96,42,65,0.0007350711913948219,0.01108413117683742,87.27272727272727,38.18181818181819,67.70833333333334,57.82964352989827,76.22429791334785
CPU,8,difgsm/eps0.03_default,difgsm,eps0.03_default,110,96,44,63,0.0007350712257902563,0.011122385840016286,87.27272727272727,40.0,65.625,55.687844240445074,74.35975115065445
CPU,8,vmifgsm/eps0.03_default,vmifgsm,eps0.03_default,110,96,40,66,0.0007350711940406255,0.011173393835567567,87.27272727272727,36.36363636363637,68.75,58.90793244654506,77.14918202277434
CPU,8,vnifgsm/eps0.03_default,vnifgsm,eps0.03_default,110,96,43,65,0.00073507120938628,0.011180666470053472,87.27272727272727,39.09090909090909,67.70833333333334,57.82964352989827,76.22429791334785
CPU,8,rfgsm/eps0.03_default,rfgsm,eps0.03_default,110,96,40,67,0.0007350711622909909,0.010578627236695401,87.27272727272727,36.36363636363637,69.79166666666666,59.99131207004743,78.06897542534527
CPU,8,tpgd/eps0.03_default,tpgd,eps0.03_default,110,96,64,38,0.0007350711474744954,0.010478113849901296,87.27272727272727,58.18181818181818,39.58333333333333,30.38319769764796,49.58507204161904
CPU,8,cw/c1_steps20_lr0.01,cw,c1_steps20_lr0.01,110,96,22,86,0.000775505784920117,0.007702777007990504,87.27272727272727,20.0,89.58333333333334,81.87766618632338,94.24290880446203
CPU,8,deepfool/package_default,deepfool,package_default,110,96,11,95,0.001839733975727739,0.007961336888547471,87.27272727272727,10.0,98.95833333333334,94.33324450728878,99.81588771815633
CPU,8,fab/eps0.005,fab,eps0.005,110,96,91,7,5.105196429543535e-06,7.829550580549301e-05,87.27272727272727,82.72727272727273,7.291666666666667,3.57671262379895,14.293193307195748
CPU,8,fab/eps0.01,fab,eps0.01,110,96,76,23,4.5480018095317316e-05,0.0006684136371512996,87.27272727272727,69.0909090909091,23.958333333333336,16.528105536529168,33.39256881163833
CPU,8,fab/eps0.03,fab,eps0.03,110,96,42,63,0.00023362306449347398,0.0032504965865536558,87.27272727272727,38.18181818181819,65.625,55.687844240445074,74.35975115065445
CPU,8,square/eps0.03_default,square,eps0.03_default,110,96,35,73,0.000567694875644481,0.009050794094984767,87.27272727272727,31.818181818181817,76.04166666666666,66.60743118836167,83.47189446347083
CPU,8,apgd/eps0.03_default,apgd,eps0.03_default,110,96,36,71,0.0005514679603616926,0.007952970129686524,87.27272727272727,32.72727272727273,73.95833333333334,64.37875744340357,81.69422215628234
CPU,8,apgdt/eps0.03_default,apgdt,eps0.03_default,110,96,35,73,0.0005667169303209569,0.007879368163291026,87.27272727272727,31.818181818181817,76.04166666666666,66.60743118836167,83.47189446347083
CPU,8,autoattack/eps0.03_standard,autoattack,eps0.03_standard,110,96,34,74,0.0005732536104253354,0.008335192112272724,87.27272727272727,30.909090909090907,77.08333333333334,67.73130351588962,84.3511951620162
CPU,8,ead/package_default,ead,package_default,110,96,12,96,0.0026315858037295227,0.007085372342474029,87.27272727272727,10.909090909090908,100.0,96.15230525151843,100.00000000000003
CPU,8,ALL/ALL_24,ALL,ALL_24,2640,2304,1174,1328,0.000681916778161022,0.007895940103513044,87.27272727272727,44.46969696969697,57.638888888888886,55.61011455965145,59.64223204853864
CPU,10,fgsm/eps0.005,fgsm,eps0.005,110,93,90,7,0.00012448843229897056,0.0019880584546957,84.54545454545455,81.81818181818183,7.526881720430108,3.6936214085016474,14.729866018389275
CPU,10,fgsm/eps0.01,fgsm,eps0.01,110,93,79,21,0.0002489751805445027,0.003975247454152141,84.54545454545455,71.81818181818181,22.58064516129032,15.270042020646624,32.06663973595384
CPU,10,fgsm/eps0.03,fgsm,eps0.03,110,93,54,51,0.0007469221806703446,0.01191582480360834,84.54545454545455,49.09090909090909,54.83870967741935,44.733119871635175,64.56040687720004
CPU,10,fgsm/eps0.05,fgsm,eps0.05,110,93,39,66,0.0012448703737886618,0.01983548318967219,84.54545454545455,35.45454545454545,70.96774193548387,61.057218592910466,79.21473065204212
CPU,10,bim/eps0.03_default,bim,eps0.03_default,110,93,42,66,0.0007469221737912564,0.010821020471948072,84.54545454545455,38.18181818181819,70.96774193548387,61.057218592910466,79.21473065204212
CPU,10,pgd/eps0.005,pgd,eps0.005,110,93,88,9,0.00012448843653225524,0.0019308341159061445,84.54545454545455,80.0,9.67741935483871,5.175108300166125,17.378835459540447
CPU,10,pgd/eps0.01,pgd,eps0.01,110,93,75,26,0.0002489751593780809,0.003794173758730927,84.54545454545455,68.18181818181817,27.956989247311824,19.850210044898137,37.812612543741444
CPU,10,pgd/eps0.03,pgd,eps0.03,110,93,42,66,0.0007469221610914027,0.010723280978643031,84.54545454545455,38.18181818181819,70.96774193548387,61.057218592910466,79.21473065204212
CPU,10,mifgsm/eps0.03_default,mifgsm,eps0.03_default,110,93,43,65,0.0007469222018367655,0.01124237581071524,84.54545454545455,39.09090909090909,69.89247311827957,59.93288866220661,78.27383241633817
CPU,10,difgsm/eps0.03_default,difgsm,eps0.03_default,110,93,45,61,0.0007469221663830083,0.011305278099395964,84.54545454545455,40.909090909090914,65.59139784946237,55.49073090695003,74.45507750596343
CPU,10,vmifgsm/eps0.03_default,vmifgsm,eps0.03_default,110,93,42,66,0.0007469221917827146,0.01133642101829697,84.54545454545455,38.18181818181819,70.96774193548387,61.057218592910466,79.21473065204212
CPU,10,vnifgsm/eps0.03_default,vnifgsm,eps0.03_default,110,93,41,67,0.0007469221896660718,0.011390118195082599,84.54545454545455,37.27272727272727,72.04301075268818,62.18738745625855,80.14978995510185
CPU,10,rfgsm/eps0.03_default,rfgsm,eps0.03_default,110,93,41,67,0.0007469221785537008,0.010758774981579951,84.54545454545455,37.27272727272727,72.04301075268818,62.18738745625855,80.14978995510185
CPU,10,tpgd/eps0.03_default,tpgd,eps0.03_default,110,93,68,32,0.0007469221838453044,0.010564074453643726,84.54545454545455,61.81818181818181,34.40860215053764,25.544922494036566,44.50926909304998
CPU,10,cw/c1_steps20_lr0.01,cw,c1_steps20_lr0.01,110,93,26,83,0.0006890831689815482,0.006936016665462104,84.54545454545455,23.636363636363637,89.24731182795699,81.3270710323282,94.05375704155739
CPU,10,deepfool/package_default,deepfool,package_default,110,93,20,88,0.0017298670877194074,0.0073077397779508155,84.54545454545455,18.181818181818183,94.6236559139785,88.02500214822403,97.6819667577007
CPU,10,fab/eps0.005,fab,eps0.005,110,93,87,10,1.0045870492994423e-05,0.00015476330455191757,84.54545454545455,79.0909090909091,10.75268817204301,5.946242958442614,18.67292896767178
CPU,10,fab/eps0.01,fab,eps0.01,110,93,76,25,4.7278413496138056e-05,0.0007098320201202647,84.54545454545455,69.0909090909091,26.881720430107524,18.921182161860813,36.67641226037095
CPU,10,fab/eps0.03,fab,eps0.03,110,93,42,67,0.00025119409917596333,0.0035279046762494233,84.54545454545455,38.18181818181819,72.04301075268818,62.18738745625855,80.14978995510185
CPU,10,square/eps0.03_default,square,eps0.03_default,110,93,33,74,0.0006117046228609549,0.009755595384251574,84.54545454545455,30.0,79.56989247311827,70.28131210677944,86.51246246943573
CPU,10,apgd/eps0.03_default,apgd,eps0.03_default,110,93,41,69,0.0005813512591306038,0.008420115083519147,84.54545454545455,37.27272727272727,74.19354838709677,64.46603321344209,82.00160053073398
CPU,10,apgdt/eps0.03_default,apgdt,eps0.03_default,110,93,35,73,0.0006079662802882726,0.008423678397310867,84.54545454545455,31.818181818181817,78.49462365591397,69.10345980717027,85.6250866026371
CPU,10,autoattack/eps0.03_standard,autoattack,eps0.03_standard,110,93,34,74,0.000611837446922393,0.00892718677973263,84.54545454545455,30.909090909090907,79.56989247311827,70.28131210677944,86.51246246943573
CPU,10,ead/package_default,ead,package_default,110,93,15,93,0.002409995855255512,0.006474395814372856,84.54545454545455,13.636363636363635,100.0,96.03310973796383,99.99999999999999
CPU,10,ALL/ALL_24,ALL,ALL_24,2640,2232,1198,1326,0.0006776842214369513,0.008009091403733024,84.54545454545455,45.37878787878788,59.40860215053764,57.356843515908515,61.428029258620775
CPU,12,fgsm/eps0.005,fgsm,eps0.005,110,93,89,8,0.00012873600062444929,0.0020558138430880053,84.54545454545455,80.9090909090909,8.60215053763441,4.423253748639269,16.065461844659477
CPU,12,fgsm/eps0.01,fgsm,eps0.01,110,93,79,20,0.00025747029576445366,0.004110843370753208,84.54545454545455,71.81818181818181,21.50537634408602,14.374913397362912,30.896540192829725
CPU,12,fgsm/eps0.03,fgsm,eps0.03,110,93,52,53,0.0007724075964439872,0.01232356482439415,84.54545454545455,47.27272727272727,56.98924731182796,46.847341614888386,66.57664146676248
CPU,12,fgsm/eps0.05,fgsm,eps0.05,110,93,37,68,0.001287346032172899,0.020515323235568626,84.54545454545455,33.63636363636363,73.11827956989248,63.32358773962905,81.0788178381392
CPU,12,bim/eps0.03_default,bim,eps0.03_default,110,93,37,70,0.0007724075710442809,0.011159744206815906,84.54545454545455,33.63636363636363,75.26881720430107,65.61496172464739,82.9179001859365
CPU,12,pgd/eps0.005,pgd,eps0.005,110,93,87,10,0.00012873598898291617,0.0019993266418829743,84.54545454545455,79.0909090909091,10.75268817204301,5.946242958442614,18.67292896767178
CPU,12,pgd/eps0.01,pgd,eps0.01,110,93,77,23,0.0002574702851812436,0.003914804718541779,84.54545454545455,70.0,24.731182795698924,17.082099814063504,34.38503827535262
CPU,12,pgd/eps0.03,pgd,eps0.03,110,93,38,68,0.0007724075689276391,0.011024588697843882,84.54545454545455,34.54545454545455,73.11827956989248,63.32358773962905,81.0788178381392
CPU,12,mifgsm/eps0.03_default,mifgsm,eps0.03_default,110,93,39,68,0.0007724075773942082,0.011626019265333312,84.54545454545455,35.45454545454545,73.11827956989248,63.32358773962905,81.0788178381392
CPU,12,difgsm/eps0.03_default,difgsm,eps0.03_default,110,93,42,63,0.0007724075953856664,0.011674764718521677,84.54545454545455,38.18181818181819,67.74193548387096,57.70106827427646,76.37519647145264
CPU,12,vmifgsm/eps0.03_default,vmifgsm,eps0.03_default,110,93,40,68,0.0007724075773942082,0.011704836260865988,84.54545454545455,36.36363636363637,73.11827956989248,63.32358773962905,81.0788178381392
CPU,12,vnifgsm/eps0.03_default,vnifgsm,eps0.03_default,110,93,38,69,0.0007724075662818364,0.011714798453348555,84.54545454545455,34.54545454545455,74.19354838709677,64.46603321344209,82.00160053073398
CPU,12,rfgsm/eps0.03_default,rfgsm,eps0.03_default,110,93,37,70,0.0007724075562277844,0.011075658550147255,84.54545454545455,33.63636363636363,75.26881720430107,65.61496172464739,82.9179001859365
CPU,12,tpgd/eps0.03_default,tpgd,eps0.03_default,110,93,54,45,0.0007724075429987681,0.010913267117840277,84.54545454545455,49.09090909090909,48.38709677419355,38.49752909016495,58.40462866022331
CPU,12,cw/c1_steps20_lr0.01,cw,c1_steps20_lr0.01,110,93,28,79,0.0006724958378154439,0.006971603756730579,84.54545454545455,25.454545454545453,84.94623655913979,76.30400864073414,90.81590676752016
CPU,12,deepfool/package_default,deepfool,package_default,110,93,14,93,0.0017213966972617451,0.007377899028969328,84.54545454545455,12.727272727272727,100.0,96.03310973796383,99.99999999999999
CPU,12,fab/eps0.005,fab,eps0.005,110,93,87,10,1.125945074652758e-05,0.00017210325808905656,84.54545454545455,79.0909090909091,10.75268817204301,5.946242958442614,18.67292896767178
CPU,12,fab/eps0.01,fab,eps0.01,110,93,78,22,3.8102858128356604e-05,0.0005583931846219934,84.54545454545455,70.9090909090909,23.655913978494624,16.172548448287756,33.22936147472054
CPU,12,fab/eps0.03,fab,eps0.03,110,93,39,67,0.00026707263750719437,0.003750883893020005,84.54545454545455,35.45454545454545,72.04301075268818,62.18738745625855,80.14978995510185
CPU,12,square/eps0.03_default,square,eps0.03_default,110,93,36,71,0.0006139307950929822,0.009795200571345886,84.54545454545455,32.72727272727273,76.34408602150538,66.77063852527945,83.82745155171224
CPU,12,apgd/eps0.03_default,apgd,eps0.03_default,110,93,38,70,0.0006116706580293655,0.00875658945541814,84.54545454545455,34.54545454545455,75.26881720430107,65.61496172464739,82.9179001859365
CPU,12,apgdt/eps0.03_default,apgdt,eps0.03_default,110,93,37,70,0.0006117818600614158,0.00849683540487754,84.54545454545455,33.63636363636363,75.26881720430107,65.61496172464739,82.9179001859365
CPU,12,autoattack/eps0.03_standard,autoattack,eps0.03_standard,110,93,34,74,0.0006390945180265929,0.009187311318507644,84.54545454545455,30.909090909090907,79.56989247311827,70.28131210677944,86.51246246943573
CPU,12,ead/package_default,ead,package_default,110,93,14,93,0.00252048796021628,0.006698416551543269,84.54545454545455,12.727272727272727,100.0,96.03310973796383,99.99999999999999
CPU,12,ALL/ALL_24,ALL,ALL_24,2640,2232,1151,1352,0.0006966133344879268,0.008232441263669543,84.54545454545455,43.598484848484844,60.57347670250897,58.529547035891994,62.581071891674256
CPU,14,fgsm/eps0.005,fgsm,eps0.005,110,95,89,8,0.0001353700060545165,0.0021621671208941974,86.36363636363636,80.9090909090909,8.421052631578947,4.328759724614253,15.74537909952457
CPU,14,fgsm/eps0.01,fgsm,eps0.01,110,95,81,19,0.00027073822486929183,0.0043236134848980215,86.36363636363636,73.63636363636363,20.0,13.194444444444448,29.13752913752914
CPU,14,fgsm/eps0.03,fgsm,eps0.03,110,95,57,48,0.0008122113199946364,0.012959480751305773,86.36363636363636,51.81818181818182,50.526315789473685,40.64912522418622,60.36259453753354
CPU,14,fgsm/eps0.05,fgsm,eps0.05,110,95,37,69,0.0013536856192248327,0.021569642492315935,86.36363636363636,33.63636363636363,72.63157894736842,62.9183776326649,80.58557212128486
CPU,14,bim/eps0.03_default,bim,eps0.03_default,110,95,38,70,0.0008122113009448563,0.011501552761447648,86.36363636363636,34.54545454545455,73.68421052631578,64.03379066787737,81.49359860951189
CPU,14,pgd/eps0.005,pgd,eps0.005,110,95,88,10,0.00013536999335466378,0.002085344592871261,86.36363636363636,80.0,10.526315789473683,5.818789720392155,18.302228150625723
CPU,14,pgd/eps0.01,pgd,eps0.01,110,95,78,23,0.0002707382031737091,0.004071870930916162,86.36363636363636,70.9090909090909,24.210526315789473,16.70872321759837,33.71700845813331
CPU,14,pgd/eps0.03,pgd,eps0.03,110,95,38,70,0.0008122112707827045,0.011415894397280385,86.36363636363636,34.54545454545455,73.68421052631578,64.03379066787737,81.49359860951189
CPU,14,mifgsm/eps0.03_default,mifgsm,eps0.03_default,110,95,42,66,0.0008122113131155508,0.01215912248431277,86.36363636363636,38.18181818181819,69.47368421052632,59.60641518612951,77.82721599750168
CPU,14,difgsm/eps0.03_default,difgsm,eps0.03_default,110,95,45,62,0.0008122113210529582,0.01222929939712308,86.36363636363636,40.909090909090914,65.26315789473685,55.26445695286396,74.07541613700913
CPU,14,vmifgsm/eps0.03_default,vmifgsm,eps0.03_default,110,95,41,67,0.0008122112919491291,0.012269970245489967,86.36363636363636,37.27272727272727,70.52631578947368,60.704870555860424,78.75220015121027
CPU,14,vnifgsm/eps0.03_default,vnifgsm,eps0.03_default,110,95,41,67,0.0008122112845408801,0.012323184036226389,86.36363636363636,37.27272727272727,70.52631578947368,60.704870555860424,78.75220015121027
CPU,14,rfgsm/eps0.03_default,rfgsm,eps0.03_default,110,95,39,69,0.0008122112792492736,0.011432184473696028,86.36363636363636,35.45454545454545,72.63157894736842,62.9183776326649,80.58557212128486
CPU,14,tpgd/eps0.03_default,tpgd,eps0.03_default,110,95,49,50,0.0008122112977698964,0.01133254343135785,86.36363636363636,44.54545454545455,52.63157894736842,42.68517068062815,62.373428127970655
CPU,14,cw/c1_steps20_lr0.01,cw,c1_steps20_lr0.01,110,95,26,82,0.0007838423982981858,0.007939523564978955,86.36363636363636,23.636363636363637,86.31578947368422,77.98337965846012,91.82528390020344
CPU,14,deepfool/package_default,deepfool,package_default,110,95,15,94,0.001997671652299472,0.008590046481946325,86.36363636363636,13.636363636363635,98.94736842105263,94.27599067633496,99.81394716360292
CPU,14,fab/eps0.005,fab,eps0.005,110,95,88,9,6.876215444538064e-06,0.00010583996626069804,86.36363636363636,80.0,9.473684210526317,5.064366025472933,17.033212322105413
CPU,14,fab/eps0.01,fab,eps0.01,110,95,80,21,3.7387827813448066e-05,0.0005268968838689628,86.36363636363636,72.72727272727273,22.105263157894736,14.937242983925719,31.441609644926917
CPU,14,fab/eps0.03,fab,eps0.03,110,95,42,67,0.0002855010587319569,0.003872274620777815,86.36363636363636,38.18181818181819,70.52631578947368,60.704870555860424,78.75220015121027
CPU,14,square/eps0.03_default,square,eps0.03_default,110,95,35,72,0.0006405980850103811,0.010220457627116902,86.36363636363636,31.818181818181817,75.78947368421053,66.28299154186669,83.29127678240165
CPU,14,apgd/eps0.03_default,apgd,eps0.03_default,110,95,39,69,0.0006193860563639655,0.008738748673597951,86.36363636363636,35.45454545454545,72.63157894736842,62.9183776326649,80.58557212128486
CPU,14,apgdt/eps0.03_default,apgdt,eps0.03_default,110,95,36,72,0.0006394499055617502,0.008749492950529894,86.36363636363636,32.72727272727273,75.78947368421053,66.28299154186669,83.29127678240165
CPU,14,autoattack/eps0.03_standard,autoattack,eps0.03_standard,110,95,33,75,0.0006613521688532677,0.009457653105023557,86.36363636363636,30.0,78.94736842105263,69.70666655558435,85.93792033900256
CPU,14,ead/package_default,ead,package_default,110,95,14,95,0.0026031069404614444,0.007060522833489761,86.36363636363636,12.727272727272727,100.0,96.11337736337738,100.00000000000003
CPU,14,ALL/ALL_24,ALL,ALL_24,2640,2280,1171,1354,0.0007396240014548045,0.008629055304488596,86.36363636363636,44.3560606060606,59.3859649122807,57.35591293849892,61.38444103351034
CPU,16,fgsm/eps0.005,fgsm,eps0.005,110,94,90,8,0.00013351785759861296,0.0021319611738858774,85.45454545454545,81.81818181818183,8.51063829787234,4.375496466822986,15.903812129929316
CPU,16,fgsm/eps0.01,fgsm,eps0.01,110,94,81,18,0.00026703377291343363,0.004263092723505688,85.45454545454545,73.63636363636363,19.148936170212767,12.470043241202648,28.25046827945932
CPU,16,fgsm/eps0.03,fgsm,eps0.03,110,94,56,47,0.0008010977529920155,0.01277565176344726,85.45454545454545,50.90909090909091,50.0,40.09249494369979,59.9075050563002
CPU,16,fgsm/eps0.05,fgsm,eps0.05,110,94,40,62,0.001335163039832581,0.021268139246173826,85.45454545454545,36.36363636363637,65.95744680851064,55.92063321592242,74.74117116994208
CPU,16,bim/eps0.03_default,bim,eps0.03_default,110,94,39,68,0.0008010977106591692,0.011429338783703018,85.45454545454545,35.45454545454545,72.3404255319149,62.55641807495841,80.3701080652519
CPU,16,pgd/eps0.005,pgd,eps0.005,110,94,87,11,0.00013351784384043954,0.0020543322358703227,85.45454545454545,79.0909090909091,11.702127659574469,6.661294284952519,19.75037518897268
CPU,16,pgd/eps0.01,pgd,eps0.01,110,94,80,20,0.00026703371629325454,0.004018398962745563,85.45454545454545,72.72727272727273,21.27659574468085,14.216772302859196,30.591979802584703
CPU,16,pgd/eps0.03,pgd,eps0.03,110,94,41,66,0.0008010977154216136,0.011391204493966921,85.45454545454545,37.27272727272727,70.2127659574468,60.32259537764624,78.51569017778213
CPU,16,mifgsm/eps0.03_default,mifgsm,eps0.03_default,110,94,38,67,0.0008010977418796437,0.01200519674034276,85.45454545454545,34.54545454545455,71.27659574468085,61.43663617863795,79.44576966918137
CPU,16,difgsm/eps0.03_default,difgsm,eps0.03_default,110,94,44,62,0.0008010977037800818,0.012059622524644792,85.45454545454545,40.0,65.95744680851064,55.92063321592242,74.74117116994208
CPU,16,vmifgsm/eps0.03_default,vmifgsm,eps0.03_default,110,94,38,68,0.0008010977233590237,0.012083025826987842,85.45454545454545,34.54545454545455,72.3404255319149,62.55641807495841,80.3701080652519
CPU,16,vnifgsm/eps0.03_default,vnifgsm,eps0.03_default,110,94,42,64,0.0008010977244173454,0.012143557116558559,85.45454545454545,38.18181818181819,68.08510638297872,58.11106367969461,76.63898129095182
CPU,16,rfgsm/eps0.03_default,rfgsm,eps0.03_default,110,94,40,67,0.0008010977058967245,0.011362283173101822,85.45454545454545,36.36363636363637,71.27659574468085,61.43663617863795,79.44576966918137
CPU,16,tpgd/eps0.03_default,tpgd,eps0.03_default,110,94,66,35,0.00080109769372603,0.011195337967100422,85.45454545454545,60.0,37.234042553191486,28.143034496707227,47.32752199460117
CPU,16,cw/c1_steps20_lr0.01,cw,c1_steps20_lr0.01,110,94,20,86,0.0008276609994936255,0.008419855648212427,85.45454545454545,18.181818181818183,91.48936170212765,84.09618787007068,95.624503533177
CPU,16,deepfool/package_default,deepfool,package_default,110,94,12,93,0.0019189703807403606,0.00798399346127879,85.45454545454545,10.909090909090908,98.93617021276596,94.21756818388974,99.81196526609477
CPU,16,fab/eps0.005,fab,eps0.005,110,94,87,11,1.2369754900147723e-05,0.000189439485285346,85.45454545454545,79.0909090909091,11.702127659574469,6.661294284952519,19.75037518897268
CPU,16,fab/eps0.01,fab,eps0.01,110,94,79,20,3.775817871923724e-05,0.000551173680083472,85.45454545454545,71.81818181818181,21.27659574468085,14.216772302859196,30.591979802584703
CPU,16,fab/eps0.03,fab,eps0.03,110,94,41,64,0.0002386683173839806,0.0033306385282240356,85.45454545454545,37.27272727272727,68.08510638297872,58.11106367969461,76.63898129095182
CPU,16,square/eps0.03_default,square,eps0.03_default,110,94,35,71,0.0006223110243974038,0.009930486133241271,85.45454545454545,31.818181818181817,75.53191489361703,65.95223001974276,83.10665699764046
CPU,16,apgd/eps0.03_default,apgd,eps0.03_default,110,94,37,70,0.0006251399135428347,0.008884735248871983,85.45454545454545,33.63636363636363,74.46808510638297,64.81399091477772,82.20077581021451
CPU,16,apgdt/eps0.03_default,apgdt,eps0.03_default,110,94,34,72,0.0006394451753955619,0.008756625514117055,85.45454545454545,30.909090909090907,76.59574468085107,67.09711260353912,84.00589470623505
CPU,16,autoattack/eps0.03_standard,autoattack,eps0.03_standard,110,94,32,75,0.000659290317509453,0.009394108894909058,85.45454545454545,29.09090909090909,79.7872340425532,70.57474647924859,86.66062170769847
CPU,16,ead/package_default,ead,package_default,110,94,12,94,0.002592436513143797,0.007171229340813329,85.45454545454545,10.909090909090908,100.0,96.07365374237544,100.0
CPU,16,ALL/ALL_24,ALL,ALL_24,2640,2256,1171,1319,0.0007300081782431821,0.008533059527794644,85.45454545454545,44.3560606060606,58.46631205673759,56.42011930332917,60.483720328616705
CPU,18,fgsm/eps0.005,fgsm,eps0.005,110,95,94,4,0.00012425413164730167,0.00198431713929903,86.36363636363636,85.45454545454545,4.2105263157894735,1.6493505976432807,10.331030132737451
CPU,18,fgsm/eps0.01,fgsm,eps0.01,110,95,84,16,0.0002485064974858491,0.003967464069666458,86.36363636363636,76.36363636363637,16.842105263157894,10.64116433136824,25.62049068028677
CPU,18,fgsm/eps0.03,fgsm,eps0.03,110,95,55,50,0.0007455159910022682,0.011889324108646626,86.36363636363636,50.0,52.63157894736842,42.68517068062815,62.373428127970655
CPU,18,fgsm/eps0.05,fgsm,eps0.05,110,95,33,73,0.001242526628563811,0.019789199514145147,86.36363636363636,30.0,76.84210526315789,67.41727429904584,84.18043354866201
CPU,18,bim/eps0.03_default,bim,eps0.03_default,110,95,39,69,0.0007455159423194964,0.010794732584194652,86.36363636363636,35.45454545454545,72.63157894736842,62.9183776326649,80.58557212128486
CPU,18,pgd/eps0.005,pgd,eps0.005,110,95,94,5,0.00012425410095598865,0.0019232692535627444,86.36363636363636,85.45454545454545,5.263157894736842,2.2687778480124225,11.735042405807834
CPU,18,pgd/eps0.01,pgd,eps0.01,110,95,75,25,0.00024850647367362453,0.0037653236014937364,86.36363636363636,68.18181818181817,26.31578947368421,18.506401390488097,35.96620933212263
CPU,18,pgd/eps0.03,pgd,eps0.03,110,95,41,67,0.0007455159634859182,0.010706903975964903,86.36363636363636,37.27272727272727,70.52631578947368,60.704870555860424,78.75220015121027
CPU,18,mifgsm/eps0.03_default,mifgsm,eps0.03_default,110,95,40,68,0.0007455159825357,0.011211918967521954,86.36363636363636,36.36363636363637,71.57894736842105,61.808800887543015,79.6717093429672
CPU,18,difgsm/eps0.03_default,difgsm,eps0.03_default,110,95,46,62,0.0007455159888856282,0.011257220203564877,86.36363636363636,41.81818181818181,65.26315789473685,55.26445695286396,74.07541613700913
CPU,18,vmifgsm/eps0.03_default,vmifgsm,eps0.03_default,110,95,39,69,0.0007455159888856265,0.011286414236846247,86.36363636363636,35.45454545454545,72.63157894736842,62.9183776326649,80.58557212128486
CPU,18,vnifgsm/eps0.03_default,vnifgsm,eps0.03_default,110,95,41,67,0.0007455159841231827,0.011297771326181512,86.36363636363636,37.27272727272727,70.52631578947368,60.704870555860424,78.75220015121027
CPU,18,rfgsm/eps0.03_default,rfgsm,eps0.03_default,110,95,39,69,0.0007455159650734008,0.010715603159571185,86.36363636363636,35.45454545454545,72.63157894736842,62.9183776326649,80.58557212128486
CPU,18,tpgd/eps0.03_default,tpgd,eps0.03_default,110,95,64,40,0.0007455159550193519,0.010589740311049554,86.36363636363636,58.18181818181818,42.10526315789473,32.6736570637716,52.15054651043198
CPU,18,cw/c1_steps20_lr0.01,cw,c1_steps20_lr0.01,110,95,23,85,0.000720756083451676,0.0074293924160785275,86.36363636363636,20.909090909090907,89.47368421052632,81.69777184937429,94.18121027960785
CPU,18,deepfool/package_default,deepfool,package_default,110,95,12,95,0.0017501483560242927,0.007609532488806295,86.36363636363636,10.909090909090908,100.0,96.11337736337738,100.00000000000003
CPU,18,fab/eps0.005,fab,eps0.005,110,95,94,5,7.46314882152561e-06,0.00011487495013975554,86.36363636363636,85.45454545454545,5.263157894736842,2.2687778480124225,11.735042405807834
CPU,18,fab/eps0.01,fab,eps0.01,110,95,76,24,4.885376719439388e-05,0.0007132859729917274,86.36363636363636,69.0909090909091,25.263157894736842,17.60442180666685,34.84474939250436
CPU,18,fab/eps0.03,fab,eps0.03,110,95,43,64,0.00022668768440116342,0.0031764389901807826,86.36363636363636,39.09090909090909,67.36842105263158,57.42532416248356,75.96142797426857
CPU,18,square/eps0.03_default,square,eps0.03_default,110,95,37,71,0.0005768019944132656,0.009201474458166822,86.36363636363636,33.63636363636363,74.73684210526315,65.15525060749565,82.39557819333315
CPU,18,apgd/eps0.03_default,apgd,eps0.03_default,110,95,39,69,0.0005652727416335122,0.00815213238612715,86.36363636363636,35.45454545454545,72.63157894736842,62.9183776326649,80.58557212128486
CPU,18,apgdt/eps0.03_default,apgdt,eps0.03_default,110,95,39,69,0.0005659843959040904,0.007896324082588975,86.36363636363636,35.45454545454545,72.63157894736842,62.9183776326649,80.58557212128486
CPU,18,autoattack/eps0.03_standard,autoattack,eps0.03_standard,110,95,37,71,0.000577597080899193,0.008344579850362339,86.36363636363636,33.63636363636363,74.73684210526315,65.15525060749565,82.39557819333315
CPU,18,ead/package_default,ead,package_default,110,95,13,95,0.002423525265079283,0.006683119910832611,86.36363636363636,11.818181818181818,100.0,96.11337736337738,100.00000000000003
CPU,18,ALL/ALL_24,ALL,ALL_24,2640,2280,1197,1332,0.0006733659213116476,0.007937514914915985,86.36363636363636,45.34090909090909,58.42105263157895,56.38547418413251,60.428301342156175
NPU,-20,fgsm/eps0.005,fgsm,eps0.005,110,11,13,1,0.00018598942869252908,0.002966906155713532,10.0,11.818181818181818,9.090909090909092,1.6231752262825971,37.73646254862038
NPU,-20,fgsm/eps0.01,fgsm,eps0.01,110,11,13,3,0.00037197652008294545,0.005933150183409399,10.0,11.818181818181818,27.27272727272727,9.745880573921466,56.56502930102463
NPU,-20,fgsm/eps0.03,fgsm,eps0.03,110,11,14,10,0.0011159250645008765,0.017788682141425885,10.0,12.727272727272727,90.9090909090909,62.26353745137963,98.3768247737174
NPU,-20,fgsm/eps0.05,fgsm,eps0.05,110,11,12,11,0.0018598749016580471,0.02962593974714925,10.0,10.909090909090908,100.0,74.11599827511859,100.0
NPU,-20,bim/eps0.03_default,bim,eps0.03_default,110,11,11,11,0.001115925010526501,0.016381916793232563,10.0,10.0,100.0,74.11599827511859,100.0
NPU,-20,pgd/eps0.005,pgd,eps0.005,110,11,13,1,0.00018598943504245636,0.0028646721208298183,10.0,11.818181818181818,9.090909090909092,1.6231752262825971,37.73646254862038
NPU,-20,pgd/eps0.01,pgd,eps0.01,110,11,13,4,0.00037197646928353276,0.005620721346613986,10.0,11.818181818181818,36.36363636363637,15.166223614131383,64.62032231083627
NPU,-20,pgd/eps0.03,pgd,eps0.03,110,11,10,11,0.0011159249353857009,0.016105404902588192,10.0,9.090909090909092,100.0,74.11599827511859,100.0
NPU,-20,mifgsm/eps0.03_default,mifgsm,eps0.03_default,110,11,9,11,0.001115925020051391,0.016896241903305007,10.0,8.181818181818182,100.0,74.11599827511859,100.0
NPU,-20,difgsm/eps0.03_default,difgsm,eps0.03_default,110,11,8,11,0.0011159249957100037,0.016956897444007024,10.0,7.2727272727272725,100.0,74.11599827511859,100.0
NPU,-20,vmifgsm/eps0.03_default,vmifgsm,eps0.03_default,110,11,10,11,0.0011159250253429973,0.017033140598372933,10.0,9.090909090909092,100.0,74.11599827511859,100.0
NPU,-20,vnifgsm/eps0.03_default,vnifgsm,eps0.03_default,110,11,12,11,0.0011159250454510963,0.01711217109113927,10.0,10.909090909090908,100.0,74.11599827511859,100.0
NPU,-20,rfgsm/eps0.03_default,rfgsm,eps0.03_default,110,11,11,11,0.0011159249364440227,0.016281848985024428,10.0,10.0,100.0,74.11599827511859,100.0
NPU,-20,tpgd/eps0.03_default,tpgd,eps0.03_default,110,11,7,7,0.001115924980364349,0.015925831576301248,10.0,6.363636363636363,63.63636363636363,35.37967768916373,84.83377638586862
NPU,-20,cw/c1_steps20_lr0.01,cw,c1_steps20_lr0.01,110,11,14,10,0.0006422070762544181,0.00743030212311577,10.0,12.727272727272727,90.9090909090909,62.26353745137963,98.3768247737174
NPU,-20,deepfool/package_default,deepfool,package_default,110,11,11,10,0.0014003243112131823,0.006393171760613385,10.0,10.0,90.9090909090909,62.26353745137963,98.3768247737174
NPU,-20,fab/eps0.005,fab,eps0.005,110,11,12,0,2.386756254550054e-05,0.0003646154297655902,10.0,10.909090909090908,0.0,2.7755575615628914e-15,25.88400172488141
NPU,-20,fab/eps0.01,fab,eps0.01,110,11,13,2,7.244637407974948e-05,0.001063650274922402,10.0,11.818181818181818,18.181818181818183,5.136660067100063,47.69861375782448
NPU,-20,fab/eps0.03,fab,eps0.03,110,11,8,10,0.00036774847434237114,0.005186753870558871,10.0,7.2727272727272725,90.9090909090909,62.26353745137963,98.3768247737174
NPU,-20,square/eps0.03_default,square,eps0.03_default,110,11,12,10,0.0011053109366911875,0.017630355159180534,10.0,10.909090909090908,90.9090909090909,62.26353745137963,98.3768247737174
NPU,-20,apgd/eps0.03_default,apgd,eps0.03_default,110,11,12,11,0.0010963032741776414,0.01620899310499868,10.0,10.909090909090908,100.0,74.11599827511859,100.0
NPU,-20,apgdt/eps0.03_default,apgdt,eps0.03_default,110,11,11,11,0.0011159246173602082,0.013865331441841298,10.0,10.0,100.0,74.11599827511859,100.0
NPU,-20,autoattack/eps0.03_standard,autoattack,eps0.03_standard,110,11,12,11,0.0011159249819518318,0.016497383910146577,10.0,10.909090909090908,100.0,74.11599827511859,100.0
NPU,-20,ead/package_default,ead,package_default,110,11,15,7,0.002224646810315158,0.005770788816946759,10.0,13.636363636363635,63.63636363636363,35.37967768916373,84.83377638586862
NPU,-20,ALL/ALL_24,ALL,ALL_24,2640,264,276,196,0.0009243265078111542,0.011996036286716767,10.0,10.454545454545453,74.24242424242425,68.64603285846935,79.14340687008664
NPU,-18,fgsm/eps0.005,fgsm,eps0.005,110,12,12,4,0.00018700804370874,0.0029842790681868262,10.909090909090908,10.909090909090908,33.33333333333333,13.811783989736135,60.9382412602386
NPU,-18,fgsm/eps0.01,fgsm,eps0.01,110,12,13,4,0.00037401373847383,0.005967627677389112,10.909090909090908,11.818181818181818,33.33333333333333,13.811783989736135,60.9382412602386
NPU,-18,fgsm/eps0.03,fgsm,eps0.03,110,12,7,11,0.0011220364799637828,0.017891462849961036,10.909090909090908,6.363636363636363,91.66666666666666,64.61140782014047,98.51352905492264
NPU,-18,fgsm/eps0.05,fgsm,eps0.05,110,12,12,11,0.0018700607449069755,0.029801558584652114,10.909090909090908,10.909090909090908,91.66666666666666,64.61140782014047,98.51352905492264
NPU,-18,bim/eps0.03_default,bim,eps0.03_default,110,12,8,12,0.0011220364445100263,0.016423431030389887,10.909090909090908,7.2727272727272725,100.0,75.74992425007574,100.0
NPU,-18,pgd/eps0.005,pgd,eps0.005,110,12,11,3,0.00018700797968031272,0.002881004329008763,10.909090909090908,10.0,25.0,8.894003962896138,53.231033912065996
NPU,-18,pgd/eps0.01,pgd,eps0.01,110,12,11,5,0.00037401366756631367,0.00564494849267326,10.909090909090908,10.0,41.66666666666667,19.325746190524658,68.04926643446272
NPU,-18,pgd/eps0.03,pgd,eps0.03,110,12,12,12,0.00112203641699368,0.016220106311481058,10.909090909090908,10.909090909090908,100.0,75.74992425007574,100.0
NPU,-18,mifgsm/eps0.03_default,mifgsm,eps0.03_default,110,12,7,12,0.00112203644662667,0.016993787393651177,10.909090909090908,6.363636363636363,100.0,75.74992425007574,100.0
NPU,-18,difgsm/eps0.03_default,difgsm,eps0.03_default,110,12,8,11,0.0011220364138187164,0.017028308016332667,10.909090909090908,7.2727272727272725,91.66666666666666,64.61140782014047,98.51352905492264
NPU,-18,vmifgsm/eps0.03_default,vmifgsm,eps0.03_default,110,12,12,11,0.0011220364402767435,0.01713043582541016,10.909090909090908,10.909090909090908,91.66666666666666,64.61140782014047,98.51352905492264
NPU,-18,vnifgsm/eps0.03_default,vnifgsm,eps0.03_default,110,12,11,11,0.001122036455093239,0.01720278569581829,10.909090909090908,10.0,91.66666666666666,64.61140782014047,98.51352905492264
NPU,-18,rfgsm/eps0.03_default,rfgsm,eps0.03_default,110,12,8,12,0.0011220364233436046,0.016347657914527393,10.909090909090908,7.2727272727272725,100.0,75.74992425007574,100.0
NPU,-18,tpgd/eps0.03_default,tpgd,eps0.03_default,110,12,10,8,0.0011220364439808663,0.016152355599809726,10.909090909090908,9.090909090909092,66.66666666666666,39.06175873976139,86.18821601026386
NPU,-18,cw/c1_steps20_lr0.01,cw,c1_steps20_lr0.01,110,12,9,12,0.0006295920669799191,0.007235095768489569,10.909090909090908,8.181818181818182,100.0,75.74992425007574,100.0
NPU,-18,deepfool/package_default,deepfool,package_default,110,12,11,11,0.0012330904904625454,0.005872585575905879,10.909090909090908,10.0,91.66666666666666,64.61140782014047,98.51352905492264
NPU,-18,fab/eps0.005,fab,eps0.005,110,12,12,2,3.952481122474784e-05,0.0005988082783241807,10.909090909090908,10.909090909090908,16.666666666666664,4.696414761482223,44.80363573846727
NPU,-18,fab/eps0.01,fab,eps0.01,110,12,13,3,9.64800168400109e-05,0.00142596943708055,10.909090909090908,11.818181818181818,25.0,8.894003962896138,53.231033912065996
NPU,-18,fab/eps0.03,fab,eps0.03,110,12,10,10,0.0003634560556912515,0.005099141103776376,10.909090909090908,9.090909090909092,83.33333333333334,55.196364261532736,95.30358523851777
NPU,-18,square/eps0.03_default,square,eps0.03_default,110,12,10,11,0.0011106058785860676,0.01771639269833724,10.909090909090908,9.090909090909092,91.66666666666666,64.61140782014047,98.51352905492264
NPU,-18,apgd/eps0.03_default,apgd,eps0.03_default,110,12,8,11,0.0011120542412919585,0.016435332441890566,10.909090909090908,7.2727272727272725,91.66666666666666,64.61140782014047,98.51352905492264
NPU,-18,apgdt/eps0.03_default,apgdt,eps0.03_default,110,12,9,12,0.0011220360846808481,0.013814078135923853,10.909090909090908,8.181818181818182,100.0,75.74992425007574,100.0
NPU,-18,autoattack/eps0.03_standard,autoattack,eps0.03_standard,110,12,7,12,0.0011220364011188609,0.01656786622479553,10.909090909090908,6.363636363636363,100.0,75.74992425007574,100.0
NPU,-18,ead/package_default,ead,package_default,110,12,7,10,0.0023052776041863547,0.00567941974150012,10.909090909090908,6.363636363636363,83.33333333333334,55.196364261532736,95.30358523851777
NPU,-18,ALL/ALL_24,ALL,ALL_24,2640,288,238,221,0.0009260244079169193,0.012046434924804806,10.909090909090908,9.015151515151516,76.73611111111111,71.52385328335116,81.24449776735581
NPU,-16,fgsm/eps0.005,fgsm,eps0.005,110,12,10,4,0.00018900416537436727,0.0030160914683206043,10.909090909090908,9.090909090909092,33.33333333333333,13.811783989736135,60.9382412602386
NPU,-16,fgsm/eps0.01,fgsm,eps0.01,110,12,12,5,0.0003780056860043436,0.006031739639795591,10.909090909090908,10.909090909090908,41.66666666666667,19.325746190524658,68.04926643446272
NPU,-16,fgsm/eps0.03,fgsm,eps0.03,110,12,14,9,0.00113401212147432,0.018089374044740696,10.909090909090908,12.727272727272727,75.0,46.768966087934004,91.10599603710386
NPU,-16,fgsm/eps0.05,fgsm,eps0.05,110,12,11,10,0.001890020112676327,0.03013384318487206,10.909090909090908,10.0,83.33333333333334,55.196364261532736,95.30358523851777
NPU,-16,bim/eps0.03_default,bim,eps0.03_default,110,12,12,10,0.0011340120124672482,0.016574127972125957,10.909090909090908,10.909090909090908,83.33333333333334,55.196364261532736,95.30358523851777
NPU,-16,pgd/eps0.005,pgd,eps0.005,110,12,13,4,0.0001890041188082382,0.0029061309675770227,10.909090909090908,11.818181818181818,33.33333333333333,13.811783989736135,60.9382412602386
NPU,-16,pgd/eps0.01,pgd,eps0.01,110,12,17,5,0.0003780056045136173,0.005695773580704172,10.909090909090908,15.454545454545453,41.66666666666667,19.325746190524658,68.04926643446272
NPU,-16,pgd/eps0.03,pgd,eps0.03,110,12,16,10,0.00113401202463794,0.01631593734703276,10.909090909090908,14.545454545454545,83.33333333333334,55.196364261532736,95.30358523851777
NPU,-16,mifgsm/eps0.03_default,mifgsm,eps0.03_default,110,12,16,10,0.0011340120791414764,0.01714395825666455,10.909090909090908,14.545454545454545,83.33333333333334,55.196364261532736,95.30358523851777
NPU,-16,difgsm/eps0.03_default,difgsm,eps0.03_default,110,12,17,11,0.0011340120717332272,0.017182987064800436,10.909090909090908,15.454545454545453,91.66666666666666,64.61140782014047,98.51352905492264
NPU,-16,vmifgsm/eps0.03_default,vmifgsm,eps0.03_default,110,12,15,10,0.0011340120854914028,0.01728010852397838,10.909090909090908,13.636363636363635,83.33333333333334,55.196364261532736,95.30358523851777
NPU,-16,vnifgsm/eps0.03_default,vnifgsm,eps0.03_default,110,12,13,10,0.0011340120701457453,0.01741313113068988,10.909090909090908,11.818181818181818,83.33333333333334,55.196364261532736,95.30358523851777
NPU,-16,rfgsm/eps0.03_default,rfgsm,eps0.03_default,110,12,15,10,0.0011340120267545818,0.01646870429712258,10.909090909090908,13.636363636363635,83.33333333333334,55.196364261532736,95.30358523851777
NPU,-16,tpgd/eps0.03_default,tpgd,eps0.03_default,110,12,11,7,0.0011340119637844755,0.016405483098192602,10.909090909090908,10.0,58.333333333333336,31.95073356553728,80.67425380947535
NPU,-16,cw/c1_steps20_lr0.01,cw,c1_steps20_lr0.01,110,12,13,10,0.00062287871471855,0.007112240283326618,10.909090909090908,11.818181818181818,83.33333333333334,55.196364261532736,95.30358523851777
NPU,-16,deepfool/package_default,deepfool,package_default,110,12,12,10,0.0011430636363167046,0.005386489943669933,10.909090909090908,10.909090909090908,83.33333333333334,55.196364261532736,95.30358523851777
NPU,-16,fab/eps0.005,fab,eps0.005,110,12,14,3,2.166816742497794e-05,0.00033276846475019395,10.909090909090908,12.727272727272727,25.0,8.894003962896138,53.231033912065996
NPU,-16,fab/eps0.01,fab,eps0.01,110,12,16,4,0.00010818406960671359,0.0015784946715236387,10.909090909090908,14.545454545454545,33.33333333333333,13.811783989736135,60.9382412602386
NPU,-16,fab/eps0.03,fab,eps0.03,110,12,13,9,0.00030366424047808036,0.004309155456410629,10.909090909090908,11.818181818181818,75.0,46.768966087934004,91.10599603710386
NPU,-16,square/eps0.03_default,square,eps0.03_default,110,12,15,10,0.0011114258133932814,0.017732174206607092,10.909090909090908,13.636363636363635,83.33333333333334,55.196364261532736,95.30358523851777
NPU,-16,apgd/eps0.03_default,apgd,eps0.03_default,110,12,20,10,0.0011137867928482086,0.016397962900110398,10.909090909090908,18.181818181818183,83.33333333333334,55.196364261532736,95.30358523851777
NPU,-16,apgdt/eps0.03_default,apgdt,eps0.03_default,110,12,12,11,0.0011340116891501455,0.013792876204983704,10.909090909090908,10.909090909090908,91.66666666666666,64.61140782014047,98.51352905492264
NPU,-16,autoattack/eps0.03_standard,autoattack,eps0.03_standard,110,12,16,11,0.0011340120383961127,0.016690292827446305,10.909090909090908,14.545454545454545,91.66666666666666,64.61140782014047,98.51352905492264
NPU,-16,ead/package_default,ead,package_default,110,12,14,9,0.002116590627172744,0.005249497616188605,10.909090909090908,12.727272727272727,75.0,46.768966087934004,91.10599603710386
NPU,-16,ALL/ALL_24,ALL,ALL_24,2640,288,337,202,0.0009183097471880345,0.012051639297984768,10.909090909090908,12.765151515151516,70.13888888888889,64.61643474196556,75.13115436116435
NPU,-14,fgsm/eps0.005,fgsm,eps0.005,110,13,14,5,0.00018582206473426546,0.0029650826261124344,11.818181818181818,12.727272727272727,38.46153846153847,17.70944658123682,64.47751902773146
NPU,-14,fgsm/eps0.01,fgsm,eps0.01,110,13,14,8,0.0003716416440014637,0.005929484624754251,11.818181818181818,12.727272727272727,61.53846153846154,35.52248097226855,82.2905534187632
NPU,-14,fgsm/eps0.03,fgsm,eps0.03,110,13,12,12,0.0011149203500032626,0.01777830913832237,11.818181818181818,10.909090909090908,92.3076923076923,66.68546607175266,98.62899336203037
NPU,-14,fgsm/eps0.05,fgsm,eps0.05,110,13,15,13,0.0018582003032364847,0.029609651524912184,11.818181818181818,13.636363636363635,100.0,77.18981569447084,100.0
NPU,-14,bim/eps0.03_default,bim,eps0.03_default,110,13,9,13,0.0011149202484044309,0.016328066705980037,11.818181818181818,8.181818181818182,100.0,77.18981569447084,100.0
NPU,-14,pgd/eps0.005,pgd,eps0.005,110,13,13,6,0.0001858220512406691,0.0028677237855100676,11.818181818181818,11.818181818181818,46.15384615384615,23.205754301488142,70.85656756816796
NPU,-14,pgd/eps0.01,pgd,eps0.01,110,13,14,8,0.00037164162653916547,0.005630126900293562,11.818181818181818,12.727272727272727,61.53846153846154,35.52248097226855,82.2905534187632
NPU,-14,pgd/eps0.03,pgd,eps0.03,110,13,8,13,0.0011149202272380126,0.01612058953297404,11.818181818181818,7.2727272727272725,100.0,77.18981569447084,100.0
NPU,-14,mifgsm/eps0.03_default,mifgsm,eps0.03_default,110,13,9,12,0.0011149202769791045,0.016870549295774872,11.818181818181818,8.181818181818182,92.3076923076923,66.68546607175266,98.62899336203037
NPU,-14,difgsm/eps0.03_default,difgsm,eps0.03_default,110,13,15,12,0.0011149203161369854,0.016885344777256204,11.818181818181818,13.636363636363635,92.3076923076923,66.68546607175266,98.62899336203037
NPU,-14,vmifgsm/eps0.03_default,vmifgsm,eps0.03_default,110,13,11,13,0.0011149202801540683,0.017016497178172475,11.818181818181818,10.0,100.0,77.18981569447084,100.0
NPU,-14,vnifgsm/eps0.03_default,vnifgsm,eps0.03_default,110,13,5,13,0.0011149203097870581,0.0170942297882654,11.818181818181818,4.545454545454546,100.0,77.18981569447084,100.0
NPU,-14,rfgsm/eps0.03_default,rfgsm,eps0.03_default,110,13,10,13,0.0011149201997216608,0.016243415207348035,11.818181818181818,9.090909090909092,100.0,77.18981569447084,100.0
NPU,-14,tpgd/eps0.03_default,tpgd,eps0.03_default,110,13,16,7,0.0011149201870218073,0.016104979525235513,11.818181818181818,14.545454545454545,53.84615384615385,29.14343243183205,76.79424569851186
NPU,-14,cw/c1_steps20_lr0.01,cw,c1_steps20_lr0.01,110,13,13,12,0.0005472161758172002,0.006395712194377459,11.818181818181818,11.818181818181818,92.3076923076923,66.68546607175266,98.62899336203037
NPU,-14,deepfool/package_default,deepfool,package_default,110,13,14,8,0.0010228807630482614,0.004716846761626036,11.818181818181818,12.727272727272727,61.53846153846154,35.52248097226855,82.2905534187632
NPU,-14,fab/eps0.005,fab,eps0.005,110,13,17,1,3.329696853390031e-05,0.0005025885301925549,11.818181818181818,15.454545454545453,7.6923076923076925,1.3710066379696322,33.31453392824736
NPU,-14,fab/eps0.01,fab,eps0.01,110,13,19,1,0.00010811917282723161,0.001603242940108016,11.818181818181818,17.272727272727273,7.6923076923076925,1.3710066379696322,33.31453392824736
NPU,-14,fab/eps0.03,fab,eps0.03,110,13,15,7,0.0002938128208783463,0.0042303297597299635,11.818181818181818,13.636363636363635,53.84615384615385,29.14343243183205,76.79424569851186
NPU,-14,square/eps0.03_default,square,eps0.03_default,110,13,12,11,0.001105702809185078,0.017647839712193143,11.818181818181818,10.909090909090908,84.61538461538461,57.764829491368985,95.6742736817262
NPU,-14,apgd/eps0.03_default,apgd,eps0.03_default,110,13,9,13,0.0011062265098602411,0.016277182430376614,11.818181818181818,8.181818181818182,100.0,77.18981569447084,100.0
NPU,-14,apgdt/eps0.03_default,apgdt,eps0.03_default,110,13,11,13,0.0011149197578725991,0.013666086381470561,11.818181818181818,10.0,100.0,77.18981569447084,100.0
NPU,-14,autoattack/eps0.03_standard,autoattack,eps0.03_standard,110,13,9,13,0.001114920285445671,0.016413720883429003,11.818181818181818,8.181818181818182,100.0,77.18981569447084,100.0
NPU,-14,ead/package_default,ead,package_default,110,13,12,12,0.002053281137275197,0.004908402571477751,11.818181818181818,10.909090909090908,92.3076923076923,66.68546607175266,98.62899336203037
NPU,-14,ALL/ALL_24,ALL,ALL_24,2640,312,296,239,0.0008961577702475903,0.011825250115662189,11.818181818181818,11.212121212121213,76.6025641025641,71.59876149846193,80.95922959580814
NPU,-12,fgsm/eps0.005,fgsm,eps0.005,110,19,18,8,0.00018341494909355726,0.0029276302973315974,17.272727272727273,16.363636363636363,42.10526315789473,23.14162039203038,63.72444853483989
NPU,-12,fgsm/eps0.01,fgsm,eps0.01,110,19,17,11,0.00036682757120363275,0.0058547310361807495,17.272727272727273,15.454545454545453,57.89473684210527,36.275551465160106,76.85837960796962
NPU,-12,fgsm/eps0.03,fgsm,eps0.03,110,19,13,16,0.0011004783916921626,0.017556394348767625,17.272727272727273,11.818181818181818,84.21052631578947,62.434072356823314,94.47962896007218
NPU,-12,fgsm/eps0.05,fgsm,eps0.05,110,19,12,19,0.0018341303676027653,0.02924539399417959,17.272727272727273,10.909090909090908,100.0,83.18156346315496,100.00000000000003
NPU,-12,bim/eps0.03_default,bim,eps0.03_default,110,19,14,19,0.0011004783673507772,0.01608075325123284,17.272727272727273,12.727272727272727,100.0,83.18156346315496,100.00000000000003
NPU,-12,pgd/eps0.005,pgd,eps0.005,110,19,17,9,0.00018341490252743274,0.002818837910043873,17.272727272727273,15.454545454545453,47.368421052631575,27.329505487448547,68.29251748817488
NPU,-12,pgd/eps0.01,pgd,eps0.01,110,19,18,12,0.0003668274913003855,0.005534091350537758,17.272727272727273,16.363636363636363,63.1578947368421,41.03915749815672,80.85072762372616
NPU,-12,pgd/eps0.03,pgd,eps0.03,110,19,17,18,0.0011004782975015846,0.015827018869194062,17.272727272727273,15.454545454545453,94.73684210526315,75.3607846634548,99.064824750947
NPU,-12,mifgsm/eps0.03_default,mifgsm,eps0.03_default,110,19,15,18,0.0011004783832255928,0.016575669768181665,17.272727272727273,13.636363636363635,94.73684210526315,75.3607846634548,99.064824750947
NPU,-12,difgsm/eps0.03_default,difgsm,eps0.03_default,110,19,13,18,0.001100478408096138,0.0166065025905316,17.272727272727273,11.818181818181818,94.73684210526315,75.3607846634548,99.064824750947
NPU,-12,vmifgsm/eps0.03_default,vmifgsm,eps0.03_default,110,19,14,18,0.0011004783673507763,0.01671587648716835,17.272727272727273,12.727272727272727,94.73684210526315,75.3607846634548,99.064824750947
NPU,-12,vnifgsm/eps0.03_default,vnifgsm,eps0.03_default,110,19,16,19,0.0011004783811089508,0.01681124647571277,17.272727272727273,14.545454545454545,100.0,83.18156346315496,100.00000000000003
NPU,-12,rfgsm/eps0.03_default,rfgsm,eps0.03_default,110,19,18,18,0.001100478361000849,0.015935408205471208,17.272727272727273,16.363636363636363,94.73684210526315,75.3607846634548,99.064824750947
NPU,-12,tpgd/eps0.03_default,tpgd,eps0.03_default,110,19,17,13,0.0011004783721132191,0.015853041054850227,17.272727272727273,15.454545454545453,68.42105263157895,46.01001017506463,84.6358289955714
NPU,-12,cw/c1_steps20_lr0.01,cw,c1_steps20_lr0.01,110,19,16,16,0.0005520408274605377,0.006351804228040208,17.272727272727273,14.545454545454545,84.21052631578947,62.434072356823314,94.47962896007218
NPU,-12,deepfool/package_default,deepfool,package_default,110,19,16,13,0.0009684209971137959,0.004660748065676129,17.272727272727273,14.545454545454545,68.42105263157895,46.01001017506463,84.6358289955714
NPU,-12,fab/eps0.005,fab,eps0.005,110,19,19,5,2.875160928603556e-05,0.00044170157845053846,17.272727272727273,17.272727272727273,26.31578947368421,11.806238339540162,48.791968441070644
NPU,-12,fab/eps0.01,fab,eps0.01,110,19,20,7,7.351064361334272e-05,0.0010972643827222902,17.272727272727273,18.181818181818183,36.84210526315789,19.149272376273842,58.96084250184328
NPU,-12,fab/eps0.03,fab,eps0.03,110,19,17,12,0.00028052177327808956,0.003997165289627354,17.272727272727273,15.454545454545453,63.1578947368421,41.03915749815672,80.85072762372616
NPU,-12,square/eps0.03_default,square,eps0.03_default,110,19,15,14,0.0010625506396701242,0.01695798111448996,17.272727272727273,13.636363636363635,73.68421052631578,51.20803155892935,88.19376166045983
NPU,-12,apgd/eps0.03_default,apgd,eps0.03_default,110,19,15,19,0.0011004783631174918,0.016210525161163322,17.272727272727273,13.636363636363635,100.0,83.18156346315496,100.00000000000003
NPU,-12,apgdt/eps0.03_default,apgdt,eps0.03_default,110,19,13,19,0.0011004779424348546,0.013439369853585908,17.272727272727273,11.818181818181818,100.0,83.18156346315496,100.00000000000003
NPU,-12,autoattack/eps0.03_standard,autoattack,eps0.03_standard,110,19,14,19,0.0011004783133764,0.0162388935769823,17.272727272727273,12.727272727272727,100.0,83.18156346315496,100.00000000000003
NPU,-12,ead/package_default,ead,package_default,110,19,17,13,0.0019119696083097133,0.004714682730487221,17.272727272727273,15.454545454545453,68.42105263157895,46.01001017506463,84.6358289955714
NPU,-12,ALL/ALL_24,ALL,ALL_24,2640,456,381,353,0.0008757550553678421,0.011602197150858714,17.272727272727273,14.431818181818182,77.41228070175438,73.35439792194317,81.0121491673154
NPU,-10,fgsm/eps0.005,fgsm,eps0.005,110,30,26,13,0.00018442183817646908,0.002943221441554702,27.27272727272727,23.636363636363637,43.333333333333336,27.37723743061511,60.80299045459127
NPU,-10,fgsm/eps0.01,fgsm,eps0.01,110,30,20,21,0.00036884130465539094,0.005885816022584336,27.27272727272727,18.181818181818183,70.0,52.12387898833981,83.33543735604106
NPU,-10,fgsm/eps0.03,fgsm,eps0.03,110,30,18,27,0.001106519237245298,0.017649674805050496,27.27272727272727,16.363636363636363,90.0,74.37855868473339,96.54007400402838
NPU,-10,fgsm/eps0.05,fgsm,eps0.05,110,30,16,28,0.0018441984493454244,0.029399168948558197,27.27272727272727,14.545454545454545,93.33333333333333,78.67618227892791,98.15233646723065
NPU,-10,bim/eps0.03_default,bim,eps0.03_default,110,30,18,29,0.0011065191324715119,0.01605091666464096,27.27272727272727,16.363636363636363,96.66666666666667,83.32924860304112,99.40915620051425
NPU,-10,pgd/eps0.005,pgd,eps0.005,110,30,22,15,0.00018442181277676274,0.002843257607045446,27.27272727272727,20.0,50.0,33.15385122717377,66.84614877282624
NPU,-10,pgd/eps0.01,pgd,eps0.01,110,30,22,21,0.0003688412932784382,0.00556053475646128,27.27272727272727,20.0,70.0,52.12387898833981,83.33543735604106
NPU,-10,pgd/eps0.03,pgd,eps0.03,110,30,17,28,0.0011065191049551627,0.01578439625657413,27.27272727272727,15.454545454545453,93.33333333333333,78.67618227892791,98.15233646723065
NPU,-10,mifgsm/eps0.03_default,mifgsm,eps0.03_default,110,30,18,28,0.0011065191621045026,0.016643967123871454,27.27272727272727,16.363636363636363,93.33333333333333,78.67618227892791,98.15233646723065
NPU,-10,difgsm/eps0.03_default,difgsm,eps0.03_default,110,30,17,28,0.0011065191113050863,0.016682967975396954,27.27272727272727,15.454545454545453,93.33333333333333,78.67618227892791,98.15233646723065
NPU,-10,vmifgsm/eps0.03_default,vmifgsm,eps0.03_default,110,30,18,28,0.00110651914093808,0.0167951971631158,27.27272727272727,16.363636363636363,93.33333333333333,78.67618227892791,98.15233646723065
NPU,-10,vnifgsm/eps0.03_default,vnifgsm,eps0.03_default,110,30,18,28,0.0011065191356464737,0.016899278218095903,27.27272727272727,16.363636363636363,93.33333333333333,78.67618227892791,98.15233646723065
NPU,-10,rfgsm/eps0.03_default,rfgsm,eps0.03_default,110,30,16,29,0.0011065191155383727,0.01594072041017083,27.27272727272727,14.545454545454545,96.66666666666667,83.32924860304112,99.40915620051425
NPU,-10,tpgd/eps0.03_default,tpgd,eps0.03_default,110,30,15,25,0.0011065191695127491,0.015980191672728766,27.27272727272727,13.636363636363635,83.33333333333334,66.43529481431982,92.66356575964832
NPU,-10,cw/c1_steps20_lr0.01,cw,c1_steps20_lr0.01,110,30,24,26,0.0004156770606641211,0.005087881124649762,27.27272727272727,21.818181818181817,86.66666666666667,70.31831605558307,94.69043057578189
NPU,-10,deepfool/package_default,deepfool,package_default,110,30,23,18,0.0007257895020301937,0.0035243104599264967,27.27272727272727,20.909090909090907,60.0,42.32005249827384,75.40960567391659
NPU,-10,fab/eps0.005,fab,eps0.005,110,30,25,10,3.594222838397034e-05,0.0005526879134298905,27.27272727272727,22.727272727272727,33.33333333333333,19.230295526846195,51.22027418616973
NPU,-10,fab/eps0.01,fab,eps0.01,110,30,23,15,9.54576005989642e-05,0.0014317882605256408,27.27272727272727,20.909090909090907,50.0,33.15385122717377,66.84614877282624
NPU,-10,fab/eps0.03,fab,eps0.03,110,30,18,21,0.00022899643941356036,0.003282245589666212,27.27272727272727,16.363636363636363,70.0,52.12387898833981,83.33543735604106
NPU,-10,square/eps0.03_default,square,eps0.03_default,110,30,9,30,0.001106519227720408,0.017660178159448193,27.27272727272727,8.181818181818182,100.0,88.6482908609522,100.0
NPU,-10,apgd/eps0.03_default,apgd,eps0.03_default,110,30,13,29,0.0011065191165966937,0.01615998043932693,27.27272727272727,11.818181818181818,96.66666666666667,83.32924860304112,99.40915620051425
NPU,-10,apgdt/eps0.03_default,apgdt,eps0.03_default,110,30,11,29,0.0011065187557091954,0.013561865128576702,27.27272727272727,10.0,96.66666666666667,83.32924860304112,99.40915620051425
NPU,-10,autoattack/eps0.03_standard,autoattack,eps0.03_standard,110,30,15,29,0.0011065191208299774,0.01614098053594877,27.27272727272727,13.636363636363635,96.66666666666667,83.32924860304112,99.40915620051425
NPU,-10,ead/package_default,ead,package_default,110,30,32,14,0.0017261947875587982,0.003789720867644016,27.27272727272727,29.09090909090909,46.666666666666664,30.232127224128234,63.857986718474955
NPU,-10,ALL/ALL_24,ALL,ALL_24,2640,720,454,569,0.0008568137853106502,0.011510456147707994,27.27272727272727,17.196969696969695,79.02777777777777,75.90389086870393,81.84355000786354
NPU,-8,fgsm/eps0.005,fgsm,eps0.005,110,41,35,18,0.0001821619760117582,0.0029091641772537855,37.27272727272727,31.818181818181817,43.90243902439025,29.889904772109833,58.959734848242704
NPU,-8,fgsm/eps0.01,fgsm,eps0.01,110,41,29,27,0.0003643218015150737,0.005817987117916298,37.27272727272727,26.36363636363636,65.85365853658537,50.54955435372689,78.44138263335655
NPU,-8,fgsm/eps0.03,fgsm,eps0.03,110,41,21,35,0.0010929607659239126,0.01744764630090102,37.27272727272727,19.090909090909093,85.36585365853658,71.55624473141073,93.11584547054458
NPU,-8,fgsm/eps0.05,fgsm,eps0.05,110,41,13,39,0.0018216010722839227,0.029061032103543882,37.27272727272727,11.818181818181818,95.1219512195122,83.86073303764864,98.65193377174265
NPU,-8,bim/eps0.03_default,bim,eps0.03_default,110,41,16,38,0.0010929606849623464,0.01570099032568656,37.27272727272727,14.545454545454545,92.6829268292683,80.57225998278872,97.48026267474359
NPU,-8,pgd/eps0.005,pgd,eps0.005,110,41,36,17,0.00018216193685387637,0.002805272999896873,37.27272727272727,32.72727272727273,41.46341463414634,27.75633082533015,56.63316464316339
NPU,-8,pgd/eps0.01,pgd,eps0.01,110,41,28,27,0.00036432166604997,0.005485995223914986,37.27272727272727,25.454545454545453,65.85365853658537,50.54955435372689,78.44138263335655
NPU,-8,pgd/eps0.03,pgd,eps0.03,110,41,14,38,0.0010929606294004918,0.01553938590328797,37.27272727272727,12.727272727272727,92.6829268292683,80.57225998278872,97.48026267474359
NPU,-8,mifgsm/eps0.03_default,mifgsm,eps0.03_default,110,41,14,39,0.0010929607294118346,0.016360491124743717,37.27272727272727,12.727272727272727,95.1219512195122,83.86073303764864,98.65193377174265
NPU,-8,difgsm/eps0.03_default,difgsm,eps0.03_default,110,41,21,37,0.0010929607653947528,0.01644784813238811,37.27272727272727,19.090909090909093,90.2439024390244,77.45202448096946,96.14035402470385
NPU,-8,vmifgsm/eps0.03_default,vmifgsm,eps0.03_default,110,41,13,39,0.0010929607399950446,0.01652744799344372,37.27272727272727,11.818181818181818,95.1219512195122,83.86073303764864,98.65193377174265
NPU,-8,vnifgsm/eps0.03_default,vnifgsm,eps0.03_default,110,41,16,39,0.0010929607145953371,0.01662275831807739,37.27272727272727,14.545454545454545,95.1219512195122,83.86073303764864,98.65193377174265
NPU,-8,rfgsm/eps0.03_default,rfgsm,eps0.03_default,110,41,14,39,0.0010929606727916564,0.015622385278005446,37.27272727272727,12.727272727272727,95.1219512195122,83.86073303764864,98.65193377174265
NPU,-8,tpgd/eps0.03_default,tpgd,eps0.03_default,110,41,33,23,0.0010929606701458544,0.015673230275173037,37.27272727272727,30.0,56.09756097560976,41.0402651517573,70.11009522789017
NPU,-8,cw/c1_steps20_lr0.01,cw,c1_steps20_lr0.01,110,41,21,34,0.0003587031776656479,0.004537616691283563,37.27272727272727,19.090909090909093,82.92682926829268,68.73709004537024,91.4748560047261
NPU,-8,deepfool/package_default,deepfool,package_default,110,41,29,25,0.0006003040439364117,0.0027823638937681827,37.27272727272727,26.36363636363636,60.97560975609756,45.72658389869256,74.3440647846729
NPU,-8,fab/eps0.005,fab,eps0.005,110,41,37,9,4.953462815715336e-05,0.0007591752862584586,37.27272727272727,33.63636363636363,21.951219512195124,12.003040155386346,36.70530209823529
NPU,-8,fab/eps0.01,fab,eps0.01,110,41,35,16,0.00012128662757192072,0.0018078756262329305,37.27272727272727,31.818181818181817,39.02439024390244,25.65593521532712,54.27341610130745
NPU,-8,fab/eps0.03,fab,eps0.03,110,41,31,21,0.00019360749548382727,0.002838212782142485,37.27272727272727,28.18181818181818,51.21951219512195,36.48425931586519,65.7458127600643
NPU,-8,square/eps0.03_default,square,eps0.03_default,110,41,25,30,0.0010929607786237673,0.017444265710020557,37.27272727272727,22.727272727272727,73.17073170731707,58.066174723997065,84.30519471866332
NPU,-8,apgd/eps0.03_default,apgd,eps0.03_default,110,41,18,39,0.0010929606664417282,0.01580834056843406,37.27272727272727,16.363636363636363,95.1219512195122,83.86073303764864,98.65193377174265
NPU,-8,apgdt/eps0.03_default,apgdt,eps0.03_default,110,41,16,37,0.0010929603373038682,0.01317773932929739,37.27272727272727,14.545454545454545,90.2439024390244,77.45202448096946,96.14035402470385
NPU,-8,autoattack/eps0.03_standard,autoattack,eps0.03_standard,110,41,15,39,0.0010929606944872362,0.015815174181691576,37.27272727272727,13.636363636363635,95.1219512195122,83.86073303764864,98.65193377174265
NPU,-8,ead/package_default,ead,package_default,110,41,35,21,0.001646789784056339,0.0034624415754395646,37.27272727272727,31.818181818181817,51.21951219512195,36.48425931586519,65.7458127600643
NPU,-8,ALL/ALL_24,ALL,ALL_24,2640,984,565,726,0.0008372201274609889,0.011268951704950065,37.27272727272727,21.401515151515152,73.78048780487805,70.94364119052162,76.43237536921833
NPU,-6,fgsm/eps0.005,fgsm,eps0.005,110,51,41,20,0.00018000712470061272,0.002873686730692282,46.36363636363636,37.27272727272727,39.21568627450981,27.027144858027697,52.91508877483494
NPU,-6,fgsm/eps0.01,fgsm,eps0.01,110,51,35,30,0.0003600119120991227,0.005746881401335601,46.36363636363636,31.818181818181817,58.82352941176471,45.16509274741746,71.24580700751311
NPU,-6,fgsm/eps0.03,fgsm,eps0.03,110,51,26,43,0.001080031459621861,0.01723224248059766,46.36363636363636,23.636363636363637,84.31372549019608,71.98929160164018,91.83087411197867
NPU,-6,fgsm/eps0.05,fgsm,eps0.05,110,51,19,47,0.0018000522681342118,0.028704681772399984,46.36363636363636,17.272727272727273,92.15686274509804,81.49980177513918,96.90783038730684
NPU,-6,bim/eps0.03_default,bim,eps0.03_default,110,51,16,49,0.0010800313818352591,0.015279246290976298,46.36363636363636,14.545454545454545,96.07843137254902,86.78345101373473,98.91791437312489
NPU,-6,pgd/eps0.005,pgd,eps0.005,110,51,40,22,0.00018000709559678547,0.0027646913785825526,46.36363636363636,36.36363636363637,43.13725490196079,30.501028092334302,56.73493876494193
NPU,-6,pgd/eps0.01,pgd,eps0.01,110,51,32,33,0.00036001191209912185,0.005405505340207658,46.36363636363636,29.09090909090909,64.70588235294117,50.98580497281073,76.3656946187402
NPU,-6,pgd/eps0.03,pgd,eps0.03,110,51,20,48,0.0010800313204526364,0.01511636677790767,46.36363636363636,18.181818181818183,94.11764705882352,84.07512606105803,97.97937271359478
NPU,-6,mifgsm/eps0.03_default,mifgsm,eps0.03_default,110,51,18,48,0.0010800313977100736,0.01609157869930967,46.36363636363636,16.363636363636363,94.11764705882352,84.07512606105803,97.97937271359478
NPU,-6,difgsm/eps0.03_default,difgsm,eps0.03_default,110,51,22,43,0.001080031430518031,0.016174623446369666,46.36363636363636,20.0,84.31372549019608,71.98929160164018,91.83087411197867
NPU,-6,vmifgsm/eps0.03_default,vmifgsm,eps0.03_default,110,51,19,48,0.0010800314019433592,0.016266903340477788,46.36363636363636,17.272727272727273,94.11764705882352,84.07512606105803,97.97937271359478
NPU,-6,vnifgsm/eps0.03_default,vnifgsm,eps0.03_default,110,51,20,48,0.0010800314114682492,0.016412962041795202,46.36363636363636,18.181818181818183,94.11764705882352,84.07512606105803,97.97937271359478
NPU,-6,rfgsm/eps0.03_default,rfgsm,eps0.03_default,110,51,14,49,0.0010800313606688355,0.01515666219321159,46.36363636363636,12.727272727272727,96.07843137254902,86.78345101373473,98.91791437312489
NPU,-6,tpgd/eps0.03_default,tpgd,eps0.03_default,110,51,34,29,0.0010800313670187665,0.01528177758340126,46.36363636363636,30.909090909090907,56.86274509803921,43.26506123505807,69.49897190766569
NPU,-6,cw/c1_steps20_lr0.01,cw,c1_steps20_lr0.01,110,51,27,38,0.0003675866332327965,0.004505967001800352,46.36363636363636,24.545454545454547,74.50980392156863,61.13145589385128,84.4543767587336
NPU,-6,deepfool/package_default,deepfool,package_default,110,51,38,23,0.0006119020542510439,0.0027424174137856213,46.36363636363636,34.54545454545455,45.09803921568628,32.267305011132244,58.61552845835077
NPU,-6,fab/eps0.005,fab,eps0.005,110,51,45,9,4.9159205412820056e-05,0.0007481512215967218,46.36363636363636,40.909090909090914,17.647058823529413,9.5722957258099,30.254405172778036
NPU,-6,fab/eps0.01,fab,eps0.01,110,51,41,16,8.73429160988275e-05,0.001311794537974451,46.36363636363636,37.27272727272727,31.372549019607842,20.327509667785154,45.02725751625032
NPU,-6,fab/eps0.03,fab,eps0.03,110,51,38,20,0.00018573472572657102,0.0026682950374387103,46.36363636363636,34.54545454545455,39.21568627450981,27.027144858027697,52.91508877483494
NPU,-6,square/eps0.03_default,square,eps0.03_default,110,51,30,39,0.0010711892857215727,0.017102718539138563,46.36363636363636,27.27272727272727,76.47058823529412,63.237511863654206,85.99518740113747
NPU,-6,apgd/eps0.03_default,apgd,eps0.03_default,110,51,15,49,0.0010800313162193527,0.015341367538679686,46.36363636363636,13.636363636363635,96.07843137254902,86.78345101373473,98.91791437312489
NPU,-6,apgdt/eps0.03_default,apgdt,eps0.03_default,110,51,24,48,0.0010800311109050583,0.013505279213528695,46.36363636363636,21.818181818181817,94.11764705882352,84.07512606105803,97.97937271359478
NPU,-6,autoattack/eps0.03_standard,autoattack,eps0.03_standard,110,51,13,49,0.0010800313405607365,0.015368982319804709,46.36363636363636,11.818181818181818,96.07843137254902,86.78345101373473,98.91791437312489
NPU,-6,ead/package_default,ead,package_default,110,51,38,21,0.0016451161725192143,0.0033260571210120804,46.36363636363636,34.54545454545455,41.17647058823529,28.754192992486892,54.834907252582546
NPU,-6,ALL/ALL_24,ALL,ALL_24,2640,1224,665,869,0.0008274374001881216,0.011047034975917686,46.36363636363636,25.189393939393938,70.99673202614379,68.3919786984545,73.47009862487451
NPU,-4,fgsm/eps0.005,fgsm,eps0.005,110,69,64,17,0.00017263144148847818,0.0027564030405218152,62.727272727272734,58.18181818181818,24.637681159420293,15.989647451132608,35.960886309795214
NPU,-4,fgsm/eps0.01,fgsm,eps0.01,110,69,54,30,0.0003452604797943427,0.005511649198491412,62.727272727272734,49.09090909090909,43.47826086956522,32.43261617876529,55.21180678833044
NPU,-4,fgsm/eps0.03,fgsm,eps0.03,110,69,28,55,0.0010357772714500244,0.016523407154123846,62.727272727272734,25.454545454545453,79.71014492753623,68.77573759423548,87.51078000010621
NPU,-4,fgsm/eps0.05,fgsm,eps0.05,110,69,25,58,0.0017262954455376537,0.027522264793515158,62.727272727272734,22.727272727272727,84.05797101449275,73.66529959201307,90.85826935759813
NPU,-4,bim/eps0.03_default,bim,eps0.03_default,110,69,25,60,0.0010357772232964127,0.01475509908050294,62.727272727272734,22.727272727272727,86.95652173913044,77.03148508859572,92.98345143119515
NPU,-4,pgd/eps0.005,pgd,eps0.005,110,69,64,18,0.00017263140233059638,0.002658573363441922,62.727272727272734,58.18181818181818,26.08695652173913,17.185419574593983,37.51079797142367
NPU,-4,pgd/eps0.01,pgd,eps0.01,110,69,50,33,0.00034526049461083814,0.005209816968999749,62.727272727272734,45.45454545454545,47.82608695652174,36.46852549759774,59.41294882476751
NPU,-4,pgd/eps0.03,pgd,eps0.03,110,69,23,59,0.0010357772037174738,0.0146550688723271,62.727272727272734,20.909090909090907,85.5072463768116,75.33626140708478,91.93299132761629
NPU,-4,mifgsm/eps0.03_default,mifgsm,eps0.03_default,110,69,24,59,0.0010357772275296964,0.015505015460604926,62.727272727272734,21.818181818181817,85.5072463768116,75.33626140708478,91.93299132761629
NPU,-4,difgsm/eps0.03_default,difgsm,eps0.03_default,110,69,21,57,0.00103577723864207,0.015486971746114115,62.727272727272734,19.090909090909093,82.6086956521739,72.01615375755637,89.761731406965
NPU,-4,vmifgsm/eps0.03_default,vmifgsm,eps0.03_default,110,69,25,58,0.0010357772349379438,0.015634488018060222,62.727272727272734,22.727272727272727,84.05797101449275,73.66529959201307,90.85826935759813
NPU,-4,vnifgsm/eps0.03_default,vnifgsm,eps0.03_default,110,69,23,59,0.0010357772740958264,0.01572252093729643,62.727272727272734,20.909090909090907,85.5072463768116,75.33626140708478,91.93299132761629
NPU,-4,rfgsm/eps0.03_default,rfgsm,eps0.03_default,110,69,23,60,0.0010357771947217464,0.014662101009691253,62.727272727272734,20.909090909090907,86.95652173913044,77.03148508859572,92.98345143119515
NPU,-4,tpgd/eps0.03_default,tpgd,eps0.03_default,110,69,38,36,0.001035777236525428,0.014662246600809371,62.727272727272734,34.54545454545455,52.17391304347826,40.58705117523249,63.53147450240226
NPU,-4,cw/c1_steps20_lr0.01,cw,c1_steps20_lr0.01,110,69,29,50,0.00040552663466020153,0.005039423750124192,62.727272727272734,26.36363636363636,72.46376811594203,60.952479431466834,81.60561923742567
NPU,-4,deepfool/package_default,deepfool,package_default,110,69,40,37,0.0008292978645344231,0.0034313693109486497,62.727272727272734,36.36363636363637,53.62318840579711,41.97820076036184,64.88600870236277
NPU,-4,fab/eps0.005,fab,eps0.005,110,69,69,8,3.158895521085432e-05,0.0004840040029612774,62.727272727272734,62.727272727272734,11.594202898550725,5.993426545958408,21.24595314916087
NPU,-4,fab/eps0.01,fab,eps0.01,110,69,59,18,8.499920791521115e-05,0.0012679578170192117,62.727272727272734,53.63636363636364,26.08695652173913,17.185419574593983,37.51079797142367
NPU,-4,fab/eps0.03,fab,eps0.03,110,69,37,40,0.00024433104765852,0.0035042644946687274,62.727272727272734,33.63636363636363,57.971014492753625,46.207193076612164,68.89406774138196
NPU,-4,square/eps0.03_default,square,eps0.03_default,110,69,28,51,0.0010260455765422275,0.016378940975766008,62.727272727272734,25.454545454545453,73.91304347826086,62.489202028576315,82.814580425406
NPU,-4,apgd/eps0.03_default,apgd,eps0.03_default,110,69,22,60,0.0010357772333504636,0.014688648198815856,62.727272727272734,20.0,86.95652173913044,77.03148508859572,92.98345143119515
NPU,-4,apgdt/eps0.03_default,apgdt,eps0.03_default,110,69,19,60,0.0010357770200987609,0.01354363633489062,62.727272727272734,17.272727272727273,86.95652173913044,77.03148508859572,92.98345143119515
NPU,-4,autoattack/eps0.03_standard,autoattack,eps0.03_standard,110,69,21,60,0.0010357772370545892,0.014721074158495077,62.727272727272734,19.090909090909093,86.95652173913044,77.03148508859572,92.98345143119515
NPU,-4,ead/package_default,ead,package_default,110,69,39,38,0.0017878948975438617,0.003913034520254802,62.727272727272734,35.45454545454545,55.072463768115945,43.378559191253316,66.23133405656112
NPU,-4,ALL/ALL_24,ALL,ALL_24,2640,1656,850,1081,0.0008167120851353185,0.010759915825351862,62.727272727272734,32.196969696969695,65.27777777777779,62.95175672062964,67.53307990474474
NPU,-2,fgsm/eps0.005,fgsm,eps0.005,110,79,76,9,0.0001622281534681509,0.002590529389933382,71.81818181818181,69.0909090909091,11.39240506329114,6.110510202849083,20.254987324963025
NPU,-2,fgsm/eps0.01,fgsm,eps0.01,110,79,57,28,0.0003244541892358082,0.0051804407859559224,71.81818181818181,51.81818181818182,35.44303797468354,25.795240122363012,46.44093107664811
NPU,-2,fgsm/eps0.03,fgsm,eps0.03,110,79,40,49,0.0009733584931712428,0.015533977433700405,71.81818181818181,36.36363636363637,62.0253164556962,51.001667782573044,71.93366905302645
NPU,-2,fgsm/eps0.05,fgsm,eps0.05,110,79,25,61,0.001622264000417788,0.025871005163273984,71.81818181818181,22.727272727272727,77.21518987341773,66.83294466956346,85.07334395837226
NPU,-2,bim/eps0.03_default,bim,eps0.03_default,110,79,28,61,0.0009733584201470873,0.013942994575270153,71.81818181818181,25.454545454545453,77.21518987341773,66.83294466956346,85.07334395837226
NPU,-2,pgd/eps0.005,pgd,eps0.005,110,79,74,11,0.00016222815082234728,0.00250399849398734,71.81818181818181,67.27272727272727,13.924050632911392,7.956458969765406,23.237530523436075
NPU,-2,pgd/eps0.01,pgd,eps0.01,110,79,51,34,0.00032445414478632183,0.004904919814064369,71.81818181818181,46.36363636363636,43.037974683544306,32.69364765548295,54.02799943969628
NPU,-2,pgd/eps0.03,pgd,eps0.03,110,79,30,59,0.0009733583783434027,0.013813778614117297,71.81818181818181,27.27272727272727,74.68354430379746,64.10553271149313,82.97226395105322
NPU,-2,mifgsm/eps0.03_default,mifgsm,eps0.03_default,110,79,29,59,0.0009733584370802246,0.01454637002369215,71.81818181818181,26.36363636363636,74.68354430379746,64.10553271149313,82.97226395105322
NPU,-2,difgsm/eps0.03_default,difgsm,eps0.03_default,110,79,31,53,0.0009733584328469364,0.014702844797548876,71.81818181818181,28.18181818181818,67.08860759493672,56.14636997987789,76.44595078650038
NPU,-2,vmifgsm/eps0.03_default,vmifgsm,eps0.03_default,110,79,28,60,0.0009733584233220509,0.01468468883328812,71.81818181818181,25.454545454545453,75.9493670886076,65.46409953317426,84.0279431120668
NPU,-2,vnifgsm/eps0.03_default,vnifgsm,eps0.03_default,110,79,27,60,0.0009733584487217555,0.014827649803324135,71.81818181818181,24.545454545454547,75.9493670886076,65.46409953317426,84.0279431120668
NPU,-2,rfgsm/eps0.03_default,rfgsm,eps0.03_default,110,79,27,61,0.0009733583746392791,0.013846394868398205,71.81818181818181,24.545454545454547,77.21518987341773,66.83294466956346,85.07334395837226
NPU,-2,tpgd/eps0.03_default,tpgd,eps0.03_default,110,79,57,34,0.00097335841697212,0.01378701048987828,71.81818181818181,51.81818181818182,43.037974683544306,32.69364765548295,54.02799943969628
NPU,-2,cw/c1_steps20_lr0.01,cw,c1_steps20_lr0.01,110,79,29,55,0.0005687128395286164,0.0064880488858239885,71.81818181818181,26.36363636363636,69.62025316455697,58.765131671078976,78.65568106068865
NPU,-2,deepfool/package_default,deepfool,package_default,110,79,41,42,0.0013475237816402397,0.005490672361140025,71.81818181818181,37.27272727272727,53.16455696202531,42.27121590709459,63.76439904964211
NPU,-2,fab/eps0.005,fab,eps0.005,110,79,74,6,2.838545498723534e-05,0.00043621185744409325,71.81818181818181,67.27272727272727,7.59493670886076,3.527156793366646,15.595602786361415
NPU,-2,fab/eps0.01,fab,eps0.01,110,79,64,16,8.568839872497724e-05,0.0012760460040685227,71.81818181818181,58.18181818181818,20.253164556962027,12.869001243979506,30.396218162695398
NPU,-2,fab/eps0.03,fab,eps0.03,110,79,52,29,0.00026081009465002083,0.003683210490165129,71.81818181818181,47.27272727272727,36.708860759493675,26.927131273817785,47.72328590788803
NPU,-2,square/eps0.03_default,square,eps0.03_default,110,79,33,49,0.0008943168636918947,0.014273090713402178,71.81818181818181,30.0,62.0253164556962,51.001667782573044,71.93366905302645
NPU,-2,apgd/eps0.03_default,apgd,eps0.03_default,110,79,26,62,0.0009025454600552831,0.012852169192914207,71.81818181818181,23.636363636363637,78.48101265822784,68.21262542258216,86.10790918804824
NPU,-2,apgdt/eps0.03_default,apgdt,eps0.03_default,110,79,21,62,0.0009182394397529208,0.012200756746434234,71.81818181818181,19.090909090909093,78.48101265822784,68.21262542258216,86.10790918804824
NPU,-2,autoattack/eps0.03_standard,autoattack,eps0.03_standard,110,79,25,62,0.0009270393839952118,0.013210855018627643,71.81818181818181,22.727272727272727,78.48101265822784,68.21262542258216,86.10790918804824
NPU,-2,ead/package_default,ead,package_default,110,79,51,30,0.002174607618838839,0.005462853444524498,71.81818181818181,46.36363636363636,37.9746835443038,28.066330946973554,48.99833221742695
NPU,-2,ALL/ALL_24,ALL,ALL_24,2640,1896,996,1052,0.0008109884916599896,0.010254604908374047,71.81818181818181,37.72727272727273,55.48523206751055,53.239315772152175,57.70896538981418
NPU,0,fgsm/eps0.005,fgsm,eps0.005,110,84,77,10,0.00014999304601748817,0.0023944777415387465,76.36363636363637,70.0,11.904761904761903,6.5964782536511,20.54510386689315
NPU,0,fgsm/eps0.01,fgsm,eps0.01,110,84,62,27,0.00029998411720782997,0.004788261249830729,76.36363636363637,56.36363636363636,32.142857142857146,23.125977350162447,42.721639268842665
NPU,0,fgsm/eps0.03,fgsm,eps0.03,110,84,34,56,0.0008999486935366826,0.014356646001000247,76.36363636363637,30.909090909090907,66.66666666666666,56.05262279543911,75.82293502682276
NPU,0,fgsm/eps0.05,fgsm,eps0.05,110,84,24,66,0.0014999143969775118,0.023910913887348995,76.36363636363637,21.818181818181817,78.57142857142857,68.65046833134146,85.99334507825034
NPU,0,bim/eps0.03_default,bim,eps0.03_default,110,84,26,64,0.00089994865967041,0.012932786125351033,76.36363636363637,23.636363636363637,76.19047619047619,66.06473307381485,84.02542921831096
NPU,0,pgd/eps0.005,pgd,eps0.005,110,84,76,11,0.0001499930206177809,0.0023143787339159863,76.36363636363637,69.0909090909091,13.095238095238097,7.472144544944862,21.946263134332387
NPU,0,pgd/eps0.01,pgd,eps0.01,110,84,58,32,0.0002999840709062818,0.004552330028011673,76.36363636363637,52.72727272727272,38.095238095238095,28.446988389716342,48.78475602295372
NPU,0,pgd/eps0.03,pgd,eps0.03,110,84,26,64,0.0008999486395623082,0.012824050760404581,76.36363636363637,23.636363636363637,76.19047619047619,66.06473307381485,84.02542921831096
NPU,0,mifgsm/eps0.03_default,mifgsm,eps0.03_default,110,84,26,64,0.0008999486723702618,0.013514436366544477,76.36363636363637,23.636363636363637,76.19047619047619,66.06473307381485,84.02542921831096
NPU,0,difgsm/eps0.03_default,difgsm,eps0.03_default,110,84,27,63,0.0008999486877159182,0.013596024677496012,76.36363636363637,24.545454545454547,75.0,64.78552553489342,83.0278111984994
NPU,0,vmifgsm/eps0.03_default,vmifgsm,eps0.03_default,110,84,26,64,0.0008999486855992764,0.013636056003584052,76.36363636363637,23.636363636363637,76.19047619047619,66.06473307381485,84.02542921831096
NPU,0,vnifgsm/eps0.03_default,vnifgsm,eps0.03_default,110,84,26,64,0.0008999486781910272,0.01368490133265198,76.36363636363637,23.636363636363637,76.19047619047619,66.06473307381485,84.02542921831096
NPU,0,rfgsm/eps0.03_default,rfgsm,eps0.03_default,110,84,26,64,0.0008999486258041337,0.012860346661711236,76.36363636363637,23.636363636363637,76.19047619047619,66.06473307381485,84.02542921831096
NPU,0,tpgd/eps0.03_default,tpgd,eps0.03_default,110,84,53,37,0.00089994863003742,0.01272026504474602,76.36363636363637,48.18181818181818,44.047619047619044,33.92278217957345,54.69309002676157
NPU,0,cw/c1_steps20_lr0.01,cw,c1_steps20_lr0.01,110,84,37,52,0.0006432672713840465,0.007256040606922654,76.36363636363637,33.63636363636363,61.904761904761905,51.21524397704628,71.55301161028366
NPU,0,deepfool/package_default,deepfool,package_default,110,84,44,44,0.0015120024634101385,0.006338212532947054,76.36363636363637,40.0,52.38095238095239,41.83191843994158,62.721732677524415
NPU,0,fab/eps0.005,fab,eps0.005,110,84,85,1,1.388721906220089e-05,0.00021477353993596863,76.36363636363637,77.27272727272727,1.1904761904761905,0.21045289015878751,6.439699201788534
NPU,0,fab/eps0.01,fab,eps0.01,110,84,75,12,6.114317802711099e-05,0.0009138781820915205,76.36363636363637,68.18181818181817,14.285714285714285,8.364938218850575,23.330295019159657
NPU,0,fab/eps0.03,fab,eps0.03,110,84,55,32,0.00028853424247986004,0.0040637528226339275,76.36363636363637,50.0,38.095238095238095,28.446988389716342,48.78475602295372
NPU,0,square/eps0.03_default,square,eps0.03_default,110,84,38,52,0.0008167130975793101,0.013032052749955442,76.36363636363637,34.54545454545455,61.904761904761905,51.21524397704628,71.55301161028366
NPU,0,apgd/eps0.03_default,apgd,eps0.03_default,110,84,26,64,0.0008097386995689826,0.011599419724313413,76.36363636363637,23.636363636363637,76.19047619047619,66.06473307381485,84.02542921831096
NPU,0,apgdt/eps0.03_default,apgdt,eps0.03_default,110,84,24,65,0.0008097386842233261,0.011105186002276864,76.36363636363637,21.818181818181817,77.38095238095238,67.35289274916636,85.01409510169246
NPU,0,autoattack/eps0.03_standard,autoattack,eps0.03_standard,110,84,25,65,0.0008180417321537271,0.011739441210250943,76.36363636363637,22.727272727272727,77.38095238095238,67.35289274916636,85.01409510169246
NPU,0,ead/package_default,ead,package_default,110,84,45,42,0.0023435673750513155,0.0060683419569861315,76.36363636363637,40.909090909090914,50.0,39.543750035009765,60.456249964990235
NPU,0,ALL/ALL_24,ALL,ALL_24,2640,2016,1021,1115,0.000775668357798098,0.00960070724760207,76.36363636363637,38.67424242424242,55.307539682539684,53.12918478148227,57.46570543169087
NPU,2,fgsm/eps0.005,fgsm,eps0.005,110,86,81,10,0.00013945918075143255,0.002226480221460437,78.18181818181819,73.63636363636363,11.627906976744185,6.439976494342571,20.0973959478223
NPU,2,fgsm/eps0.01,fgsm,eps0.01,110,86,73,19,0.0002789163295263764,0.004452267280695064,78.18181818181819,66.36363636363637,22.093023255813954,14.624794489136717,31.947840014255917
NPU,2,fgsm/eps0.03,fgsm,eps0.03,110,86,38,54,0.0008367455098777527,0.013346523241224567,78.18181818181819,34.54545454545455,62.7906976744186,52.23363580204515,72.25390671723324
NPU,2,fgsm/eps0.05,fgsm,eps0.05,110,86,30,61,0.0013945758988318235,0.02222272349860176,78.18181818181819,27.27272727272727,70.93023255813954,60.60296195175814,79.46756217069736
NPU,2,bim/eps0.03_default,bim,eps0.03_default,110,86,30,62,0.0008367454749531563,0.012056923361325758,78.18181818181819,27.27272727272727,72.09302325581395,61.825209682018624,80.47145466946219
NPU,2,pgd/eps0.005,pgd,eps0.005,110,86,81,11,0.00013945916223081397,0.002160756499506481,78.18181818181819,73.63636363636363,12.790697674418606,7.294546819879526,21.468965851310656
NPU,2,pgd/eps0.01,pgd,eps0.01,110,86,69,22,0.00027891632211812816,0.004241274538534555,78.18181818181819,62.727272727272734,25.581395348837212,17.542950129698358,35.708105060770194
NPU,2,pgd/eps0.03,pgd,eps0.03,110,86,31,61,0.0008367454548450536,0.011977291970767705,78.18181818181819,28.18181818181818,70.93023255813954,60.60296195175814,79.46756217069736
NPU,2,mifgsm/eps0.03_default,mifgsm,eps0.03_default,110,86,32,61,0.0008367454913571345,0.012595644152977198,78.18181818181819,29.09090909090909,70.93023255813954,60.60296195175814,79.46756217069736
NPU,2,difgsm/eps0.03_default,difgsm,eps0.03_default,110,86,34,58,0.0008367454659574282,0.012664516405625728,78.18181818181819,30.909090909090907,67.44186046511628,56.97765718056292,76.41444625481665
NPU,2,vmifgsm/eps0.03_default,vmifgsm,eps0.03_default,110,86,31,62,0.0008367454913571337,0.0126927324824712,78.18181818181819,28.18181818181818,72.09302325581395,61.825209682018624,80.47145466946219
NPU,2,vnifgsm/eps0.03_default,vnifgsm,eps0.03_default,110,86,29,62,0.0008367454924154555,0.012748523242771578,78.18181818181819,26.36363636363636,72.09302325581395,61.825209682018624,80.47145466946219
NPU,2,rfgsm/eps0.03_default,rfgsm,eps0.03_default,110,86,31,62,0.0008367454611949801,0.012034753803163718,78.18181818181819,28.18181818181818,72.09302325581395,61.825209682018624,80.47145466946219
NPU,2,tpgd/eps0.03_default,tpgd,eps0.03_default,110,86,52,38,0.0008367454437326817,0.011923089225522444,78.18181818181819,47.27272727272727,44.18604651162791,34.16256631747516,54.706732537398295
NPU,2,cw/c1_steps20_lr0.01,cw,c1_steps20_lr0.01,110,86,39,52,0.0006419866729463757,0.007138412344134918,78.18181818181819,35.45454545454545,60.46511627906976,49.897526698784006,70.13773536244373
NPU,2,deepfool/package_default,deepfool,package_default,110,86,44,46,0.0015892785746307418,0.006738894345339298,78.18181818181819,40.0,53.48837209302325,43.02411599878987,63.654304688286025
NPU,2,fab/eps0.005,fab,eps0.005,110,86,82,6,1.3170284695326842e-05,0.00020181090402772932,78.18181818181819,74.54545454545455,6.976744186046512,3.236497351786072,14.396314174277574
NPU,2,fab/eps0.01,fab,eps0.01,110,86,75,14,5.6916328453954215e-05,0.0008425087893259345,78.18181818181819,68.18181818181817,16.27906976744186,9.952040412263214,25.48989294600289
NPU,2,fab/eps0.03,fab,eps0.03,110,86,50,39,0.0003050453291507059,0.004308760001140962,78.18181818181819,45.45454545454545,45.348837209302324,35.25142050420289,55.84401857969586
NPU,2,square/eps0.03_default,square,eps0.03_default,110,86,41,50,0.0007297571452164794,0.011642832316554568,78.18181818181819,37.27272727272727,58.139534883720934,47.58426436472954,67.99871723844758
NPU,2,apgd/eps0.03_default,apgd,eps0.03_default,110,86,29,62,0.0007222301062111415,0.010432240693483955,78.18181818181819,26.36363636363636,72.09302325581395,61.825209682018624,80.47145466946219
NPU,2,apgdt/eps0.03_default,apgdt,eps0.03_default,110,86,27,65,0.0007697165372188339,0.01058898374827079,78.18181818181819,24.545454545454547,75.5813953488372,65.53692879036903,83.43815624818771
NPU,2,autoattack/eps0.03_standard,autoattack,eps0.03_standard,110,86,26,65,0.0007804587255866601,0.01126645363343787,78.18181818181819,23.636363636363637,75.5813953488372,65.53692879036903,83.43815624818771
NPU,2,ead/package_default,ead,package_default,110,86,51,39,0.0024578817310446236,0.006376423172200243,78.18181818181819,46.36363636363636,45.348837209302324,35.25142050420289,55.84401857969586
NPU,2,ALL/ALL_24,ALL,ALL_24,2640,2064,1106,1081,0.0007428532339293414,0.00903670082802352,78.18181818181819,41.89393939393939,52.374031007751945,50.21694659253196,54.52229455630652
NPU,4,fgsm/eps0.005,fgsm,eps0.005,110,89,80,10,0.00012896898075595494,0.0020595854867926527,80.9090909090909,72.72727272727273,11.235955056179774,6.218676366882152,19.461191278656052
NPU,4,fgsm/eps0.01,fgsm,eps0.01,110,89,76,14,0.0002579361165936764,0.004118491821414315,80.9090909090909,69.0909090909091,15.730337078651685,9.607722097921384,24.688972487264564
NPU,4,fgsm/eps0.03,fgsm,eps0.03,110,89,45,46,0.0007738047702745446,0.012344010597602834,80.9090909090909,40.909090909090914,51.68539325842697,41.45040372503965,61.78090637732825
NPU,4,fgsm/eps0.05,fgsm,eps0.05,110,89,33,60,0.0012896746026605562,0.020549002687700716,80.9090909090909,30.0,67.41573033707866,57.13403285459206,76.25617153654295
NPU,4,bim/eps0.03_default,bim,eps0.03_default,110,89,32,57,0.0007738047379957509,0.011227974253283259,80.9090909090909,29.09090909090909,64.04494382022472,53.68521850687317,73.24236567952603
NPU,4,pgd/eps0.005,pgd,eps0.005,110,89,80,10,0.00012896896488113766,0.002002607907210853,80.9090909090909,72.72727272727273,11.235955056179774,6.218676366882152,19.461191278656052
NPU,4,pgd/eps0.01,pgd,eps0.01,110,89,71,19,0.00025793610865626455,0.00393172173591495,80.9090909090909,64.54545454545455,21.34831460674157,14.114687024752387,30.95304123499324
NPU,4,pgd/eps0.03,pgd,eps0.03,110,89,33,56,0.0007738047459331582,0.011153505099090612,80.9090909090909,30.0,62.92134831460674,52.546854097611416,72.22652335387585
NPU,4,mifgsm/eps0.03_default,mifgsm,eps0.03_default,110,89,33,56,0.00077380477450783,0.011683308959684538,80.9090909090909,30.0,62.92134831460674,52.546854097611416,72.22652335387585
NPU,4,difgsm/eps0.03_default,difgsm,eps0.03_default,110,89,38,52,0.0007738047708037027,0.01174562704241406,80.9090909090909,34.54545454545455,58.42696629213483,48.04691516664702,68.10963534519249
NPU,4,vmifgsm/eps0.03_default,vmifgsm,eps0.03_default,110,89,34,56,0.0007738047755661499,0.011770339661531778,80.9090909090909,30.909090909090907,62.92134831460674,52.546854097611416,72.22652335387585
NPU,4,vnifgsm/eps0.03_default,vnifgsm,eps0.03_default,110,89,36,54,0.0007738047708037064,0.011801457011394829,80.9090909090909,32.72727272727273,60.67415730337079,50.28634843406101,70.17861554760239
NPU,4,rfgsm/eps0.03_default,rfgsm,eps0.03_default,110,89,32,57,0.0007738047485789618,0.011172494897618842,80.9090909090909,29.09090909090909,64.04494382022472,53.68521850687317,73.24236567952603
NPU,4,tpgd/eps0.03_default,tpgd,eps0.03_default,110,89,59,33,0.0007738047321749827,0.01104671566493127,80.9090909090909,53.63636363636364,37.07865168539326,27.773476646124156,47.45314590238858
NPU,4,cw/c1_steps20_lr0.01,cw,c1_steps20_lr0.01,110,89,37,52,0.0007898364988663228,0.008339737050175473,80.9090909090909,33.63636363636363,58.42696629213483,48.04691516664702,68.10963534519249
NPU,4,deepfool/package_default,deepfool,package_default,110,89,45,44,0.0018217474719593651,0.00802052911580668,80.9090909090909,40.909090909090914,49.43820224719101,39.291271906748555,59.63162472579548
NPU,4,fab/eps0.005,fab,eps0.005,110,89,82,7,1.023295626509819e-05,0.00015775022090629308,80.9090909090909,74.54545454545455,7.865168539325842,3.8619330931757894,15.355314347626608
NPU,4,fab/eps0.01,fab,eps0.01,110,89,78,11,3.410682574294802e-05,0.0005098654533254217,80.9090909090909,70.9090909090909,12.359550561797752,7.043444583719613,20.790629796730528
NPU,4,fab/eps0.03,fab,eps0.03,110,89,59,30,0.00026083945479262187,0.003655912473167189,80.9090909090909,53.63636363636364,33.70786516853933,24.742688328112894,44.021314015664025
NPU,4,square/eps0.03_default,square,eps0.03_default,110,89,49,41,0.0006225065359930008,0.009932382074274946,80.9090909090909,44.54545454545455,46.06741573033708,36.08954818482133,56.3707282429869
NPU,4,apgd/eps0.03_default,apgd,eps0.03_default,110,89,34,55,0.0005871885880795784,0.008484034375740662,80.9090909090909,30.909090909090907,61.79775280898876,51.41392792900943,71.20524278756588
NPU,4,apgdt/eps0.03_default,apgdt,eps0.03_default,110,89,33,56,0.0006087479791444845,0.008560497600777315,80.9090909090909,30.0,62.92134831460674,52.546854097611416,72.22652335387585
NPU,4,autoattack/eps0.03_standard,autoattack,eps0.03_standard,110,89,31,60,0.0006273405230868302,0.009125599313350058,80.9090909090909,28.18181818181818,67.41573033707866,57.13403285459206,76.25617153654295
NPU,4,ead/package_default,ead,package_default,110,89,61,28,0.002564768250819924,0.006967528361432857,80.9090909090909,55.45454545454545,31.46067415730337,22.750896837627053,41.704692036325994
NPU,4,ALL/ALL_24,ALL,ALL_24,2640,2136,1191,964,0.0007064601118723563,0.0083483616193976,80.9090909090909,45.11363636363636,45.1310861423221,43.03134436214259,47.248309982365896
NPU,6,fgsm/eps0.005,fgsm,eps0.005,110,86,84,6,0.0001278740393568944,0.0020422019424255135,78.18181818181819,76.36363636363637,6.976744186046512,3.236497351786072,14.396314174277574
NPU,6,fgsm/eps0.01,fgsm,eps0.01,110,86,82,10,0.00025574622797478456,0.004083815265700849,78.18181818181819,74.54545454545455,11.627906976744185,6.439976494342571,20.0973959478223
NPU,6,fgsm/eps0.03,fgsm,eps0.03,110,86,56,36,0.0007672351933168627,0.012240941013971456,78.18181818181819,50.90909090909091,41.86046511627907,32.00128276155241,52.415735635270444
NPU,6,fgsm/eps0.05,fgsm,eps0.05,110,86,38,55,0.0012787254463711417,0.020374225266277742,78.18181818181819,34.54545454545455,63.95348837209303,53.41048855063251,73.30319419767117
NPU,6,bim/eps0.03_default,bim,eps0.03_default,110,86,41,50,0.0007672351811461691,0.011017551319673611,78.18181818181819,37.27272727272727,58.139534883720934,47.58426436472954,67.99871723844758
NPU,6,pgd/eps0.005,pgd,eps0.005,110,86,84,7,0.00012787397863572034,0.001980219795156901,78.18181818181819,76.36363636363637,8.13953488372093,3.99859229859802,15.860359456490936
NPU,6,pgd/eps0.01,pgd,eps0.01,110,86,78,13,0.00025574616474009727,0.0038860477062619093,78.18181818181819,70.9090909090909,15.11627906976744,9.052037372996752,24.163755756244036
NPU,6,pgd/eps0.03,pgd,eps0.03,110,86,39,52,0.0007672351647421946,0.010947419749572824,78.18181818181819,35.45454545454545,60.46511627906976,49.897526698784006,70.13773536244373
NPU,6,mifgsm/eps0.03_default,mifgsm,eps0.03_default,110,86,41,50,0.0007672351986084681,0.011498999951237937,78.18181818181819,37.27272727272727,58.139534883720934,47.58426436472954,67.99871723844758
NPU,6,difgsm/eps0.03_default,difgsm,eps0.03_default,110,86,43,47,0.0007672351943751837,0.011585164099762336,78.18181818181819,39.09090909090909,54.65116279069767,44.155981420304116,64.74857949579707
NPU,6,vmifgsm/eps0.03_default,vmifgsm,eps0.03_default,110,86,42,49,0.0007672351964918254,0.011572505825791796,78.18181818181819,38.18181818181819,56.97674418604651,46.436012573217674,66.92082880093415
NPU,6,vnifgsm/eps0.03_default,vnifgsm,eps0.03_default,110,86,42,49,0.0007672352007251099,0.01161734460514372,78.18181818181819,38.18181818181819,56.97674418604651,46.436012573217674,66.92082880093415
NPU,6,rfgsm/eps0.03_default,rfgsm,eps0.03_default,110,86,41,50,0.0007672351631547118,0.010969093522395551,78.18181818181819,37.27272727272727,58.139534883720934,47.58426436472954,67.99871723844758
NPU,6,tpgd/eps0.03_default,tpgd,eps0.03_default,110,86,61,30,0.0007672351763837264,0.010814456633207422,78.18181818181819,55.45454545454545,34.883720930232556,25.653531818332958,45.406645204338055
NPU,6,cw/c1_steps20_lr0.01,cw,c1_steps20_lr0.01,110,86,38,53,0.000814413414760022,0.008262300884218659,78.18181818181819,34.54545454545455,61.627906976744185,51.0626822596434,71.19872003060966
NPU,6,deepfool/package_default,deepfool,package_default,110,86,47,40,0.0018870277676878984,0.008007548508943346,78.18181818181819,42.72727272727273,46.51162790697674,36.34569531171395,56.97588400121011
NPU,6,fab/eps0.005,fab,eps0.005,110,86,85,2,1.1940027417781708e-05,0.000182660139723595,78.18181818181819,77.27272727272727,2.3255813953488373,0.6400792019477797,8.088171408014642
NPU,6,fab/eps0.01,fab,eps0.01,110,86,83,4,2.1377800095991097e-05,0.0003222774395282169,78.18181818181819,75.45454545454545,4.651162790697675,1.823367317295907,11.357163750717127
NPU,6,fab/eps0.03,fab,eps0.03,110,86,65,22,0.00028013996965121386,0.003910632344571146,78.18181818181819,59.09090909090909,25.581395348837212,17.542950129698358,35.708105060770194
NPU,6,square/eps0.03_default,square,eps0.03_default,110,86,43,45,0.0006056270435113447,0.009659908704104672,78.18181818181819,39.09090909090909,52.32558139534884,41.89764160545851,62.554638852592106
NPU,6,apgd/eps0.03_default,apgd,eps0.03_default,110,86,37,53,0.0005882009377025406,0.008450636732691743,78.18181818181819,33.63636363636363,61.627906976744185,51.0626822596434,71.19872003060966
NPU,6,apgdt/eps0.03_default,apgdt,eps0.03_default,110,86,37,53,0.0006064904827243203,0.008461866590001843,78.18181818181819,33.63636363636363,61.627906976744185,51.0626822596434,71.19872003060966
NPU,6,autoattack/eps0.03_standard,autoattack,eps0.03_standard,110,86,36,55,0.0006200751400848658,0.008952071850660341,78.18181818181819,32.72727272727273,63.95348837209303,53.41048855063251,73.30319419767117
NPU,6,ead/package_default,ead,package_default,110,86,48,39,0.0025834914788984286,0.007078899965827857,78.18181818181819,43.63636363636363,45.348837209302324,35.25142050420289,55.84401857969586
NPU,6,ALL/ALL_24,ALL,ALL_24,2640,2064,1291,870,0.0007070777745232207,0.008246616244035459,78.18181818181819,48.90151515151515,42.151162790697676,40.037312487801536,44.29417595889574
NPU,8,fgsm/eps0.005,fgsm,eps0.005,110,91,84,8,0.00012251323575827774,0.0019561558369207955,82.72727272727273,76.36363636363637,8.791208791208792,4.5219666669263106,16.39881071346373
NPU,8,fgsm/eps0.01,fgsm,eps0.01,110,91,69,23,0.00024502478799227364,0.003911364046772048,82.72727272727273,62.727272727272734,25.274725274725274,17.472595343886432,35.0798710843476
NPU,8,fgsm/eps0.03,fgsm,eps0.03,110,91,49,44,0.0007350712220861327,0.011721962068060535,82.72727272727273,44.54545454545455,48.35164835164835,38.36068307058106,58.476148024634554
NPU,8,fgsm/eps0.05,fgsm,eps0.05,110,91,37,56,0.0012251187433403538,0.01950844162228428,82.72727272727273,33.63636363636363,61.53846153846154,51.26857717570245,70.87360515778835
NPU,8,bim/eps0.03_default,bim,eps0.03_default,110,91,37,56,0.0007350711771074882,0.010625261440873097,82.72727272727273,33.63636363636363,61.53846153846154,51.26857717570245,70.87360515778835
NPU,8,pgd/eps0.005,pgd,eps0.005,110,91,83,9,0.00012251322517506673,0.0018981983440673664,82.72727272727273,75.45454545454545,9.89010989010989,5.290804058720921,17.738752591525387
NPU,8,pgd/eps0.01,pgd,eps0.01,110,91,67,26,0.00024502475306767727,0.0037210820687256945,82.72727272727273,60.909090909090914,28.57142857142857,20.30608259873361,38.572721639069215
NPU,8,pgd/eps0.03,pgd,eps0.03,110,91,38,54,0.0007350711781658063,0.01052972389046436,82.72727272727273,34.54545454545455,59.34065934065934,49.069248026578855,68.8553757671994
NPU,8,mifgsm/eps0.03_default,mifgsm,eps0.03_default,110,91,40,53,0.0007350711913948219,0.01108413117683742,82.72727272727273,36.36363636363637,58.24175824175825,47.976979126386425,67.83886539753556
NPU,8,difgsm/eps0.03_default,difgsm,eps0.03_default,110,91,42,51,0.0007350712257902563,0.011122385840016286,82.72727272727273,38.18181818181819,56.043956043956044,45.80695230915244,65.79133367505703
NPU,8,vmifgsm/eps0.03_default,vmifgsm,eps0.03_default,110,91,40,53,0.0007350712056821573,0.011169396027583916,82.72727272727273,36.36363636363637,58.24175824175825,47.976979126386425,67.83886539753556
NPU,8,vnifgsm/eps0.03_default,vnifgsm,eps0.03_default,110,91,40,53,0.000735071199332231,0.011190860688855653,82.72727272727273,36.36363636363637,58.24175824175825,47.976979126386425,67.83886539753556
NPU,8,rfgsm/eps0.03_default,rfgsm,eps0.03_default,110,91,38,55,0.0007350711749908437,0.010582676906646604,82.72727272727273,34.54545454545455,60.43956043956044,50.16642594838488,69.86697711524965
NPU,8,tpgd/eps0.03_default,tpgd,eps0.03_default,110,91,59,32,0.0007350711411245672,0.010387160159139425,82.72727272727273,53.63636363636364,35.16483516483517,26.13712913278969,45.39435072415074
NPU,8,cw/c1_steps20_lr0.01,cw,c1_steps20_lr0.01,110,91,37,54,0.000775505784920117,0.007702777007990504,82.72727272727273,33.63636363636363,59.34065934065934,49.069248026578855,68.8553757671994
NPU,8,deepfool/package_default,deepfool,package_default,110,91,44,47,0.001839733975727739,0.007961336888547471,82.72727272727273,40.0,51.64835164835166,41.52385197536545,61.63931692941895
NPU,8,fab/eps0.005,fab,eps0.005,110,91,88,3,5.105196429543535e-06,7.829550580549301e-05,82.72727272727273,80.0,3.296703296703297,1.1274202463345788,9.249460784774133
NPU,8,fab/eps0.01,fab,eps0.01,110,91,76,15,4.5480018095317316e-05,0.0006684136371512996,82.72727272727273,69.0909090909091,16.483516483516482,10.251340708451503,25.4308915609324
NPU,8,fab/eps0.03,fab,eps0.03,110,91,61,30,0.00023362306449347398,0.0032504965865536558,82.72727272727273,55.45454545454545,32.967032967032964,24.170756721723365,43.14316459550452
NPU,8,square/eps0.03_default,square,eps0.03_default,110,91,48,44,0.000567694875644481,0.009050794094984767,82.72727272727273,43.63636363636363,48.35164835164835,38.36068307058106,58.476148024634554
NPU,8,apgd/eps0.03_default,apgd,eps0.03_default,110,91,35,57,0.0005514679603616926,0.007952970129686524,82.72727272727273,31.818181818181817,62.637362637362635,52.37577479753555,71.87518680581151
NPU,8,apgdt/eps0.03_default,apgdt,eps0.03_default,110,91,35,58,0.0005667169303209569,0.007879368163291026,82.72727272727273,31.818181818181817,63.73626373626373,53.488101303096755,72.87163957010657
NPU,8,autoattack/eps0.03_standard,autoattack,eps0.03_standard,110,91,35,58,0.0005732536072503726,0.008293727192879016,82.72727272727273,31.818181818181817,63.73626373626373,53.488101303096755,72.87163957010657
NPU,8,ead/package_default,ead,package_default,110,91,55,37,0.0026315858037295227,0.007085372342474029,82.72727272727273,50.0,40.65934065934066,31.1446242328006,50.93075197342115
NPU,8,ALL/ALL_24,ALL,ALL_24,2640,2184,1237,976,0.0006819167782492154,0.007888847986108803,82.72727272727273,46.85606060606061,44.68864468864469,42.614640058334984,46.7813015857036
NPU,10,fgsm/eps0.005,fgsm,eps0.005,110,84,78,10,0.00012448843229897056,0.0019880584546957,76.36363636363637,70.9090909090909,11.904761904761903,6.5964782536511,20.54510386689315
NPU,10,fgsm/eps0.01,fgsm,eps0.01,110,84,66,22,0.0002489751805445027,0.003975247454152141,76.36363636363637,60.0,26.190476190476193,17.97835031577335,36.48513850956681
NPU,10,fgsm/eps0.03,fgsm,eps0.03,110,84,47,41,0.0007469221806703446,0.01191582480360834,76.36363636363637,42.72727272727273,48.80952380952381,38.40817181332218,59.315002627944814
NPU,10,fgsm/eps0.05,fgsm,eps0.05,110,84,35,53,0.0012448703737886618,0.01983548318967219,76.36363636363637,31.818181818181817,63.095238095238095,52.415041605806614,72.63003954025629
NPU,10,bim/eps0.03_default,bim,eps0.03_default,110,84,43,45,0.0007469221737912564,0.010821020471948072,76.36363636363637,39.09090909090909,53.57142857142857,42.98452712277692,63.84594955342207
NPU,10,pgd/eps0.005,pgd,eps0.005,110,84,77,10,0.00012448841959911705,0.001932094577403519,76.36363636363637,70.0,11.904761904761903,6.5964782536511,20.54510386689315
NPU,10,pgd/eps0.01,pgd,eps0.01,110,84,63,25,0.0002489751741945764,0.003789480182934839,76.36363636363637,57.27272727272727,29.761904761904763,21.044679186262584,40.24928631527654
NPU,10,pgd/eps0.03,pgd,eps0.03,110,84,43,46,0.0007469221409833018,0.01074646454812446,76.36363636363637,39.09090909090909,54.761904761904766,44.142846686988804,64.96445554794317
NPU,10,mifgsm/eps0.03_default,mifgsm,eps0.03_default,110,84,42,46,0.0007469222018367655,0.01124237581071524,76.36363636363637,38.18181818181819,54.761904761904766,44.142846686988804,64.96445554794317
NPU,10,difgsm/eps0.03_default,difgsm,eps0.03_default,110,84,45,42,0.0007469221663830083,0.011305278099395964,76.36363636363637,40.909090909090914,50.0,39.543750035009765,60.456249964990235
NPU,10,vmifgsm/eps0.03_default,vmifgsm,eps0.03_default,110,84,43,45,0.0007469222039534082,0.011338164924051227,76.36363636363637,39.09090909090909,53.57142857142857,42.98452712277692,63.84594955342207
NPU,10,vnifgsm/eps0.03_default,vnifgsm,eps0.03_default,110,84,43,45,0.0007469221917827146,0.011381996482271992,76.36363636363637,39.09090909090909,53.57142857142857,42.98452712277692,63.84594955342207
NPU,10,rfgsm/eps0.03_default,rfgsm,eps0.03_default,110,84,44,45,0.0007469221642663664,0.010758594622496806,76.36363636363637,40.0,53.57142857142857,42.98452712277692,63.84594955342207
NPU,10,tpgd/eps0.03_default,tpgd,eps0.03_default,110,84,58,29,0.0007469221415124618,0.010738313248888963,76.36363636363637,52.72727272727272,34.523809523809526,25.23486284686916,45.166404889601935
NPU,10,cw/c1_steps20_lr0.01,cw,c1_steps20_lr0.01,110,84,38,50,0.0006890831689815482,0.006936016665462104,76.36363636363637,34.54545454545455,59.523809523809526,48.83404055387379,69.38056391599015
NPU,10,deepfool/package_default,deepfool,package_default,110,84,46,41,0.0017298670877194074,0.0073077397779508155,76.36363636363637,41.81818181818181,48.80952380952381,38.40817181332218,59.315002627944814
NPU,10,fab/eps0.005,fab,eps0.005,110,84,80,6,1.0045870492994423e-05,0.00015476330455191757,76.36363636363637,72.72727272727273,7.142857142857142,3.3145358330644368,14.719744052547846
NPU,10,fab/eps0.01,fab,eps0.01,110,84,73,14,4.7278413496138056e-05,0.0007098320201202647,76.36363636363637,66.36363636363637,16.666666666666664,10.195649348099849,26.05323500737637
NPU,10,fab/eps0.03,fab,eps0.03,110,84,61,26,0.00025119409917596333,0.0035279046762494233,76.36363636363637,55.45454545454545,30.952380952380953,22.081781137605915,41.489009922666206
NPU,10,square/eps0.03_default,square,eps0.03_default,110,84,51,36,0.0006117046228609549,0.009755595384251574,76.36363636363637,46.36363636363636,42.857142857142854,32.81580631787752,53.52324032972452
NPU,10,apgd/eps0.03_default,apgd,eps0.03_default,110,84,43,46,0.0005813512591306038,0.008420115083519147,76.36363636363637,39.09090909090909,54.761904761904766,44.142846686988804,64.96445554794317
NPU,10,apgdt/eps0.03_default,apgdt,eps0.03_default,110,84,38,50,0.0006079662802882726,0.008423678397310867,76.36363636363637,34.54545454545455,59.523809523809526,48.83404055387379,69.38056391599015
NPU,10,autoattack/eps0.03_standard,autoattack,eps0.03_standard,110,84,35,53,0.0006138363763139239,0.008928368856791562,76.36363636363637,31.818181818181817,63.095238095238095,52.415041605806614,72.63003954025629
NPU,10,ead/package_default,ead,package_default,110,84,58,29,0.002409995855255512,0.006474395814372856,76.36363636363637,52.72727272727272,34.523809523809526,25.23486284686916,45.166404889601935
NPU,10,ALL/ALL_24,ALL,ALL_24,2640,2016,1250,855,0.0006777675074716989,0.008016950285455833,76.36363636363637,47.34848484848485,42.410714285714285,40.26980856165136,44.58048861016646
NPU,12,fgsm/eps0.005,fgsm,eps0.005,110,85,79,9,0.00012873600062444929,0.0020558138430880053,77.27272727272727,71.81818181818181,10.588235294117647,5.671176515955125,18.913702639755712
NPU,12,fgsm/eps0.01,fgsm,eps0.01,110,85,72,18,0.00025747029576445366,0.004110843370753208,77.27272727272727,65.45454545454545,21.176470588235293,13.836125681504122,31.00953220849336
NPU,12,fgsm/eps0.03,fgsm,eps0.03,110,85,48,41,0.0007724075964439872,0.01232356482439415,77.27272727272727,43.63636363636363,48.23529411764706,37.9205636706352,58.70263987365038
NPU,12,fgsm/eps0.05,fgsm,eps0.05,110,85,34,55,0.001287346032172899,0.020515323235568626,77.27272727272727,30.909090909090907,64.70588235294117,54.112302397426426,74.02766806686057
NPU,12,bim/eps0.03_default,bim,eps0.03_default,110,85,38,50,0.0007724075710442809,0.011159744206815906,77.27272727272727,34.54545454545455,58.82352941176471,48.200820902440995,68.68316137613121
NPU,12,pgd/eps0.005,pgd,eps0.005,110,85,77,11,0.0001287359863371136,0.0019959115973588602,77.27272727272727,70.0,12.941176470588237,7.382276936875577,21.704997493121187
NPU,12,pgd/eps0.01,pgd,eps0.01,110,85,70,19,0.00025747029153117,0.00391417972066181,77.27272727272727,63.63636363636363,22.35294117647059,14.80314270708086,32.29371282005958
NPU,12,pgd/eps0.03,pgd,eps0.03,110,85,39,49,0.00077240754141129,0.011049204489046824,77.27272727272727,35.45454545454545,57.647058823529406,47.03615766027552,67.5966269811537
NPU,12,mifgsm/eps0.03_default,mifgsm,eps0.03_default,110,85,41,48,0.0007724075773942082,0.011626019265333312,77.27272727272727,37.27272727272727,56.470588235294116,45.87719281568645,66.50439418859983
NPU,12,difgsm/eps0.03_default,difgsm,eps0.03_default,110,85,39,49,0.0007724075953856664,0.011674764718521677,77.27272727272727,35.45454545454545,57.647058823529406,47.03615766027552,67.5966269811537
NPU,12,vmifgsm/eps0.03_default,vmifgsm,eps0.03_default,110,85,40,49,0.0007724075837441354,0.011696881051598577,77.27272727272727,36.36363636363637,57.647058823529406,47.03615766027552,67.5966269811537
NPU,12,vnifgsm/eps0.03_default,vnifgsm,eps0.03_default,110,85,36,52,0.0007724075768650472,0.011709200658581428,77.27272727272727,32.72727272727273,61.1764705882353,50.5475154675872,70.83886208527093
NPU,12,rfgsm/eps0.03_default,rfgsm,eps0.03_default,110,85,38,50,0.0007724075668109964,0.011088199092244507,77.27272727272727,34.54545454545455,58.82352941176471,48.200820902440995,68.68316137613121
NPU,12,tpgd/eps0.03_default,tpgd,eps0.03_default,110,85,58,30,0.0007724075694568009,0.011001125210896084,77.27272727272727,52.72727272727272,35.294117647058826,25.97233193313943,45.88769760257358
NPU,12,cw/c1_steps20_lr0.01,cw,c1_steps20_lr0.01,110,85,39,50,0.0006724958378154439,0.006971603756730579,77.27272727272727,35.45454545454545,58.82352941176471,48.200820902440995,68.68316137613121
NPU,12,deepfool/package_default,deepfool,package_default,110,85,41,45,0.0017213966972617451,0.007377899028969328,77.27272727272727,37.27272727272727,52.94117647058824,42.4339860632142,63.194008029643186
NPU,12,fab/eps0.005,fab,eps0.005,110,85,84,4,1.125945074652758e-05,0.00017210325808905656,77.27272727272727,76.36363636363637,4.705882352941177,1.8449962264952775,11.48389474350076
NPU,12,fab/eps0.01,fab,eps0.01,110,85,77,11,3.8102858128356604e-05,0.0005583931846219934,77.27272727272727,70.0,12.941176470588237,7.382276936875577,21.704997493121187
NPU,12,fab/eps0.03,fab,eps0.03,110,85,62,26,0.00026707263750719437,0.003750883893020005,77.27272727272727,56.36363636363636,30.58823529411765,21.809243965848633,41.045995021292526
NPU,12,square/eps0.03_default,square,eps0.03_default,110,85,48,41,0.0006139307950929822,0.009795200571345886,77.27272727272727,43.63636363636363,48.23529411764706,37.9205636706352,58.70263987365038
NPU,12,apgd/eps0.03_default,apgd,eps0.03_default,110,85,38,51,0.0006116706580293655,0.00875658945541814,77.27272727272727,34.54545454545455,60.0,49.37124803740757,69.76393187830759
NPU,12,apgdt/eps0.03_default,apgdt,eps0.03_default,110,85,39,51,0.0006117818600614158,0.00849683540487754,77.27272727272727,35.45454545454545,60.0,49.37124803740757,69.76393187830759
NPU,12,autoattack/eps0.03_standard,autoattack,eps0.03_standard,110,85,37,52,0.0006293040603684633,0.009033515655779825,77.27272727272727,33.63636363636363,61.1764705882353,50.5475154675872,70.83886208527093
NPU,12,ead/package_default,ead,package_default,110,85,49,38,0.00252048796021628,0.006698416551543269,77.27272727272727,44.54545454545455,44.70588235294118,34.59348184416415,55.27612878869254
NPU,12,ALL/ALL_24,ALL,ALL_24,2640,2040,1223,899,0.000696205400008928,0.008230509001885775,77.27272727272727,46.32575757575758,44.068627450980394,41.927337402448586,46.232214688085236
NPU,14,fgsm/eps0.005,fgsm,eps0.005,110,86,83,5,0.0001353700060545165,0.0021621671208941974,78.18181818181819,75.45454545454545,5.813953488372093,2.508656569078512,12.898014727959827
NPU,14,fgsm/eps0.01,fgsm,eps0.01,110,86,79,10,0.00027073822486929183,0.0043236134848980215,78.18181818181819,71.81818181818181,11.627906976744185,6.439976494342571,20.0973959478223
NPU,14,fgsm/eps0.03,fgsm,eps0.03,110,86,52,37,0.0008122113199946364,0.012959480751305773,78.18181818181819,47.27272727272727,43.02325581395349,33.07917119906583,53.56398742678232
NPU,14,fgsm/eps0.05,fgsm,eps0.05,110,86,36,53,0.0013536856192248327,0.021569642492315935,78.18181818181819,32.72727272727273,61.627906976744185,51.0626822596434,71.19872003060966
NPU,14,bim/eps0.03_default,bim,eps0.03_default,110,86,37,52,0.0008122113009448563,0.011501552761447648,78.18181818181819,33.63636363636363,60.46511627906976,49.897526698784006,70.13773536244373
NPU,14,pgd/eps0.005,pgd,eps0.005,110,86,83,5,0.00013537000182123208,0.00208057500739492,78.18181818181819,75.45454545454545,5.813953488372093,2.508656569078512,12.898014727959827
NPU,14,pgd/eps0.01,pgd,eps0.01,110,86,75,14,0.0002707382148152409,0.0040613276291299434,78.18181818181819,68.18181818181817,16.27906976744186,9.952040412263214,25.48989294600289
NPU,14,pgd/eps0.03,pgd,eps0.03,110,86,40,49,0.0008122112734285091,0.011422827556221272,78.18181818181819,36.36363636363637,56.97674418604651,46.436012573217674,66.92082880093415
NPU,14,mifgsm/eps0.03_default,mifgsm,eps0.03_default,110,86,41,48,0.0008122113131155508,0.01215912248431277,78.18181818181819,37.27272727272727,55.81395348837209,45.29326746260169,65.83743368252482
NPU,14,difgsm/eps0.03_default,difgsm,eps0.03_default,110,86,44,45,0.0008122113210529582,0.01222929939712308,78.18181818181819,40.0,52.32558139534884,41.89764160545851,62.554638852592106
NPU,14,vmifgsm/eps0.03_default,vmifgsm,eps0.03_default,110,86,39,50,0.0008122112919491281,0.012241732743991998,78.18181818181819,35.45454545454545,58.139534883720934,47.58426436472954,67.99871723844758
NPU,14,vnifgsm/eps0.03_default,vnifgsm,eps0.03_default,110,86,40,49,0.0008122113004156973,0.012325729455121493,78.18181818181819,36.36363636363637,56.97674418604651,46.436012573217674,66.92082880093415
NPU,14,rfgsm/eps0.03_default,rfgsm,eps0.03_default,110,86,37,52,0.0008122112760743091,0.01143839438869189,78.18181818181819,33.63636363636363,60.46511627906976,49.897526698784006,70.13773536244373
NPU,14,tpgd/eps0.03_default,tpgd,eps0.03_default,110,86,53,36,0.0008122112755451537,0.011409476318989236,78.18181818181819,48.18181818181818,41.86046511627907,32.00128276155241,52.415735635270444
NPU,14,cw/c1_steps20_lr0.01,cw,c1_steps20_lr0.01,110,86,37,51,0.0007838423982981858,0.007939523564978955,78.18181818181819,33.63636363636363,59.30232558139535,48.738080005510234,69.07104182669221
NPU,14,deepfool/package_default,deepfool,package_default,110,86,53,34,0.001997671652299472,0.008590046481946325,78.18181818181819,48.18181818181818,39.53488372093023,29.862264637556247,50.10247330121598
NPU,14,fab/eps0.005,fab,eps0.005,110,86,82,4,6.876215444538064e-06,0.00010583996626069804,78.18181818181819,74.54545454545455,4.651162790697675,1.823367317295907,11.357163750717127
NPU,14,fab/eps0.01,fab,eps0.01,110,86,81,5,3.7387827813448066e-05,0.0005268968838689628,78.18181818181819,73.63636363636363,5.813953488372093,2.508656569078512,12.898014727959827
NPU,14,fab/eps0.03,fab,eps0.03,110,86,65,21,0.0002855010587319569,0.003872274620777815,78.18181818181819,59.09090909090909,24.418604651162788,16.56184375181229,34.46307120963096
NPU,14,square/eps0.03_default,square,eps0.03_default,110,86,50,38,0.0006405980850103811,0.010220457627116902,78.18181818181819,45.45454545454545,44.18604651162791,34.16256631747516,54.706732537398295
NPU,14,apgd/eps0.03_default,apgd,eps0.03_default,110,86,38,51,0.0006193860563639655,0.008738748673597951,78.18181818181819,34.54545454545455,59.30232558139535,48.738080005510234,69.07104182669221
NPU,14,apgdt/eps0.03_default,apgdt,eps0.03_default,110,86,37,51,0.0006394499055617502,0.008749492950529894,78.18181818181819,33.63636363636363,59.30232558139535,48.738080005510234,69.07104182669221
NPU,14,autoattack/eps0.03_standard,autoattack,eps0.03_standard,110,86,37,52,0.0006613521720282303,0.009410457160935129,78.18181818181819,33.63636363636363,60.46511627906976,49.897526698784006,70.13773536244373
NPU,14,ead/package_default,ead,package_default,110,86,52,34,0.0026031069404614444,0.007060522833489761,78.18181818181819,47.27272727272727,39.53488372093023,29.862264637556247,50.10247330121598
NPU,14,ALL/ALL_24,ALL,ALL_24,2640,2064,1271,846,0.0007396240021383036,0.008629133431472525,78.18181818181819,48.14393939393939,40.98837209302326,38.88523941754363,43.12498805829398
NPU,16,fgsm/eps0.005,fgsm,eps0.005,110,84,77,8,0.00013351785759861296,0.0021319611738858774,76.36363636363637,70.0,9.523809523809524,4.905112318948437,17.682818684129828
NPU,16,fgsm/eps0.01,fgsm,eps0.01,110,84,71,15,0.00026703377291343363,0.004263092723505688,76.36363636363637,64.54545454545455,17.857142857142858,11.13109090339025,27.39461901081896
NPU,16,fgsm/eps0.03,fgsm,eps0.03,110,84,47,40,0.0008010977529920155,0.01277565176344726,76.36363636363637,42.72727272727273,47.61904761904761,37.278267322475585,58.16808156005842
NPU,16,fgsm/eps0.05,fgsm,eps0.05,110,84,38,49,0.001335163039832581,0.021268139246173826,76.36363636363637,34.54545454545455,58.333333333333336,47.65244867612664,68.28533023500431
NPU,16,bim/eps0.03_default,bim,eps0.03_default,110,84,39,48,0.0008010977106591692,0.011429338783703018,76.36363636363637,35.45454545454545,57.14285714285714,46.47675967027547,67.18419368212247
NPU,16,pgd/eps0.005,pgd,eps0.005,110,84,77,8,0.00013351784489875956,0.0020542067211036163,76.36363636363637,70.0,9.523809523809524,4.905112318948437,17.682818684129828
NPU,16,pgd/eps0.01,pgd,eps0.01,110,84,69,17,0.00026703369724347456,0.004021140537224657,76.36363636363637,62.727272727272734,20.238095238095237,13.037349630137578,30.042011401537614
NPU,16,pgd/eps0.03,pgd,eps0.03,110,84,40,47,0.0008010977170090982,0.011380100529640865,76.36363636363637,36.36363636363637,55.952380952380956,45.30690997323842,66.07721782042654
NPU,16,mifgsm/eps0.03_default,mifgsm,eps0.03_default,110,84,40,47,0.0008010977418796437,0.01200519674034276,76.36363636363637,36.36363636363637,55.952380952380956,45.30690997323842,66.07721782042654
NPU,16,difgsm/eps0.03_default,difgsm,eps0.03_default,110,84,41,45,0.0008010977037800818,0.012059622524644792,76.36363636363637,37.27272727272727,53.57142857142857,42.98452712277692,63.84594955342207
NPU,16,vmifgsm/eps0.03_default,vmifgsm,eps0.03_default,110,84,39,47,0.0008010977244173445,0.012069823152639603,76.36363636363637,35.45454545454545,55.952380952380956,45.30690997323842,66.07721782042654
NPU,16,vnifgsm/eps0.03_default,vnifgsm,eps0.03_default,110,84,41,46,0.0008010977238881855,0.012146464849568174,76.36363636363637,37.27272727272727,54.761904761904766,44.142846686988804,64.96445554794317
NPU,16,rfgsm/eps0.03_default,rfgsm,eps0.03_default,110,84,39,48,0.0008010977143632919,0.011360557394271501,76.36363636363637,35.45454545454545,57.14285714285714,46.47675967027547,67.18419368212247
NPU,16,tpgd/eps0.03_default,tpgd,eps0.03_default,110,84,57,31,0.00080109771013001,0.011268783280287228,76.36363636363637,51.81818181818182,36.904761904761905,27.36996045974371,47.58495839419337
NPU,16,cw/c1_steps20_lr0.01,cw,c1_steps20_lr0.01,110,84,30,56,0.0008276609994936255,0.008419855648212427,76.36363636363637,27.27272727272727,66.66666666666666,56.05262279543911,75.82293502682276
NPU,16,deepfool/package_default,deepfool,package_default,110,84,41,44,0.0019189703807403606,0.00798399346127879,76.36363636363637,37.27272727272727,52.38095238095239,41.83191843994158,62.721732677524415
NPU,16,fab/eps0.005,fab,eps0.005,110,84,79,6,1.2369754900147723e-05,0.000189439485285346,76.36363636363637,71.81818181818181,7.142857142857142,3.3145358330644368,14.719744052547846
NPU,16,fab/eps0.01,fab,eps0.01,110,84,74,11,3.775817871923724e-05,0.000551173680083472,76.36363636363637,67.27272727272727,13.095238095238097,7.472144544944862,21.946263134332387
NPU,16,fab/eps0.03,fab,eps0.03,110,84,54,31,0.0002386683173839806,0.0033306385282240356,76.36363636363637,49.09090909090909,36.904761904761905,27.36996045974371,47.58495839419337
NPU,16,square/eps0.03_default,square,eps0.03_default,110,84,47,39,0.0006223110243974038,0.009930486133241271,76.36363636363637,42.72727272727273,46.42857142857143,36.15405044657793,57.01547287722308
NPU,16,apgd/eps0.03_default,apgd,eps0.03_default,110,84,39,48,0.0006251399135428347,0.008884735248871983,76.36363636363637,35.45454545454545,57.14285714285714,46.47675967027547,67.18419368212247
NPU,16,apgdt/eps0.03_default,apgdt,eps0.03_default,110,84,38,49,0.0006394451753955619,0.008756625514117055,76.36363636363637,34.54545454545455,58.333333333333336,47.65244867612664,68.28533023500431
NPU,16,autoattack/eps0.03_standard,autoattack,eps0.03_standard,110,84,37,50,0.0006454685591795856,0.009228024107893872,76.36363636363637,33.63636363636363,59.523809523809526,48.83404055387379,69.38056391599015
NPU,16,ead/package_default,ead,package_default,110,84,51,34,0.002592436513143797,0.007171229340813329,76.36363636363637,46.36363636363636,40.476190476190474,30.61943608400985,51.165959446126195
NPU,16,ALL/ALL_24,ALL,ALL_24,2640,2016,1205,864,0.0007294322720209265,0.008528345023685852,76.36363636363637,45.64393939393939,42.857142857142854,40.71249372252506,45.02896243918583
NPU,18,fgsm/eps0.005,fgsm,eps0.005,110,90,88,4,0.00012425413164730167,0.00198431713929903,81.81818181818183,80.0,4.444444444444445,1.7416960013248821,10.87701467709492
NPU,18,fgsm/eps0.01,fgsm,eps0.01,110,90,82,11,0.0002485064974858491,0.003967464069666458,81.81818181818183,74.54545454545455,12.222222222222221,6.963544351908197,20.573923039952124
NPU,18,fgsm/eps0.03,fgsm,eps0.03,110,90,52,41,0.0007455159910022682,0.011889324108646626,81.81818181818183,47.27272727272727,45.55555555555556,35.65944565658975,55.815550507158505
NPU,18,fgsm/eps0.05,fgsm,eps0.05,110,90,35,58,0.001242526628563811,0.019789199514145147,81.81818181818183,31.818181818181817,64.44444444444444,54.149980634835,73.5562818329831
NPU,18,bim/eps0.03_default,bim,eps0.03_default,110,90,38,55,0.0007455159423194964,0.010794732584194652,81.81818181818183,34.54545454545455,61.111111111111114,50.78226845453937,70.53024113608994
NPU,18,pgd/eps0.005,pgd,eps0.005,110,90,88,4,0.00012425410518927338,0.0019195074765857845,81.81818181818183,80.0,4.444444444444445,1.7416960013248821,10.87701467709492
NPU,18,pgd/eps0.01,pgd,eps0.01,110,90,75,18,0.0002485064810818709,0.0037723976864732964,81.81818181818183,68.18181818181817,20.0,13.0422969625965,29.413927142704345
NPU,18,pgd/eps0.03,pgd,eps0.03,110,90,40,53,0.0007455159465527819,0.010723266043615563,81.81818181818183,36.36363636363637,58.88888888888889,48.563048727714275,68.4869589447892
NPU,18,mifgsm/eps0.03_default,mifgsm,eps0.03_default,110,90,38,55,0.0007455159825357,0.011211918967521954,81.81818181818183,34.54545454545455,61.111111111111114,50.78226845453937,70.53024113608994
NPU,18,difgsm/eps0.03_default,difgsm,eps0.03_default,110,90,44,49,0.0007455159888856282,0.011257220203564877,81.81818181818183,40.0,54.44444444444444,44.18444949284148,64.34055434341023
NPU,18,vmifgsm/eps0.03_default,vmifgsm,eps0.03_default,110,90,39,54,0.0007455159878273045,0.011275664327496777,81.81818181818183,35.45454545454545,60.0,49.67011780834921,69.51114082321718
NPU,18,vnifgsm/eps0.03_default,vnifgsm,eps0.03_default,110,90,40,53,0.0007455159883564673,0.011291676107793998,81.81818181818183,36.36363636363637,58.88888888888889,48.563048727714275,68.4869589447892
NPU,18,rfgsm/eps0.03_default,rfgsm,eps0.03_default,110,90,37,56,0.0007455159423194982,0.010744145910509564,81.81818181818183,33.63636363636363,62.22222222222222,51.89957287533067,71.54418767436157
NPU,18,tpgd/eps0.03_default,tpgd,eps0.03_default,110,90,59,34,0.0007455159544901901,0.010622327224436083,81.81818181818183,53.63636363636364,37.77777777777778,28.45581232563842,48.100427124669324
NPU,18,cw/c1_steps20_lr0.01,cw,c1_steps20_lr0.01,110,90,39,54,0.000720756083451676,0.0074293924160785275,81.81818181818183,35.45454545454545,60.0,49.67011780834921,69.51114082321718
NPU,18,deepfool/package_default,deepfool,package_default,110,90,49,43,0.0017501483560242927,0.007609532488806295,81.81818181818183,44.54545454545455,47.77777777777778,37.761880660358116,57.97561742151601
NPU,18,fab/eps0.005,fab,eps0.005,110,90,89,3,7.46314882152561e-06,0.00011487495013975554,81.81818181818183,80.9090909090909,3.3333333333333335,1.1400183632439498,9.347441356112924
NPU,18,fab/eps0.01,fab,eps0.01,110,90,79,13,4.885376719439388e-05,0.0007132859729917274,81.81818181818183,71.81818181818181,14.444444444444443,8.639907001192244,23.16006230879394
NPU,18,fab/eps0.03,fab,eps0.03,110,90,64,28,0.00022668768440116342,0.0031764389901807826,81.81818181818183,58.18181818181818,31.11111111111111,22.485715147181132,41.28301854874903
NPU,18,square/eps0.03_default,square,eps0.03_default,110,90,53,40,0.0005768019944132656,0.009201474458166822,81.81818181818183,48.18181818181818,44.44444444444444,34.615486330171855,54.72825887451348
NPU,18,apgd/eps0.03_default,apgd,eps0.03_default,110,90,40,53,0.0005652727416335122,0.00815213238612715,81.81818181818183,36.36363636363637,58.88888888888889,48.563048727714275,68.4869589447892
NPU,18,apgdt/eps0.03_default,apgdt,eps0.03_default,110,90,41,52,0.0005659843959040904,0.007896324082588975,81.81818181818183,37.27272727272727,57.77777777777777,47.46099802268749,67.45775869075304
NPU,18,autoattack/eps0.03_standard,autoattack,eps0.03_standard,110,90,39,54,0.0005775970729617847,0.008346967994274293,81.81818181818183,35.45454545454545,60.0,49.67011780834921,69.51114082321718
NPU,18,ead/package_default,ead,package_default,110,90,54,37,0.002423525265079283,0.006683119910832611,81.81818181818183,49.09090909090909,41.11111111111111,31.51304105521081,51.436951272285725
NPU,18,ALL/ALL_24,ALL,ALL_24,2640,2160,1302,922,0.0006733659199226012,0.00794027937558903,81.81818181818183,49.31818181818181,42.68518518518519,40.61404643853067,44.78229680581771
