backend,snr_db,profile,attack,attack_profile,topk,n,n_clean_correct,n_attack_success,n_recovered,n_defended_correct,n_retained,n_retained_nodef,n_clean_topk_correct,n_clean_degraded,recovery_pct,recovery_ci95_lo_pct,recovery_ci95_hi_pct,defended_acc_pct,retention_pct,retention_nodef_pct,retention_gain_pp,clean_topk_acc_pct,clean_degradation_pct
CPU,-20,fgsm/eps0.005,fgsm,eps0.005,10,110,11,1,0,12,0,10,9,11,0.0,0.0,79.34567085261071,10.909090909090908,0.0,90.9090909090909,-90.9090909090909,8.181818181818182,100.0
CPU,-20,fgsm/eps0.005,fgsm,eps0.005,20,110,11,1,0,7,0,10,8,11,0.0,0.0,79.34567085261071,6.363636363636363,0.0,90.9090909090909,-90.9090909090909,7.2727272727272725,100.0
CPU,-20,fgsm/eps0.005,fgsm,eps0.005,30,110,11,1,0,10,3,10,12,8,0.0,0.0,79.34567085261071,9.090909090909092,27.27272727272727,90.9090909090909,-63.63636363636364,10.909090909090908,72.72727272727273
CPU,-20,fgsm/eps0.005,fgsm,eps0.005,40,110,11,1,0,10,7,10,8,4,0.0,0.0,79.34567085261071,9.090909090909092,63.63636363636363,90.9090909090909,-27.272727272727273,7.2727272727272725,36.36363636363637
CPU,-20,fgsm/eps0.01,fgsm,eps0.01,10,110,11,3,0,14,0,8,9,11,0.0,0.0,56.15060804490177,12.727272727272727,0.0,72.72727272727273,-72.72727272727273,8.181818181818182,100.0
CPU,-20,fgsm/eps0.01,fgsm,eps0.01,20,110,11,3,0,10,0,8,8,11,0.0,0.0,56.15060804490177,9.090909090909092,0.0,72.72727272727273,-72.72727272727273,7.2727272727272725,100.0
CPU,-20,fgsm/eps0.01,fgsm,eps0.01,30,110,11,3,0,8,2,8,12,8,0.0,0.0,56.15060804490177,7.2727272727272725,18.181818181818183,72.72727272727273,-54.54545454545455,10.909090909090908,72.72727272727273
CPU,-20,fgsm/eps0.01,fgsm,eps0.01,40,110,11,3,1,14,9,8,8,4,33.33333333333333,6.14903152761605,79.23450448735122,12.727272727272727,81.81818181818183,72.72727272727273,9.090909090909093,7.2727272727272725,36.36363636363637
CPU,-20,fgsm/eps0.03,fgsm,eps0.03,10,110,11,9,0,14,0,2,9,11,0.0,0.0,29.91527535509594,12.727272727272727,0.0,18.181818181818183,-18.181818181818183,8.181818181818182,100.0
CPU,-20,fgsm/eps0.03,fgsm,eps0.03,20,110,11,9,0,13,0,2,8,11,0.0,0.0,29.91527535509594,11.818181818181818,0.0,18.181818181818183,-18.181818181818183,7.2727272727272725,100.0
CPU,-20,fgsm/eps0.03,fgsm,eps0.03,30,110,11,9,1,11,2,2,12,8,11.11111111111111,1.9890371327130536,43.50062147680601,10.0,18.181818181818183,18.181818181818183,0.0,10.909090909090908,72.72727272727273
CPU,-20,fgsm/eps0.03,fgsm,eps0.03,40,110,11,9,3,12,4,2,8,4,33.33333333333333,12.058159868274293,64.58026525009102,10.909090909090908,36.36363636363637,18.181818181818183,18.181818181818183,7.2727272727272725,36.36363636363637
CPU,-20,fgsm/eps0.05,fgsm,eps0.05,10,110,11,11,0,11,0,0,9,11,0.0,2.7755575615628914e-15,25.88400172488141,10.0,0.0,0.0,0.0,8.181818181818182,100.0
CPU,-20,fgsm/eps0.05,fgsm,eps0.05,20,110,11,11,1,15,1,0,8,11,9.090909090909092,1.6231752262825971,37.73646254862038,13.636363636363635,9.090909090909092,0.0,9.090909090909092,7.2727272727272725,100.0
CPU,-20,fgsm/eps0.05,fgsm,eps0.05,30,110,11,11,1,8,1,0,12,8,9.090909090909092,1.6231752262825971,37.73646254862038,7.2727272727272725,9.090909090909092,0.0,9.090909090909092,10.909090909090908,72.72727272727273
CPU,-20,fgsm/eps0.05,fgsm,eps0.05,40,110,11,11,1,12,1,0,8,4,9.090909090909092,1.6231752262825971,37.73646254862038,10.909090909090908,9.090909090909092,0.0,9.090909090909092,7.2727272727272725,36.36363636363637
CPU,-20,bim/eps0.03_default,bim,eps0.03_default,10,110,11,11,0,12,0,0,9,11,0.0,2.7755575615628914e-15,25.88400172488141,10.909090909090908,0.0,0.0,0.0,8.181818181818182,100.0
CPU,-20,bim/eps0.03_default,bim,eps0.03_default,20,110,11,11,0,10,0,0,8,11,0.0,2.7755575615628914e-15,25.88400172488141,9.090909090909092,0.0,0.0,0.0,7.2727272727272725,100.0
CPU,-20,bim/eps0.03_default,bim,eps0.03_default,30,110,11,11,1,11,1,0,12,8,9.090909090909092,1.6231752262825971,37.73646254862038,10.0,9.090909090909092,0.0,9.090909090909092,10.909090909090908,72.72727272727273
CPU,-20,bim/eps0.03_default,bim,eps0.03_default,40,110,11,11,1,13,1,0,8,4,9.090909090909092,1.6231752262825971,37.73646254862038,11.818181818181818,9.090909090909092,0.0,9.090909090909092,7.2727272727272725,36.36363636363637
CPU,-20,pgd/eps0.005,pgd,eps0.005,10,110,11,1,0,10,0,10,9,11,0.0,0.0,79.34567085261071,9.090909090909092,0.0,90.9090909090909,-90.9090909090909,8.181818181818182,100.0
CPU,-20,pgd/eps0.005,pgd,eps0.005,20,110,11,1,0,8,0,10,8,11,0.0,0.0,79.34567085261071,7.2727272727272725,0.0,90.9090909090909,-90.9090909090909,7.2727272727272725,100.0
CPU,-20,pgd/eps0.005,pgd,eps0.005,30,110,11,1,0,11,3,10,12,8,0.0,0.0,79.34567085261071,10.0,27.27272727272727,90.9090909090909,-63.63636363636364,10.909090909090908,72.72727272727273
CPU,-20,pgd/eps0.005,pgd,eps0.005,40,110,11,1,0,11,6,10,8,4,0.0,0.0,79.34567085261071,10.0,54.54545454545454,90.9090909090909,-36.36363636363637,7.2727272727272725,36.36363636363637
CPU,-20,pgd/eps0.01,pgd,eps0.01,10,110,11,4,0,12,0,7,9,11,0.0,0.0,48.990002040399915,10.909090909090908,0.0,63.63636363636363,-63.63636363636363,8.181818181818182,100.0
CPU,-20,pgd/eps0.01,pgd,eps0.01,20,110,11,4,0,10,0,7,8,11,0.0,0.0,48.990002040399915,9.090909090909092,0.0,63.63636363636363,-63.63636363636363,7.2727272727272725,100.0
CPU,-20,pgd/eps0.01,pgd,eps0.01,30,110,11,4,0,10,2,7,12,8,0.0,0.0,48.990002040399915,9.090909090909092,18.181818181818183,63.63636363636363,-45.45454545454545,10.909090909090908,72.72727272727273
CPU,-20,pgd/eps0.01,pgd,eps0.01,40,110,11,4,0,9,5,7,8,4,0.0,0.0,48.990002040399915,8.181818181818182,45.45454545454545,63.63636363636363,-18.18181818181818,7.2727272727272725,36.36363636363637
CPU,-20,pgd/eps0.03,pgd,eps0.03,10,110,11,11,0,13,0,0,9,11,0.0,2.7755575615628914e-15,25.88400172488141,11.818181818181818,0.0,0.0,0.0,8.181818181818182,100.0
CPU,-20,pgd/eps0.03,pgd,eps0.03,20,110,11,11,0,11,0,0,8,11,0.0,2.7755575615628914e-15,25.88400172488141,10.0,0.0,0.0,0.0,7.2727272727272725,100.0
CPU,-20,pgd/eps0.03,pgd,eps0.03,30,110,11,11,1,12,1,0,12,8,9.090909090909092,1.6231752262825971,37.73646254862038,10.909090909090908,9.090909090909092,0.0,9.090909090909092,10.909090909090908,72.72727272727273
CPU,-20,pgd/eps0.03,pgd,eps0.03,40,110,11,11,1,9,1,0,8,4,9.090909090909092,1.6231752262825971,37.73646254862038,8.181818181818182,9.090909090909092,0.0,9.090909090909092,7.2727272727272725,36.36363636363637
CPU,-20,mifgsm/eps0.03_default,mifgsm,eps0.03_default,10,110,11,11,0,13,0,0,9,11,0.0,2.7755575615628914e-15,25.88400172488141,11.818181818181818,0.0,0.0,0.0,8.181818181818182,100.0
CPU,-20,mifgsm/eps0.03_default,mifgsm,eps0.03_default,20,110,11,11,1,12,1,0,8,11,9.090909090909092,1.6231752262825971,37.73646254862038,10.909090909090908,9.090909090909092,0.0,9.090909090909092,7.2727272727272725,100.0
CPU,-20,mifgsm/eps0.03_default,mifgsm,eps0.03_default,30,110,11,11,1,13,1,0,12,8,9.090909090909092,1.6231752262825971,37.73646254862038,11.818181818181818,9.090909090909092,0.0,9.090909090909092,10.909090909090908,72.72727272727273
CPU,-20,mifgsm/eps0.03_default,mifgsm,eps0.03_default,40,110,11,11,2,8,2,0,8,4,18.181818181818183,5.136660067100063,47.69861375782448,7.2727272727272725,18.181818181818183,0.0,18.181818181818183,7.2727272727272725,36.36363636363637
CPU,-20,difgsm/eps0.03_default,difgsm,eps0.03_default,10,110,11,11,0,14,0,0,9,11,0.0,2.7755575615628914e-15,25.88400172488141,12.727272727272727,0.0,0.0,0.0,8.181818181818182,100.0
CPU,-20,difgsm/eps0.03_default,difgsm,eps0.03_default,20,110,11,11,0,11,0,0,8,11,0.0,2.7755575615628914e-15,25.88400172488141,10.0,0.0,0.0,0.0,7.2727272727272725,100.0
CPU,-20,difgsm/eps0.03_default,difgsm,eps0.03_default,30,110,11,11,0,9,0,0,12,8,0.0,2.7755575615628914e-15,25.88400172488141,8.181818181818182,0.0,0.0,0.0,10.909090909090908,72.72727272727273
CPU,-20,difgsm/eps0.03_default,difgsm,eps0.03_default,40,110,11,11,1,9,1,0,8,4,9.090909090909092,1.6231752262825971,37.73646254862038,8.181818181818182,9.090909090909092,0.0,9.090909090909092,7.2727272727272725,36.36363636363637
CPU,-20,vmifgsm/eps0.03_default,vmifgsm,eps0.03_default,10,110,11,11,0,11,0,0,9,11,0.0,2.7755575615628914e-15,25.88400172488141,10.0,0.0,0.0,0.0,8.181818181818182,100.0
CPU,-20,vmifgsm/eps0.03_default,vmifgsm,eps0.03_default,20,110,11,11,0,11,0,0,8,11,0.0,2.7755575615628914e-15,25.88400172488141,10.0,0.0,0.0,0.0,7.2727272727272725,100.0
CPU,-20,vmifgsm/eps0.03_default,vmifgsm,eps0.03_default,30,110,11,11,1,11,1,0,12,8,9.090909090909092,1.6231752262825971,37.73646254862038,10.0,9.090909090909092,0.0,9.090909090909092,10.909090909090908,72.72727272727273
CPU,-20,vmifgsm/eps0.03_default,vmifgsm,eps0.03_default,40,110,11,11,1,10,1,0,8,4,9.090909090909092,1.6231752262825971,37.73646254862038,9.090909090909092,9.090909090909092,0.0,9.090909090909092,7.2727272727272725,36.36363636363637
CPU,-20,vnifgsm/eps0.03_default,vnifgsm,eps0.03_default,10,110,11,11,0,10,0,0,9,11,0.0,2.7755575615628914e-15,25.88400172488141,9.090909090909092,0.0,0.0,0.0,8.181818181818182,100.0
CPU,-20,vnifgsm/eps0.03_default,vnifgsm,eps0.03_default,20,110,11,11,0,13,0,0,8,11,0.0,2.7755575615628914e-15,25.88400172488141,11.818181818181818,0.0,0.0,0.0,7.2727272727272725,100.0
CPU,-20,vnifgsm/eps0.03_default,vnifgsm,eps0.03_default,30,110,11,11,1,10,1,0,12,8,9.090909090909092,1.6231752262825971,37.73646254862038,9.090909090909092,9.090909090909092,0.0,9.090909090909092,10.909090909090908,72.72727272727273
CPU,-20,vnifgsm/eps0.03_default,vnifgsm,eps0.03_default,40,110,11,11,0,6,0,0,8,4,0.0,2.7755575615628914e-15,25.88400172488141,5.454545454545454,0.0,0.0,0.0,7.2727272727272725,36.36363636363637
CPU,-20,rfgsm/eps0.03_default,rfgsm,eps0.03_default,10,110,11,11,0,15,0,0,9,11,0.0,2.7755575615628914e-15,25.88400172488141,13.636363636363635,0.0,0.0,0.0,8.181818181818182,100.0
CPU,-20,rfgsm/eps0.03_default,rfgsm,eps0.03_default,20,110,11,11,0,13,0,0,8,11,0.0,2.7755575615628914e-15,25.88400172488141,11.818181818181818,0.0,0.0,0.0,7.2727272727272725,100.0
CPU,-20,rfgsm/eps0.03_default,rfgsm,eps0.03_default,30,110,11,11,1,11,1,0,12,8,9.090909090909092,1.6231752262825971,37.73646254862038,10.0,9.090909090909092,0.0,9.090909090909092,10.909090909090908,72.72727272727273
CPU,-20,rfgsm/eps0.03_default,rfgsm,eps0.03_default,40,110,11,11,1,12,1,0,8,4,9.090909090909092,1.6231752262825971,37.73646254862038,10.909090909090908,9.090909090909092,0.0,9.090909090909092,7.2727272727272725,36.36363636363637
CPU,-20,tpgd/eps0.03_default,tpgd,eps0.03_default,10,110,11,8,0,12,0,3,9,11,0.0,0.0,32.441561951087685,10.909090909090908,0.0,27.27272727272727,-27.27272727272727,8.181818181818182,100.0
CPU,-20,tpgd/eps0.03_default,tpgd,eps0.03_default,20,110,11,8,0,7,0,3,8,11,0.0,0.0,32.441561951087685,6.363636363636363,0.0,27.27272727272727,-27.27272727272727,7.2727272727272725,100.0
CPU,-20,tpgd/eps0.03_default,tpgd,eps0.03_default,30,110,11,8,0,9,2,3,12,8,0.0,0.0,32.441561951087685,8.181818181818182,18.181818181818183,27.27272727272727,-9.090909090909086,10.909090909090908,72.72727272727273
CPU,-20,tpgd/eps0.03_default,tpgd,eps0.03_default,40,110,11,8,1,7,3,3,8,4,12.5,2.241690886329617,47.08948057698615,6.363636363636363,27.27272727272727,27.27272727272727,0.0,7.2727272727272725,36.36363636363637
CPU,-20,cw/c1_steps20_lr0.01,cw,c1_steps20_lr0.01,10,110,11,11,0,12,0,0,9,11,0.0,2.7755575615628914e-15,25.88400172488141,10.909090909090908,0.0,0.0,0.0,8.181818181818182,100.0
CPU,-20,cw/c1_steps20_lr0.01,cw,c1_steps20_lr0.01,20,110,11,11,0,9,0,0,8,11,0.0,2.7755575615628914e-15,25.88400172488141,8.181818181818182,0.0,0.0,0.0,7.2727272727272725,100.0
CPU,-20,cw/c1_steps20_lr0.01,cw,c1_steps20_lr0.01,30,110,11,11,2,10,2,0,12,8,18.181818181818183,5.136660067100063,47.69861375782448,9.090909090909092,18.181818181818183,0.0,18.181818181818183,10.909090909090908,72.72727272727273
CPU,-20,cw/c1_steps20_lr0.01,cw,c1_steps20_lr0.01,40,110,11,11,5,7,5,0,8,4,45.45454545454545,21.270957543988047,71.99122443100117,6.363636363636363,45.45454545454545,0.0,45.45454545454545,7.2727272727272725,36.36363636363637
CPU,-20,deepfool/package_default,deepfool,package_default,10,110,11,11,0,10,0,0,9,11,0.0,2.7755575615628914e-15,25.88400172488141,9.090909090909092,0.0,0.0,0.0,8.181818181818182,100.0
CPU,-20,deepfool/package_default,deepfool,package_default,20,110,11,11,0,10,0,0,8,11,0.0,2.7755575615628914e-15,25.88400172488141,9.090909090909092,0.0,0.0,0.0,7.2727272727272725,100.0
CPU,-20,deepfool/package_default,deepfool,package_default,30,110,11,11,3,11,3,0,12,8,27.27272727272727,9.745880573921466,56.56502930102463,10.0,27.27272727272727,0.0,27.27272727272727,10.909090909090908,72.72727272727273
CPU,-20,deepfool/package_default,deepfool,package_default,40,110,11,11,7,11,7,0,8,4,63.63636363636363,35.37967768916373,84.83377638586862,10.0,63.63636363636363,0.0,63.63636363636363,7.2727272727272725,36.36363636363637
CPU,-20,fab/eps0.005,fab,eps0.005,10,110,11,1,0,9,0,10,9,11,0.0,0.0,79.34567085261071,8.181818181818182,0.0,90.9090909090909,-90.9090909090909,8.181818181818182,100.0
CPU,-20,fab/eps0.005,fab,eps0.005,20,110,11,1,0,8,0,10,8,11,0.0,0.0,79.34567085261071,7.2727272727272725,0.0,90.9090909090909,-90.9090909090909,7.2727272727272725,100.0
CPU,-20,fab/eps0.005,fab,eps0.005,30,110,11,1,0,13,3,10,12,8,0.0,0.0,79.34567085261071,11.818181818181818,27.27272727272727,90.9090909090909,-63.63636363636364,10.909090909090908,72.72727272727273
CPU,-20,fab/eps0.005,fab,eps0.005,40,110,11,1,0,9,7,10,8,4,0.0,0.0,79.34567085261071,8.181818181818182,63.63636363636363,90.9090909090909,-27.272727272727273,7.2727272727272725,36.36363636363637
CPU,-20,fab/eps0.01,fab,eps0.01,10,110,11,3,0,8,0,8,9,11,0.0,0.0,56.15060804490177,7.2727272727272725,0.0,72.72727272727273,-72.72727272727273,8.181818181818182,100.0
CPU,-20,fab/eps0.01,fab,eps0.01,20,110,11,3,0,9,0,8,8,11,0.0,0.0,56.15060804490177,8.181818181818182,0.0,72.72727272727273,-72.72727272727273,7.2727272727272725,100.0
CPU,-20,fab/eps0.01,fab,eps0.01,30,110,11,3,1,11,3,8,12,8,33.33333333333333,6.14903152761605,79.23450448735122,10.0,27.27272727272727,72.72727272727273,-45.45454545454547,10.909090909090908,72.72727272727273
CPU,-20,fab/eps0.01,fab,eps0.01,40,110,11,3,1,9,7,8,8,4,33.33333333333333,6.14903152761605,79.23450448735122,8.181818181818182,63.63636363636363,72.72727272727273,-9.0909090909091,7.2727272727272725,36.36363636363637
CPU,-20,fab/eps0.03,fab,eps0.03,10,110,11,11,0,8,0,0,9,11,0.0,2.7755575615628914e-15,25.88400172488141,7.2727272727272725,0.0,0.0,0.0,8.181818181818182,100.0
CPU,-20,fab/eps0.03,fab,eps0.03,20,110,11,11,0,9,0,0,8,11,0.0,2.7755575615628914e-15,25.88400172488141,8.181818181818182,0.0,0.0,0.0,7.2727272727272725,100.0
CPU,-20,fab/eps0.03,fab,eps0.03,30,110,11,11,3,11,3,0,12,8,27.27272727272727,9.745880573921466,56.56502930102463,10.0,27.27272727272727,0.0,27.27272727272727,10.909090909090908,72.72727272727273
CPU,-20,fab/eps0.03,fab,eps0.03,40,110,11,11,6,9,6,0,8,4,54.54545454545454,28.008775568998818,78.72904245601195,8.181818181818182,54.54545454545454,0.0,54.54545454545454,7.2727272727272725,36.36363636363637
CPU,-20,square/eps0.03_default,square,eps0.03_default,10,110,11,11,0,12,0,0,9,11,0.0,2.7755575615628914e-15,25.88400172488141,10.909090909090908,0.0,0.0,0.0,8.181818181818182,100.0
CPU,-20,square/eps0.03_default,square,eps0.03_default,20,110,11,11,0,11,0,0,8,11,0.0,2.7755575615628914e-15,25.88400172488141,10.0,0.0,0.0,0.0,7.2727272727272725,100.0
CPU,-20,square/eps0.03_default,square,eps0.03_default,30,110,11,11,1,12,1,0,12,8,9.090909090909092,1.6231752262825971,37.73646254862038,10.909090909090908,9.090909090909092,0.0,9.090909090909092,10.909090909090908,72.72727272727273
CPU,-20,square/eps0.03_default,square,eps0.03_default,40,110,11,11,2,9,2,0,8,4,18.181818181818183,5.136660067100063,47.69861375782448,8.181818181818182,18.181818181818183,0.0,18.181818181818183,7.2727272727272725,36.36363636363637
CPU,-20,apgd/eps0.03_default,apgd,eps0.03_default,10,110,11,11,0,14,0,0,9,11,0.0,2.7755575615628914e-15,25.88400172488141,12.727272727272727,0.0,0.0,0.0,8.181818181818182,100.0
CPU,-20,apgd/eps0.03_default,apgd,eps0.03_default,20,110,11,11,0,10,0,0,8,11,0.0,2.7755575615628914e-15,25.88400172488141,9.090909090909092,0.0,0.0,0.0,7.2727272727272725,100.0
CPU,-20,apgd/eps0.03_default,apgd,eps0.03_default,30,110,11,11,1,16,1,0,12,8,9.090909090909092,1.6231752262825971,37.73646254862038,14.545454545454545,9.090909090909092,0.0,9.090909090909092,10.909090909090908,72.72727272727273
CPU,-20,apgd/eps0.03_default,apgd,eps0.03_default,40,110,11,11,1,7,1,0,8,4,9.090909090909092,1.6231752262825971,37.73646254862038,6.363636363636363,9.090909090909092,0.0,9.090909090909092,7.2727272727272725,36.36363636363637
CPU,-20,apgdt/eps0.03_default,apgdt,eps0.03_default,10,110,11,11,0,13,0,0,9,11,0.0,2.7755575615628914e-15,25.88400172488141,11.818181818181818,0.0,0.0,0.0,8.181818181818182,100.0
CPU,-20,apgdt/eps0.03_default,apgdt,eps0.03_default,20,110,11,11,0,16,0,0,8,11,0.0,2.7755575615628914e-15,25.88400172488141,14.545454545454545,0.0,0.0,0.0,7.2727272727272725,100.0
CPU,-20,apgdt/eps0.03_default,apgdt,eps0.03_default,30,110,11,11,3,14,3,0,12,8,27.27272727272727,9.745880573921466,56.56502930102463,12.727272727272727,27.27272727272727,0.0,27.27272727272727,10.909090909090908,72.72727272727273
CPU,-20,apgdt/eps0.03_default,apgdt,eps0.03_default,40,110,11,11,4,11,4,0,8,4,36.36363636363637,15.166223614131383,64.62032231083627,10.0,36.36363636363637,0.0,36.36363636363637,7.2727272727272725,36.36363636363637
CPU,-20,autoattack/eps0.03_standard,autoattack,eps0.03_standard,10,110,11,11,0,12,0,0,9,11,0.0,2.7755575615628914e-15,25.88400172488141,10.909090909090908,0.0,0.0,0.0,8.181818181818182,100.0
CPU,-20,autoattack/eps0.03_standard,autoattack,eps0.03_standard,20,110,11,11,0,10,0,0,8,11,0.0,2.7755575615628914e-15,25.88400172488141,9.090909090909092,0.0,0.0,0.0,7.2727272727272725,100.0
CPU,-20,autoattack/eps0.03_standard,autoattack,eps0.03_standard,30,110,11,11,1,10,1,0,12,8,9.090909090909092,1.6231752262825971,37.73646254862038,9.090909090909092,9.090909090909092,0.0,9.090909090909092,10.909090909090908,72.72727272727273
CPU,-20,autoattack/eps0.03_standard,autoattack,eps0.03_standard,40,110,11,11,1,8,1,0,8,4,9.090909090909092,1.6231752262825971,37.73646254862038,7.2727272727272725,9.090909090909092,0.0,9.090909090909092,7.2727272727272725,36.36363636363637
CPU,-20,ead/package_default,ead,package_default,10,110,11,11,0,11,0,0,9,11,0.0,2.7755575615628914e-15,25.88400172488141,10.0,0.0,0.0,0.0,8.181818181818182,100.0
CPU,-20,ead/package_default,ead,package_default,20,110,11,11,0,9,0,0,8,11,0.0,2.7755575615628914e-15,25.88400172488141,8.181818181818182,0.0,0.0,0.0,7.2727272727272725,100.0
CPU,-20,ead/package_default,ead,package_default,30,110,11,11,2,9,2,0,12,8,18.181818181818183,5.136660067100063,47.69861375782448,8.181818181818182,18.181818181818183,0.0,18.181818181818183,10.909090909090908,72.72727272727273
CPU,-20,ead/package_default,ead,package_default,40,110,11,11,6,10,6,0,8,4,54.54545454545454,28.008775568998818,78.72904245601195,9.090909090909092,54.54545454545454,0.0,54.54545454545454,7.2727272727272725,36.36363636363637
CPU,-20,ALL/ALL_24,ALL,ALL_24,10,2640,264,206,0,282,0,58,216,264,0.0,0.0,1.8307142149125815,10.681818181818182,0.0,21.96969696969697,-21.96969696969697,8.181818181818182,100.0
CPU,-20,ALL/ALL_24,ALL,ALL_24,20,2640,264,206,2,252,2,58,192,264,0.9708737864077669,0.2666480623550089,3.4702658765398517,9.545454545454547,0.7575757575757576,21.96969696969697,-21.21212121212121,7.2727272727272725,100.0
CPU,-20,ALL/ALL_24,ALL,ALL_24,30,2640,264,206,25,261,43,58,288,192,12.135922330097088,8.356788176808436,17.301422587882644,9.886363636363637,16.28787878787879,21.96969696969697,-5.68181818181818,10.909090909090908,72.72727272727273
CPU,-20,ALL/ALL_24,ALL,ALL_24,40,2640,264,206,46,232,88,58,192,96,22.330097087378643,17.179085863325067,28.494222003179953,8.787878787878787,33.33333333333333,21.96969696969697,11.36363636363636,7.2727272727272725,36.36363636363637
CPU,-18,fgsm/eps0.005,fgsm,eps0.005,10,110,11,1,0,11,0,10,10,11,0.0,0.0,79.34567085261071,10.0,0.0,90.9090909090909,-90.9090909090909,9.090909090909092,100.0
CPU,-18,fgsm/eps0.005,fgsm,eps0.005,20,110,11,1,0,8,0,10,9,11,0.0,0.0,79.34567085261071,7.2727272727272725,0.0,90.9090909090909,-90.9090909090909,8.181818181818182,100.0
CPU,-18,fgsm/eps0.005,fgsm,eps0.005,30,110,11,1,1,10,4,10,14,5,100.0,20.654329147389294,100.0,9.090909090909092,36.36363636363637,90.9090909090909,-54.54545454545454,12.727272727272727,45.45454545454545
CPU,-18,fgsm/eps0.005,fgsm,eps0.005,40,110,11,1,0,10,8,10,12,1,0.0,0.0,79.34567085261071,9.090909090909092,72.72727272727273,90.9090909090909,-18.181818181818173,10.909090909090908,9.090909090909092
CPU,-18,fgsm/eps0.01,fgsm,eps0.01,10,110,11,3,0,11,0,8,10,11,0.0,0.0,56.15060804490177,10.0,0.0,72.72727272727273,-72.72727272727273,9.090909090909092,100.0
CPU,-18,fgsm/eps0.01,fgsm,eps0.01,20,110,11,3,0,8,0,8,9,11,0.0,0.0,56.15060804490177,7.2727272727272725,0.0,72.72727272727273,-72.72727272727273,8.181818181818182,100.0
CPU,-18,fgsm/eps0.01,fgsm,eps0.01,30,110,11,3,1,10,3,8,14,5,33.33333333333333,6.14903152761605,79.23450448735122,9.090909090909092,27.27272727272727,72.72727272727273,-45.45454545454547,12.727272727272727,45.45454545454545
CPU,-18,fgsm/eps0.01,fgsm,eps0.01,40,110,11,3,2,13,9,8,12,1,66.66666666666666,20.76549551264879,93.85096847238394,11.818181818181818,81.81818181818183,72.72727272727273,9.090909090909093,10.909090909090908,9.090909090909092
CPU,-18,fgsm/eps0.03,fgsm,eps0.03,10,110,11,10,0,10,0,1,10,11,0.0,-2.7755575615628914e-15,27.75401687666166,9.090909090909092,0.0,9.090909090909092,-9.090909090909092,9.090909090909092,100.0
CPU,-18,fgsm/eps0.03,fgsm,eps0.03,20,110,11,10,0,10,0,1,9,11,0.0,-2.7755575615628914e-15,27.75401687666166,9.090909090909092,0.0,9.090909090909092,-9.090909090909092,8.181818181818182,100.0
CPU,-18,fgsm/eps0.03,fgsm,eps0.03,30,110,11,10,2,10,2,1,14,5,20.0,5.6680947980693315,50.98431532792765,9.090909090909092,18.181818181818183,9.090909090909092,9.090909090909092,12.727272727272727,45.45454545454545
CPU,-18,fgsm/eps0.03,fgsm,eps0.03,40,110,11,10,4,11,4,1,12,1,40.0,16.817758120350966,68.73304525498135,10.0,36.36363636363637,9.090909090909092,27.272727272727273,10.909090909090908,9.090909090909092
CPU,-18,fgsm/eps0.05,fgsm,eps0.05,10,110,11,10,0,12,0,1,10,11,0.0,-2.7755575615628914e-15,27.75401687666166,10.909090909090908,0.0,9.090909090909092,-9.090909090909092,9.090909090909092,100.0
CPU,-18,fgsm/eps0.05,fgsm,eps0.05,20,110,11,10,0,11,0,1,9,11,0.0,-2.7755575615628914e-15,27.75401687666166,10.0,0.0,9.090909090909092,-9.090909090909092,8.181818181818182,100.0
CPU,-18,fgsm/eps0.05,fgsm,eps0.05,30,110,11,10,0,14,0,1,14,5,0.0,-2.7755575615628914e-15,27.75401687666166,12.727272727272727,0.0,9.090909090909092,-9.090909090909092,12.727272727272727,45.45454545454545
CPU,-18,fgsm/eps0.05,fgsm,eps0.05,40,110,11,10,0,10,0,1,12,1,0.0,-2.7755575615628914e-15,27.75401687666166,9.090909090909092,0.0,9.090909090909092,-9.090909090909092,10.909090909090908,9.090909090909092
CPU,-18,bim/eps0.03_default,bim,eps0.03_default,10,110,11,11,0,13,0,0,10,11,0.0,2.7755575615628914e-15,25.88400172488141,11.818181818181818,0.0,0.0,0.0,9.090909090909092,100.0
CPU,-18,bim/eps0.03_default,bim,eps0.03_default,20,110,11,11,0,8,0,0,9,11,0.0,2.7755575615628914e-15,25.88400172488141,7.2727272727272725,0.0,0.0,0.0,8.181818181818182,100.0
CPU,-18,bim/eps0.03_default,bim,eps0.03_default,30,110,11,11,2,11,2,0,14,5,18.181818181818183,5.136660067100063,47.69861375782448,10.0,18.181818181818183,0.0,18.181818181818183,12.727272727272727,45.45454545454545
CPU,-18,bim/eps0.03_default,bim,eps0.03_default,40,110,11,11,2,8,2,0,12,1,18.181818181818183,5.136660067100063,47.69861375782448,7.2727272727272725,18.181818181818183,0.0,18.181818181818183,10.909090909090908,9.090909090909092
CPU,-18,pgd/eps0.005,pgd,eps0.005,10,110,11,2,0,11,0,9,10,11,0.0,0.0,65.76280471103807,10.0,0.0,81.81818181818183,-81.81818181818183,9.090909090909092,100.0
CPU,-18,pgd/eps0.005,pgd,eps0.005,20,110,11,2,0,8,0,9,9,11,0.0,0.0,65.76280471103807,7.2727272727272725,0.0,81.81818181818183,-81.81818181818183,8.181818181818182,100.0
CPU,-18,pgd/eps0.005,pgd,eps0.005,30,110,11,2,2,10,3,9,14,5,100.0,34.23719528896193,100.0,9.090909090909092,27.27272727272727,81.81818181818183,-54.54545454545456,12.727272727272727,45.45454545454545
CPU,-18,pgd/eps0.005,pgd,eps0.005,40,110,11,2,1,10,8,9,12,1,50.0,9.452865480086615,90.54713451991339,9.090909090909092,72.72727272727273,81.81818181818183,-9.090909090909093,10.909090909090908,9.090909090909092
CPU,-18,pgd/eps0.01,pgd,eps0.01,10,110,11,4,0,12,0,7,10,11,0.0,0.0,48.990002040399915,10.909090909090908,0.0,63.63636363636363,-63.63636363636363,9.090909090909092,100.0
CPU,-18,pgd/eps0.01,pgd,eps0.01,20,110,11,4,0,10,0,7,9,11,0.0,0.0,48.990002040399915,9.090909090909092,0.0,63.63636363636363,-63.63636363636363,8.181818181818182,100.0
CPU,-18,pgd/eps0.01,pgd,eps0.01,30,110,11,4,2,12,4,7,14,5,50.0,15.003570882017147,84.99642911798286,10.909090909090908,36.36363636363637,63.63636363636363,-27.272727272727266,12.727272727272727,45.45454545454545
CPU,-18,pgd/eps0.01,pgd,eps0.01,40,110,11,4,4,12,9,7,12,1,100.0,51.009997959600085,100.0,10.909090909090908,81.81818181818183,63.63636363636363,18.181818181818194,10.909090909090908,9.090909090909092
CPU,-18,pgd/eps0.03,pgd,eps0.03,10,110,11,10,0,13,0,1,10,11,0.0,-2.7755575615628914e-15,27.75401687666166,11.818181818181818,0.0,9.090909090909092,-9.090909090909092,9.090909090909092,100.0
CPU,-18,pgd/eps0.03,pgd,eps0.03,20,110,11,10,0,10,0,1,9,11,0.0,-2.7755575615628914e-15,27.75401687666166,9.090909090909092,0.0,9.090909090909092,-9.090909090909092,8.181818181818182,100.0
CPU,-18,pgd/eps0.03,pgd,eps0.03,30,110,11,10,2,12,2,1,14,5,20.0,5.6680947980693315,50.98431532792765,10.909090909090908,18.181818181818183,9.090909090909092,9.090909090909092,12.727272727272727,45.45454545454545
CPU,-18,pgd/eps0.03,pgd,eps0.03,40,110,11,10,2,12,2,1,12,1,20.0,5.6680947980693315,50.98431532792765,10.909090909090908,18.181818181818183,9.090909090909092,9.090909090909092,10.909090909090908,9.090909090909092
CPU,-18,mifgsm/eps0.03_default,mifgsm,eps0.03_default,10,110,11,10,0,13,0,1,10,11,0.0,-2.7755575615628914e-15,27.75401687666166,11.818181818181818,0.0,9.090909090909092,-9.090909090909092,9.090909090909092,100.0
CPU,-18,mifgsm/eps0.03_default,mifgsm,eps0.03_default,20,110,11,10,0,9,0,1,9,11,0.0,-2.7755575615628914e-15,27.75401687666166,8.181818181818182,0.0,9.090909090909092,-9.090909090909092,8.181818181818182,100.0
CPU,-18,mifgsm/eps0.03_default,mifgsm,eps0.03_default,30,110,11,10,2,13,2,1,14,5,20.0,5.6680947980693315,50.98431532792765,11.818181818181818,18.181818181818183,9.090909090909092,9.090909090909092,12.727272727272727,45.45454545454545
CPU,-18,mifgsm/eps0.03_default,mifgsm,eps0.03_default,40,110,11,10,2,10,2,1,12,1,20.0,5.6680947980693315,50.98431532792765,9.090909090909092,18.181818181818183,9.090909090909092,9.090909090909092,10.909090909090908,9.090909090909092
CPU,-18,difgsm/eps0.03_default,difgsm,eps0.03_default,10,110,11,9,0,16,0,2,10,11,0.0,0.0,29.91527535509594,14.545454545454545,0.0,18.181818181818183,-18.181818181818183,9.090909090909092,100.0
CPU,-18,difgsm/eps0.03_default,difgsm,eps0.03_default,20,110,11,9,0,12,0,2,9,11,0.0,0.0,29.91527535509594,10.909090909090908,0.0,18.181818181818183,-18.181818181818183,8.181818181818182,100.0
CPU,-18,difgsm/eps0.03_default,difgsm,eps0.03_default,30,110,11,9,1,10,1,2,14,5,11.11111111111111,1.9890371327130536,43.50062147680601,9.090909090909092,9.090909090909092,18.181818181818183,-9.090909090909092,12.727272727272727,45.45454545454545
CPU,-18,difgsm/eps0.03_default,difgsm,eps0.03_default,40,110,11,9,1,10,1,2,12,1,11.11111111111111,1.9890371327130536,43.50062147680601,9.090909090909092,9.090909090909092,18.181818181818183,-9.090909090909092,10.909090909090908,9.090909090909092
CPU,-18,vmifgsm/eps0.03_default,vmifgsm,eps0.03_default,10,110,11,10,0,15,0,1,10,11,0.0,-2.7755575615628914e-15,27.75401687666166,13.636363636363635,0.0,9.090909090909092,-9.090909090909092,9.090909090909092,100.0
CPU,-18,vmifgsm/eps0.03_default,vmifgsm,eps0.03_default,20,110,11,10,0,8,0,1,9,11,0.0,-2.7755575615628914e-15,27.75401687666166,7.2727272727272725,0.0,9.090909090909092,-9.090909090909092,8.181818181818182,100.0
CPU,-18,vmifgsm/eps0.03_default,vmifgsm,eps0.03_default,30,110,11,10,3,11,3,1,14,5,30.0,10.778928748621183,60.322678002043475,10.0,27.27272727272727,9.090909090909092,18.18181818181818,12.727272727272727,45.45454545454545
CPU,-18,vmifgsm/eps0.03_default,vmifgsm,eps0.03_default,40,110,11,10,1,9,1,1,12,1,10.0,1.7875749515721129,40.41563854975721,8.181818181818182,9.090909090909092,9.090909090909092,0.0,10.909090909090908,9.090909090909092
CPU,-18,vnifgsm/eps0.03_default,vnifgsm,eps0.03_default,10,110,11,10,0,11,0,1,10,11,0.0,-2.7755575615628914e-15,27.75401687666166,10.0,0.0,9.090909090909092,-9.090909090909092,9.090909090909092,100.0
CPU,-18,vnifgsm/eps0.03_default,vnifgsm,eps0.03_default,20,110,11,10,0,6,0,1,9,11,0.0,-2.7755575615628914e-15,27.75401687666166,5.454545454545454,0.0,9.090909090909092,-9.090909090909092,8.181818181818182,100.0
CPU,-18,vnifgsm/eps0.03_default,vnifgsm,eps0.03_default,30,110,11,10,2,12,2,1,14,5,20.0,5.6680947980693315,50.98431532792765,10.909090909090908,18.181818181818183,9.090909090909092,9.090909090909092,12.727272727272727,45.45454545454545
CPU,-18,vnifgsm/eps0.03_default,vnifgsm,eps0.03_default,40,110,11,10,3,9,3,1,12,1,30.0,10.778928748621183,60.322678002043475,8.181818181818182,27.27272727272727,9.090909090909092,18.18181818181818,10.909090909090908,9.090909090909092
CPU,-18,rfgsm/eps0.03_default,rfgsm,eps0.03_default,10,110,11,10,0,12,0,1,10,11,0.0,-2.7755575615628914e-15,27.75401687666166,10.909090909090908,0.0,9.090909090909092,-9.090909090909092,9.090909090909092,100.0
CPU,-18,rfgsm/eps0.03_default,rfgsm,eps0.03_default,20,110,11,10,0,10,0,1,9,11,0.0,-2.7755575615628914e-15,27.75401687666166,9.090909090909092,0.0,9.090909090909092,-9.090909090909092,8.181818181818182,100.0
CPU,-18,rfgsm/eps0.03_default,rfgsm,eps0.03_default,30,110,11,10,3,11,3,1,14,5,30.0,10.778928748621183,60.322678002043475,10.0,27.27272727272727,9.090909090909092,18.18181818181818,12.727272727272727,45.45454545454545
CPU,-18,rfgsm/eps0.03_default,rfgsm,eps0.03_default,40,110,11,10,2,11,2,1,12,1,20.0,5.6680947980693315,50.98431532792765,10.0,18.181818181818183,9.090909090909092,9.090909090909092,10.909090909090908,9.090909090909092
CPU,-18,tpgd/eps0.03_default,tpgd,eps0.03_default,10,110,11,6,0,12,0,5,10,11,0.0,0.0,39.03430336530645,10.909090909090908,0.0,45.45454545454545,-45.45454545454545,9.090909090909092,100.0
CPU,-18,tpgd/eps0.03_default,tpgd,eps0.03_default,20,110,11,6,1,11,1,5,9,11,16.666666666666664,3.005258587173032,56.350943656364606,10.0,9.090909090909092,45.45454545454545,-36.36363636363636,8.181818181818182,100.0
CPU,-18,tpgd/eps0.03_default,tpgd,eps0.03_default,30,110,11,6,1,10,1,5,14,5,16.666666666666664,3.005258587173032,56.350943656364606,9.090909090909092,9.090909090909092,45.45454545454545,-36.36363636363636,12.727272727272727,45.45454545454545
CPU,-18,tpgd/eps0.03_default,tpgd,eps0.03_default,40,110,11,6,1,15,6,5,12,1,16.666666666666664,3.005258587173032,56.350943656364606,13.636363636363635,54.54545454545454,45.45454545454545,9.090909090909086,10.909090909090908,9.090909090909092
CPU,-18,cw/c1_steps20_lr0.01,cw,c1_steps20_lr0.01,10,110,11,11,0,14,0,0,10,11,0.0,2.7755575615628914e-15,25.88400172488141,12.727272727272727,0.0,0.0,0.0,9.090909090909092,100.0
CPU,-18,cw/c1_steps20_lr0.01,cw,c1_steps20_lr0.01,20,110,11,11,0,10,0,0,9,11,0.0,2.7755575615628914e-15,25.88400172488141,9.090909090909092,0.0,0.0,0.0,8.181818181818182,100.0
CPU,-18,cw/c1_steps20_lr0.01,cw,c1_steps20_lr0.01,30,110,11,11,4,12,4,0,14,5,36.36363636363637,15.166223614131383,64.62032231083627,10.909090909090908,36.36363636363637,0.0,36.36363636363637,12.727272727272727,45.45454545454545
CPU,-18,cw/c1_steps20_lr0.01,cw,c1_steps20_lr0.01,40,110,11,11,9,12,9,0,12,1,81.81818181818183,52.30138624217553,94.86333993289995,10.909090909090908,81.81818181818183,0.0,81.81818181818183,10.909090909090908,9.090909090909092
CPU,-18,deepfool/package_default,deepfool,package_default,10,110,11,11,0,13,0,0,10,11,0.0,2.7755575615628914e-15,25.88400172488141,11.818181818181818,0.0,0.0,0.0,9.090909090909092,100.0
CPU,-18,deepfool/package_default,deepfool,package_default,20,110,11,11,0,10,0,0,9,11,0.0,2.7755575615628914e-15,25.88400172488141,9.090909090909092,0.0,0.0,0.0,8.181818181818182,100.0
CPU,-18,deepfool/package_default,deepfool,package_default,30,110,11,11,3,9,3,0,14,5,27.27272727272727,9.745880573921466,56.56502930102463,8.181818181818182,27.27272727272727,0.0,27.27272727272727,12.727272727272727,45.45454545454545
CPU,-18,deepfool/package_default,deepfool,package_default,40,110,11,11,7,10,7,0,12,1,63.63636363636363,35.37967768916373,84.83377638586862,9.090909090909092,63.63636363636363,0.0,63.63636363636363,10.909090909090908,9.090909090909092
CPU,-18,fab/eps0.005,fab,eps0.005,10,110,11,2,0,10,0,9,10,11,0.0,0.0,65.76280471103807,9.090909090909092,0.0,81.81818181818183,-81.81818181818183,9.090909090909092,100.0
CPU,-18,fab/eps0.005,fab,eps0.005,20,110,11,2,0,8,0,9,9,11,0.0,0.0,65.76280471103807,7.2727272727272725,0.0,81.81818181818183,-81.81818181818183,8.181818181818182,100.0
CPU,-18,fab/eps0.005,fab,eps0.005,30,110,11,2,1,13,5,9,14,5,50.0,9.452865480086615,90.54713451991339,11.818181818181818,45.45454545454545,81.81818181818183,-36.363636363636374,12.727272727272727,45.45454545454545
CPU,-18,fab/eps0.005,fab,eps0.005,40,110,11,2,2,12,10,9,12,1,100.0,34.23719528896193,100.0,10.909090909090908,90.9090909090909,81.81818181818183,9.09090909090908,10.909090909090908,9.090909090909092
CPU,-18,fab/eps0.01,fab,eps0.01,10,110,11,3,0,11,0,8,10,11,0.0,0.0,56.15060804490177,10.0,0.0,72.72727272727273,-72.72727272727273,9.090909090909092,100.0
CPU,-18,fab/eps0.01,fab,eps0.01,20,110,11,3,0,8,0,8,9,11,0.0,0.0,56.15060804490177,7.2727272727272725,0.0,72.72727272727273,-72.72727272727273,8.181818181818182,100.0
CPU,-18,fab/eps0.01,fab,eps0.01,30,110,11,3,1,13,5,8,14,5,33.33333333333333,6.14903152761605,79.23450448735122,11.818181818181818,45.45454545454545,72.72727272727273,-27.27272727272728,12.727272727272727,45.45454545454545
CPU,-18,fab/eps0.01,fab,eps0.01,40,110,11,3,3,13,10,8,12,1,100.0,43.84939195509823,100.0,11.818181818181818,90.9090909090909,72.72727272727273,18.181818181818173,10.909090909090908,9.090909090909092
CPU,-18,fab/eps0.03,fab,eps0.03,10,110,11,11,0,13,0,0,10,11,0.0,2.7755575615628914e-15,25.88400172488141,11.818181818181818,0.0,0.0,0.0,9.090909090909092,100.0
CPU,-18,fab/eps0.03,fab,eps0.03,20,110,11,11,0,12,0,0,9,11,0.0,2.7755575615628914e-15,25.88400172488141,10.909090909090908,0.0,0.0,0.0,8.181818181818182,100.0
CPU,-18,fab/eps0.03,fab,eps0.03,30,110,11,11,3,12,3,0,14,5,27.27272727272727,9.745880573921466,56.56502930102463,10.909090909090908,27.27272727272727,0.0,27.27272727272727,12.727272727272727,45.45454545454545
CPU,-18,fab/eps0.03,fab,eps0.03,40,110,11,11,10,13,10,0,12,1,90.9090909090909,62.26353745137963,98.3768247737174,11.818181818181818,90.9090909090909,0.0,90.9090909090909,10.909090909090908,9.090909090909092
CPU,-18,square/eps0.03_default,square,eps0.03_default,10,110,11,11,0,10,0,0,10,11,0.0,2.7755575615628914e-15,25.88400172488141,9.090909090909092,0.0,0.0,0.0,9.090909090909092,100.0
CPU,-18,square/eps0.03_default,square,eps0.03_default,20,110,11,11,1,8,1,0,9,11,9.090909090909092,1.6231752262825971,37.73646254862038,7.2727272727272725,9.090909090909092,0.0,9.090909090909092,8.181818181818182,100.0
CPU,-18,square/eps0.03_default,square,eps0.03_default,30,110,11,11,3,12,3,0,14,5,27.27272727272727,9.745880573921466,56.56502930102463,10.909090909090908,27.27272727272727,0.0,27.27272727272727,12.727272727272727,45.45454545454545
CPU,-18,square/eps0.03_default,square,eps0.03_default,40,110,11,11,5,9,5,0,12,1,45.45454545454545,21.270957543988047,71.99122443100117,8.181818181818182,45.45454545454545,0.0,45.45454545454545,10.909090909090908,9.090909090909092
CPU,-18,apgd/eps0.03_default,apgd,eps0.03_default,10,110,11,10,0,11,0,1,10,11,0.0,-2.7755575615628914e-15,27.75401687666166,10.0,0.0,9.090909090909092,-9.090909090909092,9.090909090909092,100.0
CPU,-18,apgd/eps0.03_default,apgd,eps0.03_default,20,110,11,10,0,9,0,1,9,11,0.0,-2.7755575615628914e-15,27.75401687666166,8.181818181818182,0.0,9.090909090909092,-9.090909090909092,8.181818181818182,100.0
CPU,-18,apgd/eps0.03_default,apgd,eps0.03_default,30,110,11,10,2,10,2,1,14,5,20.0,5.6680947980693315,50.98431532792765,9.090909090909092,18.181818181818183,9.090909090909092,9.090909090909092,12.727272727272727,45.45454545454545
CPU,-18,apgd/eps0.03_default,apgd,eps0.03_default,40,110,11,10,2,11,3,1,12,1,20.0,5.6680947980693315,50.98431532792765,10.0,27.27272727272727,9.090909090909092,18.18181818181818,10.909090909090908,9.090909090909092
CPU,-18,apgdt/eps0.03_default,apgdt,eps0.03_default,10,110,11,11,0,9,0,0,10,11,0.0,2.7755575615628914e-15,25.88400172488141,8.181818181818182,0.0,0.0,0.0,9.090909090909092,100.0
CPU,-18,apgdt/eps0.03_default,apgdt,eps0.03_default,20,110,11,11,1,7,1,0,9,11,9.090909090909092,1.6231752262825971,37.73646254862038,6.363636363636363,9.090909090909092,0.0,9.090909090909092,8.181818181818182,100.0
CPU,-18,apgdt/eps0.03_default,apgdt,eps0.03_default,30,110,11,11,2,7,2,0,14,5,18.181818181818183,5.136660067100063,47.69861375782448,6.363636363636363,18.181818181818183,0.0,18.181818181818183,12.727272727272727,45.45454545454545
CPU,-18,apgdt/eps0.03_default,apgdt,eps0.03_default,40,110,11,11,5,11,5,0,12,1,45.45454545454545,21.270957543988047,71.99122443100117,10.0,45.45454545454545,0.0,45.45454545454545,10.909090909090908,9.090909090909092
CPU,-18,autoattack/eps0.03_standard,autoattack,eps0.03_standard,10,110,11,11,0,11,0,0,10,11,0.0,2.7755575615628914e-15,25.88400172488141,10.0,0.0,0.0,0.0,9.090909090909092,100.0
CPU,-18,autoattack/eps0.03_standard,autoattack,eps0.03_standard,20,110,11,11,0,9,0,0,9,11,0.0,2.7755575615628914e-15,25.88400172488141,8.181818181818182,0.0,0.0,0.0,8.181818181818182,100.0
CPU,-18,autoattack/eps0.03_standard,autoattack,eps0.03_standard,30,110,11,11,1,10,1,0,14,5,9.090909090909092,1.6231752262825971,37.73646254862038,9.090909090909092,9.090909090909092,0.0,9.090909090909092,12.727272727272727,45.45454545454545
CPU,-18,autoattack/eps0.03_standard,autoattack,eps0.03_standard,40,110,11,11,2,9,2,0,12,1,18.181818181818183,5.136660067100063,47.69861375782448,8.181818181818182,18.181818181818183,0.0,18.181818181818183,10.909090909090908,9.090909090909092
CPU,-18,ead/package_default,ead,package_default,10,110,11,11,0,13,0,0,10,11,0.0,2.7755575615628914e-15,25.88400172488141,11.818181818181818,0.0,0.0,0.0,9.090909090909092,100.0
CPU,-18,ead/package_default,ead,package_default,20,110,11,11,0,8,0,0,9,11,0.0,2.7755575615628914e-15,25.88400172488141,7.2727272727272725,0.0,0.0,0.0,8.181818181818182,100.0
CPU,-18,ead/package_default,ead,package_default,30,110,11,11,3,9,3,0,14,5,27.27272727272727,9.745880573921466,56.56502930102463,8.181818181818182,27.27272727272727,0.0,27.27272727272727,12.727272727272727,45.45454545454545
CPU,-18,ead/package_default,ead,package_default,40,110,11,11,7,9,7,0,12,1,63.63636363636363,35.37967768916373,84.83377638586862,8.181818181818182,63.63636363636363,0.0,63.63636363636363,10.909090909090908,9.090909090909092
CPU,-18,ALL/ALL_24,ALL,ALL_24,10,2640,264,198,0,287,0,66,240,264,0.0,0.0,1.903274647049964,10.871212121212121,0.0,25.0,-25.0,9.090909090909092,100.0
CPU,-18,ALL/ALL_24,ALL,ALL_24,20,2640,264,198,3,218,3,66,216,264,1.5151515151515151,0.5165935388043962,4.359309149244053,8.257575757575758,1.1363636363636365,25.0,-23.863636363636363,8.181818181818182,100.0
CPU,-18,ALL/ALL_24,ALL,ALL_24,30,2640,264,198,47,263,63,66,336,120,23.737373737373737,18.346184279415308,30.128263009944273,9.962121212121213,23.863636363636363,25.0,-1.1363636363636367,12.727272727272727,45.45454545454545
CPU,-18,ALL/ALL_24,ALL,ALL_24,40,2640,264,198,77,259,125,66,288,24,38.88888888888889,32.37155518477425,45.82917251457019,9.81060606060606,47.34848484848485,25.0,22.34848484848485,10.909090909090908,9.090909090909092
CPU,-16,fgsm/eps0.005,fgsm,eps0.005,10,110,12,5,0,8,0,7,8,12,0.0,-2.7755575615628914e-15,43.4491494752081,7.2727272727272725,0.0,58.333333333333336,-58.333333333333336,7.2727272727272725,100.0
CPU,-16,fgsm/eps0.005,fgsm,eps0.005,20,110,12,5,0,8,0,7,9,12,0.0,-2.7755575615628914e-15,43.4491494752081,7.2727272727272725,0.0,58.333333333333336,-58.333333333333336,8.181818181818182,100.0
CPU,-16,fgsm/eps0.005,fgsm,eps0.005,30,110,12,5,1,12,2,7,7,10,20.0,3.6223160969787447,62.44717358814613,10.909090909090908,16.666666666666664,58.333333333333336,-41.66666666666667,6.363636363636363,83.33333333333334
CPU,-16,fgsm/eps0.005,fgsm,eps0.005,40,110,12,5,1,9,5,7,12,5,20.0,3.6223160969787447,62.44717358814613,8.181818181818182,41.66666666666667,58.333333333333336,-16.666666666666664,10.909090909090908,41.66666666666667
CPU,-16,fgsm/eps0.01,fgsm,eps0.01,10,110,12,5,0,8,0,7,8,12,0.0,-2.7755575615628914e-15,43.4491494752081,7.2727272727272725,0.0,58.333333333333336,-58.333333333333336,7.2727272727272725,100.0
CPU,-16,fgsm/eps0.01,fgsm,eps0.01,20,110,12,5,0,7,0,7,9,12,0.0,-2.7755575615628914e-15,43.4491494752081,6.363636363636363,0.0,58.333333333333336,-58.333333333333336,8.181818181818182,100.0
CPU,-16,fgsm/eps0.01,fgsm,eps0.01,30,110,12,5,1,10,2,7,7,10,20.0,3.6223160969787447,62.44717358814613,9.090909090909092,16.666666666666664,58.333333333333336,-41.66666666666667,6.363636363636363,83.33333333333334
CPU,-16,fgsm/eps0.01,fgsm,eps0.01,40,110,12,5,1,16,7,7,12,5,20.0,3.6223160969787447,62.44717358814613,14.545454545454545,58.333333333333336,58.333333333333336,0.0,10.909090909090908,41.66666666666667
CPU,-16,fgsm/eps0.03,fgsm,eps0.03,10,110,12,10,0,12,0,2,8,12,0.0,-2.7755575615628914e-15,27.75401687666166,10.909090909090908,0.0,16.666666666666664,-16.666666666666664,7.2727272727272725,100.0
CPU,-16,fgsm/eps0.03,fgsm,eps0.03,20,110,12,10,0,13,0,2,9,12,0.0,-2.7755575615628914e-15,27.75401687666166,11.818181818181818,0.0,16.666666666666664,-16.666666666666664,8.181818181818182,100.0
CPU,-16,fgsm/eps0.03,fgsm,eps0.03,30,110,12,10,0,14,1,2,7,10,0.0,-2.7755575615628914e-15,27.75401687666166,12.727272727272727,8.333333333333332,16.666666666666664,-8.333333333333332,6.363636363636363,83.33333333333334
CPU,-16,fgsm/eps0.03,fgsm,eps0.03,40,110,12,10,2,14,4,2,12,5,20.0,5.6680947980693315,50.98431532792765,12.727272727272727,33.33333333333333,16.666666666666664,16.666666666666664,10.909090909090908,41.66666666666667
CPU,-16,fgsm/eps0.05,fgsm,eps0.05,10,110,12,11,0,10,0,1,8,12,0.0,2.7755575615628914e-15,25.88400172488141,9.090909090909092,0.0,8.333333333333332,-8.333333333333332,7.2727272727272725,100.0
CPU,-16,fgsm/eps0.05,fgsm,eps0.05,20,110,12,11,0,9,0,1,9,12,0.0,2.7755575615628914e-15,25.88400172488141,8.181818181818182,0.0,8.333333333333332,-8.333333333333332,8.181818181818182,100.0
CPU,-16,fgsm/eps0.05,fgsm,eps0.05,30,110,12,11,1,10,1,1,7,10,9.090909090909092,1.6231752262825971,37.73646254862038,9.090909090909092,8.333333333333332,8.333333333333332,0.0,6.363636363636363,83.33333333333334
CPU,-16,fgsm/eps0.05,fgsm,eps0.05,40,110,12,11,2,13,3,1,12,5,18.181818181818183,5.136660067100063,47.69861375782448,11.818181818181818,25.0,8.333333333333332,16.666666666666668,10.909090909090908,41.66666666666667
CPU,-16,bim/eps0.03_default,bim,eps0.03_default,10,110,12,11,0,11,0,1,8,12,0.0,2.7755575615628914e-15,25.88400172488141,10.0,0.0,8.333333333333332,-8.333333333333332,7.2727272727272725,100.0
CPU,-16,bim/eps0.03_default,bim,eps0.03_default,20,110,12,11,0,13,0,1,9,12,0.0,2.7755575615628914e-15,25.88400172488141,11.818181818181818,0.0,8.333333333333332,-8.333333333333332,8.181818181818182,100.0
CPU,-16,bim/eps0.03_default,bim,eps0.03_default,30,110,12,11,2,15,2,1,7,10,18.181818181818183,5.136660067100063,47.69861375782448,13.636363636363635,16.666666666666664,8.333333333333332,8.333333333333332,6.363636363636363,83.33333333333334
CPU,-16,bim/eps0.03_default,bim,eps0.03_default,40,110,12,11,2,17,3,1,12,5,18.181818181818183,5.136660067100063,47.69861375782448,15.454545454545453,25.0,8.333333333333332,16.666666666666668,10.909090909090908,41.66666666666667
CPU,-16,pgd/eps0.005,pgd,eps0.005,10,110,12,5,0,7,0,7,8,12,0.0,-2.7755575615628914e-15,43.4491494752081,6.363636363636363,0.0,58.333333333333336,-58.333333333333336,7.2727272727272725,100.0
CPU,-16,pgd/eps0.005,pgd,eps0.005,20,110,12,5,0,8,0,7,9,12,0.0,-2.7755575615628914e-15,43.4491494752081,7.2727272727272725,0.0,58.333333333333336,-58.333333333333336,8.181818181818182,100.0
CPU,-16,pgd/eps0.005,pgd,eps0.005,30,110,12,5,1,11,2,7,7,10,20.0,3.6223160969787447,62.44717358814613,10.0,16.666666666666664,58.333333333333336,-41.66666666666667,6.363636363636363,83.33333333333334
CPU,-16,pgd/eps0.005,pgd,eps0.005,40,110,12,5,1,11,6,7,12,5,20.0,3.6223160969787447,62.44717358814613,10.0,50.0,58.333333333333336,-8.333333333333336,10.909090909090908,41.66666666666667
CPU,-16,pgd/eps0.01,pgd,eps0.01,10,110,12,5,0,7,0,7,8,12,0.0,-2.7755575615628914e-15,43.4491494752081,6.363636363636363,0.0,58.333333333333336,-58.333333333333336,7.2727272727272725,100.0
CPU,-16,pgd/eps0.01,pgd,eps0.01,20,110,12,5,0,7,0,7,9,12,0.0,-2.7755575615628914e-15,43.4491494752081,6.363636363636363,0.0,58.333333333333336,-58.333333333333336,8.181818181818182,100.0
CPU,-16,pgd/eps0.01,pgd,eps0.01,30,110,12,5,1,10,2,7,7,10,20.0,3.6223160969787447,62.44717358814613,9.090909090909092,16.666666666666664,58.333333333333336,-41.66666666666667,6.363636363636363,83.33333333333334
CPU,-16,pgd/eps0.01,pgd,eps0.01,40,110,12,5,1,14,7,7,12,5,20.0,3.6223160969787447,62.44717358814613,12.727272727272727,58.333333333333336,58.333333333333336,0.0,10.909090909090908,41.66666666666667
CPU,-16,pgd/eps0.03,pgd,eps0.03,10,110,12,11,0,13,0,1,8,12,0.0,2.7755575615628914e-15,25.88400172488141,11.818181818181818,0.0,8.333333333333332,-8.333333333333332,7.2727272727272725,100.0
CPU,-16,pgd/eps0.03,pgd,eps0.03,20,110,12,11,0,13,0,1,9,12,0.0,2.7755575615628914e-15,25.88400172488141,11.818181818181818,0.0,8.333333333333332,-8.333333333333332,8.181818181818182,100.0
CPU,-16,pgd/eps0.03,pgd,eps0.03,30,110,12,11,1,21,1,1,7,10,9.090909090909092,1.6231752262825971,37.73646254862038,19.090909090909093,8.333333333333332,8.333333333333332,0.0,6.363636363636363,83.33333333333334
CPU,-16,pgd/eps0.03,pgd,eps0.03,40,110,12,11,2,14,3,1,12,5,18.181818181818183,5.136660067100063,47.69861375782448,12.727272727272727,25.0,8.333333333333332,16.666666666666668,10.909090909090908,41.66666666666667
CPU,-16,mifgsm/eps0.03_default,mifgsm,eps0.03_default,10,110,12,11,0,13,0,1,8,12,0.0,2.7755575615628914e-15,25.88400172488141,11.818181818181818,0.0,8.333333333333332,-8.333333333333332,7.2727272727272725,100.0
CPU,-16,mifgsm/eps0.03_default,mifgsm,eps0.03_default,20,110,12,11,0,15,0,1,9,12,0.0,2.7755575615628914e-15,25.88400172488141,13.636363636363635,0.0,8.333333333333332,-8.333333333333332,8.181818181818182,100.0
CPU,-16,mifgsm/eps0.03_default,mifgsm,eps0.03_default,30,110,12,11,1,17,1,1,7,10,9.090909090909092,1.6231752262825971,37.73646254862038,15.454545454545453,8.333333333333332,8.333333333333332,0.0,6.363636363636363,83.33333333333334
CPU,-16,mifgsm/eps0.03_default,mifgsm,eps0.03_default,40,110,12,11,2,17,3,1,12,5,18.181818181818183,5.136660067100063,47.69861375782448,15.454545454545453,25.0,8.333333333333332,16.666666666666668,10.909090909090908,41.66666666666667
CPU,-16,difgsm/eps0.03_default,difgsm,eps0.03_default,10,110,12,11,0,10,0,1,8,12,0.0,2.7755575615628914e-15,25.88400172488141,9.090909090909092,0.0,8.333333333333332,-8.333333333333332,7.2727272727272725,100.0
CPU,-16,difgsm/eps0.03_default,difgsm,eps0.03_default,20,110,12,11,0,11,0,1,9,12,0.0,2.7755575615628914e-15,25.88400172488141,10.0,0.0,8.333333333333332,-8.333333333333332,8.181818181818182,100.0
CPU,-16,difgsm/eps0.03_default,difgsm,eps0.03_default,30,110,12,11,1,13,1,1,7,10,9.090909090909092,1.6231752262825971,37.73646254862038,11.818181818181818,8.333333333333332,8.333333333333332,0.0,6.363636363636363,83.33333333333334
CPU,-16,difgsm/eps0.03_default,difgsm,eps0.03_default,40,110,12,11,1,12,1,1,12,5,9.090909090909092,1.6231752262825971,37.73646254862038,10.909090909090908,8.333333333333332,8.333333333333332,0.0,10.909090909090908,41.66666666666667
CPU,-16,vmifgsm/eps0.03_default,vmifgsm,eps0.03_default,10,110,12,11,0,13,0,1,8,12,0.0,2.7755575615628914e-15,25.88400172488141,11.818181818181818,0.0,8.333333333333332,-8.333333333333332,7.2727272727272725,100.0
CPU,-16,vmifgsm/eps0.03_default,vmifgsm,eps0.03_default,20,110,12,11,0,9,0,1,9,12,0.0,2.7755575615628914e-15,25.88400172488141,8.181818181818182,0.0,8.333333333333332,-8.333333333333332,8.181818181818182,100.0
CPU,-16,vmifgsm/eps0.03_default,vmifgsm,eps0.03_default,30,110,12,11,1,17,1,1,7,10,9.090909090909092,1.6231752262825971,37.73646254862038,15.454545454545453,8.333333333333332,8.333333333333332,0.0,6.363636363636363,83.33333333333334
CPU,-16,vmifgsm/eps0.03_default,vmifgsm,eps0.03_default,40,110,12,11,2,16,3,1,12,5,18.181818181818183,5.136660067100063,47.69861375782448,14.545454545454545,25.0,8.333333333333332,16.666666666666668,10.909090909090908,41.66666666666667
CPU,-16,vnifgsm/eps0.03_default,vnifgsm,eps0.03_default,10,110,12,11,0,9,0,1,8,12,0.0,2.7755575615628914e-15,25.88400172488141,8.181818181818182,0.0,8.333333333333332,-8.333333333333332,7.2727272727272725,100.0
CPU,-16,vnifgsm/eps0.03_default,vnifgsm,eps0.03_default,20,110,12,11,0,12,0,1,9,12,0.0,2.7755575615628914e-15,25.88400172488141,10.909090909090908,0.0,8.333333333333332,-8.333333333333332,8.181818181818182,100.0
CPU,-16,vnifgsm/eps0.03_default,vnifgsm,eps0.03_default,30,110,12,11,1,16,1,1,7,10,9.090909090909092,1.6231752262825971,37.73646254862038,14.545454545454545,8.333333333333332,8.333333333333332,0.0,6.363636363636363,83.33333333333334
CPU,-16,vnifgsm/eps0.03_default,vnifgsm,eps0.03_default,40,110,12,11,2,16,2,1,12,5,18.181818181818183,5.136660067100063,47.69861375782448,14.545454545454545,16.666666666666664,8.333333333333332,8.333333333333332,10.909090909090908,41.66666666666667
CPU,-16,rfgsm/eps0.03_default,rfgsm,eps0.03_default,10,110,12,11,0,12,0,1,8,12,0.0,2.7755575615628914e-15,25.88400172488141,10.909090909090908,0.0,8.333333333333332,-8.333333333333332,7.2727272727272725,100.0
CPU,-16,rfgsm/eps0.03_default,rfgsm,eps0.03_default,20,110,12,11,0,17,0,1,9,12,0.0,2.7755575615628914e-15,25.88400172488141,15.454545454545453,0.0,8.333333333333332,-8.333333333333332,8.181818181818182,100.0
CPU,-16,rfgsm/eps0.03_default,rfgsm,eps0.03_default,30,110,12,11,1,12,1,1,7,10,9.090909090909092,1.6231752262825971,37.73646254862038,10.909090909090908,8.333333333333332,8.333333333333332,0.0,6.363636363636363,83.33333333333334
CPU,-16,rfgsm/eps0.03_default,rfgsm,eps0.03_default,40,110,12,11,3,17,4,1,12,5,27.27272727272727,9.745880573921466,56.56502930102463,15.454545454545453,33.33333333333333,8.333333333333332,24.999999999999996,10.909090909090908,41.66666666666667
CPU,-16,tpgd/eps0.03_default,tpgd,eps0.03_default,10,110,12,8,0,9,0,4,8,12,0.0,0.0,32.441561951087685,8.181818181818182,0.0,33.33333333333333,-33.33333333333333,7.2727272727272725,100.0
CPU,-16,tpgd/eps0.03_default,tpgd,eps0.03_default,20,110,12,8,0,8,0,4,9,12,0.0,0.0,32.441561951087685,7.2727272727272725,0.0,33.33333333333333,-33.33333333333333,8.181818181818182,100.0
CPU,-16,tpgd/eps0.03_default,tpgd,eps0.03_default,30,110,12,8,1,13,1,4,7,10,12.5,2.241690886329617,47.08948057698615,11.818181818181818,8.333333333333332,33.33333333333333,-24.999999999999996,6.363636363636363,83.33333333333334
CPU,-16,tpgd/eps0.03_default,tpgd,eps0.03_default,40,110,12,8,2,18,6,4,12,5,25.0,7.147768885802764,59.073012089741084,16.363636363636363,50.0,33.33333333333333,16.66666666666667,10.909090909090908,41.66666666666667
CPU,-16,cw/c1_steps20_lr0.01,cw,c1_steps20_lr0.01,10,110,12,12,0,7,0,0,8,12,0.0,0.0,24.25007574992425,6.363636363636363,0.0,0.0,0.0,7.2727272727272725,100.0
CPU,-16,cw/c1_steps20_lr0.01,cw,c1_steps20_lr0.01,20,110,12,12,0,7,0,0,9,12,0.0,0.0,24.25007574992425,6.363636363636363,0.0,0.0,0.0,8.181818181818182,100.0
CPU,-16,cw/c1_steps20_lr0.01,cw,c1_steps20_lr0.01,30,110,12,12,3,11,3,0,7,10,25.0,8.894003962896138,53.231033912065996,10.0,25.0,0.0,25.0,6.363636363636363,83.33333333333334
CPU,-16,cw/c1_steps20_lr0.01,cw,c1_steps20_lr0.01,40,110,12,12,6,13,6,0,12,5,50.0,25.377817039342222,74.62218296065778,11.818181818181818,50.0,0.0,50.0,10.909090909090908,41.66666666666667
CPU,-16,deepfool/package_default,deepfool,package_default,10,110,12,12,0,7,0,0,8,12,0.0,0.0,24.25007574992425,6.363636363636363,0.0,0.0,0.0,7.2727272727272725,100.0
CPU,-16,deepfool/package_default,deepfool,package_default,20,110,12,12,0,5,0,0,9,12,0.0,0.0,24.25007574992425,4.545454545454546,0.0,0.0,0.0,8.181818181818182,100.0
CPU,-16,deepfool/package_default,deepfool,package_default,30,110,12,12,3,9,3,0,7,10,25.0,8.894003962896138,53.231033912065996,8.181818181818182,25.0,0.0,25.0,6.363636363636363,83.33333333333334
CPU,-16,deepfool/package_default,deepfool,package_default,40,110,12,12,6,10,6,0,12,5,50.0,25.377817039342222,74.62218296065778,9.090909090909092,50.0,0.0,50.0,10.909090909090908,41.66666666666667
CPU,-16,fab/eps0.005,fab,eps0.005,10,110,12,5,0,8,0,7,8,12,0.0,-2.7755575615628914e-15,43.4491494752081,7.2727272727272725,0.0,58.333333333333336,-58.333333333333336,7.2727272727272725,100.0
CPU,-16,fab/eps0.005,fab,eps0.005,20,110,12,5,0,8,0,7,9,12,0.0,-2.7755575615628914e-15,43.4491494752081,7.2727272727272725,0.0,58.333333333333336,-58.333333333333336,8.181818181818182,100.0
CPU,-16,fab/eps0.005,fab,eps0.005,30,110,12,5,1,7,2,7,7,10,20.0,3.6223160969787447,62.44717358814613,6.363636363636363,16.666666666666664,58.333333333333336,-41.66666666666667,6.363636363636363,83.33333333333334
CPU,-16,fab/eps0.005,fab,eps0.005,40,110,12,5,1,12,7,7,12,5,20.0,3.6223160969787447,62.44717358814613,10.909090909090908,58.333333333333336,58.333333333333336,0.0,10.909090909090908,41.66666666666667
CPU,-16,fab/eps0.01,fab,eps0.01,10,110,12,6,0,7,0,6,8,12,0.0,0.0,39.03430336530645,6.363636363636363,0.0,50.0,-50.0,7.2727272727272725,100.0
CPU,-16,fab/eps0.01,fab,eps0.01,20,110,12,6,0,8,0,6,9,12,0.0,0.0,39.03430336530645,7.2727272727272725,0.0,50.0,-50.0,8.181818181818182,100.0
CPU,-16,fab/eps0.01,fab,eps0.01,30,110,12,6,1,8,2,6,7,10,16.666666666666664,3.005258587173032,56.350943656364606,7.2727272727272725,16.666666666666664,50.0,-33.333333333333336,6.363636363636363,83.33333333333334
CPU,-16,fab/eps0.01,fab,eps0.01,40,110,12,6,1,12,7,6,12,5,16.666666666666664,3.005258587173032,56.350943656364606,10.909090909090908,58.333333333333336,50.0,8.333333333333336,10.909090909090908,41.66666666666667
CPU,-16,fab/eps0.03,fab,eps0.03,10,110,12,11,0,7,0,1,8,12,0.0,2.7755575615628914e-15,25.88400172488141,6.363636363636363,0.0,8.333333333333332,-8.333333333333332,7.2727272727272725,100.0
CPU,-16,fab/eps0.03,fab,eps0.03,20,110,12,11,0,6,0,1,9,12,0.0,2.7755575615628914e-15,25.88400172488141,5.454545454545454,0.0,8.333333333333332,-8.333333333333332,8.181818181818182,100.0
CPU,-16,fab/eps0.03,fab,eps0.03,30,110,12,11,2,9,2,1,7,10,18.181818181818183,5.136660067100063,47.69861375782448,8.181818181818182,16.666666666666664,8.333333333333332,8.333333333333332,6.363636363636363,83.33333333333334
CPU,-16,fab/eps0.03,fab,eps0.03,40,110,12,11,3,10,4,1,12,5,27.27272727272727,9.745880573921466,56.56502930102463,9.090909090909092,33.33333333333333,8.333333333333332,24.999999999999996,10.909090909090908,41.66666666666667
CPU,-16,square/eps0.03_default,square,eps0.03_default,10,110,12,12,0,4,0,0,8,12,0.0,0.0,24.25007574992425,3.6363636363636362,0.0,0.0,0.0,7.2727272727272725,100.0
CPU,-16,square/eps0.03_default,square,eps0.03_default,20,110,12,12,0,5,0,0,9,12,0.0,0.0,24.25007574992425,4.545454545454546,0.0,0.0,0.0,8.181818181818182,100.0
CPU,-16,square/eps0.03_default,square,eps0.03_default,30,110,12,12,1,6,1,0,7,10,8.333333333333332,1.4864709450773477,35.38859217985952,5.454545454545454,8.333333333333332,0.0,8.333333333333332,6.363636363636363,83.33333333333334
CPU,-16,square/eps0.03_default,square,eps0.03_default,40,110,12,12,0,6,0,0,12,5,0.0,0.0,24.25007574992425,5.454545454545454,0.0,0.0,0.0,10.909090909090908,41.66666666666667
CPU,-16,apgd/eps0.03_default,apgd,eps0.03_default,10,110,12,11,0,13,0,1,8,12,0.0,2.7755575615628914e-15,25.88400172488141,11.818181818181818,0.0,8.333333333333332,-8.333333333333332,7.2727272727272725,100.0
CPU,-16,apgd/eps0.03_default,apgd,eps0.03_default,20,110,12,11,0,10,0,1,9,12,0.0,2.7755575615628914e-15,25.88400172488141,9.090909090909092,0.0,8.333333333333332,-8.333333333333332,8.181818181818182,100.0
CPU,-16,apgd/eps0.03_default,apgd,eps0.03_default,30,110,12,11,1,14,1,1,7,10,9.090909090909092,1.6231752262825971,37.73646254862038,12.727272727272727,8.333333333333332,8.333333333333332,0.0,6.363636363636363,83.33333333333334
CPU,-16,apgd/eps0.03_default,apgd,eps0.03_default,40,110,12,11,1,18,2,1,12,5,9.090909090909092,1.6231752262825971,37.73646254862038,16.363636363636363,16.666666666666664,8.333333333333332,8.333333333333332,10.909090909090908,41.66666666666667
CPU,-16,apgdt/eps0.03_default,apgdt,eps0.03_default,10,110,12,12,0,9,0,0,8,12,0.0,0.0,24.25007574992425,8.181818181818182,0.0,0.0,0.0,7.2727272727272725,100.0
CPU,-16,apgdt/eps0.03_default,apgdt,eps0.03_default,20,110,12,12,0,16,0,0,9,12,0.0,0.0,24.25007574992425,14.545454545454545,0.0,0.0,0.0,8.181818181818182,100.0
CPU,-16,apgdt/eps0.03_default,apgdt,eps0.03_default,30,110,12,12,3,17,3,0,7,10,25.0,8.894003962896138,53.231033912065996,15.454545454545453,25.0,0.0,25.0,6.363636363636363,83.33333333333334
CPU,-16,apgdt/eps0.03_default,apgdt,eps0.03_default,40,110,12,12,5,18,5,0,12,5,41.66666666666667,19.325746190524658,68.04926643446272,16.363636363636363,41.66666666666667,0.0,41.66666666666667,10.909090909090908,41.66666666666667
CPU,-16,autoattack/eps0.03_standard,autoattack,eps0.03_standard,10,110,12,12,0,11,0,0,8,12,0.0,0.0,24.25007574992425,10.0,0.0,0.0,0.0,7.2727272727272725,100.0
CPU,-16,autoattack/eps0.03_standard,autoattack,eps0.03_standard,20,110,12,12,0,11,0,0,9,12,0.0,0.0,24.25007574992425,10.0,0.0,0.0,0.0,8.181818181818182,100.0
CPU,-16,autoattack/eps0.03_standard,autoattack,eps0.03_standard,30,110,12,12,1,15,1,0,7,10,8.333333333333332,1.4864709450773477,35.38859217985952,13.636363636363635,8.333333333333332,0.0,8.333333333333332,6.363636363636363,83.33333333333334
CPU,-16,autoattack/eps0.03_standard,autoattack,eps0.03_standard,40,110,12,12,3,17,3,0,12,5,25.0,8.894003962896138,53.231033912065996,15.454545454545453,25.0,0.0,25.0,10.909090909090908,41.66666666666667
CPU,-16,ead/package_default,ead,package_default,10,110,12,12,0,8,0,0,8,12,0.0,0.0,24.25007574992425,7.2727272727272725,0.0,0.0,0.0,7.2727272727272725,100.0
CPU,-16,ead/package_default,ead,package_default,20,110,12,12,0,7,0,0,9,12,0.0,0.0,24.25007574992425,6.363636363636363,0.0,0.0,0.0,8.181818181818182,100.0
CPU,-16,ead/package_default,ead,package_default,30,110,12,12,2,11,2,0,7,10,16.666666666666664,4.696414761482223,44.80363573846727,10.0,16.666666666666664,0.0,16.666666666666664,6.363636363636363,83.33333333333334
CPU,-16,ead/package_default,ead,package_default,40,110,12,12,6,10,6,0,12,5,50.0,25.377817039342222,74.62218296065778,9.090909090909092,50.0,0.0,50.0,10.909090909090908,41.66666666666667
CPU,-16,ALL/ALL_24,ALL,ALL_24,10,2640,288,231,0,223,0,57,192,288,0.0,0.0,1.6358260206028232,8.446969696969697,0.0,19.791666666666664,-19.791666666666664,7.2727272727272725,100.0
CPU,-16,ALL/ALL_24,ALL,ALL_24,20,2640,288,231,0,233,0,57,216,288,0.0,0.0,1.6358260206028232,8.825757575757576,0.0,19.791666666666664,-19.791666666666664,8.181818181818182,100.0
CPU,-16,ALL/ALL_24,ALL,ALL_24,30,2640,288,231,32,298,39,57,168,240,13.852813852813853,9.98639781541867,18.90184004363186,11.287878787878789,13.541666666666666,19.791666666666664,-6.249999999999998,6.363636363636363,83.33333333333334
CPU,-16,ALL/ALL_24,ALL,ALL_24,40,2640,288,231,56,330,103,57,288,120,24.242424242424242,19.16647825636372,30.16106848152258,12.5,35.76388888888889,19.791666666666664,15.972222222222229,10.909090909090908,41.66666666666667
CPU,-14,fgsm/eps0.005,fgsm,eps0.005,10,110,12,3,0,12,1,9,12,11,0.0,0.0,56.15060804490177,10.909090909090908,8.333333333333332,75.0,-66.66666666666667,10.909090909090908,91.66666666666666
CPU,-14,fgsm/eps0.005,fgsm,eps0.005,20,110,12,3,0,13,1,9,14,11,0.0,0.0,56.15060804490177,11.818181818181818,8.333333333333332,75.0,-66.66666666666667,12.727272727272727,91.66666666666666
CPU,-14,fgsm/eps0.005,fgsm,eps0.005,30,110,12,3,1,15,3,9,13,9,33.33333333333333,6.14903152761605,79.23450448735122,13.636363636363635,25.0,75.0,-50.0,11.818181818181818,75.0
CPU,-14,fgsm/eps0.005,fgsm,eps0.005,40,110,12,3,1,16,7,9,15,4,33.33333333333333,6.14903152761605,79.23450448735122,14.545454545454545,58.333333333333336,75.0,-16.666666666666664,13.636363636363635,33.33333333333333
CPU,-14,fgsm/eps0.01,fgsm,eps0.01,10,110,12,5,0,11,0,7,12,11,0.0,-2.7755575615628914e-15,43.4491494752081,10.0,0.0,58.333333333333336,-58.333333333333336,10.909090909090908,91.66666666666666
CPU,-14,fgsm/eps0.01,fgsm,eps0.01,20,110,12,5,0,10,0,7,14,11,0.0,-2.7755575615628914e-15,43.4491494752081,9.090909090909092,0.0,58.333333333333336,-58.333333333333336,12.727272727272727,91.66666666666666
CPU,-14,fgsm/eps0.01,fgsm,eps0.01,30,110,12,5,1,16,3,7,13,9,20.0,3.6223160969787447,62.44717358814613,14.545454545454545,25.0,58.333333333333336,-33.333333333333336,11.818181818181818,75.0
CPU,-14,fgsm/eps0.01,fgsm,eps0.01,40,110,12,5,0,15,4,7,15,4,0.0,-2.7755575615628914e-15,43.4491494752081,13.636363636363635,33.33333333333333,58.333333333333336,-25.000000000000007,13.636363636363635,33.33333333333333
CPU,-14,fgsm/eps0.03,fgsm,eps0.03,10,110,12,11,0,7,0,1,12,11,0.0,2.7755575615628914e-15,25.88400172488141,6.363636363636363,0.0,8.333333333333332,-8.333333333333332,10.909090909090908,91.66666666666666
CPU,-14,fgsm/eps0.03,fgsm,eps0.03,20,110,12,11,1,9,1,1,14,11,9.090909090909092,1.6231752262825971,37.73646254862038,8.181818181818182,8.333333333333332,8.333333333333332,0.0,12.727272727272727,91.66666666666666
CPU,-14,fgsm/eps0.03,fgsm,eps0.03,30,110,12,11,1,15,1,1,13,9,9.090909090909092,1.6231752262825971,37.73646254862038,13.636363636363635,8.333333333333332,8.333333333333332,0.0,11.818181818181818,75.0
CPU,-14,fgsm/eps0.03,fgsm,eps0.03,40,110,12,11,0,17,1,1,15,4,0.0,2.7755575615628914e-15,25.88400172488141,15.454545454545453,8.333333333333332,8.333333333333332,0.0,13.636363636363635,33.33333333333333
CPU,-14,fgsm/eps0.05,fgsm,eps0.05,10,110,12,12,1,8,1,0,12,11,8.333333333333332,1.4864709450773477,35.38859217985952,7.2727272727272725,8.333333333333332,0.0,8.333333333333332,10.909090909090908,91.66666666666666
CPU,-14,fgsm/eps0.05,fgsm,eps0.05,20,110,12,12,1,10,1,0,14,11,8.333333333333332,1.4864709450773477,35.38859217985952,9.090909090909092,8.333333333333332,0.0,8.333333333333332,12.727272727272727,91.66666666666666
CPU,-14,fgsm/eps0.05,fgsm,eps0.05,30,110,12,12,0,12,0,0,13,9,0.0,0.0,24.25007574992425,10.909090909090908,0.0,0.0,0.0,11.818181818181818,75.0
CPU,-14,fgsm/eps0.05,fgsm,eps0.05,40,110,12,12,0,13,0,0,15,4,0.0,0.0,24.25007574992425,11.818181818181818,0.0,0.0,0.0,13.636363636363635,33.33333333333333
CPU,-14,bim/eps0.03_default,bim,eps0.03_default,10,110,12,11,1,8,1,1,12,11,9.090909090909092,1.6231752262825971,37.73646254862038,7.2727272727272725,8.333333333333332,8.333333333333332,0.0,10.909090909090908,91.66666666666666
CPU,-14,bim/eps0.03_default,bim,eps0.03_default,20,110,12,11,1,14,1,1,14,11,9.090909090909092,1.6231752262825971,37.73646254862038,12.727272727272727,8.333333333333332,8.333333333333332,0.0,12.727272727272727,91.66666666666666
CPU,-14,bim/eps0.03_default,bim,eps0.03_default,30,110,12,11,1,13,1,1,13,9,9.090909090909092,1.6231752262825971,37.73646254862038,11.818181818181818,8.333333333333332,8.333333333333332,0.0,11.818181818181818,75.0
CPU,-14,bim/eps0.03_default,bim,eps0.03_default,40,110,12,11,0,15,1,1,15,4,0.0,2.7755575615628914e-15,25.88400172488141,13.636363636363635,8.333333333333332,8.333333333333332,0.0,13.636363636363635,33.33333333333333
CPU,-14,pgd/eps0.005,pgd,eps0.005,10,110,12,4,0,12,1,8,12,11,0.0,0.0,48.990002040399915,10.909090909090908,8.333333333333332,66.66666666666666,-58.33333333333333,10.909090909090908,91.66666666666666
CPU,-14,pgd/eps0.005,pgd,eps0.005,20,110,12,4,0,14,1,8,14,11,0.0,0.0,48.990002040399915,12.727272727272727,8.333333333333332,66.66666666666666,-58.33333333333333,12.727272727272727,91.66666666666666
CPU,-14,pgd/eps0.005,pgd,eps0.005,30,110,12,4,1,14,3,8,13,9,25.0,4.558606264463622,69.93639475573634,12.727272727272727,25.0,66.66666666666666,-41.66666666666666,11.818181818181818,75.0
CPU,-14,pgd/eps0.005,pgd,eps0.005,40,110,12,4,1,17,7,8,15,4,25.0,4.558606264463622,69.93639475573634,15.454545454545453,58.333333333333336,66.66666666666666,-8.333333333333321,13.636363636363635,33.33333333333333
CPU,-14,pgd/eps0.01,pgd,eps0.01,10,110,12,6,0,12,1,6,12,11,0.0,0.0,39.03430336530645,10.909090909090908,8.333333333333332,50.0,-41.66666666666667,10.909090909090908,91.66666666666666
CPU,-14,pgd/eps0.01,pgd,eps0.01,20,110,12,6,0,10,0,6,14,11,0.0,0.0,39.03430336530645,9.090909090909092,0.0,50.0,-50.0,12.727272727272727,91.66666666666666
CPU,-14,pgd/eps0.01,pgd,eps0.01,30,110,12,6,1,17,3,6,13,9,16.666666666666664,3.005258587173032,56.350943656364606,15.454545454545453,25.0,50.0,-25.0,11.818181818181818,75.0
CPU,-14,pgd/eps0.01,pgd,eps0.01,40,110,12,6,1,13,5,6,15,4,16.666666666666664,3.005258587173032,56.350943656364606,11.818181818181818,41.66666666666667,50.0,-8.333333333333329,13.636363636363635,33.33333333333333
CPU,-14,pgd/eps0.03,pgd,eps0.03,10,110,12,12,0,7,0,0,12,11,0.0,0.0,24.25007574992425,6.363636363636363,0.0,0.0,0.0,10.909090909090908,91.66666666666666
CPU,-14,pgd/eps0.03,pgd,eps0.03,20,110,12,12,1,15,1,0,14,11,8.333333333333332,1.4864709450773477,35.38859217985952,13.636363636363635,8.333333333333332,0.0,8.333333333333332,12.727272727272727,91.66666666666666
CPU,-14,pgd/eps0.03,pgd,eps0.03,30,110,12,12,0,12,0,0,13,9,0.0,0.0,24.25007574992425,10.909090909090908,0.0,0.0,0.0,11.818181818181818,75.0
CPU,-14,pgd/eps0.03,pgd,eps0.03,40,110,12,12,0,13,0,0,15,4,0.0,0.0,24.25007574992425,11.818181818181818,0.0,0.0,0.0,13.636363636363635,33.33333333333333
CPU,-14,mifgsm/eps0.03_default,mifgsm,eps0.03_default,10,110,12,11,1,7,1,1,12,11,9.090909090909092,1.6231752262825971,37.73646254862038,6.363636363636363,8.333333333333332,8.333333333333332,0.0,10.909090909090908,91.66666666666666
CPU,-14,mifgsm/eps0.03_default,mifgsm,eps0.03_default,20,110,12,11,0,15,0,1,14,11,0.0,2.7755575615628914e-15,25.88400172488141,13.636363636363635,0.0,8.333333333333332,-8.333333333333332,12.727272727272727,91.66666666666666
CPU,-14,mifgsm/eps0.03_default,mifgsm,eps0.03_default,30,110,12,11,0,13,0,1,13,9,0.0,2.7755575615628914e-15,25.88400172488141,11.818181818181818,0.0,8.333333333333332,-8.333333333333332,11.818181818181818,75.0
CPU,-14,mifgsm/eps0.03_default,mifgsm,eps0.03_default,40,110,12,11,0,15,0,1,15,4,0.0,2.7755575615628914e-15,25.88400172488141,13.636363636363635,0.0,8.333333333333332,-8.333333333333332,13.636363636363635,33.33333333333333
CPU,-14,difgsm/eps0.03_default,difgsm,eps0.03_default,10,110,12,11,1,10,1,1,12,11,9.090909090909092,1.6231752262825971,37.73646254862038,9.090909090909092,8.333333333333332,8.333333333333332,0.0,10.909090909090908,91.66666666666666
CPU,-14,difgsm/eps0.03_default,difgsm,eps0.03_default,20,110,12,11,1,13,1,1,14,11,9.090909090909092,1.6231752262825971,37.73646254862038,11.818181818181818,8.333333333333332,8.333333333333332,0.0,12.727272727272727,91.66666666666666
CPU,-14,difgsm/eps0.03_default,difgsm,eps0.03_default,30,110,12,11,0,18,0,1,13,9,0.0,2.7755575615628914e-15,25.88400172488141,16.363636363636363,0.0,8.333333333333332,-8.333333333333332,11.818181818181818,75.0
CPU,-14,difgsm/eps0.03_default,difgsm,eps0.03_default,40,110,12,11,0,17,1,1,15,4,0.0,2.7755575615628914e-15,25.88400172488141,15.454545454545453,8.333333333333332,8.333333333333332,0.0,13.636363636363635,33.33333333333333
CPU,-14,vmifgsm/eps0.03_default,vmifgsm,eps0.03_default,10,110,12,11,1,10,1,1,12,11,9.090909090909092,1.6231752262825971,37.73646254862038,9.090909090909092,8.333333333333332,8.333333333333332,0.0,10.909090909090908,91.66666666666666
CPU,-14,vmifgsm/eps0.03_default,vmifgsm,eps0.03_default,20,110,12,11,0,13,0,1,14,11,0.0,2.7755575615628914e-15,25.88400172488141,11.818181818181818,0.0,8.333333333333332,-8.333333333333332,12.727272727272727,91.66666666666666
CPU,-14,vmifgsm/eps0.03_default,vmifgsm,eps0.03_default,30,110,12,11,0,13,0,1,13,9,0.0,2.7755575615628914e-15,25.88400172488141,11.818181818181818,0.0,8.333333333333332,-8.333333333333332,11.818181818181818,75.0
CPU,-14,vmifgsm/eps0.03_default,vmifgsm,eps0.03_default,40,110,12,11,0,14,1,1,15,4,0.0,2.7755575615628914e-15,25.88400172488141,12.727272727272727,8.333333333333332,8.333333333333332,0.0,13.636363636363635,33.33333333333333
CPU,-14,vnifgsm/eps0.03_default,vnifgsm,eps0.03_default,10,110,12,12,0,7,0,0,12,11,0.0,0.0,24.25007574992425,6.363636363636363,0.0,0.0,0.0,10.909090909090908,91.66666666666666
CPU,-14,vnifgsm/eps0.03_default,vnifgsm,eps0.03_default,20,110,12,12,0,16,0,0,14,11,0.0,0.0,24.25007574992425,14.545454545454545,0.0,0.0,0.0,12.727272727272727,91.66666666666666
CPU,-14,vnifgsm/eps0.03_default,vnifgsm,eps0.03_default,30,110,12,12,0,12,0,0,13,9,0.0,0.0,24.25007574992425,10.909090909090908,0.0,0.0,0.0,11.818181818181818,75.0
CPU,-14,vnifgsm/eps0.03_default,vnifgsm,eps0.03_default,40,110,12,12,0,13,0,0,15,4,0.0,0.0,24.25007574992425,11.818181818181818,0.0,0.0,0.0,13.636363636363635,33.33333333333333
CPU,-14,rfgsm/eps0.03_default,rfgsm,eps0.03_default,10,110,12,12,1,9,1,0,12,11,8.333333333333332,1.4864709450773477,35.38859217985952,8.181818181818182,8.333333333333332,0.0,8.333333333333332,10.909090909090908,91.66666666666666
CPU,-14,rfgsm/eps0.03_default,rfgsm,eps0.03_default,20,110,12,12,0,13,0,0,14,11,0.0,0.0,24.25007574992425,11.818181818181818,0.0,0.0,0.0,12.727272727272727,91.66666666666666
CPU,-14,rfgsm/eps0.03_default,rfgsm,eps0.03_default,30,110,12,12,0,9,0,0,13,9,0.0,0.0,24.25007574992425,8.181818181818182,0.0,0.0,0.0,11.818181818181818,75.0
CPU,-14,rfgsm/eps0.03_default,rfgsm,eps0.03_default,40,110,12,12,1,12,1,0,15,4,8.333333333333332,1.4864709450773477,35.38859217985952,10.909090909090908,8.333333333333332,0.0,8.333333333333332,13.636363636363635,33.33333333333333
CPU,-14,tpgd/eps0.03_default,tpgd,eps0.03_default,10,110,12,10,1,7,1,2,12,11,10.0,1.7875749515721129,40.41563854975721,6.363636363636363,8.333333333333332,16.666666666666664,-8.333333333333332,10.909090909090908,91.66666666666666
CPU,-14,tpgd/eps0.03_default,tpgd,eps0.03_default,20,110,12,10,0,8,0,2,14,11,0.0,-2.7755575615628914e-15,27.75401687666166,7.2727272727272725,0.0,16.666666666666664,-16.666666666666664,12.727272727272727,91.66666666666666
CPU,-14,tpgd/eps0.03_default,tpgd,eps0.03_default,30,110,12,10,1,11,1,2,13,9,10.0,1.7875749515721129,40.41563854975721,10.0,8.333333333333332,16.666666666666664,-8.333333333333332,11.818181818181818,75.0
CPU,-14,tpgd/eps0.03_default,tpgd,eps0.03_default,40,110,12,10,1,11,2,2,15,4,10.0,1.7875749515721129,40.41563854975721,10.0,16.666666666666664,16.666666666666664,0.0,13.636363636363635,33.33333333333333
CPU,-14,cw/c1_steps20_lr0.01,cw,c1_steps20_lr0.01,10,110,12,12,1,10,1,0,12,11,8.333333333333332,1.4864709450773477,35.38859217985952,9.090909090909092,8.333333333333332,0.0,8.333333333333332,10.909090909090908,91.66666666666666
CPU,-14,cw/c1_steps20_lr0.01,cw,c1_steps20_lr0.01,20,110,12,12,1,11,1,0,14,11,8.333333333333332,1.4864709450773477,35.38859217985952,10.0,8.333333333333332,0.0,8.333333333333332,12.727272727272727,91.66666666666666
CPU,-14,cw/c1_steps20_lr0.01,cw,c1_steps20_lr0.01,30,110,12,12,3,13,3,0,13,9,25.0,8.894003962896138,53.231033912065996,11.818181818181818,25.0,0.0,25.0,11.818181818181818,75.0
CPU,-14,cw/c1_steps20_lr0.01,cw,c1_steps20_lr0.01,40,110,12,12,3,10,3,0,15,4,25.0,8.894003962896138,53.231033912065996,9.090909090909092,25.0,0.0,25.0,13.636363636363635,33.33333333333333
CPU,-14,deepfool/package_default,deepfool,package_default,10,110,12,12,0,9,0,0,12,11,0.0,0.0,24.25007574992425,8.181818181818182,0.0,0.0,0.0,10.909090909090908,91.66666666666666
CPU,-14,deepfool/package_default,deepfool,package_default,20,110,12,12,1,13,1,0,14,11,8.333333333333332,1.4864709450773477,35.38859217985952,11.818181818181818,8.333333333333332,0.0,8.333333333333332,12.727272727272727,91.66666666666666
CPU,-14,deepfool/package_default,deepfool,package_default,30,110,12,12,2,12,2,0,13,9,16.666666666666664,4.696414761482223,44.80363573846727,10.909090909090908,16.666666666666664,0.0,16.666666666666664,11.818181818181818,75.0
CPU,-14,deepfool/package_default,deepfool,package_default,40,110,12,12,5,13,5,0,15,4,41.66666666666667,19.325746190524658,68.04926643446272,11.818181818181818,41.66666666666667,0.0,41.66666666666667,13.636363636363635,33.33333333333333
CPU,-14,fab/eps0.005,fab,eps0.005,10,110,12,5,0,13,1,7,12,11,0.0,-2.7755575615628914e-15,43.4491494752081,11.818181818181818,8.333333333333332,58.333333333333336,-50.0,10.909090909090908,91.66666666666666
CPU,-14,fab/eps0.005,fab,eps0.005,20,110,12,5,0,15,1,7,14,11,0.0,-2.7755575615628914e-15,43.4491494752081,13.636363636363635,8.333333333333332,58.333333333333336,-50.0,12.727272727272727,91.66666666666666
CPU,-14,fab/eps0.005,fab,eps0.005,30,110,12,5,1,14,3,7,13,9,20.0,3.6223160969787447,62.44717358814613,12.727272727272727,25.0,58.333333333333336,-33.333333333333336,11.818181818181818,75.0
CPU,-14,fab/eps0.005,fab,eps0.005,40,110,12,5,1,14,7,7,15,4,20.0,3.6223160969787447,62.44717358814613,12.727272727272727,58.333333333333336,58.333333333333336,0.0,13.636363636363635,33.33333333333333
CPU,-14,fab/eps0.01,fab,eps0.01,10,110,12,6,0,12,1,6,12,11,0.0,0.0,39.03430336530645,10.909090909090908,8.333333333333332,50.0,-41.66666666666667,10.909090909090908,91.66666666666666
CPU,-14,fab/eps0.01,fab,eps0.01,20,110,12,6,0,13,1,6,14,11,0.0,0.0,39.03430336530645,11.818181818181818,8.333333333333332,50.0,-41.66666666666667,12.727272727272727,91.66666666666666
CPU,-14,fab/eps0.01,fab,eps0.01,30,110,12,6,1,14,3,6,13,9,16.666666666666664,3.005258587173032,56.350943656364606,12.727272727272727,25.0,50.0,-25.0,11.818181818181818,75.0
CPU,-14,fab/eps0.01,fab,eps0.01,40,110,12,6,2,14,7,6,15,4,33.33333333333333,9.676933255921682,70.00116786584712,12.727272727272727,58.333333333333336,50.0,8.333333333333336,13.636363636363635,33.33333333333333
CPU,-14,fab/eps0.03,fab,eps0.03,10,110,12,12,0,10,0,0,12,11,0.0,0.0,24.25007574992425,9.090909090909092,0.0,0.0,0.0,10.909090909090908,91.66666666666666
CPU,-14,fab/eps0.03,fab,eps0.03,20,110,12,12,0,10,0,0,14,11,0.0,0.0,24.25007574992425,9.090909090909092,0.0,0.0,0.0,12.727272727272727,91.66666666666666
CPU,-14,fab/eps0.03,fab,eps0.03,30,110,12,12,2,13,2,0,13,9,16.666666666666664,4.696414761482223,44.80363573846727,11.818181818181818,16.666666666666664,0.0,16.666666666666664,11.818181818181818,75.0
CPU,-14,fab/eps0.03,fab,eps0.03,40,110,12,12,4,10,4,0,15,4,33.33333333333333,13.811783989736135,60.9382412602386,9.090909090909092,33.33333333333333,0.0,33.33333333333333,13.636363636363635,33.33333333333333
CPU,-14,square/eps0.03_default,square,eps0.03_default,10,110,12,12,0,8,0,0,12,11,0.0,0.0,24.25007574992425,7.2727272727272725,0.0,0.0,0.0,10.909090909090908,91.66666666666666
CPU,-14,square/eps0.03_default,square,eps0.03_default,20,110,12,12,0,11,0,0,14,11,0.0,0.0,24.25007574992425,10.0,0.0,0.0,0.0,12.727272727272727,91.66666666666666
CPU,-14,square/eps0.03_default,square,eps0.03_default,30,110,12,12,2,13,2,0,13,9,16.666666666666664,4.696414761482223,44.80363573846727,11.818181818181818,16.666666666666664,0.0,16.666666666666664,11.818181818181818,75.0
CPU,-14,square/eps0.03_default,square,eps0.03_default,40,110,12,12,5,10,5,0,15,4,41.66666666666667,19.325746190524658,68.04926643446272,9.090909090909092,41.66666666666667,0.0,41.66666666666667,13.636363636363635,33.33333333333333
CPU,-14,apgd/eps0.03_default,apgd,eps0.03_default,10,110,12,12,0,7,0,0,12,11,0.0,0.0,24.25007574992425,6.363636363636363,0.0,0.0,0.0,10.909090909090908,91.66666666666666
CPU,-14,apgd/eps0.03_default,apgd,eps0.03_default,20,110,12,12,0,12,0,0,14,11,0.0,0.0,24.25007574992425,10.909090909090908,0.0,0.0,0.0,12.727272727272727,91.66666666666666
CPU,-14,apgd/eps0.03_default,apgd,eps0.03_default,30,110,12,12,2,12,2,0,13,9,16.666666666666664,4.696414761482223,44.80363573846727,10.909090909090908,16.666666666666664,0.0,16.666666666666664,11.818181818181818,75.0
CPU,-14,apgd/eps0.03_default,apgd,eps0.03_default,40,110,12,12,1,12,1,0,15,4,8.333333333333332,1.4864709450773477,35.38859217985952,10.909090909090908,8.333333333333332,0.0,8.333333333333332,13.636363636363635,33.33333333333333
CPU,-14,apgdt/eps0.03_default,apgdt,eps0.03_default,10,110,12,12,1,12,1,0,12,11,8.333333333333332,1.4864709450773477,35.38859217985952,10.909090909090908,8.333333333333332,0.0,8.333333333333332,10.909090909090908,91.66666666666666
CPU,-14,apgdt/eps0.03_default,apgdt,eps0.03_default,20,110,12,12,1,13,1,0,14,11,8.333333333333332,1.4864709450773477,35.38859217985952,11.818181818181818,8.333333333333332,0.0,8.333333333333332,12.727272727272727,91.66666666666666
CPU,-14,apgdt/eps0.03_default,apgdt,eps0.03_default,30,110,12,12,1,12,1,0,13,9,8.333333333333332,1.4864709450773477,35.38859217985952,10.909090909090908,8.333333333333332,0.0,8.333333333333332,11.818181818181818,75.0
CPU,-14,apgdt/eps0.03_default,apgdt,eps0.03_default,40,110,12,12,3,17,3,0,15,4,25.0,8.894003962896138,53.231033912065996,15.454545454545453,25.0,0.0,25.0,13.636363636363635,33.33333333333333
CPU,-14,autoattack/eps0.03_standard,autoattack,eps0.03_standard,10,110,12,12,0,7,0,0,12,11,0.0,0.0,24.25007574992425,6.363636363636363,0.0,0.0,0.0,10.909090909090908,91.66666666666666
CPU,-14,autoattack/eps0.03_standard,autoattack,eps0.03_standard,20,110,12,12,0,13,0,0,14,11,0.0,0.0,24.25007574992425,11.818181818181818,0.0,0.0,0.0,12.727272727272727,91.66666666666666
CPU,-14,autoattack/eps0.03_standard,autoattack,eps0.03_standard,30,110,12,12,1,9,1,0,13,9,8.333333333333332,1.4864709450773477,35.38859217985952,8.181818181818182,8.333333333333332,0.0,8.333333333333332,11.818181818181818,75.0
CPU,-14,autoattack/eps0.03_standard,autoattack,eps0.03_standard,40,110,12,12,0,10,0,0,15,4,0.0,0.0,24.25007574992425,9.090909090909092,0.0,0.0,0.0,13.636363636363635,33.33333333333333
CPU,-14,ead/package_default,ead,package_default,10,110,12,12,1,11,1,0,12,11,8.333333333333332,1.4864709450773477,35.38859217985952,10.0,8.333333333333332,0.0,8.333333333333332,10.909090909090908,91.66666666666666
CPU,-14,ead/package_default,ead,package_default,20,110,12,12,1,17,1,0,14,11,8.333333333333332,1.4864709450773477,35.38859217985952,15.454545454545453,8.333333333333332,0.0,8.333333333333332,12.727272727272727,91.66666666666666
CPU,-14,ead/package_default,ead,package_default,30,110,12,12,2,14,2,0,13,9,16.666666666666664,4.696414761482223,44.80363573846727,12.727272727272727,16.666666666666664,0.0,16.666666666666664,11.818181818181818,75.0
CPU,-14,ead/package_default,ead,package_default,40,110,12,12,6,15,6,0,15,4,50.0,25.377817039342222,74.62218296065778,13.636363636363635,50.0,0.0,50.0,13.636363636363635,33.33333333333333
CPU,-14,ALL/ALL_24,ALL,ALL_24,10,2640,288,238,10,226,15,50,288,264,4.201680672268908,2.2979992778216887,7.560354289141151,8.56060606060606,5.208333333333334,17.36111111111111,-12.152777777777777,10.909090909090908,91.66666666666666
CPU,-14,ALL/ALL_24,ALL,ALL_24,20,2640,288,238,9,301,13,50,336,264,3.7815126050420167,2.00197954050187,7.029386444506497,11.401515151515152,4.513888888888888,17.36111111111111,-12.847222222222221,12.727272727272727,91.66666666666666
CPU,-14,ALL/ALL_24,ALL,ALL_24,30,2640,288,238,24,316,36,50,312,216,10.084033613445378,6.870362827571775,14.565816886753636,11.969696969696969,12.5,17.36111111111111,-4.861111111111111,11.818181818181818,75.0
CPU,-14,ALL/ALL_24,ALL,ALL_24,40,2640,288,238,35,326,71,50,360,96,14.705882352941178,10.767744619032078,19.765298496792493,12.34848484848485,24.65277777777778,17.36111111111111,7.291666666666668,13.636363636363635,33.33333333333333
CPU,-12,fgsm/eps0.005,fgsm,eps0.005,10,110,21,11,0,9,0,10,8,20,0.0,2.7755575615628914e-15,25.88400172488141,8.181818181818182,0.0,47.61904761904761,-47.61904761904761,7.2727272727272725,95.23809523809523
CPU,-12,fgsm/eps0.005,fgsm,eps0.005,20,110,21,11,1,13,2,10,12,18,9.090909090909092,1.6231752262825971,37.73646254862038,11.818181818181818,9.523809523809524,47.61904761904761,-38.09523809523809,10.909090909090908,85.71428571428571
CPU,-12,fgsm/eps0.005,fgsm,eps0.005,30,110,21,11,2,13,5,10,13,16,18.181818181818183,5.136660067100063,47.69861375782448,11.818181818181818,23.809523809523807,47.61904761904761,-23.809523809523807,11.818181818181818,76.19047619047619
CPU,-12,fgsm/eps0.005,fgsm,eps0.005,40,110,21,11,2,16,10,10,18,8,18.181818181818183,5.136660067100063,47.69861375782448,14.545454545454545,47.61904761904761,47.61904761904761,0.0,16.363636363636363,38.095238095238095
CPU,-12,fgsm/eps0.01,fgsm,eps0.01,10,110,21,13,0,8,0,8,8,20,0.0,0.0,22.810184305529166,7.2727272727272725,0.0,38.095238095238095,-38.095238095238095,7.2727272727272725,95.23809523809523
CPU,-12,fgsm/eps0.01,fgsm,eps0.01,20,110,21,13,1,11,1,8,12,18,7.6923076923076925,1.3710066379696322,33.31453392824736,10.0,4.761904761904762,38.095238095238095,-33.333333333333336,10.909090909090908,85.71428571428571
CPU,-12,fgsm/eps0.01,fgsm,eps0.01,30,110,21,13,1,15,3,8,13,16,7.6923076923076925,1.3710066379696322,33.31453392824736,13.636363636363635,14.285714285714285,38.095238095238095,-23.80952380952381,11.818181818181818,76.19047619047619
CPU,-12,fgsm/eps0.01,fgsm,eps0.01,40,110,21,13,3,17,10,8,18,8,23.076923076923077,8.179379092465714,50.256873995126924,15.454545454545453,47.61904761904761,38.095238095238095,9.523809523809518,16.363636363636363,38.095238095238095
CPU,-12,fgsm/eps0.03,fgsm,eps0.03,10,110,21,18,0,12,0,3,8,20,0.0,0.0,17.58845505823749,10.909090909090908,0.0,14.285714285714285,-14.285714285714285,7.2727272727272725,95.23809523809523
CPU,-12,fgsm/eps0.03,fgsm,eps0.03,20,110,21,18,1,16,1,3,12,18,5.555555555555555,0.9874935830924525,25.75779980200754,14.545454545454545,4.761904761904762,14.285714285714285,-9.523809523809522,10.909090909090908,85.71428571428571
CPU,-12,fgsm/eps0.03,fgsm,eps0.03,30,110,21,18,2,18,2,3,13,16,11.11111111111111,3.101886845358279,32.80024486660421,16.363636363636363,9.523809523809524,14.285714285714285,-4.761904761904761,11.818181818181818,76.19047619047619
CPU,-12,fgsm/eps0.03,fgsm,eps0.03,40,110,21,18,2,14,4,3,18,8,11.11111111111111,3.101886845358279,32.80024486660421,12.727272727272727,19.047619047619047,14.285714285714285,4.761904761904763,16.363636363636363,38.095238095238095
CPU,-12,fgsm/eps0.05,fgsm,eps0.05,10,110,21,21,0,10,0,0,8,20,0.0,0.0,15.464382326420195,9.090909090909092,0.0,0.0,0.0,7.2727272727272725,95.23809523809523
CPU,-12,fgsm/eps0.05,fgsm,eps0.05,20,110,21,21,1,17,1,0,12,18,4.761904761904762,0.8455769471923293,22.669816586235463,15.454545454545453,4.761904761904762,0.0,4.761904761904762,10.909090909090908,85.71428571428571
CPU,-12,fgsm/eps0.05,fgsm,eps0.05,30,110,21,21,1,15,1,0,13,16,4.761904761904762,0.8455769471923293,22.669816586235463,13.636363636363635,4.761904761904762,0.0,4.761904761904762,11.818181818181818,76.19047619047619
CPU,-12,fgsm/eps0.05,fgsm,eps0.05,40,110,21,21,1,12,1,0,18,8,4.761904761904762,0.8455769471923293,22.669816586235463,10.909090909090908,4.761904761904762,0.0,4.761904761904762,16.363636363636363,38.095238095238095
CPU,-12,bim/eps0.03_default,bim,eps0.03_default,10,110,21,21,1,12,1,0,8,20,4.761904761904762,0.8455769471923293,22.669816586235463,10.909090909090908,4.761904761904762,0.0,4.761904761904762,7.2727272727272725,95.23809523809523
CPU,-12,bim/eps0.03_default,bim,eps0.03_default,20,110,21,21,0,11,0,0,12,18,0.0,0.0,15.464382326420195,10.0,0.0,0.0,0.0,10.909090909090908,85.71428571428571
CPU,-12,bim/eps0.03_default,bim,eps0.03_default,30,110,21,21,2,16,2,0,13,16,9.523809523809524,2.6518208796947245,28.914583860740674,14.545454545454545,9.523809523809524,0.0,9.523809523809524,11.818181818181818,76.19047619047619
CPU,-12,bim/eps0.03_default,bim,eps0.03_default,40,110,21,21,4,15,4,0,18,8,19.047619047619047,7.667440615177301,40.000986539273285,13.636363636363635,19.047619047619047,0.0,19.047619047619047,16.363636363636363,38.095238095238095
CPU,-12,pgd/eps0.005,pgd,eps0.005,10,110,21,11,0,9,0,10,8,20,0.0,2.7755575615628914e-15,25.88400172488141,8.181818181818182,0.0,47.61904761904761,-47.61904761904761,7.2727272727272725,95.23809523809523
CPU,-12,pgd/eps0.005,pgd,eps0.005,20,110,21,11,1,13,2,10,12,18,9.090909090909092,1.6231752262825971,37.73646254862038,11.818181818181818,9.523809523809524,47.61904761904761,-38.09523809523809,10.909090909090908,85.71428571428571
CPU,-12,pgd/eps0.005,pgd,eps0.005,30,110,21,11,2,13,6,10,13,16,18.181818181818183,5.136660067100063,47.69861375782448,11.818181818181818,28.57142857142857,47.61904761904761,-19.047619047619044,11.818181818181818,76.19047619047619
CPU,-12,pgd/eps0.005,pgd,eps0.005,40,110,21,11,3,19,11,10,18,8,27.27272727272727,9.745880573921466,56.56502930102463,17.272727272727273,52.38095238095239,47.61904761904761,4.761904761904773,16.363636363636363,38.095238095238095
CPU,-12,pgd/eps0.01,pgd,eps0.01,10,110,21,14,0,10,0,7,8,20,0.0,0.0,21.531701192718142,9.090909090909092,0.0,33.33333333333333,-33.33333333333333,7.2727272727272725,95.23809523809523
CPU,-12,pgd/eps0.01,pgd,eps0.01,20,110,21,14,2,11,2,7,12,18,14.285714285714285,4.009307373792118,39.941907763863696,10.0,9.523809523809524,33.33333333333333,-23.809523809523803,10.909090909090908,85.71428571428571
CPU,-12,pgd/eps0.01,pgd,eps0.01,30,110,21,14,1,17,4,7,13,16,7.142857142857142,1.2721886112291636,31.469269553957812,15.454545454545453,19.047619047619047,33.33333333333333,-14.285714285714281,11.818181818181818,76.19047619047619
CPU,-12,pgd/eps0.01,pgd,eps0.01,40,110,21,14,4,18,10,7,18,8,28.57142857142857,11.721187910109098,54.64954117248438,16.363636363636363,47.61904761904761,33.33333333333333,14.285714285714285,16.363636363636363,38.095238095238095
CPU,-12,pgd/eps0.03,pgd,eps0.03,10,110,21,20,1,13,1,1,8,20,5.0,0.8881219432873135,23.613589351256675,11.818181818181818,4.761904761904762,4.761904761904762,0.0,7.2727272727272725,95.23809523809523
CPU,-12,pgd/eps0.03,pgd,eps0.03,20,110,21,20,0,11,0,1,12,18,0.0,-1.3877787807814457e-15,16.113012549493323,10.0,0.0,4.761904761904762,-4.761904761904762,10.909090909090908,85.71428571428571
CPU,-12,pgd/eps0.03,pgd,eps0.03,30,110,21,20,1,14,1,1,13,16,5.0,0.8881219432873135,23.613589351256675,12.727272727272727,4.761904761904762,4.761904761904762,0.0,11.818181818181818,76.19047619047619
CPU,-12,pgd/eps0.03,pgd,eps0.03,40,110,21,20,3,15,4,1,18,8,15.0,5.236779195949584,36.04232958869574,13.636363636363635,19.047619047619047,4.761904761904762,14.285714285714285,16.363636363636363,38.095238095238095
CPU,-12,mifgsm/eps0.03_default,mifgsm,eps0.03_default,10,110,21,20,1,12,1,1,8,20,5.0,0.8881219432873135,23.613589351256675,10.909090909090908,4.761904761904762,4.761904761904762,0.0,7.2727272727272725,95.23809523809523
CPU,-12,mifgsm/eps0.03_default,mifgsm,eps0.03_default,20,110,21,20,0,12,0,1,12,18,0.0,-1.3877787807814457e-15,16.113012549493323,10.909090909090908,0.0,4.761904761904762,-4.761904761904762,10.909090909090908,85.71428571428571
CPU,-12,mifgsm/eps0.03_default,mifgsm,eps0.03_default,30,110,21,20,2,20,2,1,13,16,10.0,2.7865893984153205,30.103820641179336,18.181818181818183,9.523809523809524,4.761904761904762,4.761904761904762,11.818181818181818,76.19047619047619
CPU,-12,mifgsm/eps0.03_default,mifgsm,eps0.03_default,40,110,21,20,3,18,4,1,18,8,15.0,5.236779195949584,36.04232958869574,16.363636363636363,19.047619047619047,4.761904761904762,14.285714285714285,16.363636363636363,38.095238095238095
CPU,-12,difgsm/eps0.03_default,difgsm,eps0.03_default,10,110,21,19,0,13,0,2,8,20,0.0,0.0,16.818436536845052,11.818181818181818,0.0,9.523809523809524,-9.523809523809524,7.2727272727272725,95.23809523809523
CPU,-12,difgsm/eps0.03_default,difgsm,eps0.03_default,20,110,21,19,0,13,0,2,12,18,0.0,0.0,16.818436536845052,11.818181818181818,0.0,9.523809523809524,-9.523809523809524,10.909090909090908,85.71428571428571
CPU,-12,difgsm/eps0.03_default,difgsm,eps0.03_default,30,110,21,19,3,17,4,2,13,16,15.789473684210526,5.520371039927826,37.56592764317668,15.454545454545453,19.047619047619047,9.523809523809524,9.523809523809524,11.818181818181818,76.19047619047619
CPU,-12,difgsm/eps0.03_default,difgsm,eps0.03_default,40,110,21,19,3,19,5,2,18,8,15.789473684210526,5.520371039927826,37.56592764317668,17.272727272727273,23.809523809523807,9.523809523809524,14.285714285714283,16.363636363636363,38.095238095238095
CPU,-12,vmifgsm/eps0.03_default,vmifgsm,eps0.03_default,10,110,21,20,1,13,1,1,8,20,5.0,0.8881219432873135,23.613589351256675,11.818181818181818,4.761904761904762,4.761904761904762,0.0,7.2727272727272725,95.23809523809523
CPU,-12,vmifgsm/eps0.03_default,vmifgsm,eps0.03_default,20,110,21,20,1,11,1,1,12,18,5.0,0.8881219432873135,23.613589351256675,10.0,4.761904761904762,4.761904761904762,0.0,10.909090909090908,85.71428571428571
CPU,-12,vmifgsm/eps0.03_default,vmifgsm,eps0.03_default,30,110,21,20,2,18,2,1,13,16,10.0,2.7865893984153205,30.103820641179336,16.363636363636363,9.523809523809524,4.761904761904762,4.761904761904762,11.818181818181818,76.19047619047619
CPU,-12,vmifgsm/eps0.03_default,vmifgsm,eps0.03_default,40,110,21,20,3,16,4,1,18,8,15.0,5.236779195949584,36.04232958869574,14.545454545454545,19.047619047619047,4.761904761904762,14.285714285714285,16.363636363636363,38.095238095238095
CPU,-12,vnifgsm/eps0.03_default,vnifgsm,eps0.03_default,10,110,21,20,1,13,1,1,8,20,5.0,0.8881219432873135,23.613589351256675,11.818181818181818,4.761904761904762,4.761904761904762,0.0,7.2727272727272725,95.23809523809523
CPU,-12,vnifgsm/eps0.03_default,vnifgsm,eps0.03_default,20,110,21,20,1,13,1,1,12,18,5.0,0.8881219432873135,23.613589351256675,11.818181818181818,4.761904761904762,4.761904761904762,0.0,10.909090909090908,85.71428571428571
CPU,-12,vnifgsm/eps0.03_default,vnifgsm,eps0.03_default,30,110,21,20,3,18,3,1,13,16,15.0,5.236779195949584,36.04232958869574,16.363636363636363,14.285714285714285,4.761904761904762,9.523809523809522,11.818181818181818,76.19047619047619
CPU,-12,vnifgsm/eps0.03_default,vnifgsm,eps0.03_default,40,110,21,20,3,15,4,1,18,8,15.0,5.236779195949584,36.04232958869574,13.636363636363635,19.047619047619047,4.761904761904762,14.285714285714285,16.363636363636363,38.095238095238095
CPU,-12,rfgsm/eps0.03_default,rfgsm,eps0.03_default,10,110,21,20,1,12,1,1,8,20,5.0,0.8881219432873135,23.613589351256675,10.909090909090908,4.761904761904762,4.761904761904762,0.0,7.2727272727272725,95.23809523809523
CPU,-12,rfgsm/eps0.03_default,rfgsm,eps0.03_default,20,110,21,20,1,15,1,1,12,18,5.0,0.8881219432873135,23.613589351256675,13.636363636363635,4.761904761904762,4.761904761904762,0.0,10.909090909090908,85.71428571428571
CPU,-12,rfgsm/eps0.03_default,rfgsm,eps0.03_default,30,110,21,20,1,13,1,1,13,16,5.0,0.8881219432873135,23.613589351256675,11.818181818181818,4.761904761904762,4.761904761904762,0.0,11.818181818181818,76.19047619047619
CPU,-12,rfgsm/eps0.03_default,rfgsm,eps0.03_default,40,110,21,20,3,13,4,1,18,8,15.0,5.236779195949584,36.04232958869574,11.818181818181818,19.047619047619047,4.761904761904762,14.285714285714285,16.363636363636363,38.095238095238095
CPU,-12,tpgd/eps0.03_default,tpgd,eps0.03_default,10,110,21,10,1,15,2,11,8,20,10.0,1.7875749515721129,40.41563854975721,13.636363636363635,9.523809523809524,52.38095238095239,-42.85714285714286,7.2727272727272725,95.23809523809523
CPU,-12,tpgd/eps0.03_default,tpgd,eps0.03_default,20,110,21,10,1,14,3,11,12,18,10.0,1.7875749515721129,40.41563854975721,12.727272727272727,14.285714285714285,52.38095238095239,-38.0952380952381,10.909090909090908,85.71428571428571
CPU,-12,tpgd/eps0.03_default,tpgd,eps0.03_default,30,110,21,10,2,21,5,11,13,16,20.0,5.6680947980693315,50.98431532792765,19.090909090909093,23.809523809523807,52.38095238095239,-28.57142857142858,11.818181818181818,76.19047619047619
CPU,-12,tpgd/eps0.03_default,tpgd,eps0.03_default,40,110,21,10,2,23,9,11,18,8,20.0,5.6680947980693315,50.98431532792765,20.909090909090907,42.857142857142854,52.38095238095239,-9.523809523809533,16.363636363636363,38.095238095238095
CPU,-12,cw/c1_steps20_lr0.01,cw,c1_steps20_lr0.01,10,110,21,21,1,9,1,0,8,20,4.761904761904762,0.8455769471923293,22.669816586235463,8.181818181818182,4.761904761904762,0.0,4.761904761904762,7.2727272727272725,95.23809523809523
CPU,-12,cw/c1_steps20_lr0.01,cw,c1_steps20_lr0.01,20,110,21,21,4,16,4,0,12,18,19.047619047619047,7.667440615177301,40.000986539273285,14.545454545454545,19.047619047619047,0.0,19.047619047619047,10.909090909090908,85.71428571428571
CPU,-12,cw/c1_steps20_lr0.01,cw,c1_steps20_lr0.01,30,110,21,21,7,18,7,0,13,16,33.33333333333333,17.194536432683687,54.62692434278971,16.363636363636363,33.33333333333333,0.0,33.33333333333333,11.818181818181818,76.19047619047619
CPU,-12,cw/c1_steps20_lr0.01,cw,c1_steps20_lr0.01,40,110,21,21,9,18,9,0,18,8,42.857142857142854,24.469699486521044,63.453783702967534,16.363636363636363,42.857142857142854,0.0,42.857142857142854,16.363636363636363,38.095238095238095
CPU,-12,deepfool/package_default,deepfool,package_default,10,110,21,20,0,8,0,1,8,20,0.0,-1.3877787807814457e-15,16.113012549493323,7.2727272727272725,0.0,4.761904761904762,-4.761904761904762,7.2727272727272725,95.23809523809523
CPU,-12,deepfool/package_default,deepfool,package_default,20,110,21,20,3,15,3,1,12,18,15.0,5.236779195949584,36.04232958869574,13.636363636363635,14.285714285714285,4.761904761904762,9.523809523809522,10.909090909090908,85.71428571428571
CPU,-12,deepfool/package_default,deepfool,package_default,30,110,21,20,4,12,4,1,13,16,20.0,8.065635327119999,41.60217220257599,10.909090909090908,19.047619047619047,4.761904761904762,14.285714285714285,11.818181818181818,76.19047619047619
CPU,-12,deepfool/package_default,deepfool,package_default,40,110,21,20,7,17,8,1,18,8,35.0,18.118954786794465,56.714948978053535,15.454545454545453,38.095238095238095,4.761904761904762,33.333333333333336,16.363636363636363,38.095238095238095
CPU,-12,fab/eps0.005,fab,eps0.005,10,110,21,12,0,9,0,9,8,20,0.0,0.0,24.25007574992425,8.181818181818182,0.0,42.857142857142854,-42.857142857142854,7.2727272727272725,95.23809523809523
CPU,-12,fab/eps0.005,fab,eps0.005,20,110,21,12,1,14,2,9,12,18,8.333333333333332,1.4864709450773477,35.38859217985952,12.727272727272727,9.523809523809524,42.857142857142854,-33.33333333333333,10.909090909090908,85.71428571428571
CPU,-12,fab/eps0.005,fab,eps0.005,30,110,21,12,1,13,4,9,13,16,8.333333333333332,1.4864709450773477,35.38859217985952,11.818181818181818,19.047619047619047,42.857142857142854,-23.809523809523807,11.818181818181818,76.19047619047619
CPU,-12,fab/eps0.005,fab,eps0.005,40,110,21,12,5,19,13,9,18,8,41.66666666666667,19.325746190524658,68.04926643446272,17.272727272727273,61.904761904761905,42.857142857142854,19.04761904761905,16.363636363636363,38.095238095238095
CPU,-12,fab/eps0.01,fab,eps0.01,10,110,21,14,0,8,0,7,8,20,0.0,0.0,21.531701192718142,7.2727272727272725,0.0,33.33333333333333,-33.33333333333333,7.2727272727272725,95.23809523809523
CPU,-12,fab/eps0.01,fab,eps0.01,20,110,21,14,2,12,2,7,12,18,14.285714285714285,4.009307373792118,39.941907763863696,10.909090909090908,9.523809523809524,33.33333333333333,-23.809523809523803,10.909090909090908,85.71428571428571
CPU,-12,fab/eps0.01,fab,eps0.01,30,110,21,14,2,13,4,7,13,16,14.285714285714285,4.009307373792118,39.941907763863696,11.818181818181818,19.047619047619047,33.33333333333333,-14.285714285714281,11.818181818181818,76.19047619047619
CPU,-12,fab/eps0.01,fab,eps0.01,40,110,21,14,6,19,12,7,18,8,42.857142857142854,21.380509930400528,67.40973309713064,17.272727272727273,57.14285714285714,33.33333333333333,23.80952380952381,16.363636363636363,38.095238095238095
CPU,-12,fab/eps0.03,fab,eps0.03,10,110,21,21,0,8,0,0,8,20,0.0,0.0,15.464382326420195,7.2727272727272725,0.0,0.0,0.0,7.2727272727272725,95.23809523809523
CPU,-12,fab/eps0.03,fab,eps0.03,20,110,21,21,2,14,2,0,12,18,9.523809523809524,2.6518208796947245,28.914583860740674,12.727272727272727,9.523809523809524,0.0,9.523809523809524,10.909090909090908,85.71428571428571
CPU,-12,fab/eps0.03,fab,eps0.03,30,110,21,21,4,13,4,0,13,16,19.047619047619047,7.667440615177301,40.000986539273285,11.818181818181818,19.047619047619047,0.0,19.047619047619047,11.818181818181818,76.19047619047619
CPU,-12,fab/eps0.03,fab,eps0.03,40,110,21,21,8,15,8,0,18,8,38.095238095238095,20.750767797982505,59.12170418449848,13.636363636363635,38.095238095238095,0.0,38.095238095238095,16.363636363636363,38.095238095238095
CPU,-12,square/eps0.03_default,square,eps0.03_default,10,110,21,18,0,5,0,3,8,20,0.0,0.0,17.58845505823749,4.545454545454546,0.0,14.285714285714285,-14.285714285714285,7.2727272727272725,95.23809523809523
CPU,-12,square/eps0.03_default,square,eps0.03_default,20,110,21,18,1,8,1,3,12,18,5.555555555555555,0.9874935830924525,25.75779980200754,7.2727272727272725,4.761904761904762,14.285714285714285,-9.523809523809522,10.909090909090908,85.71428571428571
CPU,-12,square/eps0.03_default,square,eps0.03_default,30,110,21,18,4,15,5,3,13,16,22.22222222222222,9.000781913382,45.21502645230549,13.636363636363635,23.809523809523807,14.285714285714285,9.523809523809522,11.818181818181818,76.19047619047619
CPU,-12,square/eps0.03_default,square,eps0.03_default,40,110,21,18,6,18,9,3,18,8,33.33333333333333,16.27855436366286,56.25093065574964,16.363636363636363,42.857142857142854,14.285714285714285,28.57142857142857,16.363636363636363,38.095238095238095
CPU,-12,apgd/eps0.03_default,apgd,eps0.03_default,10,110,21,21,1,11,1,0,8,20,4.761904761904762,0.8455769471923293,22.669816586235463,10.0,4.761904761904762,0.0,4.761904761904762,7.2727272727272725,95.23809523809523
CPU,-12,apgd/eps0.03_default,apgd,eps0.03_default,20,110,21,21,1,10,1,0,12,18,4.761904761904762,0.8455769471923293,22.669816586235463,9.090909090909092,4.761904761904762,0.0,4.761904761904762,10.909090909090908,85.71428571428571
CPU,-12,apgd/eps0.03_default,apgd,eps0.03_default,30,110,21,21,4,17,4,0,13,16,19.047619047619047,7.667440615177301,40.000986539273285,15.454545454545453,19.047619047619047,0.0,19.047619047619047,11.818181818181818,76.19047619047619
CPU,-12,apgd/eps0.03_default,apgd,eps0.03_default,40,110,21,21,5,17,5,0,18,8,23.809523809523807,10.627856389112262,45.09158197234592,15.454545454545453,23.809523809523807,0.0,23.809523809523807,16.363636363636363,38.095238095238095
CPU,-12,apgdt/eps0.03_default,apgdt,eps0.03_default,10,110,21,21,1,14,1,0,8,20,4.761904761904762,0.8455769471923293,22.669816586235463,12.727272727272727,4.761904761904762,0.0,4.761904761904762,7.2727272727272725,95.23809523809523
CPU,-12,apgdt/eps0.03_default,apgdt,eps0.03_default,20,110,21,21,0,11,0,0,12,18,0.0,0.0,15.464382326420195,10.0,0.0,0.0,0.0,10.909090909090908,85.71428571428571
CPU,-12,apgdt/eps0.03_default,apgdt,eps0.03_default,30,110,21,21,5,22,5,0,13,16,23.809523809523807,10.627856389112262,45.09158197234592,20.0,23.809523809523807,0.0,23.809523809523807,11.818181818181818,76.19047619047619
CPU,-12,apgdt/eps0.03_default,apgdt,eps0.03_default,40,110,21,21,5,23,5,0,18,8,23.809523809523807,10.627856389112262,45.09158197234592,20.909090909090907,23.809523809523807,0.0,23.809523809523807,16.363636363636363,38.095238095238095
CPU,-12,autoattack/eps0.03_standard,autoattack,eps0.03_standard,10,110,21,21,1,13,1,0,8,20,4.761904761904762,0.8455769471923293,22.669816586235463,11.818181818181818,4.761904761904762,0.0,4.761904761904762,7.2727272727272725,95.23809523809523
CPU,-12,autoattack/eps0.03_standard,autoattack,eps0.03_standard,20,110,21,21,1,13,1,0,12,18,4.761904761904762,0.8455769471923293,22.669816586235463,11.818181818181818,4.761904761904762,0.0,4.761904761904762,10.909090909090908,85.71428571428571
CPU,-12,autoattack/eps0.03_standard,autoattack,eps0.03_standard,30,110,21,21,6,17,6,0,13,16,28.57142857142857,13.813675745628204,49.95677382283758,15.454545454545453,28.57142857142857,0.0,28.57142857142857,11.818181818181818,76.19047619047619
CPU,-12,autoattack/eps0.03_standard,autoattack,eps0.03_standard,40,110,21,21,4,17,4,0,18,8,19.047619047619047,7.667440615177301,40.000986539273285,15.454545454545453,19.047619047619047,0.0,19.047619047619047,16.363636363636363,38.095238095238095
CPU,-12,ead/package_default,ead,package_default,10,110,21,21,1,8,1,0,8,20,4.761904761904762,0.8455769471923293,22.669816586235463,7.2727272727272725,4.761904761904762,0.0,4.761904761904762,7.2727272727272725,95.23809523809523
CPU,-12,ead/package_default,ead,package_default,20,110,21,21,4,14,4,0,12,18,19.047619047619047,7.667440615177301,40.000986539273285,12.727272727272727,19.047619047619047,0.0,19.047619047619047,10.909090909090908,85.71428571428571
CPU,-12,ead/package_default,ead,package_default,30,110,21,21,8,19,8,0,13,16,38.095238095238095,20.750767797982505,59.12170418449848,17.272727272727273,38.095238095238095,0.0,38.095238095238095,11.818181818181818,76.19047619047619
CPU,-12,ead/package_default,ead,package_default,40,110,21,21,13,21,13,0,18,8,61.904761904761905,40.87829581550152,79.2492322020175,19.090909090909093,61.904761904761905,0.0,61.904761904761905,16.363636363636363,38.095238095238095
CPU,-12,ALL/ALL_24,ALL,ALL_24,10,2640,504,428,12,254,13,76,192,480,2.803738317757009,1.6109797486774542,4.836199031690161,9.621212121212121,2.579365079365079,15.079365079365079,-12.5,7.2727272727272725,95.23809523809523
CPU,-12,ALL/ALL_24,ALL,ALL_24,20,2640,504,428,30,308,35,76,288,432,7.009345794392523,4.953627373100444,9.829941416937386,11.666666666666666,6.944444444444445,15.079365079365079,-8.134920634920634,10.909090909090908,85.71428571428571
CPU,-12,ALL/ALL_24,ALL,ALL_24,30,2640,504,428,70,387,92,76,312,384,16.355140186915886,13.153109154645886,20.155770767992415,14.659090909090908,18.253968253968253,15.079365079365079,3.174603174603174,11.818181818181818,76.19047619047619
CPU,-12,ALL/ALL_24,ALL,ALL_24,40,2640,504,428,107,414,170,76,432,192,25.0,21.132263458636,29.312529261657737,15.681818181818183,33.730158730158735,15.079365079365079,18.650793650793656,16.363636363636363,38.095238095238095
CPU,-10,fgsm/eps0.005,fgsm,eps0.005,10,110,31,14,4,24,8,17,24,22,28.57142857142857,11.721187910109098,54.64954117248438,21.818181818181817,25.806451612903224,54.83870967741935,-29.032258064516128,21.818181818181817,70.96774193548387
CPU,-10,fgsm/eps0.005,fgsm,eps0.005,20,110,31,14,7,33,14,17,33,17,50.0,26.798867919475278,73.20113208052473,30.0,45.16129032258064,54.83870967741935,-9.677419354838712,30.0,54.83870967741935
CPU,-10,fgsm/eps0.005,fgsm,eps0.005,30,110,31,14,6,34,17,17,36,14,42.857142857142854,21.380509930400528,67.40973309713064,30.909090909090907,54.83870967741935,54.83870967741935,0.0,32.72727272727273,45.16129032258064
CPU,-10,fgsm/eps0.005,fgsm,eps0.005,40,110,31,14,7,32,20,17,33,11,50.0,26.798867919475278,73.20113208052473,29.09090909090909,64.51612903225806,54.83870967741935,9.677419354838712,30.0,35.483870967741936
CPU,-10,fgsm/eps0.01,fgsm,eps0.01,10,110,31,22,6,20,6,9,24,22,27.27272727272727,13.150582015814441,48.15212369900198,18.181818181818183,19.35483870967742,29.03225806451613,-9.677419354838712,21.818181818181817,70.96774193548387
CPU,-10,fgsm/eps0.01,fgsm,eps0.01,20,110,31,22,8,32,11,9,33,17,36.36363636363637,19.732972772607898,57.04865065628195,29.09090909090909,35.483870967741936,29.03225806451613,6.451612903225804,30.0,54.83870967741935
CPU,-10,fgsm/eps0.01,fgsm,eps0.01,30,110,31,22,8,31,15,9,36,14,36.36363636363637,19.732972772607898,57.04865065628195,28.18181818181818,48.38709677419355,29.03225806451613,19.35483870967742,32.72727272727273,45.16129032258064
CPU,-10,fgsm/eps0.01,fgsm,eps0.01,40,110,31,22,11,31,18,9,33,11,50.0,30.72180469247956,69.27819530752043,28.18181818181818,58.06451612903226,29.03225806451613,29.03225806451613,30.0,35.483870967741936
CPU,-10,fgsm/eps0.03,fgsm,eps0.03,10,110,31,29,5,14,5,2,24,22,17.24137931034483,7.597745271479928,34.54880057281511,12.727272727272727,16.129032258064516,6.451612903225806,9.67741935483871,21.818181818181817,70.96774193548387
CPU,-10,fgsm/eps0.03,fgsm,eps0.03,20,110,31,29,5,21,6,2,33,17,17.24137931034483,7.597745271479928,34.54880057281511,19.090909090909093,19.35483870967742,6.451612903225806,12.903225806451614,30.0,54.83870967741935
CPU,-10,fgsm/eps0.03,fgsm,eps0.03,30,110,31,29,8,25,9,2,36,14,27.586206896551722,14.69858133850274,45.71747634443597,22.727272727272727,29.03225806451613,6.451612903225806,22.580645161290327,32.72727272727273,45.16129032258064
CPU,-10,fgsm/eps0.03,fgsm,eps0.03,40,110,31,29,9,25,11,2,33,11,31.03448275862069,17.275424489768067,49.230470472718544,22.727272727272727,35.483870967741936,6.451612903225806,29.032258064516128,30.0,35.483870967741936
CPU,-10,fgsm/eps0.05,fgsm,eps0.05,10,110,31,30,4,14,4,1,24,22,13.333333333333334,5.309569424218104,29.681683944416946,12.727272727272727,12.903225806451612,3.225806451612903,9.677419354838708,21.818181818181817,70.96774193548387
CPU,-10,fgsm/eps0.05,fgsm,eps0.05,20,110,31,30,4,19,4,1,33,17,13.333333333333334,5.309569424218104,29.681683944416946,17.272727272727273,12.903225806451612,3.225806451612903,9.677419354838708,30.0,54.83870967741935
CPU,-10,fgsm/eps0.05,fgsm,eps0.05,30,110,31,30,5,16,5,1,36,14,16.666666666666664,7.336434240351683,33.564705185680175,14.545454545454545,16.129032258064516,3.225806451612903,12.903225806451612,32.72727272727273,45.16129032258064
CPU,-10,fgsm/eps0.05,fgsm,eps0.05,40,110,31,30,2,14,3,1,33,11,6.666666666666667,1.847663532769335,21.323817721072093,12.727272727272727,9.67741935483871,3.225806451612903,6.451612903225807,30.0,35.483870967741936
CPU,-10,bim/eps0.03_default,bim,eps0.03_default,10,110,31,31,6,19,6,0,24,22,19.35483870967742,9.186883586347633,36.280603555459855,17.272727272727273,19.35483870967742,0.0,19.35483870967742,21.818181818181817,70.96774193548387
CPU,-10,bim/eps0.03_default,bim,eps0.03_default,20,110,31,31,5,20,5,0,33,17,16.129032258064516,7.092519905439934,32.63470272497887,18.181818181818183,16.129032258064516,0.0,16.129032258064516,30.0,54.83870967741935
CPU,-10,bim/eps0.03_default,bim,eps0.03_default,30,110,31,31,8,23,8,0,36,14,25.806451612903224,13.701543736869759,43.2464724277151,20.909090909090907,25.806451612903224,0.0,25.806451612903224,32.72727272727273,45.16129032258064
CPU,-10,bim/eps0.03_default,bim,eps0.03_default,40,110,31,31,5,21,5,0,33,11,16.129032258064516,7.092519905439934,32.63470272497887,19.090909090909093,16.129032258064516,0.0,16.129032258064516,30.0,35.483870967741936
CPU,-10,pgd/eps0.005,pgd,eps0.005,10,110,31,16,5,24,8,15,24,22,31.25,14.164435051961052,55.596068133265945,21.818181818181817,25.806451612903224,48.38709677419355,-22.580645161290327,21.818181818181817,70.96774193548387
CPU,-10,pgd/eps0.005,pgd,eps0.005,20,110,31,16,8,34,14,15,33,17,50.0,27.99923761135083,72.00076238864916,30.909090909090907,45.16129032258064,48.38709677419355,-3.225806451612911,30.0,54.83870967741935
CPU,-10,pgd/eps0.005,pgd,eps0.005,30,110,31,16,7,33,17,15,36,14,43.75,23.09836333518552,66.82180439322347,30.0,54.83870967741935,48.38709677419355,6.451612903225801,32.72727272727273,45.16129032258064
CPU,-10,pgd/eps0.005,pgd,eps0.005,40,110,31,16,8,32,20,15,33,11,50.0,27.99923761135083,72.00076238864916,29.09090909090909,64.51612903225806,48.38709677419355,16.129032258064512,30.0,35.483870967741936
CPU,-10,pgd/eps0.01,pgd,eps0.01,10,110,31,23,6,19,7,8,24,22,26.08695652173913,12.548445889248969,46.47039054375056,17.272727272727273,22.58064516129032,25.806451612903224,-3.225806451612904,21.818181818181817,70.96774193548387
CPU,-10,pgd/eps0.01,pgd,eps0.01,20,110,31,23,8,30,11,8,33,17,34.78260869565217,18.811054636982238,55.11002309310836,27.27272727272727,35.483870967741936,25.806451612903224,9.677419354838712,30.0,54.83870967741935
CPU,-10,pgd/eps0.01,pgd,eps0.01,30,110,31,23,9,33,16,8,36,14,39.130434782608695,22.157377982382144,59.21482039625402,30.0,51.61290322580645,25.806451612903224,25.806451612903224,32.72727272727273,45.16129032258064
CPU,-10,pgd/eps0.01,pgd,eps0.01,40,110,31,23,10,30,17,8,33,11,43.47826086956522,25.634368332198655,63.188950694983035,27.27272727272727,54.83870967741935,25.806451612903224,29.032258064516128,30.0,35.483870967741936
CPU,-10,pgd/eps0.03,pgd,eps0.03,10,110,31,30,6,17,6,1,24,22,20.0,9.504978102401235,37.30604738102745,15.454545454545453,19.35483870967742,3.225806451612903,16.129032258064516,21.818181818181817,70.96774193548387
CPU,-10,pgd/eps0.03,pgd,eps0.03,20,110,31,30,6,22,6,1,33,17,20.0,9.504978102401235,37.30604738102745,20.0,19.35483870967742,3.225806451612903,16.129032258064516,30.0,54.83870967741935
CPU,-10,pgd/eps0.03,pgd,eps0.03,30,110,31,30,8,25,8,1,36,14,26.666666666666668,14.182495553910618,44.44830204431169,22.727272727272727,25.806451612903224,3.225806451612903,22.58064516129032,32.72727272727273,45.16129032258064
CPU,-10,pgd/eps0.03,pgd,eps0.03,40,110,31,30,6,25,6,1,33,11,20.0,9.504978102401235,37.30604738102745,22.727272727272727,19.35483870967742,3.225806451612903,16.129032258064516,30.0,35.483870967741936
CPU,-10,mifgsm/eps0.03_default,mifgsm,eps0.03_default,10,110,31,30,4,18,4,1,24,22,13.333333333333334,5.309569424218104,29.681683944416946,16.363636363636363,12.903225806451612,3.225806451612903,9.677419354838708,21.818181818181817,70.96774193548387
CPU,-10,mifgsm/eps0.03_default,mifgsm,eps0.03_default,20,110,31,30,6,22,6,1,33,17,20.0,9.504978102401235,37.30604738102745,20.0,19.35483870967742,3.225806451612903,16.129032258064516,30.0,54.83870967741935
CPU,-10,mifgsm/eps0.03_default,mifgsm,eps0.03_default,30,110,31,30,7,19,7,1,36,14,23.333333333333332,11.792239210501233,40.92867233032427,17.272727272727273,22.58064516129032,3.225806451612903,19.354838709677416,32.72727272727273,45.16129032258064
CPU,-10,mifgsm/eps0.03_default,mifgsm,eps0.03_default,40,110,31,30,4,17,4,1,33,11,13.333333333333334,5.309569424218104,29.681683944416946,15.454545454545453,12.903225806451612,3.225806451612903,9.677419354838708,30.0,35.483870967741936
CPU,-10,difgsm/eps0.03_default,difgsm,eps0.03_default,10,110,31,31,4,13,4,0,24,22,12.903225806451612,5.134201164644764,28.852756954385356,11.818181818181818,12.903225806451612,0.0,12.903225806451612,21.818181818181817,70.96774193548387
CPU,-10,difgsm/eps0.03_default,difgsm,eps0.03_default,20,110,31,31,4,19,4,0,33,17,12.903225806451612,5.134201164644764,28.852756954385356,17.272727272727273,12.903225806451612,0.0,12.903225806451612,30.0,54.83870967741935
CPU,-10,difgsm/eps0.03_default,difgsm,eps0.03_default,30,110,31,31,7,22,7,0,36,14,22.58064516129032,11.3949915944988,39.81276005869738,20.0,22.58064516129032,0.0,22.58064516129032,32.72727272727273,45.16129032258064
CPU,-10,difgsm/eps0.03_default,difgsm,eps0.03_default,40,110,31,31,2,16,2,0,33,11,6.451612903225806,1.7874407775063148,20.718988318746433,14.545454545454545,6.451612903225806,0.0,6.451612903225806,30.0,35.483870967741936
CPU,-10,vmifgsm/eps0.03_default,vmifgsm,eps0.03_default,10,110,31,30,7,20,7,1,24,22,23.333333333333332,11.792239210501233,40.92867233032427,18.181818181818183,22.58064516129032,3.225806451612903,19.354838709677416,21.818181818181817,70.96774193548387
CPU,-10,vmifgsm/eps0.03_default,vmifgsm,eps0.03_default,20,110,31,30,5,23,5,1,33,17,16.666666666666664,7.336434240351683,33.564705185680175,20.909090909090907,16.129032258064516,3.225806451612903,12.903225806451612,30.0,54.83870967741935
CPU,-10,vmifgsm/eps0.03_default,vmifgsm,eps0.03_default,30,110,31,30,8,21,8,1,36,14,26.666666666666668,14.182495553910618,44.44830204431169,19.090909090909093,25.806451612903224,3.225806451612903,22.58064516129032,32.72727272727273,45.16129032258064
CPU,-10,vmifgsm/eps0.03_default,vmifgsm,eps0.03_default,40,110,31,30,6,19,6,1,33,11,20.0,9.504978102401235,37.30604738102745,17.272727272727273,19.35483870967742,3.225806451612903,16.129032258064516,30.0,35.483870967741936
CPU,-10,vnifgsm/eps0.03_default,vnifgsm,eps0.03_default,10,110,31,31,5,17,5,0,24,22,16.129032258064516,7.092519905439934,32.63470272497887,15.454545454545453,16.129032258064516,0.0,16.129032258064516,21.818181818181817,70.96774193548387
CPU,-10,vnifgsm/eps0.03_default,vnifgsm,eps0.03_default,20,110,31,31,5,24,5,0,33,17,16.129032258064516,7.092519905439934,32.63470272497887,21.818181818181817,16.129032258064516,0.0,16.129032258064516,30.0,54.83870967741935
CPU,-10,vnifgsm/eps0.03_default,vnifgsm,eps0.03_default,30,110,31,31,8,20,8,0,36,14,25.806451612903224,13.701543736869759,43.2464724277151,18.181818181818183,25.806451612903224,0.0,25.806451612903224,32.72727272727273,45.16129032258064
CPU,-10,vnifgsm/eps0.03_default,vnifgsm,eps0.03_default,40,110,31,31,5,20,5,0,33,11,16.129032258064516,7.092519905439934,32.63470272497887,18.181818181818183,16.129032258064516,0.0,16.129032258064516,30.0,35.483870967741936
CPU,-10,rfgsm/eps0.03_default,rfgsm,eps0.03_default,10,110,31,30,7,19,7,1,24,22,23.333333333333332,11.792239210501233,40.92867233032427,17.272727272727273,22.58064516129032,3.225806451612903,19.354838709677416,21.818181818181817,70.96774193548387
CPU,-10,rfgsm/eps0.03_default,rfgsm,eps0.03_default,20,110,31,30,6,22,6,1,33,17,20.0,9.504978102401235,37.30604738102745,20.0,19.35483870967742,3.225806451612903,16.129032258064516,30.0,54.83870967741935
CPU,-10,rfgsm/eps0.03_default,rfgsm,eps0.03_default,30,110,31,30,8,23,8,1,36,14,26.666666666666668,14.182495553910618,44.44830204431169,20.909090909090907,25.806451612903224,3.225806451612903,22.58064516129032,32.72727272727273,45.16129032258064
CPU,-10,rfgsm/eps0.03_default,rfgsm,eps0.03_default,40,110,31,30,5,19,5,1,33,11,16.666666666666664,7.336434240351683,33.564705185680175,17.272727272727273,16.129032258064516,3.225806451612903,12.903225806451612,30.0,35.483870967741936
CPU,-10,tpgd/eps0.03_default,tpgd,eps0.03_default,10,110,31,20,3,22,8,11,24,22,15.0,5.236779195949584,36.04232958869574,20.0,25.806451612903224,35.483870967741936,-9.677419354838712,21.818181818181817,70.96774193548387
CPU,-10,tpgd/eps0.03_default,tpgd,eps0.03_default,20,110,31,20,5,26,10,11,33,17,25.0,11.186005278940309,46.87050099580636,23.636363636363637,32.25806451612903,35.483870967741936,-3.225806451612904,30.0,54.83870967741935
CPU,-10,tpgd/eps0.03_default,tpgd,eps0.03_default,30,110,31,20,5,23,11,11,36,14,25.0,11.186005278940309,46.87050099580636,20.909090909090907,35.483870967741936,35.483870967741936,0.0,32.72727272727273,45.16129032258064
CPU,-10,tpgd/eps0.03_default,tpgd,eps0.03_default,40,110,31,20,5,28,15,11,33,11,25.0,11.186005278940309,46.87050099580636,25.454545454545453,48.38709677419355,35.483870967741936,12.903225806451616,30.0,35.483870967741936
CPU,-10,cw/c1_steps20_lr0.01,cw,c1_steps20_lr0.01,10,110,31,31,8,22,8,0,24,22,25.806451612903224,13.701543736869759,43.2464724277151,20.0,25.806451612903224,0.0,25.806451612903224,21.818181818181817,70.96774193548387
CPU,-10,cw/c1_steps20_lr0.01,cw,c1_steps20_lr0.01,20,110,31,31,13,33,13,0,33,17,41.935483870967744,26.415303073549257,59.23403564797902,30.0,41.935483870967744,0.0,41.935483870967744,30.0,54.83870967741935
CPU,-10,cw/c1_steps20_lr0.01,cw,c1_steps20_lr0.01,30,110,31,31,15,29,15,0,36,14,48.38709677419355,31.96998603127883,65.15988171302683,26.36363636363636,48.38709677419355,0.0,48.38709677419355,32.72727272727273,45.16129032258064
CPU,-10,cw/c1_steps20_lr0.01,cw,c1_steps20_lr0.01,40,110,31,31,19,31,19,0,33,11,61.29032258064516,43.823801141131966,76.26712464872844,28.18181818181818,61.29032258064516,0.0,61.29032258064516,30.0,35.483870967741936
CPU,-10,deepfool/package_default,deepfool,package_default,10,110,31,30,6,19,6,1,24,22,20.0,9.504978102401235,37.30604738102745,17.272727272727273,19.35483870967742,3.225806451612903,16.129032258064516,21.818181818181817,70.96774193548387
CPU,-10,deepfool/package_default,deepfool,package_default,20,110,31,30,13,31,14,1,33,17,43.333333333333336,27.37723743061511,60.80299045459127,28.18181818181818,45.16129032258064,3.225806451612903,41.93548387096774,30.0,54.83870967741935
CPU,-10,deepfool/package_default,deepfool,package_default,30,110,31,30,15,31,16,1,36,14,50.0,33.15385122717377,66.84614877282624,28.18181818181818,51.61290322580645,3.225806451612903,48.387096774193544,32.72727272727273,45.16129032258064
CPU,-10,deepfool/package_default,deepfool,package_default,40,110,31,30,19,32,20,1,33,11,63.33333333333333,45.513246433604934,78.12629779598231,29.09090909090909,64.51612903225806,3.225806451612903,61.29032258064516,30.0,35.483870967741936
CPU,-10,fab/eps0.005,fab,eps0.005,10,110,31,16,5,23,8,15,24,22,31.25,14.164435051961052,55.596068133265945,20.909090909090907,25.806451612903224,48.38709677419355,-22.580645161290327,21.818181818181817,70.96774193548387
CPU,-10,fab/eps0.005,fab,eps0.005,20,110,31,16,8,33,14,15,33,17,50.0,27.99923761135083,72.00076238864916,30.0,45.16129032258064,48.38709677419355,-3.225806451612911,30.0,54.83870967741935
CPU,-10,fab/eps0.005,fab,eps0.005,30,110,31,16,8,35,17,15,36,14,50.0,27.99923761135083,72.00076238864916,31.818181818181817,54.83870967741935,48.38709677419355,6.451612903225801,32.72727272727273,45.16129032258064
CPU,-10,fab/eps0.005,fab,eps0.005,40,110,31,16,8,32,20,15,33,11,50.0,27.99923761135083,72.00076238864916,29.09090909090909,64.51612903225806,48.38709677419355,16.129032258064512,30.0,35.483870967741936
CPU,-10,fab/eps0.01,fab,eps0.01,10,110,31,24,6,23,7,7,24,22,25.0,11.999203479342329,44.89982531210644,20.909090909090907,22.58064516129032,22.58064516129032,0.0,21.818181818181817,70.96774193548387
CPU,-10,fab/eps0.01,fab,eps0.01,20,110,31,24,12,32,14,7,33,17,50.0,31.42713162776308,68.57286837223691,29.09090909090909,45.16129032258064,22.58064516129032,22.58064516129032,30.0,54.83870967741935
CPU,-10,fab/eps0.01,fab,eps0.01,30,110,31,24,12,33,16,7,36,14,50.0,31.42713162776308,68.57286837223691,30.0,51.61290322580645,22.58064516129032,29.032258064516128,32.72727272727273,45.16129032258064
CPU,-10,fab/eps0.01,fab,eps0.01,40,110,31,24,14,33,20,7,33,11,58.333333333333336,38.83433764938864,75.53265275346178,30.0,64.51612903225806,22.58064516129032,41.935483870967744,30.0,35.483870967741936
CPU,-10,fab/eps0.03,fab,eps0.03,10,110,31,31,6,21,6,0,24,22,19.35483870967742,9.186883586347633,36.280603555459855,19.090909090909093,19.35483870967742,0.0,19.35483870967742,21.818181818181817,70.96774193548387
CPU,-10,fab/eps0.03,fab,eps0.03,20,110,31,31,14,31,14,0,33,17,45.16129032258064,29.161482836586107,62.22812039633085,28.18181818181818,45.16129032258064,0.0,45.16129032258064,30.0,54.83870967741935
CPU,-10,fab/eps0.03,fab,eps0.03,30,110,31,31,16,30,16,0,36,14,51.61290322580645,34.84011828697318,68.03001396872116,27.27272727272727,51.61290322580645,0.0,51.61290322580645,32.72727272727273,45.16129032258064
CPU,-10,fab/eps0.03,fab,eps0.03,40,110,31,31,19,32,19,0,33,11,61.29032258064516,43.823801141131966,76.26712464872844,29.09090909090909,61.29032258064516,0.0,61.29032258064516,30.0,35.483870967741936
CPU,-10,square/eps0.03_default,square,eps0.03_default,10,110,31,31,5,20,5,0,24,22,16.129032258064516,7.092519905439934,32.63470272497887,18.181818181818183,16.129032258064516,0.0,16.129032258064516,21.818181818181817,70.96774193548387
CPU,-10,square/eps0.03_default,square,eps0.03_default,20,110,31,31,10,25,10,0,33,17,32.25806451612903,18.569230747313036,49.85931444004918,22.727272727272727,32.25806451612903,0.0,32.25806451612903,30.0,54.83870967741935
CPU,-10,square/eps0.03_default,square,eps0.03_default,30,110,31,31,8,27,8,0,36,14,25.806451612903224,13.701543736869759,43.2464724277151,24.545454545454547,25.806451612903224,0.0,25.806451612903224,32.72727272727273,45.16129032258064
CPU,-10,square/eps0.03_default,square,eps0.03_default,40,110,31,31,8,24,8,0,33,11,25.806451612903224,13.701543736869759,43.2464724277151,21.818181818181817,25.806451612903224,0.0,25.806451612903224,30.0,35.483870967741936
CPU,-10,apgd/eps0.03_default,apgd,eps0.03_default,10,110,31,31,7,17,7,0,24,22,22.58064516129032,11.3949915944988,39.81276005869738,15.454545454545453,22.58064516129032,0.0,22.58064516129032,21.818181818181817,70.96774193548387
CPU,-10,apgd/eps0.03_default,apgd,eps0.03_default,20,110,31,31,9,22,9,0,33,17,29.03225806451613,16.095620718432873,46.592659957540675,20.0,29.03225806451613,0.0,29.03225806451613,30.0,54.83870967741935
CPU,-10,apgd/eps0.03_default,apgd,eps0.03_default,30,110,31,31,10,24,10,0,36,14,32.25806451612903,18.569230747313036,49.85931444004918,21.818181818181817,32.25806451612903,0.0,32.25806451612903,32.72727272727273,45.16129032258064
CPU,-10,apgd/eps0.03_default,apgd,eps0.03_default,40,110,31,31,6,18,6,0,33,11,19.35483870967742,9.186883586347633,36.280603555459855,16.363636363636363,19.35483870967742,0.0,19.35483870967742,30.0,35.483870967741936
CPU,-10,apgdt/eps0.03_default,apgdt,eps0.03_default,10,110,31,31,9,16,9,0,24,22,29.03225806451613,16.095620718432873,46.592659957540675,14.545454545454545,29.03225806451613,0.0,29.03225806451613,21.818181818181817,70.96774193548387
CPU,-10,apgdt/eps0.03_default,apgdt,eps0.03_default,20,110,31,31,11,25,11,0,33,17,35.483870967741936,21.116447741565818,53.0523619571851,22.727272727272727,35.483870967741936,0.0,35.483870967741936,30.0,54.83870967741935
CPU,-10,apgdt/eps0.03_default,apgdt,eps0.03_default,30,110,31,31,15,29,15,0,36,14,48.38709677419355,31.96998603127883,65.15988171302683,26.36363636363636,48.38709677419355,0.0,48.38709677419355,32.72727272727273,45.16129032258064
CPU,-10,apgdt/eps0.03_default,apgdt,eps0.03_default,40,110,31,31,12,27,12,0,33,11,38.70967741935484,23.732875351271563,56.176198858868034,24.545454545454547,38.70967741935484,0.0,38.70967741935484,30.0,35.483870967741936
CPU,-10,autoattack/eps0.03_standard,autoattack,eps0.03_standard,10,110,31,31,7,17,7,0,24,22,22.58064516129032,11.3949915944988,39.81276005869738,15.454545454545453,22.58064516129032,0.0,22.58064516129032,21.818181818181817,70.96774193548387
CPU,-10,autoattack/eps0.03_standard,autoattack,eps0.03_standard,20,110,31,31,10,26,10,0,33,17,32.25806451612903,18.569230747313036,49.85931444004918,23.636363636363637,32.25806451612903,0.0,32.25806451612903,30.0,54.83870967741935
CPU,-10,autoattack/eps0.03_standard,autoattack,eps0.03_standard,30,110,31,31,10,21,10,0,36,14,32.25806451612903,18.569230747313036,49.85931444004918,19.090909090909093,32.25806451612903,0.0,32.25806451612903,32.72727272727273,45.16129032258064
CPU,-10,autoattack/eps0.03_standard,autoattack,eps0.03_standard,40,110,31,31,8,23,8,0,33,11,25.806451612903224,13.701543736869759,43.2464724277151,20.909090909090907,25.806451612903224,0.0,25.806451612903224,30.0,35.483870967741936
CPU,-10,ead/package_default,ead,package_default,10,110,31,31,9,22,9,0,24,22,29.03225806451613,16.095620718432873,46.592659957540675,20.0,29.03225806451613,0.0,29.03225806451613,21.818181818181817,70.96774193548387
CPU,-10,ead/package_default,ead,package_default,20,110,31,31,15,35,15,0,33,17,48.38709677419355,31.96998603127883,65.15988171302683,31.818181818181817,48.38709677419355,0.0,48.38709677419355,30.0,54.83870967741935
CPU,-10,ead/package_default,ead,package_default,30,110,31,31,17,32,17,0,36,14,54.83870967741935,37.771879603669134,70.83851716341388,29.09090909090909,54.83870967741935,0.0,54.83870967741935,32.72727272727273,45.16129032258064
CPU,-10,ead/package_default,ead,package_default,40,110,31,31,20,32,20,0,33,11,64.51612903225806,46.9476380428149,78.88355225843418,29.09090909090909,64.51612903225806,0.0,64.51612903225806,30.0,35.483870967741936
CPU,-10,ALL/ALL_24,ALL,ALL_24,10,2640,744,654,140,460,157,90,576,528,21.406727828746178,18.43479609414133,24.71261203571851,17.424242424242426,21.102150537634408,12.096774193548388,9.00537634408602,21.818181818181817,70.96774193548387
CPU,-10,ALL/ALL_24,ALL,ALL_24,20,2640,744,654,197,640,231,90,792,408,30.122324159021407,26.730507333845516,33.74630045696613,24.242424242424242,31.048387096774192,12.096774193548388,18.951612903225804,30.0,54.83870967741935
CPU,-10,ALL/ALL_24,ALL,ALL_24,30,2640,744,654,228,639,284,90,864,336,34.862385321100916,31.308131517724213,38.59343749220159,24.204545454545453,38.17204301075269,12.096774193548388,26.0752688172043,32.72727272727273,45.16129032258064
CPU,-10,ALL/ALL_24,ALL,ALL_24,40,2640,744,654,218,613,289,90,792,264,33.33333333333333,29.826970278155006,37.034353177217824,23.219696969696972,38.844086021505376,12.096774193548388,26.747311827956988,30.0,35.483870967741936
CPU,-8,fgsm/eps0.005,fgsm,eps0.005,10,110,45,20,7,29,14,25,29,30,35.0,18.118954786794465,56.714948978053535,26.36363636363636,31.11111111111111,55.55555555555556,-24.444444444444446,26.36363636363636,66.66666666666666
CPU,-8,fgsm/eps0.005,fgsm,eps0.005,20,110,45,20,9,36,19,25,35,27,45.0,25.819502085709296,65.79179916924002,32.72727272727273,42.22222222222222,55.55555555555556,-13.333333333333336,31.818181818181817,60.0
CPU,-8,fgsm/eps0.005,fgsm,eps0.005,30,110,45,20,10,37,22,25,39,21,50.0,29.92949144298199,70.070508557018,33.63636363636363,48.888888888888886,55.55555555555556,-6.666666666666671,35.45454545454545,46.666666666666664
CPU,-8,fgsm/eps0.005,fgsm,eps0.005,40,110,45,20,11,44,30,25,39,16,55.00000000000001,34.20820083075997,74.18049791429071,40.0,66.66666666666666,55.55555555555556,11.1111111111111,35.45454545454545,35.55555555555556
CPU,-8,fgsm/eps0.01,fgsm,eps0.01,10,110,45,34,9,29,12,11,29,30,26.47058823529412,14.601027541553796,43.11746216289845,26.36363636363636,26.666666666666668,24.444444444444443,2.222222222222225,26.36363636363636,66.66666666666666
CPU,-8,fgsm/eps0.01,fgsm,eps0.01,20,110,45,34,11,32,16,11,35,27,32.35294117647059,19.131451326458574,49.15741595188061,29.09090909090909,35.55555555555556,24.444444444444443,11.111111111111114,31.818181818181817,60.0
CPU,-8,fgsm/eps0.01,fgsm,eps0.01,30,110,45,34,13,34,17,11,39,21,38.23529411764706,23.899964851608782,54.95928000061734,30.909090909090907,37.77777777777778,24.444444444444443,13.333333333333336,35.45454545454545,46.666666666666664
CPU,-8,fgsm/eps0.01,fgsm,eps0.01,40,110,45,34,18,43,26,11,39,16,52.94117647058824,36.73644042005483,68.54874836688863,39.09090909090909,57.77777777777777,24.444444444444443,33.33333333333333,35.45454545454545,35.55555555555556
CPU,-8,fgsm/eps0.03,fgsm,eps0.03,10,110,45,40,10,24,11,5,29,30,25.0,14.186967895549518,40.194259066970105,21.818181818181817,24.444444444444443,11.11111111111111,13.333333333333332,26.36363636363636,66.66666666666666
CPU,-8,fgsm/eps0.03,fgsm,eps0.03,20,110,45,40,12,29,12,5,35,27,30.0,18.074670915695297,45.4303106543204,26.36363636363636,26.666666666666668,11.11111111111111,15.555555555555557,31.818181818181817,60.0
CPU,-8,fgsm/eps0.03,fgsm,eps0.03,30,110,45,40,10,28,11,5,39,21,25.0,14.186967895549518,40.194259066970105,25.454545454545453,24.444444444444443,11.11111111111111,13.333333333333332,35.45454545454545,46.666666666666664
CPU,-8,fgsm/eps0.03,fgsm,eps0.03,40,110,45,40,7,28,10,5,39,16,17.5,8.745302996883066,31.95029205439244,25.454545454545453,22.22222222222222,11.11111111111111,11.11111111111111,35.45454545454545,35.55555555555556
CPU,-8,fgsm/eps0.05,fgsm,eps0.05,10,110,45,45,12,26,12,0,29,30,26.666666666666668,15.964748860054623,41.03911669717528,23.636363636363637,26.666666666666668,0.0,26.666666666666668,26.36363636363636,66.66666666666666
CPU,-8,fgsm/eps0.05,fgsm,eps0.05,20,110,45,45,13,25,13,0,35,27,28.888888888888886,17.729918031900162,43.368817472260226,22.727272727272727,28.888888888888886,0.0,28.888888888888886,31.818181818181817,60.0
CPU,-8,fgsm/eps0.05,fgsm,eps0.05,30,110,45,45,6,19,6,0,39,21,13.333333333333334,6.25706363434968,26.17758224129731,17.272727272727273,13.333333333333334,0.0,13.333333333333334,35.45454545454545,46.666666666666664
CPU,-8,fgsm/eps0.05,fgsm,eps0.05,40,110,45,45,4,18,4,0,39,16,8.88888888888889,3.5110548134203152,20.733851168365703,16.363636363636363,8.88888888888889,0.0,8.88888888888889,35.45454545454545,35.55555555555556
CPU,-8,bim/eps0.03_default,bim,eps0.03_default,10,110,45,45,12,26,12,0,29,30,26.666666666666668,15.964748860054623,41.03911669717528,23.636363636363637,26.666666666666668,0.0,26.666666666666668,26.36363636363636,66.66666666666666
CPU,-8,bim/eps0.03_default,bim,eps0.03_default,20,110,45,45,13,25,13,0,35,27,28.888888888888886,17.729918031900162,43.368817472260226,22.727272727272727,28.888888888888886,0.0,28.888888888888886,31.818181818181817,60.0
CPU,-8,bim/eps0.03_default,bim,eps0.03_default,30,110,45,45,12,23,12,0,39,21,26.666666666666668,15.964748860054623,41.03911669717528,20.909090909090907,26.666666666666668,0.0,26.666666666666668,35.45454545454545,46.666666666666664
CPU,-8,bim/eps0.03_default,bim,eps0.03_default,40,110,45,45,9,22,9,0,39,16,20.0,10.896004402509005,33.82325131392944,20.0,20.0,0.0,20.0,35.45454545454545,35.55555555555556
CPU,-8,pgd/eps0.005,pgd,eps0.005,10,110,45,23,7,28,14,22,29,30,30.434782608695656,15.603828020972454,50.866129060572604,25.454545454545453,31.11111111111111,48.888888888888886,-17.777777777777775,26.36363636363636,66.66666666666666
CPU,-8,pgd/eps0.005,pgd,eps0.005,20,110,45,23,8,33,18,22,35,27,34.78260869565217,18.811054636982238,55.11002309310836,30.0,40.0,48.888888888888886,-8.888888888888886,31.818181818181817,60.0
CPU,-8,pgd/eps0.005,pgd,eps0.005,30,110,45,23,10,39,22,22,39,21,43.47826086956522,25.634368332198655,63.188950694983035,35.45454545454545,48.888888888888886,48.888888888888886,0.0,35.45454545454545,46.666666666666664
CPU,-8,pgd/eps0.005,pgd,eps0.005,40,110,45,23,14,43,31,22,39,16,60.86956521739131,40.78517960374599,77.84262201761787,39.09090909090909,68.88888888888889,48.888888888888886,20.0,35.45454545454545,35.55555555555556
CPU,-8,pgd/eps0.01,pgd,eps0.01,10,110,45,35,10,28,13,10,29,30,28.57142857142857,16.326363398295566,45.05524806982108,25.454545454545453,28.888888888888886,22.22222222222222,6.666666666666664,26.36363636363636,66.66666666666666
CPU,-8,pgd/eps0.01,pgd,eps0.01,20,110,45,35,12,32,17,10,35,27,34.285714285714285,20.831495282688923,50.84835312726328,29.09090909090909,37.77777777777778,22.22222222222222,15.555555555555557,31.818181818181817,60.0
CPU,-8,pgd/eps0.01,pgd,eps0.01,30,110,45,35,15,36,21,10,39,21,42.857142857142854,27.984333081678912,59.14287074102662,32.72727272727273,46.666666666666664,22.22222222222222,24.444444444444443,35.45454545454545,46.666666666666664
CPU,-8,pgd/eps0.01,pgd,eps0.01,40,110,45,35,16,34,23,10,39,16,45.714285714285715,30.46577363376085,61.81054865986248,30.909090909090907,51.11111111111111,22.22222222222222,28.888888888888886,35.45454545454545,35.55555555555556
CPU,-8,pgd/eps0.03,pgd,eps0.03,10,110,45,45,10,24,10,0,29,30,22.22222222222222,12.544551866005632,36.26957379736329,21.818181818181817,22.22222222222222,0.0,22.22222222222222,26.36363636363636,66.66666666666666
CPU,-8,pgd/eps0.03,pgd,eps0.03,20,110,45,45,11,25,11,0,35,27,24.444444444444443,14.235335025509283,38.673660584790134,22.727272727272727,24.444444444444443,0.0,24.444444444444443,31.818181818181817,60.0
CPU,-8,pgd/eps0.03,pgd,eps0.03,30,110,45,45,12,21,12,0,39,21,26.666666666666668,15.964748860054623,41.03911669717528,19.090909090909093,26.666666666666668,0.0,26.666666666666668,35.45454545454545,46.666666666666664
CPU,-8,pgd/eps0.03,pgd,eps0.03,40,110,45,45,8,20,8,0,39,16,17.77777777777778,9.29427892585383,31.330106843654136,18.181818181818183,17.77777777777778,0.0,17.77777777777778,35.45454545454545,35.55555555555556
CPU,-8,mifgsm/eps0.03_default,mifgsm,eps0.03_default,10,110,45,45,10,24,10,0,29,30,22.22222222222222,12.544551866005632,36.26957379736329,21.818181818181817,22.22222222222222,0.0,22.22222222222222,26.36363636363636,66.66666666666666
CPU,-8,mifgsm/eps0.03_default,mifgsm,eps0.03_default,20,110,45,45,13,26,13,0,35,27,28.888888888888886,17.729918031900162,43.368817472260226,23.636363636363637,28.888888888888886,0.0,28.888888888888886,31.818181818181817,60.0
CPU,-8,mifgsm/eps0.03_default,mifgsm,eps0.03_default,30,110,45,45,11,26,11,0,39,21,24.444444444444443,14.235335025509283,38.673660584790134,23.636363636363637,24.444444444444443,0.0,24.444444444444443,35.45454545454545,46.666666666666664
CPU,-8,mifgsm/eps0.03_default,mifgsm,eps0.03_default,40,110,45,45,7,24,7,0,39,16,15.555555555555555,7.745325311328677,28.784190511248802,21.818181818181817,15.555555555555555,0.0,15.555555555555555,35.45454545454545,35.55555555555556
CPU,-8,difgsm/eps0.03_default,difgsm,eps0.03_default,10,110,45,44,13,27,13,1,29,30,29.545454545454547,18.155360887243294,44.22047938565727,24.545454545454547,28.888888888888886,2.2222222222222223,26.666666666666664,26.36363636363636,66.66666666666666
CPU,-8,difgsm/eps0.03_default,difgsm,eps0.03_default,20,110,45,44,9,22,9,1,35,27,20.454545454545457,11.153127823467596,34.50086368183322,20.0,20.0,2.2222222222222223,17.77777777777778,31.818181818181817,60.0
CPU,-8,difgsm/eps0.03_default,difgsm,eps0.03_default,30,110,45,44,8,22,8,1,39,21,18.181818181818183,9.512692558258554,31.96083675514233,20.0,17.77777777777778,2.2222222222222223,15.555555555555557,35.45454545454545,46.666666666666664
CPU,-8,difgsm/eps0.03_default,difgsm,eps0.03_default,40,110,45,44,5,18,5,1,39,16,11.363636363636363,4.952707589567494,23.979435148133582,16.363636363636363,11.11111111111111,2.2222222222222223,8.88888888888889,35.45454545454545,35.55555555555556
CPU,-8,vmifgsm/eps0.03_default,vmifgsm,eps0.03_default,10,110,45,45,10,24,10,0,29,30,22.22222222222222,12.544551866005632,36.26957379736329,21.818181818181817,22.22222222222222,0.0,22.22222222222222,26.36363636363636,66.66666666666666
CPU,-8,vmifgsm/eps0.03_default,vmifgsm,eps0.03_default,20,110,45,45,13,26,13,0,35,27,28.888888888888886,17.729918031900162,43.368817472260226,23.636363636363637,28.888888888888886,0.0,28.888888888888886,31.818181818181817,60.0
CPU,-8,vmifgsm/eps0.03_default,vmifgsm,eps0.03_default,30,110,45,45,10,20,10,0,39,21,22.22222222222222,12.544551866005632,36.26957379736329,18.181818181818183,22.22222222222222,0.0,22.22222222222222,35.45454545454545,46.666666666666664
CPU,-8,vmifgsm/eps0.03_default,vmifgsm,eps0.03_default,40,110,45,45,6,19,6,0,39,16,13.333333333333334,6.25706363434968,26.17758224129731,17.272727272727273,13.333333333333334,0.0,13.333333333333334,35.45454545454545,35.55555555555556
CPU,-8,vnifgsm/eps0.03_default,vnifgsm,eps0.03_default,10,110,45,45,13,27,13,0,29,30,28.888888888888886,17.729918031900162,43.368817472260226,24.545454545454547,28.888888888888886,0.0,28.888888888888886,26.36363636363636,66.66666666666666
CPU,-8,vnifgsm/eps0.03_default,vnifgsm,eps0.03_default,20,110,45,45,12,24,12,0,35,27,26.666666666666668,15.964748860054623,41.03911669717528,21.818181818181817,26.666666666666668,0.0,26.666666666666668,31.818181818181817,60.0
CPU,-8,vnifgsm/eps0.03_default,vnifgsm,eps0.03_default,30,110,45,45,12,27,12,0,39,21,26.666666666666668,15.964748860054623,41.03911669717528,24.545454545454547,26.666666666666668,0.0,26.666666666666668,35.45454545454545,46.666666666666664
CPU,-8,vnifgsm/eps0.03_default,vnifgsm,eps0.03_default,40,110,45,45,7,22,7,0,39,16,15.555555555555555,7.745325311328677,28.784190511248802,20.0,15.555555555555555,0.0,15.555555555555555,35.45454545454545,35.55555555555556
CPU,-8,rfgsm/eps0.03_default,rfgsm,eps0.03_default,10,110,45,45,12,27,12,0,29,30,26.666666666666668,15.964748860054623,41.03911669717528,24.545454545454547,26.666666666666668,0.0,26.666666666666668,26.36363636363636,66.66666666666666
CPU,-8,rfgsm/eps0.03_default,rfgsm,eps0.03_default,20,110,45,45,12,26,12,0,35,27,26.666666666666668,15.964748860054623,41.03911669717528,23.636363636363637,26.666666666666668,0.0,26.666666666666668,31.818181818181817,60.0
CPU,-8,rfgsm/eps0.03_default,rfgsm,eps0.03_default,30,110,45,45,12,23,12,0,39,21,26.666666666666668,15.964748860054623,41.03911669717528,20.909090909090907,26.666666666666668,0.0,26.666666666666668,35.45454545454545,46.666666666666664
CPU,-8,rfgsm/eps0.03_default,rfgsm,eps0.03_default,40,110,45,45,9,20,9,0,39,16,20.0,10.896004402509005,33.82325131392944,18.181818181818183,20.0,0.0,20.0,35.45454545454545,35.55555555555556
CPU,-8,tpgd/eps0.03_default,tpgd,eps0.03_default,10,110,45,33,8,32,13,12,29,30,24.242424242424242,12.831561346647295,41.024948685490294,29.09090909090909,28.888888888888886,26.666666666666668,2.222222222222218,26.36363636363636,66.66666666666666
CPU,-8,tpgd/eps0.03_default,tpgd,eps0.03_default,20,110,45,33,10,33,17,12,35,27,30.303030303030305,17.375347814547222,47.33845397473445,30.0,37.77777777777778,26.666666666666668,11.11111111111111,31.818181818181817,60.0
CPU,-8,tpgd/eps0.03_default,tpgd,eps0.03_default,30,110,45,33,12,32,20,12,39,21,36.36363636363637,22.186966167959874,53.384127378465905,29.09090909090909,44.44444444444444,26.666666666666668,17.777777777777775,35.45454545454545,46.666666666666664
CPU,-8,tpgd/eps0.03_default,tpgd,eps0.03_default,40,110,45,33,7,26,15,12,39,16,21.21212121212121,10.67588656643618,37.75197758712936,23.636363636363637,33.33333333333333,26.666666666666668,6.666666666666661,35.45454545454545,35.55555555555556
CPU,-8,cw/c1_steps20_lr0.01,cw,c1_steps20_lr0.01,10,110,45,44,15,30,15,1,29,30,34.090909090909086,21.875632628639945,48.86113202806049,27.27272727272727,33.33333333333333,2.2222222222222223,31.111111111111107,26.36363636363636,66.66666666666666
CPU,-8,cw/c1_steps20_lr0.01,cw,c1_steps20_lr0.01,20,110,45,44,16,34,17,1,35,27,36.36363636363637,23.783334127491422,51.13389272110895,30.909090909090907,37.77777777777778,2.2222222222222223,35.55555555555556,31.818181818181817,60.0
CPU,-8,cw/c1_steps20_lr0.01,cw,c1_steps20_lr0.01,30,110,45,44,21,36,22,1,39,21,47.72727272727273,33.75475794427176,62.0647798638283,32.72727272727273,48.888888888888886,2.2222222222222223,46.666666666666664,35.45454545454545,46.666666666666664
CPU,-8,cw/c1_steps20_lr0.01,cw,c1_steps20_lr0.01,40,110,45,44,27,41,28,1,39,16,61.36363636363637,46.623309846201664,74.27900111329802,37.27272727272727,62.22222222222222,2.2222222222222223,60.0,35.45454545454545,35.55555555555556
CPU,-8,deepfool/package_default,deepfool,package_default,10,110,45,44,15,28,15,1,29,30,34.090909090909086,21.875632628639945,48.86113202806049,25.454545454545453,33.33333333333333,2.2222222222222223,31.111111111111107,26.36363636363636,66.66666666666666
CPU,-8,deepfool/package_default,deepfool,package_default,20,110,45,44,17,34,17,1,35,27,38.63636363636363,25.720998886701985,53.37669015379832,30.909090909090907,37.77777777777778,2.2222222222222223,35.55555555555556,31.818181818181817,60.0
CPU,-8,deepfool/package_default,deepfool,package_default,30,110,45,44,21,37,21,1,39,21,47.72727272727273,33.75475794427176,62.0647798638283,33.63636363636363,46.666666666666664,2.2222222222222223,44.44444444444444,35.45454545454545,46.666666666666664
CPU,-8,deepfool/package_default,deepfool,package_default,40,110,45,44,29,42,29,1,39,16,65.9090909090909,51.138867971939504,78.12436737136005,38.18181818181819,64.44444444444444,2.2222222222222223,62.22222222222222,35.45454545454545,35.55555555555556
CPU,-8,fab/eps0.005,fab,eps0.005,10,110,45,24,7,27,14,21,29,30,29.166666666666668,14.914460334164279,49.168063658709706,24.545454545454547,31.11111111111111,46.666666666666664,-15.555555555555554,26.36363636363636,66.66666666666666
CPU,-8,fab/eps0.005,fab,eps0.005,20,110,45,24,8,35,18,21,35,27,33.33333333333333,17.971978688379643,53.29404050591954,31.818181818181817,40.0,46.666666666666664,-6.666666666666664,31.818181818181817,60.0
CPU,-8,fab/eps0.005,fab,eps0.005,30,110,45,24,10,38,23,21,39,21,41.66666666666667,24.467347246538232,61.16566235061137,34.54545454545455,51.11111111111111,46.666666666666664,4.444444444444443,35.45454545454545,46.666666666666664
CPU,-8,fab/eps0.005,fab,eps0.005,40,110,45,24,14,42,30,21,39,16,58.333333333333336,38.83433764938864,75.53265275346178,38.18181818181819,66.66666666666666,46.666666666666664,19.999999999999993,35.45454545454545,35.55555555555556
CPU,-8,fab/eps0.01,fab,eps0.01,10,110,45,38,11,26,13,7,29,30,28.947368421052634,17.003106263656132,44.757438266189766,23.636363636363637,28.888888888888886,15.555555555555555,13.33333333333333,26.36363636363636,66.66666666666666
CPU,-8,fab/eps0.01,fab,eps0.01,20,110,45,38,13,32,16,7,35,27,34.21052631578947,21.212220026458954,50.108188370925454,29.09090909090909,35.55555555555556,15.555555555555555,20.0,31.818181818181817,60.0
CPU,-8,fab/eps0.01,fab,eps0.01,30,110,45,38,17,37,21,7,39,21,44.73684210526316,30.146165311550888,60.29397082091058,33.63636363636363,46.666666666666664,15.555555555555555,31.111111111111107,35.45454545454545,46.666666666666664
CPU,-8,fab/eps0.01,fab,eps0.01,40,110,45,38,24,41,28,7,39,16,63.1578947368421,47.283672824260115,76.61598684458619,37.27272727272727,62.22222222222222,15.555555555555555,46.666666666666664,35.45454545454545,35.55555555555556
CPU,-8,fab/eps0.03,fab,eps0.03,10,110,45,45,14,26,14,0,29,30,31.11111111111111,19.528525463541907,45.66507998754897,23.636363636363637,31.11111111111111,0.0,31.11111111111111,26.36363636363636,66.66666666666666
CPU,-8,fab/eps0.03,fab,eps0.03,20,110,45,45,16,32,16,0,35,27,35.55555555555556,23.21889135690405,50.16445398804781,29.09090909090909,35.55555555555556,0.0,35.55555555555556,31.818181818181817,60.0
CPU,-8,fab/eps0.03,fab,eps0.03,30,110,45,45,22,39,22,0,39,21,48.888888888888886,34.95678935302451,62.99577567351026,35.45454545454545,48.888888888888886,0.0,48.888888888888886,35.45454545454545,46.666666666666664
CPU,-8,fab/eps0.03,fab,eps0.03,40,110,45,45,29,43,29,0,39,16,64.44444444444444,49.835546011952204,76.78110864309596,39.09090909090909,64.44444444444444,0.0,64.44444444444444,35.45454545454545,35.55555555555556
CPU,-8,square/eps0.03_default,square,eps0.03_default,10,110,45,45,11,28,11,0,29,30,24.444444444444443,14.235335025509283,38.673660584790134,25.454545454545453,24.444444444444443,0.0,24.444444444444443,26.36363636363636,66.66666666666666
CPU,-8,square/eps0.03_default,square,eps0.03_default,20,110,45,45,11,27,11,0,35,27,24.444444444444443,14.235335025509283,38.673660584790134,24.545454545454547,24.444444444444443,0.0,24.444444444444443,31.818181818181817,60.0
CPU,-8,square/eps0.03_default,square,eps0.03_default,30,110,45,45,15,29,15,0,39,21,33.33333333333333,21.358692207276764,47.9297831907446,26.36363636363636,33.33333333333333,0.0,33.33333333333333,35.45454545454545,46.666666666666664
CPU,-8,square/eps0.03_default,square,eps0.03_default,40,110,45,45,18,33,18,0,39,16,40.0,27.024679447957546,54.54840579085527,30.0,40.0,0.0,40.0,35.45454545454545,35.55555555555556
CPU,-8,apgd/eps0.03_default,apgd,eps0.03_default,10,110,45,45,16,31,16,0,29,30,35.55555555555556,23.21889135690405,50.16445398804781,28.18181818181818,35.55555555555556,0.0,35.55555555555556,26.36363636363636,66.66666666666666
CPU,-8,apgd/eps0.03_default,apgd,eps0.03_default,20,110,45,45,14,27,14,0,35,27,31.11111111111111,19.528525463541907,45.66507998754897,24.545454545454547,31.11111111111111,0.0,31.11111111111111,31.818181818181817,60.0
CPU,-8,apgd/eps0.03_default,apgd,eps0.03_default,30,110,45,45,13,25,13,0,39,21,28.888888888888886,17.729918031900162,43.368817472260226,22.727272727272727,28.888888888888886,0.0,28.888888888888886,35.45454545454545,46.666666666666664
CPU,-8,apgd/eps0.03_default,apgd,eps0.03_default,40,110,45,45,9,21,9,0,39,16,20.0,10.896004402509005,33.82325131392944,19.090909090909093,20.0,0.0,20.0,35.45454545454545,35.55555555555556
CPU,-8,apgdt/eps0.03_default,apgdt,eps0.03_default,10,110,45,45,18,34,18,0,29,30,40.0,27.024679447957546,54.54840579085527,30.909090909090907,40.0,0.0,40.0,26.36363636363636,66.66666666666666
CPU,-8,apgdt/eps0.03_default,apgdt,eps0.03_default,20,110,45,45,15,29,15,0,35,27,33.33333333333333,21.358692207276764,47.9297831907446,26.36363636363636,33.33333333333333,0.0,33.33333333333333,31.818181818181817,60.0
CPU,-8,apgdt/eps0.03_default,apgdt,eps0.03_default,30,110,45,45,14,30,14,0,39,21,31.11111111111111,19.528525463541907,45.66507998754897,27.27272727272727,31.11111111111111,0.0,31.11111111111111,35.45454545454545,46.666666666666664
CPU,-8,apgdt/eps0.03_default,apgdt,eps0.03_default,40,110,45,45,14,32,14,0,39,16,31.11111111111111,19.528525463541907,45.66507998754897,29.09090909090909,31.11111111111111,0.0,31.11111111111111,35.45454545454545,35.55555555555556
CPU,-8,autoattack/eps0.03_standard,autoattack,eps0.03_standard,10,110,45,45,13,26,13,0,29,30,28.888888888888886,17.729918031900162,43.368817472260226,23.636363636363637,28.888888888888886,0.0,28.888888888888886,26.36363636363636,66.66666666666666
CPU,-8,autoattack/eps0.03_standard,autoattack,eps0.03_standard,20,110,45,45,15,28,15,0,35,27,33.33333333333333,21.358692207276764,47.9297831907446,25.454545454545453,33.33333333333333,0.0,33.33333333333333,31.818181818181817,60.0
CPU,-8,autoattack/eps0.03_standard,autoattack,eps0.03_standard,30,110,45,45,14,26,14,0,39,21,31.11111111111111,19.528525463541907,45.66507998754897,23.636363636363637,31.11111111111111,0.0,31.11111111111111,35.45454545454545,46.666666666666664
CPU,-8,autoattack/eps0.03_standard,autoattack,eps0.03_standard,40,110,45,45,11,21,11,0,39,16,24.444444444444443,14.235335025509283,38.673660584790134,19.090909090909093,24.444444444444443,0.0,24.444444444444443,35.45454545454545,35.55555555555556
CPU,-8,ead/package_default,ead,package_default,10,110,45,45,17,32,17,0,29,30,37.77777777777778,25.107885298349863,52.37032999353246,29.09090909090909,37.77777777777778,0.0,37.77777777777778,26.36363636363636,66.66666666666666
CPU,-8,ead/package_default,ead,package_default,20,110,45,45,18,35,18,0,35,27,40.0,27.024679447957546,54.54840579085527,31.818181818181817,40.0,0.0,40.0,31.818181818181817,60.0
CPU,-8,ead/package_default,ead,package_default,30,110,45,45,21,35,21,0,39,21,46.666666666666664,32.934903942014735,60.92279113758954,31.818181818181817,46.666666666666664,0.0,46.666666666666664,35.45454545454545,46.666666666666664
CPU,-8,ead/package_default,ead,package_default,40,110,45,45,30,41,30,0,39,16,66.66666666666666,52.0702168092554,78.64130779272324,37.27272727272727,66.66666666666666,0.0,66.66666666666666,35.45454545454545,35.55555555555556
CPU,-8,ALL/ALL_24,ALL,ALL_24,10,2640,1080,964,280,663,315,116,696,720,29.045643153526974,26.267488962983453,31.990143277664195,25.113636363636367,29.166666666666668,10.74074074074074,18.425925925925927,26.36363636363636,66.66666666666666
CPU,-8,ALL/ALL_24,ALL,ALL_24,20,2640,1080,964,301,707,352,116,840,648,31.224066390041493,28.378084964822126,34.21910035971858,26.78030303030303,32.592592592592595,10.74074074074074,21.851851851851855,31.818181818181817,60.0
CPU,-8,ALL/ALL_24,ALL,ALL_24,30,2640,1080,964,321,719,382,116,936,504,33.29875518672199,30.395137712341253,36.33495531114523,27.234848484848484,35.37037037037037,10.74074074074074,24.629629629629626,35.45454545454545,46.666666666666664
CPU,-8,ALL/ALL_24,ALL,ALL_24,40,2640,1080,964,333,738,416,116,936,384,34.54356846473029,31.608484663383635,37.60135297947032,27.954545454545453,38.51851851851852,10.74074074074074,27.77777777777778,35.45454545454545,35.55555555555556
CPU,-6,fgsm/eps0.005,fgsm,eps0.005,10,110,59,30,9,33,21,29,32,39,30.0,16.664562643958934,47.876121011660175,30.0,35.59322033898305,49.152542372881356,-13.559322033898304,29.09090909090909,66.10169491525424
CPU,-6,fgsm/eps0.005,fgsm,eps0.005,20,110,59,30,11,35,24,29,36,35,36.666666666666664,21.87370220401768,54.486753566395066,31.818181818181817,40.67796610169492,49.152542372881356,-8.474576271186436,32.72727272727273,59.32203389830508
CPU,-6,fgsm/eps0.005,fgsm,eps0.005,30,110,59,30,13,42,29,29,40,28,43.333333333333336,27.37723743061511,60.80299045459127,38.18181818181819,49.152542372881356,49.152542372881356,0.0,36.36363636363637,47.45762711864407
CPU,-6,fgsm/eps0.005,fgsm,eps0.005,40,110,59,30,15,46,36,29,45,21,50.0,33.15385122717377,66.84614877282624,41.81818181818181,61.016949152542374,49.152542372881356,11.864406779661017,40.909090909090914,35.59322033898305
CPU,-6,fgsm/eps0.01,fgsm,eps0.01,10,110,59,41,12,31,20,18,32,39,29.268292682926827,17.60901763305888,44.47975707613973,28.18181818181818,33.89830508474576,30.508474576271187,3.389830508474571,29.09090909090909,66.10169491525424
CPU,-6,fgsm/eps0.01,fgsm,eps0.01,20,110,59,41,16,39,26,18,36,35,39.02439024390244,25.65593521532712,54.27341610130745,35.45454545454545,44.06779661016949,30.508474576271187,13.559322033898301,32.72727272727273,59.32203389830508
CPU,-6,fgsm/eps0.01,fgsm,eps0.01,30,110,59,41,18,40,28,18,40,28,43.90243902439025,29.889904772109833,58.959734848242704,36.36363636363637,47.45762711864407,30.508474576271187,16.949152542372882,36.36363636363637,47.45762711864407
CPU,-6,fgsm/eps0.01,fgsm,eps0.01,40,110,59,41,18,45,32,18,45,21,43.90243902439025,29.889904772109833,58.959734848242704,40.909090909090914,54.23728813559322,30.508474576271187,23.72881355932203,40.909090909090914,35.59322033898305
CPU,-6,fgsm/eps0.03,fgsm,eps0.03,10,110,59,56,20,33,20,3,32,39,35.714285714285715,24.45639270270599,48.80635428266874,30.0,33.89830508474576,5.084745762711865,28.813559322033893,29.09090909090909,66.10169491525424
CPU,-6,fgsm/eps0.03,fgsm,eps0.03,20,110,59,56,21,32,21,3,36,35,37.5,26.010029646692185,50.5948739655107,29.09090909090909,35.59322033898305,5.084745762711865,30.508474576271187,32.72727272727273,59.32203389830508
CPU,-6,fgsm/eps0.03,fgsm,eps0.03,30,110,59,56,20,33,20,3,40,28,35.714285714285715,24.45639270270599,48.80635428266874,30.0,33.89830508474576,5.084745762711865,28.813559322033893,36.36363636363637,47.45762711864407
CPU,-6,fgsm/eps0.03,fgsm,eps0.03,40,110,59,56,12,28,14,3,45,21,21.428571428571427,12.7057803147445,33.81971365600494,25.454545454545453,23.728813559322035,5.084745762711865,18.64406779661017,40.909090909090914,35.59322033898305
CPU,-6,fgsm/eps0.05,fgsm,eps0.05,10,110,59,57,18,30,19,2,32,39,31.57894736842105,21.00412363168152,44.480018797182936,27.27272727272727,32.20338983050847,3.389830508474576,28.813559322033896,29.09090909090909,66.10169491525424
CPU,-6,fgsm/eps0.05,fgsm,eps0.05,20,110,59,57,12,25,13,2,36,35,21.052631578947366,12.474426566891902,33.28636867846653,22.727272727272727,22.033898305084744,3.389830508474576,18.644067796610166,32.72727272727273,59.32203389830508
CPU,-6,fgsm/eps0.05,fgsm,eps0.05,30,110,59,57,7,19,8,2,40,28,12.280701754385964,6.077983003507501,23.24668958892925,17.272727272727273,13.559322033898304,3.389830508474576,10.169491525423728,36.36363636363637,47.45762711864407
CPU,-6,fgsm/eps0.05,fgsm,eps0.05,40,110,59,57,6,20,7,2,45,21,10.526315789473683,4.914398953912691,21.123049107939725,18.181818181818183,11.864406779661017,3.389830508474576,8.474576271186441,40.909090909090914,35.59322033898305
CPU,-6,bim/eps0.03_default,bim,eps0.03_default,10,110,59,59,19,30,19,0,32,39,32.20338983050847,21.687410829652446,44.89523506096778,27.27272727272727,32.20338983050847,0.0,32.20338983050847,29.09090909090909,66.10169491525424
CPU,-6,bim/eps0.03_default,bim,eps0.03_default,20,110,59,59,20,32,20,0,36,35,33.89830508474576,23.137483598383493,46.62776744551099,29.09090909090909,33.89830508474576,0.0,33.89830508474576,32.72727272727273,59.32203389830508
CPU,-6,bim/eps0.03_default,bim,eps0.03_default,30,110,59,59,19,29,19,0,40,28,32.20338983050847,21.687410829652446,44.89523506096778,26.36363636363636,32.20338983050847,0.0,32.20338983050847,36.36363636363637,47.45762711864407
CPU,-6,bim/eps0.03_default,bim,eps0.03_default,40,110,59,59,14,26,14,0,45,21,23.728813559322035,14.69448625694613,35.97513386730279,23.636363636363637,23.728813559322035,0.0,23.728813559322035,40.909090909090914,35.59322033898305
CPU,-6,pgd/eps0.005,pgd,eps0.005,10,110,59,33,9,33,21,26,32,39,27.27272727272727,15.067272656322814,44.21788325438681,30.0,35.59322033898305,44.06779661016949,-8.474576271186436,29.09090909090909,66.10169491525424
CPU,-6,pgd/eps0.005,pgd,eps0.005,20,110,59,33,11,36,24,26,36,35,33.33333333333333,19.7500294678037,50.392418200050024,32.72727272727273,40.67796610169492,44.06779661016949,-3.3898305084745672,32.72727272727273,59.32203389830508
CPU,-6,pgd/eps0.005,pgd,eps0.005,30,110,59,33,13,39,28,26,40,28,39.39393939393939,24.68288223150821,56.316857193489625,35.45454545454545,47.45762711864407,44.06779661016949,3.3898305084745814,36.36363636363637,47.45762711864407
CPU,-6,pgd/eps0.005,pgd,eps0.005,40,110,59,33,17,47,37,26,45,21,51.515151515151516,35.218104586210245,67.49621835307578,42.72727272727273,62.71186440677966,44.06779661016949,18.644067796610173,40.909090909090914,35.59322033898305
CPU,-6,pgd/eps0.01,pgd,eps0.01,10,110,59,45,14,32,20,14,32,39,31.11111111111111,19.528525463541907,45.66507998754897,29.09090909090909,33.89830508474576,23.728813559322035,10.169491525423723,29.09090909090909,66.10169491525424
CPU,-6,pgd/eps0.01,pgd,eps0.01,20,110,59,45,18,41,26,14,36,35,40.0,27.024679447957546,54.54840579085527,37.27272727272727,44.06779661016949,23.728813559322035,20.338983050847453,32.72727272727273,59.32203389830508
CPU,-6,pgd/eps0.01,pgd,eps0.01,30,110,59,45,21,40,29,14,40,28,46.666666666666664,32.934903942014735,60.92279113758954,36.36363636363637,49.152542372881356,23.728813559322035,25.423728813559322,36.36363636363637,47.45762711864407
CPU,-6,pgd/eps0.01,pgd,eps0.01,40,110,59,45,22,44,34,14,45,21,48.888888888888886,34.95678935302451,62.99577567351026,40.0,57.6271186440678,23.728813559322035,33.898305084745765,40.909090909090914,35.59322033898305
CPU,-6,pgd/eps0.03,pgd,eps0.03,10,110,59,59,20,31,20,0,32,39,33.89830508474576,23.137483598383493,46.62776744551099,28.18181818181818,33.89830508474576,0.0,33.89830508474576,29.09090909090909,66.10169491525424
CPU,-6,pgd/eps0.03,pgd,eps0.03,20,110,59,59,23,34,23,0,36,35,38.983050847457626,27.57917606558441,51.73389043813288,30.909090909090907,38.983050847457626,0.0,38.983050847457626,32.72727272727273,59.32203389830508
CPU,-6,pgd/eps0.03,pgd,eps0.03,30,110,59,59,22,35,22,0,40,28,37.28813559322034,26.083818032585153,50.04664331785788,31.818181818181817,37.28813559322034,0.0,37.28813559322034,36.36363636363637,47.45762711864407
CPU,-6,pgd/eps0.03,pgd,eps0.03,40,110,59,59,13,24,13,0,45,21,22.033898305084744,13.354072524323755,34.132942446650894,21.818181818181817,22.033898305084744,0.0,22.033898305084744,40.909090909090914,35.59322033898305
CPU,-6,mifgsm/eps0.03_default,mifgsm,eps0.03_default,10,110,59,59,20,32,20,0,32,39,33.89830508474576,23.137483598383493,46.62776744551099,29.09090909090909,33.89830508474576,0.0,33.89830508474576,29.09090909090909,66.10169491525424
CPU,-6,mifgsm/eps0.03_default,mifgsm,eps0.03_default,20,110,59,59,19,31,19,0,36,35,32.20338983050847,21.687410829652446,44.89523506096778,28.18181818181818,32.20338983050847,0.0,32.20338983050847,32.72727272727273,59.32203389830508
CPU,-6,mifgsm/eps0.03_default,mifgsm,eps0.03_default,30,110,59,59,20,33,20,0,40,28,33.89830508474576,23.137483598383493,46.62776744551099,30.0,33.89830508474576,0.0,33.89830508474576,36.36363636363637,47.45762711864407
CPU,-6,mifgsm/eps0.03_default,mifgsm,eps0.03_default,40,110,59,59,13,29,13,0,45,21,22.033898305084744,13.354072524323755,34.132942446650894,26.36363636363636,22.033898305084744,0.0,22.033898305084744,40.909090909090914,35.59322033898305
CPU,-6,difgsm/eps0.03_default,difgsm,eps0.03_default,10,110,59,54,14,31,19,5,32,39,25.925925925925924,16.118507964793903,38.931144880217296,28.18181818181818,32.20338983050847,8.47457627118644,23.72881355932203,29.09090909090909,66.10169491525424
CPU,-6,difgsm/eps0.03_default,difgsm,eps0.03_default,20,110,59,54,9,22,13,5,36,35,16.666666666666664,9.02428998661039,28.736767798789735,20.0,22.033898305084744,8.47457627118644,13.559322033898304,32.72727272727273,59.32203389830508
CPU,-6,difgsm/eps0.03_default,difgsm,eps0.03_default,30,110,59,54,11,24,15,5,40,28,20.37037037037037,11.773934086585381,32.90256172265917,21.818181818181817,25.423728813559322,8.47457627118644,16.949152542372882,36.36363636363637,47.45762711864407
CPU,-6,difgsm/eps0.03_default,difgsm,eps0.03_default,40,110,59,54,11,23,14,5,45,21,20.37037037037037,11.773934086585381,32.90256172265917,20.909090909090907,23.728813559322035,8.47457627118644,15.254237288135595,40.909090909090914,35.59322033898305
CPU,-6,vmifgsm/eps0.03_default,vmifgsm,eps0.03_default,10,110,59,59,20,31,20,0,32,39,33.89830508474576,23.137483598383493,46.62776744551099,28.18181818181818,33.89830508474576,0.0,33.89830508474576,29.09090909090909,66.10169491525424
CPU,-6,vmifgsm/eps0.03_default,vmifgsm,eps0.03_default,20,110,59,59,21,32,21,0,36,35,35.59322033898305,24.60311586943476,48.34474032773399,29.09090909090909,35.59322033898305,0.0,35.59322033898305,32.72727272727273,59.32203389830508
CPU,-6,vmifgsm/eps0.03_default,vmifgsm,eps0.03_default,30,110,59,59,19,33,19,0,40,28,32.20338983050847,21.687410829652446,44.89523506096778,30.0,32.20338983050847,0.0,32.20338983050847,36.36363636363637,47.45762711864407
CPU,-6,vmifgsm/eps0.03_default,vmifgsm,eps0.03_default,40,110,59,59,13,28,13,0,45,21,22.033898305084744,13.354072524323755,34.132942446650894,25.454545454545453,22.033898305084744,0.0,22.033898305084744,40.909090909090914,35.59322033898305
CPU,-6,vnifgsm/eps0.03_default,vnifgsm,eps0.03_default,10,110,59,59,21,33,21,0,32,39,35.59322033898305,24.60311586943476,48.34474032773399,30.0,35.59322033898305,0.0,35.59322033898305,29.09090909090909,66.10169491525424
CPU,-6,vnifgsm/eps0.03_default,vnifgsm,eps0.03_default,20,110,59,59,22,33,22,0,36,35,37.28813559322034,26.083818032585153,50.04664331785788,30.0,37.28813559322034,0.0,37.28813559322034,32.72727272727273,59.32203389830508
CPU,-6,vnifgsm/eps0.03_default,vnifgsm,eps0.03_default,30,110,59,59,21,33,21,0,40,28,35.59322033898305,24.60311586943476,48.34474032773399,30.0,35.59322033898305,0.0,35.59322033898305,36.36363636363637,47.45762711864407
CPU,-6,vnifgsm/eps0.03_default,vnifgsm,eps0.03_default,40,110,59,59,12,25,12,0,45,21,20.33898305084746,12.036154854418065,32.26825496328232,22.727272727272727,20.33898305084746,0.0,20.33898305084746,40.909090909090914,35.59322033898305
CPU,-6,rfgsm/eps0.03_default,rfgsm,eps0.03_default,10,110,59,59,21,33,21,0,32,39,35.59322033898305,24.60311586943476,48.34474032773399,30.0,35.59322033898305,0.0,35.59322033898305,29.09090909090909,66.10169491525424
CPU,-6,rfgsm/eps0.03_default,rfgsm,eps0.03_default,20,110,59,59,21,32,21,0,36,35,35.59322033898305,24.60311586943476,48.34474032773399,29.09090909090909,35.59322033898305,0.0,35.59322033898305,32.72727272727273,59.32203389830508
CPU,-6,rfgsm/eps0.03_default,rfgsm,eps0.03_default,30,110,59,59,21,35,21,0,40,28,35.59322033898305,24.60311586943476,48.34474032773399,31.818181818181817,35.59322033898305,0.0,35.59322033898305,36.36363636363637,47.45762711864407
CPU,-6,rfgsm/eps0.03_default,rfgsm,eps0.03_default,40,110,59,59,16,28,16,0,45,21,27.11864406779661,17.43682499250834,39.5980054382891,25.454545454545453,27.11864406779661,0.0,27.11864406779661,40.909090909090914,35.59322033898305
CPU,-6,tpgd/eps0.03_default,tpgd,eps0.03_default,10,110,59,43,17,32,22,16,32,39,39.53488372093023,26.365106198456402,54.42120340668091,29.09090909090909,37.28813559322034,27.11864406779661,10.16949152542373,29.09090909090909,66.10169491525424
CPU,-6,tpgd/eps0.03_default,tpgd,eps0.03_default,20,110,59,43,16,33,24,16,36,35,37.2093023255814,24.37613889377433,52.14046173472684,30.0,40.67796610169492,27.11864406779661,13.559322033898312,32.72727272727273,59.32203389830508
CPU,-6,tpgd/eps0.03_default,tpgd,eps0.03_default,30,110,59,43,17,35,26,16,40,28,39.53488372093023,26.365106198456402,54.42120340668091,31.818181818181817,44.06779661016949,27.11864406779661,16.94915254237288,36.36363636363637,47.45762711864407
CPU,-6,tpgd/eps0.03_default,tpgd,eps0.03_default,40,110,59,43,15,38,28,16,45,21,34.883720930232556,22.418398748963103,49.82849290290191,34.54545454545455,47.45762711864407,27.11864406779661,20.33898305084746,40.909090909090914,35.59322033898305
CPU,-6,cw/c1_steps20_lr0.01,cw,c1_steps20_lr0.01,10,110,59,57,21,33,21,2,32,39,36.84210526315789,25.52337550616508,49.82244051445238,30.0,35.59322033898305,3.389830508474576,32.20338983050848,29.09090909090909,66.10169491525424
CPU,-6,cw/c1_steps20_lr0.01,cw,c1_steps20_lr0.01,20,110,59,57,24,35,24,2,36,35,42.10526315789473,30.187399753051857,55.020089859318624,31.818181818181817,40.67796610169492,3.389830508474576,37.288135593220346,32.72727272727273,59.32203389830508
CPU,-6,cw/c1_steps20_lr0.01,cw,c1_steps20_lr0.01,30,110,59,57,29,40,29,2,40,28,50.877192982456144,38.25968032903235,63.38393193625982,36.36363636363637,49.152542372881356,3.389830508474576,45.76271186440678,36.36363636363637,47.45762711864407
CPU,-6,cw/c1_steps20_lr0.01,cw,c1_steps20_lr0.01,40,110,59,57,32,44,33,2,45,21,56.14035087719298,43.27778114293919,68.22750471410599,40.0,55.932203389830505,3.389830508474576,52.54237288135593,40.909090909090914,35.59322033898305
CPU,-6,deepfool/package_default,deepfool,package_default,10,110,59,59,21,33,21,0,32,39,35.59322033898305,24.60311586943476,48.34474032773399,30.0,35.59322033898305,0.0,35.59322033898305,29.09090909090909,66.10169491525424
CPU,-6,deepfool/package_default,deepfool,package_default,20,110,59,59,25,36,25,0,36,35,42.3728813559322,30.61253228310244,55.065744527163375,32.72727272727273,42.3728813559322,0.0,42.3728813559322,32.72727272727273,59.32203389830508
CPU,-6,deepfool/package_default,deepfool,package_default,30,110,59,59,29,38,29,0,40,28,49.152542372881356,36.84362544481631,61.56507197854656,34.54545454545455,49.152542372881356,0.0,49.152542372881356,36.36363636363637,47.45762711864407
CPU,-6,deepfool/package_default,deepfool,package_default,40,110,59,59,33,43,33,0,45,21,55.932203389830505,43.289130270422646,67.84998776603726,39.09090909090909,55.932203389830505,0.0,55.932203389830505,40.909090909090914,35.59322033898305
CPU,-6,fab/eps0.005,fab,eps0.005,10,110,59,34,9,32,20,25,32,39,26.47058823529412,14.601027541553796,43.11746216289845,29.09090909090909,33.89830508474576,42.3728813559322,-8.474576271186443,29.09090909090909,66.10169491525424
CPU,-6,fab/eps0.005,fab,eps0.005,20,110,59,34,11,36,24,25,36,35,32.35294117647059,19.131451326458574,49.15741595188061,32.72727272727273,40.67796610169492,42.3728813559322,-1.69491525423728,32.72727272727273,59.32203389830508
CPU,-6,fab/eps0.005,fab,eps0.005,30,110,59,34,13,39,28,25,40,28,38.23529411764706,23.899964851608782,54.95928000061734,35.45454545454545,47.45762711864407,42.3728813559322,5.084745762711869,36.36363636363637,47.45762711864407
CPU,-6,fab/eps0.005,fab,eps0.005,40,110,59,34,19,47,39,25,45,21,55.88235294117647,39.453617789183696,71.11675978470325,42.72727272727273,66.10169491525424,42.3728813559322,23.72881355932204,40.909090909090914,35.59322033898305
CPU,-6,fab/eps0.01,fab,eps0.01,10,110,59,46,14,33,21,13,32,39,30.434782608695656,19.079670807448903,44.80591874023817,30.0,35.59322033898305,22.033898305084744,13.559322033898308,29.09090909090909,66.10169491525424
CPU,-6,fab/eps0.01,fab,eps0.01,20,110,59,46,17,36,24,13,36,35,36.95652173913043,24.523559514309497,51.40016685081521,32.72727272727273,40.67796610169492,22.033898305084744,18.644067796610177,32.72727272727273,59.32203389830508
CPU,-6,fab/eps0.01,fab,eps0.01,30,110,59,46,20,39,28,13,40,28,43.47826086956522,30.209045959190572,57.75281722337178,35.45454545454545,47.45762711864407,22.033898305084744,25.423728813559325,36.36363636363637,47.45762711864407
CPU,-6,fab/eps0.01,fab,eps0.01,40,110,59,46,27,48,38,13,45,21,58.69565217391305,44.33924238701789,71.71160670289898,43.63636363636363,64.40677966101694,22.033898305084744,42.37288135593219,40.909090909090914,35.59322033898305
CPU,-6,fab/eps0.03,fab,eps0.03,10,110,59,58,20,32,20,1,32,39,34.48275862068966,23.560916371859545,47.33246284213233,29.09090909090909,33.89830508474576,1.694915254237288,32.20338983050847,29.09090909090909,66.10169491525424
CPU,-6,fab/eps0.03,fab,eps0.03,20,110,59,58,25,37,25,1,36,35,43.103448275862064,31.181600800834918,55.88212329427257,33.63636363636363,42.3728813559322,1.694915254237288,40.67796610169491,32.72727272727273,59.32203389830508
CPU,-6,fab/eps0.03,fab,eps0.03,30,110,59,58,28,38,28,1,40,28,48.275862068965516,35.9279744529903,60.83795657078658,34.54545454545455,47.45762711864407,1.694915254237288,45.76271186440678,36.36363636363637,47.45762711864407
CPU,-6,fab/eps0.03,fab,eps0.03,40,110,59,58,37,48,38,1,45,21,63.793103448275865,50.927286158285334,74.94526565149967,43.63636363636363,64.40677966101694,1.694915254237288,62.711864406779654,40.909090909090914,35.59322033898305
CPU,-6,square/eps0.03_default,square,eps0.03_default,10,110,59,59,21,32,21,0,32,39,35.59322033898305,24.60311586943476,48.34474032773399,29.09090909090909,35.59322033898305,0.0,35.59322033898305,29.09090909090909,66.10169491525424
CPU,-6,square/eps0.03_default,square,eps0.03_default,20,110,59,59,22,33,22,0,36,35,37.28813559322034,26.083818032585153,50.04664331785788,30.0,37.28813559322034,0.0,37.28813559322034,32.72727272727273,59.32203389830508
CPU,-6,square/eps0.03_default,square,eps0.03_default,30,110,59,59,25,34,25,0,40,28,42.3728813559322,30.61253228310244,55.065744527163375,30.909090909090907,42.3728813559322,0.0,42.3728813559322,36.36363636363637,47.45762711864407
CPU,-6,square/eps0.03_default,square,eps0.03_default,40,110,59,59,24,33,24,0,45,21,40.67796610169492,29.088843022555857,53.4068286344357,30.0,40.67796610169492,0.0,40.67796610169492,40.909090909090914,35.59322033898305
CPU,-6,apgd/eps0.03_default,apgd,eps0.03_default,10,110,59,59,20,31,20,0,32,39,33.89830508474576,23.137483598383493,46.62776744551099,28.18181818181818,33.89830508474576,0.0,33.89830508474576,29.09090909090909,66.10169491525424
CPU,-6,apgd/eps0.03_default,apgd,eps0.03_default,20,110,59,59,22,33,22,0,36,35,37.28813559322034,26.083818032585153,50.04664331785788,30.0,37.28813559322034,0.0,37.28813559322034,32.72727272727273,59.32203389830508
CPU,-6,apgd/eps0.03_default,apgd,eps0.03_default,30,110,59,59,22,33,22,0,40,28,37.28813559322034,26.083818032585153,50.04664331785788,30.0,37.28813559322034,0.0,37.28813559322034,36.36363636363637,47.45762711864407
CPU,-6,apgd/eps0.03_default,apgd,eps0.03_default,40,110,59,59,17,29,17,0,45,21,28.8135593220339,18.83634728582083,41.381088298250866,26.36363636363636,28.8135593220339,0.0,28.8135593220339,40.909090909090914,35.59322033898305
CPU,-6,apgdt/eps0.03_default,apgdt,eps0.03_default,10,110,59,59,18,28,18,0,32,39,30.508474576271187,20.253473477602125,43.14656725974384,25.454545454545453,30.508474576271187,0.0,30.508474576271187,29.09090909090909,66.10169491525424
CPU,-6,apgdt/eps0.03_default,apgdt,eps0.03_default,20,110,59,59,22,34,22,0,36,35,37.28813559322034,26.083818032585153,50.04664331785788,30.909090909090907,37.28813559322034,0.0,37.28813559322034,32.72727272727273,59.32203389830508
CPU,-6,apgdt/eps0.03_default,apgdt,eps0.03_default,30,110,59,59,22,37,22,0,40,28,37.28813559322034,26.083818032585153,50.04664331785788,33.63636363636363,37.28813559322034,0.0,37.28813559322034,36.36363636363637,47.45762711864407
CPU,-6,apgdt/eps0.03_default,apgdt,eps0.03_default,40,110,59,59,17,34,17,0,45,21,28.8135593220339,18.83634728582083,41.381088298250866,30.909090909090907,28.8135593220339,0.0,28.8135593220339,40.909090909090914,35.59322033898305
CPU,-6,autoattack/eps0.03_standard,autoattack,eps0.03_standard,10,110,59,59,20,33,20,0,32,39,33.89830508474576,23.137483598383493,46.62776744551099,30.0,33.89830508474576,0.0,33.89830508474576,29.09090909090909,66.10169491525424
CPU,-6,autoattack/eps0.03_standard,autoattack,eps0.03_standard,20,110,59,59,21,31,21,0,36,35,35.59322033898305,24.60311586943476,48.34474032773399,28.18181818181818,35.59322033898305,0.0,35.59322033898305,32.72727272727273,59.32203389830508
CPU,-6,autoattack/eps0.03_standard,autoattack,eps0.03_standard,30,110,59,59,22,32,22,0,40,28,37.28813559322034,26.083818032585153,50.04664331785788,29.09090909090909,37.28813559322034,0.0,37.28813559322034,36.36363636363637,47.45762711864407
CPU,-6,autoattack/eps0.03_standard,autoattack,eps0.03_standard,40,110,59,59,17,29,17,0,45,21,28.8135593220339,18.83634728582083,41.381088298250866,26.36363636363636,28.8135593220339,0.0,28.8135593220339,40.909090909090914,35.59322033898305
CPU,-6,ead/package_default,ead,package_default,10,110,59,59,21,33,21,0,32,39,35.59322033898305,24.60311586943476,48.34474032773399,30.0,35.59322033898305,0.0,35.59322033898305,29.09090909090909,66.10169491525424
CPU,-6,ead/package_default,ead,package_default,20,110,59,59,25,36,25,0,36,35,42.3728813559322,30.61253228310244,55.065744527163375,32.72727272727273,42.3728813559322,0.0,42.3728813559322,32.72727272727273,59.32203389830508
CPU,-6,ead/package_default,ead,package_default,30,110,59,59,30,41,30,0,40,28,50.847457627118644,38.43492802145344,63.15637455518369,37.27272727272727,50.847457627118644,0.0,50.847457627118644,36.36363636363637,47.45762711864407
CPU,-6,ead/package_default,ead,package_default,40,110,59,59,37,47,37,0,45,21,62.71186440677966,49.953356682142136,73.91618196741486,42.72727272727273,62.71186440677966,0.0,62.71186440677966,40.909090909090914,35.59322033898305
CPU,-6,ALL/ALL_24,ALL,ALL_24,10,2640,1416,1262,419,765,486,154,768,936,33.20126782884311,30.657402451482625,35.84709542566092,28.97727272727273,34.32203389830508,10.875706214689265,23.446327683615813,29.09090909090909,66.10169491525424
CPU,-6,ALL/ALL_24,ALL,ALL_24,20,2640,1416,1262,454,804,531,154,864,840,35.97464342313788,33.37299192078049,38.66142375966483,30.454545454545457,37.5,10.875706214689265,26.624293785310734,32.72727272727273,59.32203389830508
CPU,-6,ALL/ALL_24,ALL,ALL_24,30,2640,1416,1262,482,841,568,154,960,672,38.193343898573694,35.552369766357884,40.90598015672886,31.856060606060606,40.11299435028249,10.875706214689265,29.237288135593225,36.36363636363637,47.45762711864407
CPU,-6,ALL/ALL_24,ALL,ALL_24,40,2640,1416,1262,457,853,576,154,1080,504,36.212361331220286,33.60620845537143,38.9022001796426,32.31060606060606,40.67796610169492,10.875706214689265,29.802259887005654,40.909090909090914,35.59322033898305
CPU,-4,fgsm/eps0.005,fgsm,eps0.005,10,110,74,25,5,33,25,49,32,50,20.0,8.860454100652488,39.131335536538245,30.0,33.78378378378378,66.21621621621621,-32.43243243243243,29.09090909090909,67.56756756756756
CPU,-4,fgsm/eps0.005,fgsm,eps0.005,20,110,74,25,5,35,26,49,35,47,20.0,8.860454100652488,39.131335536538245,31.818181818181817,35.13513513513514,66.21621621621621,-31.081081081081074,31.818181818181817,63.51351351351351
CPU,-4,fgsm/eps0.005,fgsm,eps0.005,30,110,74,25,7,39,31,49,42,41,28.000000000000004,14.283673837381569,47.5769718965583,35.45454545454545,41.891891891891895,66.21621621621621,-24.324324324324316,38.18181818181819,55.4054054054054
CPU,-4,fgsm/eps0.005,fgsm,eps0.005,40,110,74,25,6,48,36,49,50,32,24.0,11.496157730326725,43.43005995523856,43.63636363636363,48.64864864864865,66.21621621621621,-17.567567567567558,45.45454545454545,43.24324324324324
CPU,-4,fgsm/eps0.01,fgsm,eps0.01,10,110,74,42,11,32,25,32,32,50,26.190476190476193,15.302485372603591,41.06901998497556,29.09090909090909,33.78378378378378,43.24324324324324,-9.45945945945946,29.09090909090909,67.56756756756756
CPU,-4,fgsm/eps0.01,fgsm,eps0.01,20,110,74,42,11,35,26,32,35,47,26.190476190476193,15.302485372603591,41.06901998497556,31.818181818181817,35.13513513513514,43.24324324324324,-8.108108108108105,31.818181818181817,63.51351351351351
CPU,-4,fgsm/eps0.01,fgsm,eps0.01,30,110,74,42,9,39,29,32,42,41,21.428571428571427,11.705668531051238,35.94013789804373,35.45454545454545,39.189189189189186,43.24324324324324,-4.054054054054056,38.18181818181819,55.4054054054054
CPU,-4,fgsm/eps0.01,fgsm,eps0.01,40,110,74,42,10,45,34,32,50,32,23.809523809523807,13.480820811018187,38.52783508231887,40.909090909090914,45.94594594594595,43.24324324324324,2.702702702702709,45.45454545454545,43.24324324324324
CPU,-4,fgsm/eps0.03,fgsm,eps0.03,10,110,74,68,22,31,23,6,32,50,32.35294117647059,22.437446624362384,44.15572501992172,28.18181818181818,31.08108108108108,8.108108108108109,22.972972972972972,29.09090909090909,67.56756756756756
CPU,-4,fgsm/eps0.03,fgsm,eps0.03,20,110,74,68,19,32,21,6,35,47,27.941176470588236,18.677805007008423,39.56365954834669,29.09090909090909,28.37837837837838,8.108108108108109,20.27027027027027,31.818181818181817,63.51351351351351
CPU,-4,fgsm/eps0.03,fgsm,eps0.03,30,110,74,68,18,39,21,6,42,41,26.47058823529412,17.4496029752542,38.00795921712458,35.45454545454545,28.37837837837838,8.108108108108109,20.27027027027027,38.18181818181819,55.4054054054054
CPU,-4,fgsm/eps0.03,fgsm,eps0.03,40,110,74,68,14,36,17,6,50,32,20.588235294117645,12.67944614096761,31.642506599505875,32.72727272727273,22.972972972972975,8.108108108108109,14.864864864864867,45.45454545454545,43.24324324324324
CPU,-4,fgsm/eps0.05,fgsm,eps0.05,10,110,74,73,21,31,21,1,32,50,28.767123287671232,19.651589092755174,40.00567988654771,28.18181818181818,28.37837837837838,1.3513513513513513,27.027027027027028,29.09090909090909,67.56756756756756
CPU,-4,fgsm/eps0.05,fgsm,eps0.05,20,110,74,73,15,29,16,1,35,47,20.54794520547945,12.86685959377339,31.17386834525963,26.36363636363636,21.62162162162162,1.3513513513513513,20.27027027027027,31.818181818181817,63.51351351351351
CPU,-4,fgsm/eps0.05,fgsm,eps0.05,30,110,74,73,9,27,9,1,42,41,12.32876712328767,6.623676164045252,21.800510734717914,24.545454545454547,12.162162162162163,1.3513513513513513,10.810810810810812,38.18181818181819,55.4054054054054
CPU,-4,fgsm/eps0.05,fgsm,eps0.05,40,110,74,73,3,23,4,1,50,32,4.10958904109589,1.407368523428873,11.400277335064441,20.909090909090907,5.405405405405405,1.3513513513513513,4.054054054054054,45.45454545454545,43.24324324324324
CPU,-4,bim/eps0.03_default,bim,eps0.03_default,10,110,74,74,24,33,24,0,32,50,32.432432432432435,22.863921647459506,43.73491496432648,30.0,32.432432432432435,0.0,32.432432432432435,29.09090909090909,67.56756756756756
CPU,-4,bim/eps0.03_default,bim,eps0.03_default,20,110,74,74,20,33,20,0,35,47,27.027027027027028,18.230091797074337,38.091463772184255,30.0,27.027027027027028,0.0,27.027027027027028,31.818181818181817,63.51351351351351
CPU,-4,bim/eps0.03_default,bim,eps0.03_default,30,110,74,74,13,33,13,0,42,41,17.56756756756757,10.564108955494536,27.772204789341124,30.0,17.56756756756757,0.0,17.56756756756757,38.18181818181819,55.4054054054054
CPU,-4,bim/eps0.03_default,bim,eps0.03_default,40,110,74,74,14,34,14,0,50,32,18.91891891891892,11.617864171285914,29.2877698341816,30.909090909090907,18.91891891891892,0.0,18.91891891891892,45.45454545454545,43.24324324324324
CPU,-4,pgd/eps0.005,pgd,eps0.005,10,110,74,28,5,33,25,46,32,50,17.857142857142858,7.878385829430109,35.591791548591104,30.0,33.78378378378378,62.16216216216216,-28.37837837837838,29.09090909090909,67.56756756756756
CPU,-4,pgd/eps0.005,pgd,eps0.005,20,110,74,28,5,36,26,46,35,47,17.857142857142858,7.878385829430109,35.591791548591104,32.72727272727273,35.13513513513514,62.16216216216216,-27.027027027027025,31.818181818181817,63.51351351351351
CPU,-4,pgd/eps0.005,pgd,eps0.005,30,110,74,28,7,38,30,46,42,41,25.0,12.676334942200782,43.3560252407046,34.54545454545455,40.54054054054054,62.16216216216216,-21.62162162162162,38.18181818181819,55.4054054054054
CPU,-4,pgd/eps0.005,pgd,eps0.005,40,110,74,28,7,50,38,46,50,32,25.0,12.676334942200782,43.3560252407046,45.45454545454545,51.35135135135135,62.16216216216216,-10.810810810810814,45.45454545454545,43.24324324324324
CPU,-4,pgd/eps0.01,pgd,eps0.01,10,110,74,46,11,31,24,28,32,50,23.91304347826087,13.912036561131396,37.93541616911803,28.18181818181818,32.432432432432435,37.83783783783784,-5.4054054054054035,29.09090909090909,67.56756756756756
CPU,-4,pgd/eps0.01,pgd,eps0.01,20,110,74,46,10,35,25,28,35,47,21.73913043478261,12.26077461858075,35.57396583918946,31.818181818181817,33.78378378378378,37.83783783783784,-4.054054054054056,31.818181818181817,63.51351351351351
CPU,-4,pgd/eps0.01,pgd,eps0.01,30,110,74,46,10,40,29,28,42,41,21.73913043478261,12.26077461858075,35.57396583918946,36.36363636363637,39.189189189189186,37.83783783783784,1.3513513513513473,38.18181818181819,55.4054054054054
CPU,-4,pgd/eps0.01,pgd,eps0.01,40,110,74,46,10,44,32,28,50,32,21.73913043478261,12.26077461858075,35.57396583918946,40.0,43.24324324324324,37.83783783783784,5.4054054054054035,45.45454545454545,43.24324324324324
CPU,-4,pgd/eps0.03,pgd,eps0.03,10,110,74,74,24,31,24,0,32,50,32.432432432432435,22.863921647459506,43.73491496432648,28.18181818181818,32.432432432432435,0.0,32.432432432432435,29.09090909090909,67.56756756756756
CPU,-4,pgd/eps0.03,pgd,eps0.03,20,110,74,74,18,31,18,0,35,47,24.324324324324326,15.976371232727523,35.206543815267366,28.18181818181818,24.324324324324326,0.0,24.324324324324326,31.818181818181817,63.51351351351351
CPU,-4,pgd/eps0.03,pgd,eps0.03,30,110,74,74,12,31,12,0,42,41,16.216216216216218,9.526970042922196,26.240023441281622,28.18181818181818,16.216216216216218,0.0,16.216216216216218,38.18181818181819,55.4054054054054
CPU,-4,pgd/eps0.03,pgd,eps0.03,40,110,74,74,14,37,14,0,50,32,18.91891891891892,11.617864171285914,29.2877698341816,33.63636363636363,18.91891891891892,0.0,18.91891891891892,45.45454545454545,43.24324324324324
CPU,-4,mifgsm/eps0.03_default,mifgsm,eps0.03_default,10,110,74,73,24,32,24,1,32,50,32.87671232876712,23.19433057283529,44.271208926602505,29.09090909090909,32.432432432432435,1.3513513513513513,31.081081081081084,29.09090909090909,67.56756756756756
CPU,-4,mifgsm/eps0.03_default,mifgsm,eps0.03_default,20,110,74,73,19,34,19,1,35,47,26.027397260273972,17.342050231153916,37.10970506805901,30.909090909090907,25.675675675675674,1.3513513513513513,24.324324324324323,31.818181818181817,63.51351351351351
CPU,-4,mifgsm/eps0.03_default,mifgsm,eps0.03_default,30,110,74,73,16,35,16,1,42,41,21.91780821917808,13.966002654277956,32.677482124800036,31.818181818181817,21.62162162162162,1.3513513513513513,20.27027027027027,38.18181818181819,55.4054054054054
CPU,-4,mifgsm/eps0.03_default,mifgsm,eps0.03_default,40,110,74,73,13,34,13,1,50,32,17.80821917808219,10.713272068797698,28.121942190145372,30.909090909090907,17.56756756756757,1.3513513513513513,16.216216216216218,45.45454545454545,43.24324324324324
CPU,-4,difgsm/eps0.03_default,difgsm,eps0.03_default,10,110,74,70,21,30,24,4,32,50,30.0,20.53645673851015,41.54453825618119,27.27272727272727,32.432432432432435,5.405405405405405,27.02702702702703,29.09090909090909,67.56756756756756
CPU,-4,difgsm/eps0.03_default,difgsm,eps0.03_default,20,110,74,70,7,23,10,4,35,47,10.0,4.928867510614622,19.233122478768056,20.909090909090907,13.513513513513514,5.405405405405405,8.108108108108109,31.818181818181817,63.51351351351351
CPU,-4,difgsm/eps0.03_default,difgsm,eps0.03_default,30,110,74,70,8,25,11,4,42,41,11.428571428571429,5.906058386702606,20.964431960202116,22.727272727272727,14.864864864864865,5.405405405405405,9.45945945945946,38.18181818181819,55.4054054054054
CPU,-4,difgsm/eps0.03_default,difgsm,eps0.03_default,40,110,74,70,5,23,8,4,50,32,7.142857142857142,3.089376151029351,15.65561312330923,20.909090909090907,10.81081081081081,5.405405405405405,5.405405405405405,45.45454545454545,43.24324324324324
CPU,-4,vmifgsm/eps0.03_default,vmifgsm,eps0.03_default,10,110,74,73,24,32,24,1,32,50,32.87671232876712,23.19433057283529,44.271208926602505,29.09090909090909,32.432432432432435,1.3513513513513513,31.081081081081084,29.09090909090909,67.56756756756756
CPU,-4,vmifgsm/eps0.03_default,vmifgsm,eps0.03_default,20,110,74,73,17,33,17,1,35,47,23.28767123287671,15.078759076763015,34.16748254235996,30.0,22.972972972972975,1.3513513513513513,21.621621621621625,31.818181818181817,63.51351351351351
CPU,-4,vmifgsm/eps0.03_default,vmifgsm,eps0.03_default,30,110,74,73,15,34,15,1,42,41,20.54794520547945,12.86685959377339,31.17386834525963,30.909090909090907,20.27027027027027,1.3513513513513513,18.91891891891892,38.18181818181819,55.4054054054054
CPU,-4,vmifgsm/eps0.03_default,vmifgsm,eps0.03_default,40,110,74,73,13,32,13,1,50,32,17.80821917808219,10.713272068797698,28.121942190145372,29.09090909090909,17.56756756756757,1.3513513513513513,16.216216216216218,45.45454545454545,43.24324324324324
CPU,-4,vnifgsm/eps0.03_default,vnifgsm,eps0.03_default,10,110,74,73,24,31,24,1,32,50,32.87671232876712,23.19433057283529,44.271208926602505,28.18181818181818,32.432432432432435,1.3513513513513513,31.081081081081084,29.09090909090909,67.56756756756756
CPU,-4,vnifgsm/eps0.03_default,vnifgsm,eps0.03_default,20,110,74,73,18,32,18,1,35,47,24.65753424657534,16.204336317654707,35.64466214151324,29.09090909090909,24.324324324324326,1.3513513513513513,22.972972972972975,31.818181818181817,63.51351351351351
CPU,-4,vnifgsm/eps0.03_default,vnifgsm,eps0.03_default,30,110,74,73,13,32,13,1,42,41,17.80821917808219,10.713272068797698,28.121942190145372,29.09090909090909,17.56756756756757,1.3513513513513513,16.216216216216218,38.18181818181819,55.4054054054054
CPU,-4,vnifgsm/eps0.03_default,vnifgsm,eps0.03_default,40,110,74,73,11,32,11,1,50,32,15.068493150684931,8.627588209726772,25.002112369126344,29.09090909090909,14.864864864864865,1.3513513513513513,13.513513513513514,45.45454545454545,43.24324324324324
CPU,-4,rfgsm/eps0.03_default,rfgsm,eps0.03_default,10,110,74,74,25,34,25,0,32,50,33.78378378378378,24.04645634553618,45.12170052688164,30.909090909090907,33.78378378378378,0.0,33.78378378378378,29.09090909090909,67.56756756756756
CPU,-4,rfgsm/eps0.03_default,rfgsm,eps0.03_default,20,110,74,74,18,32,18,0,35,47,24.324324324324326,15.976371232727523,35.206543815267366,29.09090909090909,24.324324324324326,0.0,24.324324324324326,31.818181818181817,63.51351351351351
CPU,-4,rfgsm/eps0.03_default,rfgsm,eps0.03_default,30,110,74,74,15,33,15,0,42,41,20.27027027027027,12.68696381027667,30.787990455822694,30.0,20.27027027027027,0.0,20.27027027027027,38.18181818181819,55.4054054054054
CPU,-4,rfgsm/eps0.03_default,rfgsm,eps0.03_default,40,110,74,74,15,36,15,0,50,32,20.27027027027027,12.68696381027667,30.787990455822694,32.72727272727273,20.27027027027027,0.0,20.27027027027027,45.45454545454545,43.24324324324324
CPU,-4,tpgd/eps0.03_default,tpgd,eps0.03_default,10,110,74,41,9,28,21,33,32,50,21.951219512195124,12.003040155386346,36.70530209823529,25.454545454545453,28.37837837837838,44.5945945945946,-16.216216216216218,29.09090909090909,67.56756756756756
CPU,-4,tpgd/eps0.03_default,tpgd,eps0.03_default,20,110,74,41,11,37,30,33,35,47,26.82926829268293,15.694805281336684,41.933825276002935,33.63636363636363,40.54054054054054,44.5945945945946,-4.054054054054056,31.818181818181817,63.51351351351351
CPU,-4,tpgd/eps0.03_default,tpgd,eps0.03_default,30,110,74,41,8,40,31,33,42,41,19.51219512195122,10.234315749205928,34.01388235255672,36.36363636363637,41.891891891891895,44.5945945945946,-2.7027027027027017,38.18181818181819,55.4054054054054
CPU,-4,tpgd/eps0.03_default,tpgd,eps0.03_default,40,110,74,41,8,46,35,33,50,32,19.51219512195122,10.234315749205928,34.01388235255672,41.81818181818181,47.2972972972973,44.5945945945946,2.7027027027027017,45.45454545454545,43.24324324324324
CPU,-4,cw/c1_steps20_lr0.01,cw,c1_steps20_lr0.01,10,110,74,70,22,32,23,4,32,50,31.428571428571427,21.762136964668137,43.02735838754525,29.09090909090909,31.08108108108108,5.405405405405405,25.675675675675677,29.09090909090909,67.56756756756756
CPU,-4,cw/c1_steps20_lr0.01,cw,c1_steps20_lr0.01,20,110,74,70,24,36,26,4,35,47,34.285714285714285,24.24582708289697,45.96066898436052,32.72727272727273,35.13513513513514,5.405405405405405,29.729729729729733,31.818181818181817,63.51351351351351
CPU,-4,cw/c1_steps20_lr0.01,cw,c1_steps20_lr0.01,30,110,74,70,27,39,29,4,42,41,38.57142857142858,28.047517785454172,50.28447935436945,35.45454545454545,39.189189189189186,5.405405405405405,33.78378378378378,38.18181818181819,55.4054054054054
CPU,-4,cw/c1_steps20_lr0.01,cw,c1_steps20_lr0.01,40,110,74,70,31,45,33,4,50,32,44.285714285714285,33.24934170610057,55.91665686381124,40.909090909090914,44.5945945945946,5.405405405405405,39.18918918918919,45.45454545454545,43.24324324324324
CPU,-4,deepfool/package_default,deepfool,package_default,10,110,74,73,24,32,24,1,32,50,32.87671232876712,23.19433057283529,44.271208926602505,29.09090909090909,32.432432432432435,1.3513513513513513,31.081081081081084,29.09090909090909,67.56756756756756
CPU,-4,deepfool/package_default,deepfool,package_default,20,110,74,73,27,36,27,1,35,47,36.986301369863014,26.822983017391167,48.45082700218156,32.72727272727273,36.486486486486484,1.3513513513513513,35.13513513513513,31.818181818181817,63.51351351351351
CPU,-4,deepfool/package_default,deepfool,package_default,30,110,74,73,31,41,31,1,42,41,42.465753424657535,31.784011426782005,53.90082595297062,37.27272727272727,41.891891891891895,1.3513513513513513,40.54054054054054,38.18181818181819,55.4054054054054
CPU,-4,deepfool/package_default,deepfool,package_default,40,110,74,73,37,49,37,1,50,32,50.68493150684932,39.472044284713675,61.82933413530882,44.54545454545455,50.0,1.3513513513513513,48.648648648648646,45.45454545454545,43.24324324324324
CPU,-4,fab/eps0.005,fab,eps0.005,10,110,74,27,5,32,24,47,32,50,18.51851851851852,8.18058657428532,36.69905650519175,29.09090909090909,32.432432432432435,63.51351351351351,-31.081081081081074,29.09090909090909,67.56756756756756
CPU,-4,fab/eps0.005,fab,eps0.005,20,110,74,27,6,36,27,47,35,47,22.22222222222222,10.607095489408957,40.75729546307081,32.72727272727273,36.486486486486484,63.51351351351351,-27.027027027027025,31.818181818181817,63.51351351351351
CPU,-4,fab/eps0.005,fab,eps0.005,30,110,74,27,7,41,32,47,42,41,25.925925925925924,13.170208422866777,44.67893040261568,37.27272727272727,43.24324324324324,63.51351351351351,-20.270270270270267,38.18181818181819,55.4054054054054
CPU,-4,fab/eps0.005,fab,eps0.005,40,110,74,27,8,51,41,47,50,32,29.629629629629626,15.852853317647565,48.48103338083759,46.36363636363636,55.4054054054054,63.51351351351351,-8.108108108108105,45.45454545454545,43.24324324324324
CPU,-4,fab/eps0.01,fab,eps0.01,10,110,74,46,11,32,24,28,32,50,23.91304347826087,13.912036561131396,37.93541616911803,29.09090909090909,32.432432432432435,37.83783783783784,-5.4054054054054035,29.09090909090909,67.56756756756756
CPU,-4,fab/eps0.01,fab,eps0.01,20,110,74,46,12,37,27,28,35,47,26.08695652173913,15.600735194449333,40.2594298082793,33.63636363636363,36.486486486486484,37.83783783783784,-1.3513513513513544,31.818181818181817,63.51351351351351
CPU,-4,fab/eps0.01,fab,eps0.01,30,110,74,46,11,39,30,28,42,41,23.91304347826087,13.912036561131396,37.93541616911803,35.45454545454545,40.54054054054054,37.83783783783784,2.7027027027027017,38.18181818181819,55.4054054054054
CPU,-4,fab/eps0.01,fab,eps0.01,40,110,74,46,16,50,39,28,50,32,34.78260869565217,22.680806269918055,49.23020782272744,45.45454545454545,52.702702702702695,37.83783783783784,14.864864864864856,45.45454545454545,43.24324324324324
CPU,-4,fab/eps0.03,fab,eps0.03,10,110,74,74,25,33,25,0,32,50,33.78378378378378,24.04645634553618,45.12170052688164,30.0,33.78378378378378,0.0,33.78378378378378,29.09090909090909,67.56756756756756
CPU,-4,fab/eps0.03,fab,eps0.03,20,110,74,74,27,37,27,0,35,47,36.486486486486484,26.438399693345183,47.86839770033634,33.63636363636363,36.486486486486484,0.0,36.486486486486484,31.818181818181817,63.51351351351351
CPU,-4,fab/eps0.03,fab,eps0.03,30,110,74,74,32,41,32,0,42,41,43.24324324324324,32.56593778993208,54.58746090690868,37.27272727272727,43.24324324324324,0.0,43.24324324324324,38.18181818181819,55.4054054054054
CPU,-4,fab/eps0.03,fab,eps0.03,40,110,74,74,38,49,38,0,50,32,51.35135135135135,40.18091826719451,62.38840199343733,44.54545454545455,51.35135135135135,0.0,51.35135135135135,45.45454545454545,43.24324324324324
CPU,-4,square/eps0.03_default,square,eps0.03_default,10,110,74,73,23,30,23,1,32,50,31.506849315068493,22.003473675403797,42.85930898398903,27.27272727272727,31.08108108108108,1.3513513513513513,29.72972972972973,29.09090909090909,67.56756756756756
CPU,-4,square/eps0.03_default,square,eps0.03_default,20,110,74,73,24,33,24,1,35,47,32.87671232876712,23.19433057283529,44.271208926602505,30.0,32.432432432432435,1.3513513513513513,31.081081081081084,31.818181818181817,63.51351351351351
CPU,-4,square/eps0.03_default,square,eps0.03_default,30,110,74,73,24,36,24,1,42,41,32.87671232876712,23.19433057283529,44.271208926602505,32.72727272727273,32.432432432432435,1.3513513513513513,31.081081081081084,38.18181818181819,55.4054054054054
CPU,-4,square/eps0.03_default,square,eps0.03_default,40,110,74,73,25,36,25,1,50,32,34.24657534246575,24.394708089529715,45.67358824995307,32.72727272727273,33.78378378378378,1.3513513513513513,32.43243243243243,45.45454545454545,43.24324324324324
CPU,-4,apgd/eps0.03_default,apgd,eps0.03_default,10,110,74,74,23,32,23,0,32,50,31.08108108108108,21.690691603479305,42.33882474767482,29.09090909090909,31.08108108108108,0.0,31.08108108108108,29.09090909090909,67.56756756756756
CPU,-4,apgd/eps0.03_default,apgd,eps0.03_default,20,110,74,74,19,34,19,0,35,47,25.675675675675674,17.097575848977574,36.65465945964917,30.909090909090907,25.675675675675674,0.0,25.675675675675674,31.818181818181817,63.51351351351351
CPU,-4,apgd/eps0.03_default,apgd,eps0.03_default,30,110,74,74,14,33,14,0,42,41,18.91891891891892,11.617864171285914,29.2877698341816,30.0,18.91891891891892,0.0,18.91891891891892,38.18181818181819,55.4054054054054
CPU,-4,apgd/eps0.03_default,apgd,eps0.03_default,40,110,74,74,13,35,13,0,50,32,17.56756756756757,10.564108955494536,27.772204789341124,31.818181818181817,17.56756756756757,0.0,17.56756756756757,45.45454545454545,43.24324324324324
CPU,-4,apgdt/eps0.03_default,apgdt,eps0.03_default,10,110,74,74,22,29,22,0,32,50,29.72972972972973,20.527071065162364,40.93312502535993,26.36363636363636,29.72972972972973,0.0,29.72972972972973,29.09090909090909,67.56756756756756
CPU,-4,apgdt/eps0.03_default,apgdt,eps0.03_default,20,110,74,74,19,31,19,0,35,47,25.675675675675674,17.097575848977574,36.65465945964917,28.18181818181818,25.675675675675674,0.0,25.675675675675674,31.818181818181817,63.51351351351351
CPU,-4,apgdt/eps0.03_default,apgdt,eps0.03_default,30,110,74,74,18,32,18,0,42,41,24.324324324324326,15.976371232727523,35.206543815267366,29.09090909090909,24.324324324324326,0.0,24.324324324324326,38.18181818181819,55.4054054054054
CPU,-4,apgdt/eps0.03_default,apgdt,eps0.03_default,40,110,74,74,19,35,19,0,50,32,25.675675675675674,17.097575848977574,36.65465945964917,31.818181818181817,25.675675675675674,0.0,25.675675675675674,45.45454545454545,43.24324324324324
CPU,-4,autoattack/eps0.03_standard,autoattack,eps0.03_standard,10,110,74,74,24,31,24,0,32,50,32.432432432432435,22.863921647459506,43.73491496432648,28.18181818181818,32.432432432432435,0.0,32.432432432432435,29.09090909090909,67.56756756756756
CPU,-4,autoattack/eps0.03_standard,autoattack,eps0.03_standard,20,110,74,74,18,29,18,0,35,47,24.324324324324326,15.976371232727523,35.206543815267366,26.36363636363636,24.324324324324326,0.0,24.324324324324326,31.818181818181817,63.51351351351351
CPU,-4,autoattack/eps0.03_standard,autoattack,eps0.03_standard,30,110,74,74,14,32,14,0,42,41,18.91891891891892,11.617864171285914,29.2877698341816,29.09090909090909,18.91891891891892,0.0,18.91891891891892,38.18181818181819,55.4054054054054
CPU,-4,autoattack/eps0.03_standard,autoattack,eps0.03_standard,40,110,74,74,11,34,11,0,50,32,14.864864864864865,8.507972301585125,24.689700921986844,30.909090909090907,14.864864864864865,0.0,14.864864864864865,45.45454545454545,43.24324324324324
CPU,-4,ead/package_default,ead,package_default,10,110,74,74,24,32,24,0,32,50,32.432432432432435,22.863921647459506,43.73491496432648,29.09090909090909,32.432432432432435,0.0,32.432432432432435,29.09090909090909,67.56756756756756
CPU,-4,ead/package_default,ead,package_default,20,110,74,74,27,35,27,0,35,47,36.486486486486484,26.438399693345183,47.86839770033634,31.818181818181817,36.486486486486484,0.0,36.486486486486484,31.818181818181817,63.51351351351351
CPU,-4,ead/package_default,ead,package_default,30,110,74,74,30,39,30,0,42,41,40.54054054054054,30.090389721075173,51.92436845450189,35.45454545454545,40.54054054054054,0.0,40.54054054054054,38.18181818181819,55.4054054054054
CPU,-4,ead/package_default,ead,package_default,40,110,74,74,34,46,34,0,50,32,45.94594594594595,35.07318442825122,57.21885478985323,41.81818181818181,45.94594594594595,0.0,45.94594594594595,45.45454545454545,43.24324324324324
CPU,-4,ALL/ALL_24,ALL,ALL_24,10,2640,1776,1493,453,757,569,283,768,1200,30.34159410582719,28.06247562812416,32.72161802614091,28.674242424242426,32.038288288288285,15.934684684684687,16.1036036036036,29.09090909090909,67.56756756756756
CPU,-4,ALL/ALL_24,ALL,ALL_24,20,2640,1776,1493,396,801,531,283,840,1128,26.52377762893503,24.346766932431372,28.821290395745493,30.34090909090909,29.898648648648653,15.934684684684687,13.963963963963966,31.818181818181817,63.51351351351351
CPU,-4,ALL/ALL_24,ALL,ALL_24,30,2640,1776,1493,368,858,529,283,1008,984,24.648359008707303,22.529178616884458,26.89766788444206,32.5,29.786036036036034,15.934684684684687,13.851351351351347,38.18181818181819,55.4054054054054
CPU,-4,ALL/ALL_24,ALL,ALL_24,40,2640,1776,1493,375,950,574,283,1200,768,25.117213663764232,22.983071725009996,27.379077483029114,35.984848484848484,32.31981981981982,15.934684684684687,16.385135135135133,45.45454545454545,43.24324324324324
CPU,-2,fgsm/eps0.005,fgsm,eps0.005,10,110,88,20,10,36,33,68,38,53,50.0,29.92949144298199,70.070508557018,32.72727272727273,37.5,77.27272727272727,-39.772727272727266,34.54545454545455,60.22727272727273
CPU,-2,fgsm/eps0.005,fgsm,eps0.005,20,110,88,20,10,43,38,68,45,48,50.0,29.92949144298199,70.070508557018,39.09090909090909,43.18181818181818,77.27272727272727,-34.090909090909086,40.909090909090914,54.54545454545454
CPU,-2,fgsm/eps0.005,fgsm,eps0.005,30,110,88,20,11,54,49,68,55,37,55.00000000000001,34.20820083075997,74.18049791429071,49.09090909090909,55.68181818181818,77.27272727272727,-21.590909090909086,50.0,42.04545454545455
CPU,-2,fgsm/eps0.005,fgsm,eps0.005,40,110,88,20,6,62,55,68,67,25,30.0,14.547527396899385,51.89767762289793,56.36363636363636,62.5,77.27272727272727,-14.772727272727266,60.909090909090914,28.40909090909091
CPU,-2,fgsm/eps0.01,fgsm,eps0.01,10,110,88,40,14,38,34,48,38,53,35.0,22.13433317104915,50.494403006462626,34.54545454545455,38.63636363636363,54.54545454545454,-15.909090909090907,34.54545454545455,60.22727272727273
CPU,-2,fgsm/eps0.01,fgsm,eps0.01,20,110,88,40,12,39,34,48,45,48,30.0,18.074670915695297,45.4303106543204,35.45454545454545,38.63636363636363,54.54545454545454,-15.909090909090907,40.909090909090914,54.54545454545454
CPU,-2,fgsm/eps0.01,fgsm,eps0.01,30,110,88,40,12,47,40,48,55,37,30.0,18.074670915695297,45.4303106543204,42.72727272727273,45.45454545454545,54.54545454545454,-9.090909090909086,50.0,42.04545454545455
CPU,-2,fgsm/eps0.01,fgsm,eps0.01,40,110,88,40,9,56,45,48,67,25,22.5,12.31595325467853,37.503396404093046,50.90909090909091,51.13636363636363,54.54545454545454,-3.4090909090909065,60.909090909090914,28.40909090909091
CPU,-2,fgsm/eps0.03,fgsm,eps0.03,10,110,88,63,15,35,30,25,38,53,23.809523809523807,14.993653261946966,35.635894803928174,31.818181818181817,34.090909090909086,28.40909090909091,5.681818181818176,34.54545454545455,60.22727272727273
CPU,-2,fgsm/eps0.03,fgsm,eps0.03,20,110,88,63,8,34,25,25,45,48,12.698412698412698,6.5772463407801744,23.10726151061776,30.909090909090907,28.40909090909091,28.40909090909091,0.0,40.909090909090914,54.54545454545454
CPU,-2,fgsm/eps0.03,fgsm,eps0.03,30,110,88,63,8,35,25,25,55,37,12.698412698412698,6.5772463407801744,23.10726151061776,31.818181818181817,28.40909090909091,28.40909090909091,0.0,50.0,42.04545454545455
CPU,-2,fgsm/eps0.03,fgsm,eps0.03,40,110,88,63,4,34,23,25,67,25,6.349206349206349,2.496521390048502,15.219392053076735,30.909090909090907,26.136363636363637,28.40909090909091,-2.2727272727272734,60.909090909090914,28.40909090909091
CPU,-2,fgsm/eps0.05,fgsm,eps0.05,10,110,88,74,16,34,28,14,38,53,21.62162162162162,13.770335267426507,32.273939259304704,30.909090909090907,31.818181818181817,15.909090909090908,15.909090909090908,34.54545454545455,60.22727272727273
CPU,-2,fgsm/eps0.05,fgsm,eps0.05,20,110,88,74,7,31,21,14,45,48,9.45945945945946,4.657934593059061,18.26245758798552,28.18181818181818,23.863636363636363,15.909090909090908,7.954545454545455,40.909090909090914,54.54545454545454
CPU,-2,fgsm/eps0.05,fgsm,eps0.05,30,110,88,74,6,30,19,14,55,37,8.108108108108109,3.7689336809333382,16.582138239479395,27.27272727272727,21.59090909090909,15.909090909090908,5.681818181818182,50.0,42.04545454545455
CPU,-2,fgsm/eps0.05,fgsm,eps0.05,40,110,88,74,4,29,17,14,67,25,5.405405405405405,2.1218668760240083,13.090564523125032,26.36363636363636,19.318181818181817,15.909090909090908,3.4090909090909083,60.909090909090914,28.40909090909091
CPU,-2,bim/eps0.03_default,bim,eps0.03_default,10,110,88,77,19,33,29,11,38,53,24.675324675324674,16.403948228457534,35.353562755986125,30.0,32.95454545454545,12.5,20.454545454545453,34.54545454545455,60.22727272727273
CPU,-2,bim/eps0.03_default,bim,eps0.03_default,20,110,88,77,12,32,21,11,45,48,15.584415584415584,9.145782358403826,25.293912056352934,29.09090909090909,23.863636363636363,12.5,11.363636363636363,40.909090909090914,54.54545454545454
CPU,-2,bim/eps0.03_default,bim,eps0.03_default,30,110,88,77,11,36,22,11,55,37,14.285714285714285,8.168247823927464,23.79747279515974,32.72727272727273,25.0,12.5,12.5,50.0,42.04545454545455
CPU,-2,bim/eps0.03_default,bim,eps0.03_default,40,110,88,77,10,34,21,11,67,25,12.987012987012985,7.209751490940191,22.281995332477457,30.909090909090907,23.863636363636363,12.5,11.363636363636363,60.909090909090914,28.40909090909091
CPU,-2,pgd/eps0.005,pgd,eps0.005,10,110,88,24,11,37,33,64,38,53,45.83333333333333,27.89105835168143,64.92544644689336,33.63636363636363,37.5,72.72727272727273,-35.227272727272734,34.54545454545455,60.22727272727273
CPU,-2,pgd/eps0.005,pgd,eps0.005,20,110,88,24,10,44,39,64,45,48,41.66666666666667,24.467347246538232,61.16566235061137,40.0,44.31818181818182,72.72727272727273,-28.409090909090914,40.909090909090914,54.54545454545454
CPU,-2,pgd/eps0.005,pgd,eps0.005,30,110,88,24,11,53,47,64,55,37,45.83333333333333,27.89105835168143,64.92544644689336,48.18181818181818,53.40909090909091,72.72727272727273,-19.318181818181827,50.0,42.04545454545455
CPU,-2,pgd/eps0.005,pgd,eps0.005,40,110,88,24,8,64,57,64,67,25,33.33333333333333,17.971978688379643,53.29404050591954,58.18181818181818,64.77272727272727,72.72727272727273,-7.9545454545454675,60.909090909090914,28.40909090909091
CPU,-2,pgd/eps0.01,pgd,eps0.01,10,110,88,47,14,36,32,41,38,53,29.78723404255319,18.651084151016263,43.9779440463654,32.72727272727273,36.36363636363637,46.590909090909086,-10.22727272727272,34.54545454545455,60.22727272727273
CPU,-2,pgd/eps0.01,pgd,eps0.01,20,110,88,47,13,39,34,41,45,48,27.659574468085108,16.936405991152938,41.758835700689964,35.45454545454545,38.63636363636363,46.590909090909086,-7.954545454545453,40.909090909090914,54.54545454545454
CPU,-2,pgd/eps0.01,pgd,eps0.01,30,110,88,47,12,45,39,41,55,37,25.53191489361702,15.253006046383732,39.50844913992039,40.909090909090914,44.31818181818182,46.590909090909086,-2.2727272727272663,50.0,42.04545454545455
CPU,-2,pgd/eps0.01,pgd,eps0.01,40,110,88,47,11,55,44,41,67,25,23.404255319148938,13.603136423924592,37.22453225684077,50.0,50.0,46.590909090909086,3.4090909090909136,60.909090909090914,28.40909090909091
CPU,-2,pgd/eps0.03,pgd,eps0.03,10,110,88,77,19,36,30,11,38,53,24.675324675324674,16.403948228457534,35.353562755986125,32.72727272727273,34.090909090909086,12.5,21.590909090909086,34.54545454545455,60.22727272727273
CPU,-2,pgd/eps0.03,pgd,eps0.03,20,110,88,77,11,31,22,11,45,48,14.285714285714285,8.168247823927464,23.79747279515974,28.18181818181818,25.0,12.5,12.5,40.909090909090914,54.54545454545454
CPU,-2,pgd/eps0.03,pgd,eps0.03,30,110,88,77,10,36,21,11,55,37,12.987012987012985,7.209751490940191,22.281995332477457,32.72727272727273,23.863636363636363,12.5,11.363636363636363,50.0,42.04545454545455
CPU,-2,pgd/eps0.03,pgd,eps0.03,40,110,88,77,10,36,21,11,67,25,12.987012987012985,7.209751490940191,22.281995332477457,32.72727272727273,23.863636363636363,12.5,11.363636363636363,60.909090909090914,28.40909090909091
CPU,-2,mifgsm/eps0.03_default,mifgsm,eps0.03_default,10,110,88,75,17,34,30,13,38,53,22.666666666666664,14.661247942117505,33.33574856733942,30.909090909090907,34.090909090909086,14.772727272727273,19.318181818181813,34.54545454545455,60.22727272727273
CPU,-2,mifgsm/eps0.03_default,mifgsm,eps0.03_default,20,110,88,75,8,31,21,13,45,48,10.666666666666668,5.5048469638561635,19.661562647313573,28.18181818181818,23.863636363636363,14.772727272727273,9.09090909090909,40.909090909090914,54.54545454545454
CPU,-2,mifgsm/eps0.03_default,mifgsm,eps0.03_default,30,110,88,75,5,30,18,13,55,37,6.666666666666667,2.8809638090317202,14.675250169375618,27.27272727272727,20.454545454545457,14.772727272727273,5.681818181818183,50.0,42.04545454545455
CPU,-2,mifgsm/eps0.03_default,mifgsm,eps0.03_default,40,110,88,75,8,35,21,13,67,25,10.666666666666668,5.5048469638561635,19.661562647313573,31.818181818181817,23.863636363636363,14.772727272727273,9.09090909090909,60.909090909090914,28.40909090909091
CPU,-2,difgsm/eps0.03_default,difgsm,eps0.03_default,10,110,88,71,15,33,28,17,38,53,21.12676056338028,13.242435724642304,31.97519724953249,30.0,31.818181818181817,19.318181818181817,12.5,34.54545454545455,60.22727272727273
CPU,-2,difgsm/eps0.03_default,difgsm,eps0.03_default,20,110,88,71,7,28,19,17,45,48,9.859154929577464,4.858220632532897,18.980927648636932,25.454545454545453,21.59090909090909,19.318181818181817,2.2727272727272734,40.909090909090914,54.54545454545454
CPU,-2,difgsm/eps0.03_default,difgsm,eps0.03_default,30,110,88,71,7,32,20,17,55,37,9.859154929577464,4.858220632532897,18.980927648636932,29.09090909090909,22.727272727272727,19.318181818181817,3.40909090909091,50.0,42.04545454545455
CPU,-2,difgsm/eps0.03_default,difgsm,eps0.03_default,40,110,88,71,3,29,17,17,67,25,4.225352112676056,1.4472998249826654,11.702606109684686,26.36363636363636,19.318181818181817,19.318181818181817,0.0,60.909090909090914,28.40909090909091
CPU,-2,vmifgsm/eps0.03_default,vmifgsm,eps0.03_default,10,110,88,76,16,32,28,12,38,53,21.052631578947366,13.395033382180127,31.495850568041305,29.09090909090909,31.818181818181817,13.636363636363635,18.18181818181818,34.54545454545455,60.22727272727273
CPU,-2,vmifgsm/eps0.03_default,vmifgsm,eps0.03_default,20,110,88,76,10,31,21,12,45,48,13.157894736842104,7.306803021855036,22.554322005699518,28.18181818181818,23.863636363636363,13.636363636363635,10.227272727272728,40.909090909090914,54.54545454545454
CPU,-2,vmifgsm/eps0.03_default,vmifgsm,eps0.03_default,30,110,88,76,6,33,18,12,55,37,7.894736842105263,3.668350552145426,16.17293519363121,30.0,20.454545454545457,13.636363636363635,6.818181818181822,50.0,42.04545454545455
CPU,-2,vmifgsm/eps0.03_default,vmifgsm,eps0.03_default,40,110,88,76,8,34,20,12,67,25,10.526315789473683,5.4310612607017985,19.420144125963795,30.909090909090907,22.727272727272727,13.636363636363635,9.090909090909092,60.909090909090914,28.40909090909091
CPU,-2,vnifgsm/eps0.03_default,vnifgsm,eps0.03_default,10,110,88,77,17,31,26,11,38,53,22.07792207792208,14.266286171984085,32.54327722112046,28.18181818181818,29.545454545454547,12.5,17.045454545454547,34.54545454545455,60.22727272727273
CPU,-2,vnifgsm/eps0.03_default,vnifgsm,eps0.03_default,20,110,88,77,10,29,19,11,45,48,12.987012987012985,7.209751490940191,22.281995332477457,26.36363636363636,21.59090909090909,12.5,9.09090909090909,40.909090909090914,54.54545454545454
CPU,-2,vnifgsm/eps0.03_default,vnifgsm,eps0.03_default,30,110,88,77,6,29,17,11,55,37,7.792207792207792,3.6200461908799255,15.975805449859498,26.36363636363636,19.318181818181817,12.5,6.818181818181817,50.0,42.04545454545455
CPU,-2,vnifgsm/eps0.03_default,vnifgsm,eps0.03_default,40,110,88,77,9,34,20,11,67,25,11.688311688311687,6.272491064586315,20.745281963161773,30.909090909090907,22.727272727272727,12.5,10.227272727272727,60.909090909090914,28.40909090909091
CPU,-2,rfgsm/eps0.03_default,rfgsm,eps0.03_default,10,110,88,76,19,35,31,12,38,53,25.0,16.628799382577895,35.77696402897699,31.818181818181817,35.22727272727273,13.636363636363635,21.590909090909093,34.54545454545455,60.22727272727273
CPU,-2,rfgsm/eps0.03_default,rfgsm,eps0.03_default,20,110,88,76,11,31,22,12,45,48,14.473684210526317,8.278431339921275,24.087653508077764,28.18181818181818,25.0,13.636363636363635,11.363636363636365,40.909090909090914,54.54545454545454
CPU,-2,rfgsm/eps0.03_default,rfgsm,eps0.03_default,30,110,88,76,9,36,21,12,55,37,11.842105263157894,6.356747118952921,20.999418088157157,32.72727272727273,23.863636363636363,13.636363636363635,10.227272727272728,50.0,42.04545454545455
CPU,-2,rfgsm/eps0.03_default,rfgsm,eps0.03_default,40,110,88,76,9,37,21,12,67,25,11.842105263157894,6.356747118952921,20.999418088157157,33.63636363636363,23.863636363636363,13.636363636363635,10.227272727272728,60.909090909090914,28.40909090909091
CPU,-2,tpgd/eps0.03_default,tpgd,eps0.03_default,10,110,88,41,11,38,35,47,38,53,26.82926829268293,15.694805281336684,41.933825276002935,34.54545454545455,39.77272727272727,53.40909090909091,-13.636363636363633,34.54545454545455,60.22727272727273
CPU,-2,tpgd/eps0.03_default,tpgd,eps0.03_default,20,110,88,41,7,45,41,47,45,48,17.073170731707318,8.525143995273899,31.262909954629762,40.909090909090914,46.590909090909086,53.40909090909091,-6.81818181818182,40.909090909090914,54.54545454545454
CPU,-2,tpgd/eps0.03_default,tpgd,eps0.03_default,30,110,88,41,7,57,50,47,55,37,17.073170731707318,8.525143995273899,31.262909954629762,51.81818181818182,56.81818181818182,53.40909090909091,3.4090909090909136,50.0,42.04545454545455
CPU,-2,tpgd/eps0.03_default,tpgd,eps0.03_default,40,110,88,41,5,61,52,47,67,25,12.195121951219512,5.323257997340825,25.544507648844867,55.45454545454545,59.09090909090909,53.40909090909091,5.681818181818187,60.909090909090914,28.40909090909091
CPU,-2,cw/c1_steps20_lr0.01,cw,c1_steps20_lr0.01,10,110,88,81,25,35,32,7,38,53,30.864197530864196,21.86306293369854,41.59825792776564,31.818181818181817,36.36363636363637,7.954545454545454,28.409090909090914,34.54545454545455,60.22727272727273
CPU,-2,cw/c1_steps20_lr0.01,cw,c1_steps20_lr0.01,20,110,88,81,26,39,33,7,45,48,32.098765432098766,22.942074394347284,42.876580605086936,35.45454545454545,37.5,7.954545454545454,29.545454545454547,40.909090909090914,54.54545454545454
CPU,-2,cw/c1_steps20_lr0.01,cw,c1_steps20_lr0.01,30,110,88,81,33,46,40,7,55,37,40.74074074074074,30.696108658374566,51.62388530685003,41.81818181818181,45.45454545454545,7.954545454545454,37.5,50.0,42.04545454545455
CPU,-2,cw/c1_steps20_lr0.01,cw,c1_steps20_lr0.01,40,110,88,81,32,46,39,7,67,25,39.50617283950617,29.567937414518425,50.39472241273613,41.81818181818181,44.31818181818182,7.954545454545454,36.36363636363637,60.909090909090914,28.40909090909091
CPU,-2,deepfool/package_default,deepfool,package_default,10,110,88,85,32,36,32,3,38,53,37.64705882352941,28.09213599468807,48.27028881531085,32.72727272727273,36.36363636363637,3.4090909090909087,32.95454545454546,34.54545454545455,60.22727272727273
CPU,-2,deepfool/package_default,deepfool,package_default,20,110,88,85,37,42,37,3,45,48,43.529411764705884,33.49560581140017,54.12280718431356,38.18181818181819,42.04545454545455,3.4090909090909087,38.63636363636364,40.909090909090914,54.54545454545454
CPU,-2,deepfool/package_default,deepfool,package_default,30,110,88,85,45,52,46,3,55,37,52.94117647058824,42.4339860632142,63.194008029643186,47.27272727272727,52.27272727272727,3.4090909090909087,48.86363636363637,50.0,42.04545454545455
CPU,-2,deepfool/package_default,deepfool,package_default,40,110,88,85,43,53,45,3,67,25,50.588235294117645,40.16625213460618,60.9593466839653,48.18181818181818,51.13636363636363,3.4090909090909087,47.72727272727273,60.909090909090914,28.40909090909091
CPU,-2,fab/eps0.005,fab,eps0.005,10,110,88,24,10,37,34,64,38,53,41.66666666666667,24.467347246538232,61.16566235061137,33.63636363636363,38.63636363636363,72.72727272727273,-34.0909090909091,34.54545454545455,60.22727272727273
CPU,-2,fab/eps0.005,fab,eps0.005,20,110,88,24,11,45,40,64,45,48,45.83333333333333,27.89105835168143,64.92544644689336,40.909090909090914,45.45454545454545,72.72727272727273,-27.27272727272728,40.909090909090914,54.54545454545454
CPU,-2,fab/eps0.005,fab,eps0.005,30,110,88,24,12,56,51,64,55,37,50.0,31.42713162776308,68.57286837223691,50.90909090909091,57.95454545454546,72.72727272727273,-14.772727272727273,50.0,42.04545454545455
CPU,-2,fab/eps0.005,fab,eps0.005,40,110,88,24,10,68,62,64,67,25,41.66666666666667,24.467347246538232,61.16566235061137,61.81818181818181,70.45454545454545,72.72727272727273,-2.2727272727272805,60.909090909090914,28.40909090909091
CPU,-2,fab/eps0.01,fab,eps0.01,10,110,88,49,14,36,33,39,38,53,28.57142857142857,17.84943493972417,42.409149206100324,32.72727272727273,37.5,44.31818181818182,-6.81818181818182,34.54545454545455,60.22727272727273
CPU,-2,fab/eps0.01,fab,eps0.01,20,110,88,49,17,44,39,39,45,48,34.69387755102041,22.92420960931444,48.68906478056021,40.0,44.31818181818182,44.31818181818182,0.0,40.909090909090914,54.54545454545454
CPU,-2,fab/eps0.01,fab,eps0.01,30,110,88,49,21,53,48,39,55,37,42.857142857142854,30.02310889895705,56.72975248298444,48.18181818181818,54.54545454545454,44.31818181818182,10.22727272727272,50.0,42.04545454545455
CPU,-2,fab/eps0.01,fab,eps0.01,40,110,88,49,19,61,55,39,67,25,38.775510204081634,26.428814373960495,52.75425351194757,55.45454545454545,62.5,44.31818181818182,18.18181818181818,60.909090909090914,28.40909090909091
CPU,-2,fab/eps0.03,fab,eps0.03,10,110,88,77,21,36,32,11,38,53,27.27272727272727,18.584355540118842,38.12110303566392,32.72727272727273,36.36363636363637,12.5,23.863636363636367,34.54545454545455,60.22727272727273
CPU,-2,fab/eps0.03,fab,eps0.03,20,110,88,77,27,43,38,11,45,48,35.064935064935064,25.348516722431203,46.200784627368904,39.09090909090909,43.18181818181818,12.5,30.68181818181818,40.909090909090914,54.54545454545454
CPU,-2,fab/eps0.03,fab,eps0.03,30,110,88,77,35,52,46,11,55,37,45.45454545454545,34.81397836005049,56.527113355106074,47.27272727272727,52.27272727272727,12.5,39.77272727272727,50.0,42.04545454545455
CPU,-2,fab/eps0.03,fab,eps0.03,40,110,88,77,37,54,48,11,67,25,48.05194805194805,37.252850502875475,59.03618880362019,49.09090909090909,54.54545454545454,12.5,42.04545454545454,60.909090909090914,28.40909090909091
CPU,-2,square/eps0.03_default,square,eps0.03_default,10,110,88,79,24,34,32,9,38,53,30.37974683544304,21.34431893931135,41.23486832892104,30.909090909090907,36.36363636363637,10.227272727272728,26.13636363636364,34.54545454545455,60.22727272727273
CPU,-2,square/eps0.03_default,square,eps0.03_default,20,110,88,79,23,37,31,9,45,48,29.11392405063291,20.251853322056736,39.91308796348096,33.63636363636363,35.22727272727273,10.227272727272728,25.0,40.909090909090914,54.54545454545454
CPU,-2,square/eps0.03_default,square,eps0.03_default,30,110,88,79,29,43,37,9,55,37,36.708860759493675,26.927131273817785,47.72328590788803,39.09090909090909,42.04545454545455,10.227272727272728,31.81818181818182,50.0,42.04545454545455
CPU,-2,square/eps0.03_default,square,eps0.03_default,40,110,88,79,33,47,42,9,67,25,41.77215189873418,31.526455049064673,52.780946063419876,42.72727272727273,47.72727272727273,10.227272727272728,37.5,60.909090909090914,28.40909090909091
CPU,-2,apgd/eps0.03_default,apgd,eps0.03_default,10,110,88,80,20,32,28,8,38,53,25.0,16.80610581209431,35.48488100113445,29.09090909090909,31.818181818181817,9.090909090909092,22.727272727272727,34.54545454545455,60.22727272727273
CPU,-2,apgd/eps0.03_default,apgd,eps0.03_default,20,110,88,80,14,31,22,8,45,48,17.5,10.720538981609888,27.257743875587494,28.18181818181818,25.0,9.090909090909092,15.909090909090908,40.909090909090914,54.54545454545454
CPU,-2,apgd/eps0.03_default,apgd,eps0.03_default,30,110,88,80,15,36,23,8,55,37,18.75,11.705207812728379,28.65852570380757,32.72727272727273,26.136363636363637,9.090909090909092,17.045454545454547,50.0,42.04545454545455
CPU,-2,apgd/eps0.03_default,apgd,eps0.03_default,40,110,88,80,14,34,22,8,67,25,17.5,10.720538981609888,27.257743875587494,30.909090909090907,25.0,9.090909090909092,15.909090909090908,60.909090909090914,28.40909090909091
CPU,-2,apgdt/eps0.03_default,apgdt,eps0.03_default,10,110,88,82,24,37,30,6,38,53,29.268292682926827,20.52619989088515,39.86596428126448,33.63636363636363,34.090909090909086,6.8181818181818175,27.27272727272727,34.54545454545455,60.22727272727273
CPU,-2,apgdt/eps0.03_default,apgdt,eps0.03_default,20,110,88,82,17,33,23,6,45,48,20.73170731707317,13.366280607539826,30.71677469431848,30.0,26.136363636363637,6.8181818181818175,19.31818181818182,40.909090909090914,54.54545454545454
CPU,-2,apgdt/eps0.03_default,apgdt,eps0.03_default,30,110,88,82,20,37,26,6,55,37,24.390243902439025,16.37976208028234,34.69291130884367,33.63636363636363,29.545454545454547,6.8181818181818175,22.72727272727273,50.0,42.04545454545455
CPU,-2,apgdt/eps0.03_default,apgdt,eps0.03_default,40,110,88,82,20,37,26,6,67,25,24.390243902439025,16.37976208028234,34.69291130884367,33.63636363636363,29.545454545454547,6.8181818181818175,22.72727272727273,60.909090909090914,28.40909090909091
CPU,-2,autoattack/eps0.03_standard,autoattack,eps0.03_standard,10,110,88,81,21,31,28,7,38,53,25.925925925925924,17.62743025483798,36.404554054745994,28.18181818181818,31.818181818181817,7.954545454545454,23.863636363636363,34.54545454545455,60.22727272727273
CPU,-2,autoattack/eps0.03_standard,autoattack,eps0.03_standard,20,110,88,81,17,34,24,7,45,48,20.98765432098765,13.537062490016611,31.06558526768715,30.909090909090907,27.27272727272727,7.954545454545454,19.318181818181817,40.909090909090914,54.54545454545454
CPU,-2,autoattack/eps0.03_standard,autoattack,eps0.03_standard,30,110,88,81,16,36,23,7,55,37,19.753086419753085,12.540720482500983,29.704593137232727,32.72727272727273,26.136363636363637,7.954545454545454,18.181818181818183,50.0,42.04545454545455
CPU,-2,autoattack/eps0.03_standard,autoattack,eps0.03_standard,40,110,88,81,14,32,21,7,67,25,17.28395061728395,10.584307626279289,26.946337717514318,29.09090909090909,23.863636363636363,7.954545454545454,15.90909090909091,60.909090909090914,28.40909090909091
CPU,-2,ead/package_default,ead,package_default,10,110,88,88,32,36,32,0,38,53,36.36363636363637,27.079145605030686,46.78890547421881,32.72727272727273,36.36363636363637,0.0,36.36363636363637,34.54545454545455,60.22727272727273
CPU,-2,ead/package_default,ead,package_default,20,110,88,88,38,43,38,0,45,48,43.18181818181818,33.33250852294768,53.60151701667708,39.09090909090909,43.18181818181818,0.0,43.18181818181818,40.909090909090914,54.54545454545454
CPU,-2,ead/package_default,ead,package_default,30,110,88,88,48,54,48,0,55,37,54.54545454545454,44.16988068550668,64.54076895474347,49.09090909090909,54.54545454545454,0.0,54.54545454545454,50.0,42.04545454545455
CPU,-2,ead/package_default,ead,package_default,40,110,88,88,50,57,50,0,67,25,56.81818181818182,46.398482983322936,66.66749147705234,51.81818181818182,56.81818181818182,0.0,56.81818181818182,60.909090909090914,28.40909090909091
CPU,-2,ALL/ALL_24,ALL,ALL_24,10,2640,2112,1564,436,838,740,548,912,1272,27.877237851662407,25.711226694687443,30.151661495037846,31.742424242424246,35.03787878787879,25.946969696969695,9.090909090909093,34.54545454545455,60.22727272727273
CPU,-2,ALL/ALL_24,ALL,ALL_24,20,2640,2112,1564,363,879,702,548,1080,1152,23.209718670076725,21.184586953902095,25.36613602729702,33.29545454545455,33.23863636363637,25.946969696969695,7.291666666666671,40.909090909090914,54.54545454545454
CPU,-2,ALL/ALL_24,ALL,ALL_24,30,2640,2112,1564,395,1018,794,548,1320,888,25.255754475703323,23.164858295528894,27.467909708585807,38.56060606060606,37.59469696969697,25.946969696969695,11.647727272727273,50.0,42.04545454545455
CPU,-2,ALL/ALL_24,ALL,ALL_24,40,2640,2112,1564,376,1089,844,548,1608,600,24.04092071611253,21.988278565519533,26.22077520623904,41.25,39.96212121212121,25.946969696969695,14.015151515151516,60.909090909090914,28.40909090909091
CPU,0,fgsm/eps0.005,fgsm,eps0.005,10,110,88,14,4,40,32,74,38,55,28.57142857142857,11.721187910109098,54.64954117248438,36.36363636363637,36.36363636363637,84.0909090909091,-47.72727272727273,34.54545454545455,62.5
CPU,0,fgsm/eps0.005,fgsm,eps0.005,20,110,88,14,4,54,47,74,54,40,28.57142857142857,11.721187910109098,54.64954117248438,49.09090909090909,53.40909090909091,84.0909090909091,-30.681818181818187,49.09090909090909,45.45454545454545
CPU,0,fgsm/eps0.005,fgsm,eps0.005,30,110,88,14,2,67,60,74,70,22,14.285714285714285,4.009307373792118,39.941907763863696,60.909090909090914,68.18181818181817,84.0909090909091,-15.90909090909092,63.63636363636363,25.0
CPU,0,fgsm/eps0.005,fgsm,eps0.005,40,110,88,14,4,76,69,74,84,9,28.57142857142857,11.721187910109098,54.64954117248438,69.0909090909091,78.4090909090909,84.0909090909091,-5.681818181818187,76.36363636363637,10.227272727272728
CPU,0,fgsm/eps0.01,fgsm,eps0.01,10,110,88,28,7,41,33,60,38,55,25.0,12.676334942200782,43.3560252407046,37.27272727272727,37.5,68.18181818181817,-30.681818181818173,34.54545454545455,62.5
CPU,0,fgsm/eps0.01,fgsm,eps0.01,20,110,88,28,7,47,40,60,54,40,25.0,12.676334942200782,43.3560252407046,42.72727272727273,45.45454545454545,68.18181818181817,-22.72727272727272,49.09090909090909,45.45454545454545
CPU,0,fgsm/eps0.01,fgsm,eps0.01,30,110,88,28,7,60,49,60,70,22,25.0,12.676334942200782,43.3560252407046,54.54545454545454,55.68181818181818,68.18181818181817,-12.499999999999993,63.63636363636363,25.0
CPU,0,fgsm/eps0.01,fgsm,eps0.01,40,110,88,28,13,74,63,60,84,9,46.42857142857143,29.531303739659588,64.18760485789832,67.27272727272727,71.5909090909091,68.18181818181817,3.4090909090909207,76.36363636363637,10.227272727272728
CPU,0,fgsm/eps0.03,fgsm,eps0.03,10,110,88,65,15,38,29,23,38,55,23.076923076923077,14.513708450988846,34.64493980820327,34.54545454545455,32.95454545454545,26.136363636363637,6.818181818181817,34.54545454545455,62.5
CPU,0,fgsm/eps0.03,fgsm,eps0.03,20,110,88,65,14,40,28,23,54,40,21.53846153846154,13.286637631048947,32.966790528668426,36.36363636363637,31.818181818181817,26.136363636363637,5.68181818181818,49.09090909090909,45.45454545454545
CPU,0,fgsm/eps0.03,fgsm,eps0.03,30,110,88,65,11,41,26,23,70,22,16.923076923076923,9.721118666132769,27.8166491951604,37.27272727272727,29.545454545454547,26.136363636363637,3.40909090909091,63.63636363636363,25.0
CPU,0,fgsm/eps0.03,fgsm,eps0.03,40,110,88,65,10,44,29,23,84,9,15.384615384615385,8.577002061798975,26.055545700019454,40.0,32.95454545454545,26.136363636363637,6.818181818181817,76.36363636363637,10.227272727272728
CPU,0,fgsm/eps0.05,fgsm,eps0.05,10,110,88,76,18,39,28,12,38,55,23.684210526315788,15.539206970596958,34.36159662051344,35.45454545454545,31.818181818181817,13.636363636363635,18.18181818181818,34.54545454545455,62.5
CPU,0,fgsm/eps0.05,fgsm,eps0.05,20,110,88,76,14,37,26,12,54,40,18.421052631578945,11.302493284924942,28.57847102440753,33.63636363636363,29.545454545454547,13.636363636363635,15.909090909090912,49.09090909090909,45.45454545454545
CPU,0,fgsm/eps0.05,fgsm,eps0.05,30,110,88,76,9,33,21,12,70,22,11.842105263157894,6.356747118952921,20.999418088157157,30.0,23.863636363636363,13.636363636363635,10.227272727272728,63.63636363636363,25.0
CPU,0,fgsm/eps0.05,fgsm,eps0.05,40,110,88,76,8,35,20,12,84,9,10.526315789473683,5.4310612607017985,19.420144125963795,31.818181818181817,22.727272727272727,13.636363636363635,9.090909090909092,76.36363636363637,10.227272727272728
CPU,0,bim/eps0.03_default,bim,eps0.03_default,10,110,88,77,21,39,30,11,38,55,27.27272727272727,18.584355540118842,38.12110303566392,35.45454545454545,34.090909090909086,12.5,21.590909090909086,34.54545454545455,62.5
CPU,0,bim/eps0.03_default,bim,eps0.03_default,20,110,88,77,14,35,24,11,54,40,18.181818181818183,11.151152010047758,28.236489996048114,31.818181818181817,27.27272727272727,12.5,14.77272727272727,49.09090909090909,45.45454545454545
CPU,0,bim/eps0.03_default,bim,eps0.03_default,30,110,88,77,14,40,24,11,70,22,18.181818181818183,11.151152010047758,28.236489996048114,36.36363636363637,27.27272727272727,12.5,14.77272727272727,63.63636363636363,25.0
CPU,0,bim/eps0.03_default,bim,eps0.03_default,40,110,88,77,11,38,21,11,84,9,14.285714285714285,8.168247823927464,23.79747279515974,34.54545454545455,23.863636363636363,12.5,11.363636363636363,76.36363636363637,10.227272727272728
CPU,0,pgd/eps0.005,pgd,eps0.005,10,110,88,14,3,39,31,74,38,55,21.428571428571427,7.571248336916369,47.589723773208284,35.45454545454545,35.22727272727273,84.0909090909091,-48.86363636363637,34.54545454545455,62.5
CPU,0,pgd/eps0.005,pgd,eps0.005,20,110,88,14,4,54,47,74,54,40,28.57142857142857,11.721187910109098,54.64954117248438,49.09090909090909,53.40909090909091,84.0909090909091,-30.681818181818187,49.09090909090909,45.45454545454545
CPU,0,pgd/eps0.005,pgd,eps0.005,30,110,88,14,2,69,61,74,70,22,14.285714285714285,4.009307373792118,39.941907763863696,62.727272727272734,69.31818181818183,84.0909090909091,-14.772727272727266,63.63636363636363,25.0
CPU,0,pgd/eps0.005,pgd,eps0.005,40,110,88,14,4,75,69,74,84,9,28.57142857142857,11.721187910109098,54.64954117248438,68.18181818181817,78.4090909090909,84.0909090909091,-5.681818181818187,76.36363636363637,10.227272727272728
CPU,0,pgd/eps0.01,pgd,eps0.01,10,110,88,34,7,38,30,54,38,55,20.588235294117645,10.349396022351321,36.79871610821398,34.54545454545455,34.090909090909086,61.36363636363637,-27.27272727272728,34.54545454545455,62.5
CPU,0,pgd/eps0.01,pgd,eps0.01,20,110,88,34,6,46,37,54,54,40,17.647058823529413,8.348855603569685,33.514067740052155,41.81818181818181,42.04545454545455,61.36363636363637,-19.31818181818182,49.09090909090909,45.45454545454545
CPU,0,pgd/eps0.01,pgd,eps0.01,30,110,88,34,8,55,46,54,70,22,23.52941176470588,12.436838109244345,39.99646280826443,50.0,52.27272727272727,61.36363636363637,-9.090909090909093,63.63636363636363,25.0
CPU,0,pgd/eps0.01,pgd,eps0.01,40,110,88,34,13,69,60,54,84,9,38.23529411764706,23.899964851608782,54.95928000061734,62.727272727272734,68.18181818181817,61.36363636363637,6.818181818181806,76.36363636363637,10.227272727272728
CPU,0,pgd/eps0.03,pgd,eps0.03,10,110,88,77,22,40,31,11,38,55,28.57142857142857,19.68937869371719,39.49005367773513,36.36363636363637,35.22727272727273,12.5,22.727272727272727,34.54545454545455,62.5
CPU,0,pgd/eps0.03,pgd,eps0.03,20,110,88,77,16,38,26,11,54,40,20.77922077922078,13.214965937388248,31.120623660046743,34.54545454545455,29.545454545454547,12.5,17.045454545454547,49.09090909090909,45.45454545454545
CPU,0,pgd/eps0.03,pgd,eps0.03,30,110,88,77,12,37,22,11,70,22,15.584415584415584,9.145782358403826,25.293912056352934,33.63636363636363,25.0,12.5,12.5,63.63636363636363,25.0
CPU,0,pgd/eps0.03,pgd,eps0.03,40,110,88,77,11,38,22,11,84,9,14.285714285714285,8.168247823927464,23.79747279515974,34.54545454545455,25.0,12.5,12.5,76.36363636363637,10.227272727272728
CPU,0,mifgsm/eps0.03_default,mifgsm,eps0.03_default,10,110,88,77,21,38,29,11,38,55,27.27272727272727,18.584355540118842,38.12110303566392,34.54545454545455,32.95454545454545,12.5,20.454545454545453,34.54545454545455,62.5
CPU,0,mifgsm/eps0.03_default,mifgsm,eps0.03_default,20,110,88,77,15,37,25,11,54,40,19.480519480519483,12.176294266340367,29.685321535425068,33.63636363636363,28.40909090909091,12.5,15.90909090909091,49.09090909090909,45.45454545454545
CPU,0,mifgsm/eps0.03_default,mifgsm,eps0.03_default,30,110,88,77,9,35,20,11,70,22,11.688311688311687,6.272491064586315,20.745281963161773,31.818181818181817,22.727272727272727,12.5,10.227272727272727,63.63636363636363,25.0
CPU,0,mifgsm/eps0.03_default,mifgsm,eps0.03_default,40,110,88,77,8,33,19,11,84,9,10.38961038961039,5.359228295797316,19.184570936281222,30.0,21.59090909090909,12.5,9.09090909090909,76.36363636363637,10.227272727272728
CPU,0,difgsm/eps0.03_default,difgsm,eps0.03_default,10,110,88,72,17,41,30,16,38,55,23.61111111111111,15.296584625945536,34.598987197433715,37.27272727272727,34.090909090909086,18.181818181818183,15.909090909090903,34.54545454545455,62.5
CPU,0,difgsm/eps0.03_default,difgsm,eps0.03_default,20,110,88,72,7,33,21,16,54,40,9.722222222222223,4.789571126116793,18.735249025356804,30.0,23.863636363636363,18.181818181818183,5.68181818181818,49.09090909090909,45.45454545454545
CPU,0,difgsm/eps0.03_default,difgsm,eps0.03_default,30,110,88,72,5,33,19,16,70,22,6.944444444444445,3.002493884382272,15.248175932710195,30.0,21.59090909090909,18.181818181818183,3.4090909090909065,63.63636363636363,25.0
CPU,0,difgsm/eps0.03_default,difgsm,eps0.03_default,40,110,88,72,3,34,18,16,84,9,4.166666666666666,1.427054877259009,11.549464605452325,30.909090909090907,20.454545454545457,18.181818181818183,2.2727272727272734,76.36363636363637,10.227272727272728
CPU,0,vmifgsm/eps0.03_default,vmifgsm,eps0.03_default,10,110,88,77,21,39,29,11,38,55,27.27272727272727,18.584355540118842,38.12110303566392,35.45454545454545,32.95454545454545,12.5,20.454545454545453,34.54545454545455,62.5
CPU,0,vmifgsm/eps0.03_default,vmifgsm,eps0.03_default,20,110,88,77,13,37,23,11,54,40,16.883116883116884,10.14057303066853,26.77309517975779,33.63636363636363,26.136363636363637,12.5,13.636363636363637,49.09090909090909,45.45454545454545
CPU,0,vmifgsm/eps0.03_default,vmifgsm,eps0.03_default,30,110,88,77,8,34,19,11,70,22,10.38961038961039,5.359228295797316,19.184570936281222,30.909090909090907,21.59090909090909,12.5,9.09090909090909,63.63636363636363,25.0
CPU,0,vmifgsm/eps0.03_default,vmifgsm,eps0.03_default,40,110,88,77,7,34,18,11,84,9,9.090909090909092,4.473514189357164,17.596311247051815,30.909090909090907,20.454545454545457,12.5,7.954545454545457,76.36363636363637,10.227272727272728
CPU,0,vnifgsm/eps0.03_default,vnifgsm,eps0.03_default,10,110,88,77,21,38,29,11,38,55,27.27272727272727,18.584355540118842,38.12110303566392,34.54545454545455,32.95454545454545,12.5,20.454545454545453,34.54545454545455,62.5
CPU,0,vnifgsm/eps0.03_default,vnifgsm,eps0.03_default,20,110,88,77,12,37,22,11,54,40,15.584415584415584,9.145782358403826,25.293912056352934,33.63636363636363,25.0,12.5,12.5,49.09090909090909,45.45454545454545
CPU,0,vnifgsm/eps0.03_default,vnifgsm,eps0.03_default,30,110,88,77,8,35,18,11,70,22,10.38961038961039,5.359228295797316,19.184570936281222,31.818181818181817,20.454545454545457,12.5,7.954545454545457,63.63636363636363,25.0
CPU,0,vnifgsm/eps0.03_default,vnifgsm,eps0.03_default,40,110,88,77,8,34,18,11,84,9,10.38961038961039,5.359228295797316,19.184570936281222,30.909090909090907,20.454545454545457,12.5,7.954545454545457,76.36363636363637,10.227272727272728
CPU,0,rfgsm/eps0.03_default,rfgsm,eps0.03_default,10,110,88,77,21,38,30,11,38,55,27.27272727272727,18.584355540118842,38.12110303566392,34.54545454545455,34.090909090909086,12.5,21.590909090909086,34.54545454545455,62.5
CPU,0,rfgsm/eps0.03_default,rfgsm,eps0.03_default,20,110,88,77,16,41,26,11,54,40,20.77922077922078,13.214965937388248,31.120623660046743,37.27272727272727,29.545454545454547,12.5,17.045454545454547,49.09090909090909,45.45454545454545
CPU,0,rfgsm/eps0.03_default,rfgsm,eps0.03_default,30,110,88,77,14,39,24,11,70,22,18.181818181818183,11.151152010047758,28.236489996048114,35.45454545454545,27.27272727272727,12.5,14.77272727272727,63.63636363636363,25.0
CPU,0,rfgsm/eps0.03_default,rfgsm,eps0.03_default,40,110,88,77,9,37,19,11,84,9,11.688311688311687,6.272491064586315,20.745281963161773,33.63636363636363,21.59090909090909,12.5,9.09090909090909,76.36363636363637,10.227272727272728
CPU,0,tpgd/eps0.03_default,tpgd,eps0.03_default,10,110,88,44,12,40,33,44,38,55,27.27272727272727,16.346223395491325,41.849154685509305,36.36363636363637,37.5,50.0,-12.5,34.54545454545455,62.5
CPU,0,tpgd/eps0.03_default,tpgd,eps0.03_default,20,110,88,44,9,57,48,44,54,40,20.454545454545457,11.153127823467596,34.50086368183322,51.81818181818182,54.54545454545454,50.0,4.54545454545454,49.09090909090909,45.45454545454545
CPU,0,tpgd/eps0.03_default,tpgd,eps0.03_default,30,110,88,44,7,57,50,44,70,22,15.909090909090908,7.926576557718398,29.366490563782556,51.81818181818182,56.81818181818182,50.0,6.81818181818182,63.63636363636363,25.0
CPU,0,tpgd/eps0.03_default,tpgd,eps0.03_default,40,110,88,44,6,57,50,44,84,9,13.636363636363635,6.402867407860049,26.709737521740962,51.81818181818182,56.81818181818182,50.0,6.81818181818182,76.36363636363637,10.227272727272728
CPU,0,cw/c1_steps20_lr0.01,cw,c1_steps20_lr0.01,10,110,88,79,24,36,28,9,38,55,30.37974683544304,21.34431893931135,41.23486832892104,32.72727272727273,31.818181818181817,10.227272727272728,21.590909090909086,34.54545454545455,62.5
CPU,0,cw/c1_steps20_lr0.01,cw,c1_steps20_lr0.01,20,110,88,79,26,39,32,9,54,40,32.91139240506329,23.55404921349963,43.853630020122125,35.45454545454545,36.36363636363637,10.227272727272728,26.13636363636364,49.09090909090909,45.45454545454545
CPU,0,cw/c1_steps20_lr0.01,cw,c1_steps20_lr0.01,30,110,88,79,24,38,32,9,70,22,30.37974683544304,21.34431893931135,41.23486832892104,34.54545454545455,36.36363636363637,10.227272727272728,26.13636363636364,63.63636363636363,25.0
CPU,0,cw/c1_steps20_lr0.01,cw,c1_steps20_lr0.01,40,110,88,79,36,53,44,9,84,9,45.56962025316456,35.04827675806602,56.501862302502595,48.18181818181818,50.0,10.227272727272728,39.77272727272727,76.36363636363637,10.227272727272728
CPU,0,deepfool/package_default,deepfool,package_default,10,110,88,87,29,36,29,1,38,55,33.33333333333333,24.31846311443509,43.75783673056985,32.72727272727273,32.95454545454545,1.1363636363636365,31.818181818181817,34.54545454545455,62.5
CPU,0,deepfool/package_default,deepfool,package_default,20,110,88,87,33,40,33,1,54,40,37.93103448275862,28.450264391892645,48.432573426904035,36.36363636363637,37.5,1.1363636363636365,36.36363636363637,49.09090909090909,45.45454545454545
CPU,0,deepfool/package_default,deepfool,package_default,30,110,88,87,39,46,39,1,70,22,44.827586206896555,34.8170047270701,55.2756400524142,41.81818181818181,44.31818181818182,1.1363636363636365,43.18181818181819,63.63636363636363,25.0
CPU,0,deepfool/package_default,deepfool,package_default,40,110,88,87,50,59,50,1,84,9,57.47126436781609,46.983697122996574,67.32692708441502,53.63636363636364,56.81818181818182,1.1363636363636365,55.68181818181819,76.36363636363637,10.227272727272728
CPU,0,fab/eps0.005,fab,eps0.005,10,110,88,14,3,38,32,74,38,55,21.428571428571427,7.571248336916369,47.589723773208284,34.54545454545455,36.36363636363637,84.0909090909091,-47.72727272727273,34.54545454545455,62.5
CPU,0,fab/eps0.005,fab,eps0.005,20,110,88,14,4,54,48,74,54,40,28.57142857142857,11.721187910109098,54.64954117248438,49.09090909090909,54.54545454545454,84.0909090909091,-29.545454545454554,49.09090909090909,45.45454545454545
CPU,0,fab/eps0.005,fab,eps0.005,30,110,88,14,4,68,64,74,70,22,28.57142857142857,11.721187910109098,54.64954117248438,61.81818181818181,72.72727272727273,84.0909090909091,-11.36363636363636,63.63636363636363,25.0
CPU,0,fab/eps0.005,fab,eps0.005,40,110,88,14,5,81,76,74,84,9,35.714285714285715,16.344490737202737,61.23599531785959,73.63636363636363,86.36363636363636,84.0909090909091,2.2727272727272663,76.36363636363637,10.227272727272728
CPU,0,fab/eps0.01,fab,eps0.01,10,110,88,34,7,38,32,54,38,55,20.588235294117645,10.349396022351321,36.79871610821398,34.54545454545455,36.36363636363637,61.36363636363637,-25.0,34.54545454545455,62.5
CPU,0,fab/eps0.01,fab,eps0.01,20,110,88,34,9,54,48,54,54,40,26.47058823529412,14.601027541553796,43.11746216289845,49.09090909090909,54.54545454545454,61.36363636363637,-6.818181818181827,49.09090909090909,45.45454545454545
CPU,0,fab/eps0.01,fab,eps0.01,30,110,88,34,10,63,57,54,70,22,29.411764705882355,16.83445260993195,46.16922588146376,57.27272727272727,64.77272727272727,61.36363636363637,3.4090909090908994,63.63636363636363,25.0
CPU,0,fab/eps0.01,fab,eps0.01,40,110,88,34,16,76,70,54,84,9,47.05882352941176,31.451251633111365,63.26355957994516,69.0909090909091,79.54545454545455,61.36363636363637,18.18181818181818,76.36363636363637,10.227272727272728
CPU,0,fab/eps0.03,fab,eps0.03,10,110,88,76,21,39,31,12,38,55,27.631578947368425,18.840105352742306,38.57557769970153,35.45454545454545,35.22727272727273,13.636363636363635,21.590909090909093,34.54545454545455,62.5
CPU,0,fab/eps0.03,fab,eps0.03,20,110,88,76,23,40,34,12,54,40,30.263157894736842,21.09118930131978,41.334413392013026,36.36363636363637,38.63636363636363,13.636363636363635,25.0,49.09090909090909,45.45454545454545
CPU,0,fab/eps0.03,fab,eps0.03,30,110,88,76,28,47,40,12,70,22,36.84210526315789,26.8752586837069,48.0751431118483,42.72727272727273,45.45454545454545,13.636363636363635,31.81818181818182,63.63636363636363,25.0
CPU,0,fab/eps0.03,fab,eps0.03,40,110,88,76,42,61,54,12,84,9,55.26315789473685,44.100315281611444,65.91952400016648,55.45454545454545,61.36363636363637,13.636363636363635,47.727272727272734,76.36363636363637,10.227272727272728
CPU,0,square/eps0.03_default,square,eps0.03_default,10,110,88,79,22,36,30,9,38,55,27.848101265822784,19.168037554546473,38.58265774829654,32.72727272727273,34.090909090909086,10.227272727272728,23.86363636363636,34.54545454545455,62.5
CPU,0,square/eps0.03_default,square,eps0.03_default,20,110,88,79,24,42,33,9,54,40,30.37974683544304,21.34431893931135,41.23486832892104,38.18181818181819,37.5,10.227272727272728,27.272727272727273,49.09090909090909,45.45454545454545
CPU,0,square/eps0.03_default,square,eps0.03_default,30,110,88,79,26,44,35,9,70,22,32.91139240506329,23.55404921349963,43.853630020122125,40.0,39.77272727272727,10.227272727272728,29.545454545454547,63.63636363636363,25.0
CPU,0,square/eps0.03_default,square,eps0.03_default,40,110,88,79,29,44,38,9,84,9,36.708860759493675,26.927131273817785,47.72328590788803,40.0,43.18181818181818,10.227272727272728,32.95454545454545,76.36363636363637,10.227272727272728
CPU,0,apgd/eps0.03_default,apgd,eps0.03_default,10,110,88,78,20,39,29,10,38,55,25.64102564102564,17.255308571556622,36.31353661231074,35.45454545454545,32.95454545454545,11.363636363636363,21.59090909090909,34.54545454545455,62.5
CPU,0,apgd/eps0.03_default,apgd,eps0.03_default,20,110,88,78,17,40,27,10,54,40,21.794871794871796,14.076696665343851,32.16091354755521,36.36363636363637,30.681818181818183,11.363636363636363,19.31818181818182,49.09090909090909,45.45454545454545
CPU,0,apgd/eps0.03_default,apgd,eps0.03_default,30,110,88,78,15,39,25,10,70,22,19.230769230769234,12.015101048823745,29.33501918342978,35.45454545454545,28.40909090909091,11.363636363636363,17.045454545454547,63.63636363636363,25.0
CPU,0,apgd/eps0.03_default,apgd,eps0.03_default,40,110,88,78,10,37,20,10,84,9,12.82051282051282,7.11524611999346,22.01614916064621,33.63636363636363,22.727272727272727,11.363636363636363,11.363636363636363,76.36363636363637,10.227272727272728
CPU,0,apgdt/eps0.03_default,apgdt,eps0.03_default,10,110,88,78,20,38,29,10,38,55,25.64102564102564,17.255308571556622,36.31353661231074,34.54545454545455,32.95454545454545,11.363636363636363,21.59090909090909,34.54545454545455,62.5
CPU,0,apgdt/eps0.03_default,apgdt,eps0.03_default,20,110,88,78,14,37,24,10,54,40,17.94871794871795,11.003815950408477,27.902559291522277,33.63636363636363,27.27272727272727,11.363636363636363,15.909090909090907,49.09090909090909,45.45454545454545
CPU,0,apgdt/eps0.03_default,apgdt,eps0.03_default,30,110,88,78,11,36,21,10,70,22,14.102564102564102,8.060961324830107,23.514178946132336,32.72727272727273,23.863636363636363,11.363636363636363,12.5,63.63636363636363,25.0
CPU,0,apgdt/eps0.03_default,apgdt,eps0.03_default,40,110,88,78,8,32,18,10,84,9,10.256410256410255,5.289271527803498,18.954633772190636,29.09090909090909,20.454545454545457,11.363636363636363,9.090909090909093,76.36363636363637,10.227272727272728
CPU,0,autoattack/eps0.03_standard,autoattack,eps0.03_standard,10,110,88,78,21,40,30,10,38,55,26.923076923076923,18.33548055161846,37.67710962257168,36.36363636363637,34.090909090909086,11.363636363636363,22.727272727272723,34.54545454545455,62.5
CPU,0,autoattack/eps0.03_standard,autoattack,eps0.03_standard,20,110,88,78,18,41,28,10,54,40,23.076923076923077,15.125388693827768,33.55596650939407,37.27272727272727,31.818181818181817,11.363636363636363,20.454545454545453,49.09090909090909,45.45454545454545
CPU,0,autoattack/eps0.03_standard,autoattack,eps0.03_standard,30,110,88,78,11,37,21,10,70,22,14.102564102564102,8.060961324830107,23.514178946132336,33.63636363636363,23.863636363636363,11.363636363636363,12.5,63.63636363636363,25.0
CPU,0,autoattack/eps0.03_standard,autoattack,eps0.03_standard,40,110,88,78,8,35,18,10,84,9,10.256410256410255,5.289271527803498,18.954633772190636,31.818181818181817,20.454545454545457,11.363636363636363,9.090909090909093,76.36363636363637,10.227272727272728
CPU,0,ead/package_default,ead,package_default,10,110,88,88,32,40,32,0,38,55,36.36363636363637,27.079145605030686,46.78890547421881,36.36363636363637,36.36363636363637,0.0,36.36363636363637,34.54545454545455,62.5
CPU,0,ead/package_default,ead,package_default,20,110,88,88,37,43,37,0,54,40,42.04545454545455,32.27692599918905,52.47943713037317,39.09090909090909,42.04545454545455,0.0,42.04545454545455,49.09090909090909,45.45454545454545
CPU,0,ead/package_default,ead,package_default,30,110,88,88,51,56,51,0,70,22,57.95454545454546,47.52056286962684,67.72307400081098,50.90909090909091,57.95454545454546,0.0,57.95454545454546,63.63636363636363,25.0
CPU,0,ead/package_default,ead,package_default,40,110,88,88,58,65,58,0,84,9,65.9090909090909,55.52626020736617,74.96101353350942,59.09090909090909,65.9090909090909,0.0,65.9090909090909,76.36363636363637,10.227272727272728
CPU,0,ALL/ALL_24,ALL,ALL_24,10,2640,2112,1500,409,928,726,612,912,1320,27.266666666666666,25.073185876257753,29.576293164619962,35.15151515151515,34.375,28.97727272727273,5.39772727272727,34.54545454545455,62.5
CPU,0,ALL/ALL_24,ALL,ALL_24,20,2640,2112,1500,356,1023,784,612,1296,960,23.733333333333334,21.64907207008971,25.951792276261664,38.75,37.121212121212125,28.97727272727273,8.143939393939394,49.09090909090909,45.45454545454545
CPU,0,ALL/ALL_24,ALL,ALL_24,30,2640,2112,1500,335,1109,844,612,1680,528,22.333333333333332,20.297836766952212,24.510180247605703,42.00757575757576,39.96212121212121,28.97727272727273,10.98484848484848,63.63636363636363,25.0
CPU,0,ALL/ALL_24,ALL,ALL_24,40,2640,2112,1500,377,1221,941,612,2016,216,25.133333333333336,23.003512949465023,27.390198728679806,46.25,44.55492424242424,28.97727272727273,15.577651515151512,76.36363636363637,10.227272727272728
CPU,2,fgsm/eps0.005,fgsm,eps0.005,10,110,93,12,5,36,34,81,37,57,41.66666666666667,19.325746190524658,68.04926643446272,32.72727272727273,36.55913978494624,87.09677419354838,-50.537634408602145,33.63636363636363,61.29032258064516
CPU,2,fgsm/eps0.005,fgsm,eps0.005,20,110,93,12,6,62,60,81,67,28,50.0,25.377817039342222,74.62218296065778,56.36363636363636,64.51612903225806,87.09677419354838,-22.58064516129032,60.909090909090914,30.107526881720432
CPU,2,fgsm/eps0.005,fgsm,eps0.005,30,110,93,12,5,77,75,81,79,15,41.66666666666667,19.325746190524658,68.04926643446272,70.0,80.64516129032258,87.09677419354838,-6.451612903225808,71.81818181818181,16.129032258064516
CPU,2,fgsm/eps0.005,fgsm,eps0.005,40,110,93,12,3,78,76,81,85,8,25.0,8.894003962896138,53.231033912065996,70.9090909090909,81.72043010752688,87.09677419354838,-5.376344086021504,77.27272727272727,8.60215053763441
CPU,2,fgsm/eps0.01,fgsm,eps0.01,10,110,93,26,11,35,32,67,37,57,42.30769230769231,25.544189902729396,61.05170307888017,31.818181818181817,34.40860215053764,72.04301075268818,-37.634408602150536,33.63636363636363,61.29032258064516
CPU,2,fgsm/eps0.01,fgsm,eps0.01,20,110,93,26,13,60,55,67,67,28,50.0,32.06030631500207,67.93969368499792,54.54545454545454,59.13978494623656,72.04301075268818,-12.903225806451616,60.909090909090914,30.107526881720432
CPU,2,fgsm/eps0.01,fgsm,eps0.01,30,110,93,26,11,74,68,67,79,15,42.30769230769231,25.544189902729396,61.05170307888017,67.27272727272727,73.11827956989248,72.04301075268818,1.0752688172043037,71.81818181818181,16.129032258064516
CPU,2,fgsm/eps0.01,fgsm,eps0.01,40,110,93,26,11,75,71,67,85,8,42.30769230769231,25.544189902729396,61.05170307888017,68.18181818181817,76.34408602150538,72.04301075268818,4.3010752688172005,77.27272727272727,8.60215053763441
CPU,2,fgsm/eps0.03,fgsm,eps0.03,10,110,93,64,19,35,29,29,37,57,29.6875,19.904999589075246,41.77043259412798,31.818181818181817,31.182795698924732,31.182795698924732,0.0,33.63636363636363,61.29032258064516
CPU,2,fgsm/eps0.03,fgsm,eps0.03,20,110,93,64,10,37,30,29,67,28,15.625,8.714748876961673,26.428290202305327,33.63636363636363,32.25806451612903,31.182795698924732,1.0752688172043001,60.909090909090914,30.107526881720432
CPU,2,fgsm/eps0.03,fgsm,eps0.03,30,110,93,64,9,43,33,29,79,15,14.0625,7.578487006414436,24.616508394637428,39.09090909090909,35.483870967741936,31.182795698924732,4.301075268817204,71.81818181818181,16.129032258064516
CPU,2,fgsm/eps0.03,fgsm,eps0.03,40,110,93,64,9,47,36,29,85,8,14.0625,7.578487006414436,24.616508394637428,42.72727272727273,38.70967741935484,31.182795698924732,7.526881720430108,77.27272727272727,8.60215053763441
CPU,2,fgsm/eps0.05,fgsm,eps0.05,10,110,93,75,15,29,22,18,37,57,20.0,12.512038203120296,30.41149455116171,26.36363636363636,23.655913978494624,19.35483870967742,4.301075268817204,33.63636363636363,61.29032258064516
CPU,2,fgsm/eps0.05,fgsm,eps0.05,20,110,93,75,7,29,20,18,67,28,9.333333333333334,4.594793932894483,18.03488380068779,26.36363636363636,21.50537634408602,19.35483870967742,2.1505376344086002,60.909090909090914,30.107526881720432
CPU,2,fgsm/eps0.05,fgsm,eps0.05,30,110,93,75,7,34,23,18,79,15,9.333333333333334,4.594793932894483,18.03488380068779,30.909090909090907,24.731182795698924,19.35483870967742,5.376344086021504,71.81818181818181,16.129032258064516
CPU,2,fgsm/eps0.05,fgsm,eps0.05,40,110,93,75,7,35,23,18,85,8,9.333333333333334,4.594793932894483,18.03488380068779,31.818181818181817,24.731182795698924,19.35483870967742,5.376344086021504,77.27272727272727,8.60215053763441
CPU,2,bim/eps0.03_default,bim,eps0.03_default,10,110,93,79,24,36,29,14,37,57,30.37974683544304,21.34431893931135,41.23486832892104,32.72727272727273,31.182795698924732,15.053763440860216,16.129032258064516,33.63636363636363,61.29032258064516
CPU,2,bim/eps0.03_default,bim,eps0.03_default,20,110,93,79,16,39,27,14,67,28,20.253164556962027,12.869001243979506,30.396218162695398,35.45454545454545,29.03225806451613,15.053763440860216,13.978494623655916,60.909090909090914,30.107526881720432
CPU,2,bim/eps0.03_default,bim,eps0.03_default,30,110,93,79,14,41,26,14,79,15,17.72151898734177,10.860327950089017,27.57639949119652,37.27272727272727,27.956989247311824,15.053763440860216,12.903225806451609,71.81818181818181,16.129032258064516
CPU,2,bim/eps0.03_default,bim,eps0.03_default,40,110,93,79,9,35,22,14,85,8,11.39240506329114,6.110510202849083,20.254987324963025,31.818181818181817,23.655913978494624,15.053763440860216,8.602150537634408,77.27272727272727,8.60215053763441
CPU,2,pgd/eps0.005,pgd,eps0.005,10,110,93,14,5,35,34,79,37,57,35.714285714285715,16.344490737202737,61.23599531785959,31.818181818181817,36.55913978494624,84.94623655913979,-48.38709677419355,33.63636363636363,61.29032258064516
CPU,2,pgd/eps0.005,pgd,eps0.005,20,110,93,14,6,64,61,79,67,28,42.857142857142854,21.380509930400528,67.40973309713064,58.18181818181818,65.59139784946237,84.94623655913979,-19.354838709677423,60.909090909090914,30.107526881720432
CPU,2,pgd/eps0.005,pgd,eps0.005,30,110,93,14,6,77,74,79,79,15,42.857142857142854,21.380509930400528,67.40973309713064,70.0,79.56989247311827,84.94623655913979,-5.376344086021518,71.81818181818181,16.129032258064516
CPU,2,pgd/eps0.005,pgd,eps0.005,40,110,93,14,5,79,77,79,85,8,35.714285714285715,16.344490737202737,61.23599531785959,71.81818181818181,82.79569892473118,84.94623655913979,-2.1505376344086073,77.27272727272727,8.60215053763441
CPU,2,pgd/eps0.01,pgd,eps0.01,10,110,93,31,12,35,32,62,37,57,38.70967741935484,23.732875351271563,56.176198858868034,31.818181818181817,34.40860215053764,66.66666666666666,-32.25806451612902,33.63636363636363,61.29032258064516
CPU,2,pgd/eps0.01,pgd,eps0.01,20,110,93,31,14,56,53,62,67,28,45.16129032258064,29.161482836586107,62.22812039633085,50.90909090909091,56.98924731182796,66.66666666666666,-9.677419354838698,60.909090909090914,30.107526881720432
CPU,2,pgd/eps0.01,pgd,eps0.01,30,110,93,31,14,72,65,62,79,15,45.16129032258064,29.161482836586107,62.22812039633085,65.45454545454545,69.89247311827957,66.66666666666666,3.225806451612911,71.81818181818181,16.129032258064516
CPU,2,pgd/eps0.01,pgd,eps0.01,40,110,93,31,13,73,68,62,85,8,41.935483870967744,26.415303073549257,59.23403564797902,66.36363636363637,73.11827956989248,66.66666666666666,6.451612903225822,77.27272727272727,8.60215053763441
CPU,2,pgd/eps0.03,pgd,eps0.03,10,110,93,77,20,34,27,16,37,57,25.97402597402597,17.489066479540778,36.74241830057244,30.909090909090907,29.03225806451613,17.20430107526882,11.827956989247312,33.63636363636363,61.29032258064516
CPU,2,pgd/eps0.03,pgd,eps0.03,20,110,93,77,10,36,24,16,67,28,12.987012987012985,7.209751490940191,22.281995332477457,32.72727272727273,25.806451612903224,17.20430107526882,8.602150537634405,60.909090909090914,30.107526881720432
CPU,2,pgd/eps0.03,pgd,eps0.03,30,110,93,77,14,41,30,16,79,15,18.181818181818183,11.151152010047758,28.236489996048114,37.27272727272727,32.25806451612903,17.20430107526882,15.053763440860212,71.81818181818181,16.129032258064516
CPU,2,pgd/eps0.03,pgd,eps0.03,40,110,93,77,10,39,26,16,85,8,12.987012987012985,7.209751490940191,22.281995332477457,35.45454545454545,27.956989247311824,17.20430107526882,10.752688172043005,77.27272727272727,8.60215053763441
CPU,2,mifgsm/eps0.03_default,mifgsm,eps0.03_default,10,110,93,76,17,32,23,17,37,57,22.36842105263158,14.46106442066905,32.93477934999686,29.09090909090909,24.731182795698924,18.27956989247312,6.451612903225804,33.63636363636363,61.29032258064516
CPU,2,mifgsm/eps0.03_default,mifgsm,eps0.03_default,20,110,93,76,10,35,24,17,67,28,13.157894736842104,7.306803021855036,22.554322005699518,31.818181818181817,25.806451612903224,18.27956989247312,7.526881720430104,60.909090909090914,30.107526881720432
CPU,2,mifgsm/eps0.03_default,mifgsm,eps0.03_default,30,110,93,76,14,42,29,17,79,15,18.421052631578945,11.302493284924942,28.57847102440753,38.18181818181819,31.182795698924732,18.27956989247312,12.903225806451612,71.81818181818181,16.129032258064516
CPU,2,mifgsm/eps0.03_default,mifgsm,eps0.03_default,40,110,93,76,7,35,22,17,85,8,9.210526315789473,4.533342778112863,17.812902788108254,31.818181818181817,23.655913978494624,18.27956989247312,5.376344086021504,77.27272727272727,8.60215053763441
CPU,2,difgsm/eps0.03_default,difgsm,eps0.03_default,10,110,93,72,15,33,24,21,37,57,20.833333333333336,13.05194089904011,31.56948058995801,30.0,25.806451612903224,22.58064516129032,3.225806451612904,33.63636363636363,61.29032258064516
CPU,2,difgsm/eps0.03_default,difgsm,eps0.03_default,20,110,93,72,8,34,21,21,67,28,11.11111111111111,5.738751060073767,20.42314425859039,30.909090909090907,22.58064516129032,22.58064516129032,0.0,60.909090909090914,30.107526881720432
CPU,2,difgsm/eps0.03_default,difgsm,eps0.03_default,30,110,93,72,9,38,25,21,79,15,12.5,6.717708293105555,22.08126219274917,34.54545454545455,26.881720430107524,22.58064516129032,4.301075268817204,71.81818181818181,16.129032258064516
CPU,2,difgsm/eps0.03_default,difgsm,eps0.03_default,40,110,93,72,9,40,26,21,85,8,12.5,6.717708293105555,22.08126219274917,36.36363636363637,27.956989247311824,22.58064516129032,5.376344086021504,77.27272727272727,8.60215053763441
CPU,2,vmifgsm/eps0.03_default,vmifgsm,eps0.03_default,10,110,93,78,19,32,24,15,37,57,24.358974358974358,16.185113739317142,34.93998645422746,29.09090909090909,25.806451612903224,16.129032258064516,9.677419354838708,33.63636363636363,61.29032258064516
CPU,2,vmifgsm/eps0.03_default,vmifgsm,eps0.03_default,20,110,93,78,12,37,25,15,67,28,15.384615384615385,9.025416205339184,24.99346905594603,33.63636363636363,26.881720430107524,16.129032258064516,10.752688172043008,60.909090909090914,30.107526881720432
CPU,2,vmifgsm/eps0.03_default,vmifgsm,eps0.03_default,30,110,93,78,10,36,24,15,79,15,12.82051282051282,7.11524611999346,22.01614916064621,32.72727272727273,25.806451612903224,16.129032258064516,9.677419354838708,71.81818181818181,16.129032258064516
CPU,2,vmifgsm/eps0.03_default,vmifgsm,eps0.03_default,40,110,93,78,9,36,24,15,85,8,11.538461538461538,6.190440604142225,20.49720968617468,32.72727272727273,25.806451612903224,16.129032258064516,9.677419354838708,77.27272727272727,8.60215053763441
CPU,2,vnifgsm/eps0.03_default,vnifgsm,eps0.03_default,10,110,93,76,16,31,23,17,37,57,21.052631578947366,13.395033382180127,31.495850568041305,28.18181818181818,24.731182795698924,18.27956989247312,6.451612903225804,33.63636363636363,61.29032258064516
CPU,2,vnifgsm/eps0.03_default,vnifgsm,eps0.03_default,20,110,93,76,11,39,26,17,67,28,14.473684210526317,8.278431339921275,24.087653508077764,35.45454545454545,27.956989247311824,18.27956989247312,9.677419354838705,60.909090909090914,30.107526881720432
CPU,2,vnifgsm/eps0.03_default,vnifgsm,eps0.03_default,30,110,93,76,9,38,24,17,79,15,11.842105263157894,6.356747118952921,20.999418088157157,34.54545454545455,25.806451612903224,18.27956989247312,7.526881720430104,71.81818181818181,16.129032258064516
CPU,2,vnifgsm/eps0.03_default,vnifgsm,eps0.03_default,40,110,93,76,9,38,25,17,85,8,11.842105263157894,6.356747118952921,20.999418088157157,34.54545454545455,26.881720430107524,18.27956989247312,8.602150537634405,77.27272727272727,8.60215053763441
CPU,2,rfgsm/eps0.03_default,rfgsm,eps0.03_default,10,110,93,77,19,32,25,16,37,57,24.675324675324674,16.403948228457534,35.353562755986125,29.09090909090909,26.881720430107524,17.20430107526882,9.677419354838705,33.63636363636363,61.29032258064516
CPU,2,rfgsm/eps0.03_default,rfgsm,eps0.03_default,20,110,93,77,12,36,25,16,67,28,15.584415584415584,9.145782358403826,25.293912056352934,32.72727272727273,26.881720430107524,17.20430107526882,9.677419354838705,60.909090909090914,30.107526881720432
CPU,2,rfgsm/eps0.03_default,rfgsm,eps0.03_default,30,110,93,77,13,40,28,16,79,15,16.883116883116884,10.14057303066853,26.77309517975779,36.36363636363637,30.107526881720432,17.20430107526882,12.903225806451612,71.81818181818181,16.129032258064516
CPU,2,rfgsm/eps0.03_default,rfgsm,eps0.03_default,40,110,93,77,10,38,25,16,85,8,12.987012987012985,7.209751490940191,22.281995332477457,34.54545454545455,26.881720430107524,17.20430107526882,9.677419354838705,77.27272727272727,8.60215053763441
CPU,2,tpgd/eps0.03_default,tpgd,eps0.03_default,10,110,93,43,11,38,32,50,37,57,25.581395348837212,14.929365877065543,40.23868986825486,34.54545454545455,34.40860215053764,53.76344086021505,-19.35483870967741,33.63636363636363,61.29032258064516
CPU,2,tpgd/eps0.03_default,tpgd,eps0.03_default,20,110,93,43,8,53,46,50,67,28,18.6046511627907,9.74163558010598,32.61729323530596,48.18181818181818,49.46236559139785,53.76344086021505,-4.3010752688172005,60.909090909090914,30.107526881720432
CPU,2,tpgd/eps0.03_default,tpgd,eps0.03_default,30,110,93,43,7,60,51,50,79,15,16.27906976744186,8.116524502857546,29.972695335918242,54.54545454545454,54.83870967741935,53.76344086021505,1.0752688172043037,71.81818181818181,16.129032258064516
CPU,2,tpgd/eps0.03_default,tpgd,eps0.03_default,40,110,93,43,4,61,51,50,85,8,9.30232558139535,3.6771045103346514,21.60298839853268,55.45454545454545,54.83870967741935,53.76344086021505,1.0752688172043037,77.27272727272727,8.60215053763441
CPU,2,cw/c1_steps20_lr0.01,cw,c1_steps20_lr0.01,10,110,93,83,28,35,31,10,37,57,33.734939759036145,24.48415401300969,44.424756002466765,31.818181818181817,33.33333333333333,10.75268817204301,22.58064516129032,33.63636363636363,61.29032258064516
CPU,2,cw/c1_steps20_lr0.01,cw,c1_steps20_lr0.01,20,110,93,83,32,46,42,10,67,28,38.55421686746988,28.81099453171214,49.310090293993525,41.81818181818181,45.16129032258064,10.75268817204301,34.40860215053763,60.909090909090914,30.107526881720432
CPU,2,cw/c1_steps20_lr0.01,cw,c1_steps20_lr0.01,30,110,93,83,35,53,45,10,79,15,42.168674698795186,32.12284435427638,52.90737157910118,48.18181818181818,48.38709677419355,10.75268817204301,37.63440860215054,71.81818181818181,16.129032258064516
CPU,2,cw/c1_steps20_lr0.01,cw,c1_steps20_lr0.01,40,110,93,83,43,58,53,10,85,8,51.80722891566265,41.21756969766282,62.236995856173124,52.72727272727272,56.98924731182796,10.75268817204301,46.23655913978495,77.27272727272727,8.60215053763441
CPU,2,deepfool/package_default,deepfool,package_default,10,110,93,92,33,36,33,1,37,57,35.869565217391305,26.8169868995772,46.05491841085168,32.72727272727273,35.483870967741936,1.0752688172043012,34.40860215053763,33.63636363636363,61.29032258064516
CPU,2,deepfool/package_default,deepfool,package_default,20,110,93,92,45,51,45,1,67,28,48.91304347826087,38.94853752162455,58.96468596379305,46.36363636363636,48.38709677419355,1.0752688172043012,47.31182795698925,60.909090909090914,30.107526881720432
CPU,2,deepfool/package_default,deepfool,package_default,30,110,93,92,53,58,53,1,79,15,57.608695652173914,47.40525650293827,67.20217909913848,52.72727272727272,56.98924731182796,1.0752688172043012,55.913978494623656,71.81818181818181,16.129032258064516
CPU,2,deepfool/package_default,deepfool,package_default,40,110,93,92,56,60,56,1,85,8,60.86956521739131,50.65323092393207,70.2145342218919,54.54545454545454,60.215053763440864,1.0752688172043012,59.13978494623656,77.27272727272727,8.60215053763441
CPU,2,fab/eps0.005,fab,eps0.005,10,110,93,14,5,37,36,79,37,57,35.714285714285715,16.344490737202737,61.23599531785959,33.63636363636363,38.70967741935484,84.94623655913979,-46.23655913978495,33.63636363636363,61.29032258064516
CPU,2,fab/eps0.005,fab,eps0.005,20,110,93,14,6,67,65,79,67,28,42.857142857142854,21.380509930400528,67.40973309713064,60.909090909090914,69.89247311827957,84.94623655913979,-15.053763440860223,60.909090909090914,30.107526881720432
CPU,2,fab/eps0.005,fab,eps0.005,30,110,93,14,6,77,76,79,79,15,42.857142857142854,21.380509930400528,67.40973309713064,70.0,81.72043010752688,84.94623655913979,-3.225806451612911,71.81818181818181,16.129032258064516
CPU,2,fab/eps0.005,fab,eps0.005,40,110,93,14,7,84,83,79,85,8,50.0,26.798867919475278,73.20113208052473,76.36363636363637,89.24731182795699,84.94623655913979,4.3010752688172005,77.27272727272727,8.60215053763441
CPU,2,fab/eps0.01,fab,eps0.01,10,110,93,30,13,36,35,63,37,57,43.333333333333336,27.37723743061511,60.80299045459127,32.72727272727273,37.634408602150536,67.74193548387096,-30.107526881720425,33.63636363636363,61.29032258064516
CPU,2,fab/eps0.01,fab,eps0.01,20,110,93,30,16,67,64,63,67,28,53.333333333333336,36.142013281525045,69.76787277587178,60.909090909090914,68.81720430107528,67.74193548387096,1.0752688172043179,60.909090909090914,30.107526881720432
CPU,2,fab/eps0.01,fab,eps0.01,30,110,93,30,18,77,74,63,79,15,60.0,42.32005249827384,75.40960567391659,70.0,79.56989247311827,67.74193548387096,11.827956989247312,71.81818181818181,16.129032258064516
CPU,2,fab/eps0.01,fab,eps0.01,40,110,93,30,20,82,81,63,85,8,66.66666666666666,48.77972581383027,80.76970447315381,74.54545454545455,87.09677419354838,67.74193548387096,19.354838709677423,77.27272727272727,8.60215053763441
CPU,2,fab/eps0.03,fab,eps0.03,10,110,93,77,26,37,34,16,37,57,33.76623376623377,24.199766918027013,44.87556063610354,33.63636363636363,36.55913978494624,17.20430107526882,19.35483870967742,33.63636363636363,61.29032258064516
CPU,2,fab/eps0.03,fab,eps0.03,20,110,93,77,32,52,48,16,67,28,41.55844155844156,31.209010264563286,52.71016006358461,47.27272727272727,51.61290322580645,17.20430107526882,34.40860215053763,60.909090909090914,30.107526881720432
CPU,2,fab/eps0.03,fab,eps0.03,30,110,93,77,42,64,58,16,79,15,54.54545454545454,43.472886644893926,65.18602163994952,58.18181818181818,62.365591397849464,17.20430107526882,45.16129032258064,71.81818181818181,16.129032258064516
CPU,2,fab/eps0.03,fab,eps0.03,40,110,93,77,49,68,65,16,85,8,63.63636363636363,52.48199544762014,73.49472940691018,61.81818181818181,69.89247311827957,17.20430107526882,52.68817204301075,77.27272727272727,8.60215053763441
CPU,2,square/eps0.03_default,square,eps0.03_default,10,110,93,80,22,37,31,13,37,57,27.500000000000004,18.91762284773599,38.14426528416989,33.63636363636363,33.33333333333333,13.978494623655912,19.354838709677416,33.63636363636363,61.29032258064516
CPU,2,square/eps0.03_default,square,eps0.03_default,20,110,93,80,23,42,36,13,67,28,28.749999999999996,19.986786008396255,39.46055278284818,38.18181818181819,38.70967741935484,13.978494623655912,24.731182795698928,60.909090909090914,30.107526881720432
CPU,2,square/eps0.03_default,square,eps0.03_default,30,110,93,80,27,47,40,13,79,15,33.75,24.34545981222198,44.64368161637671,42.72727272727273,43.01075268817204,13.978494623655912,29.032258064516128,71.81818181818181,16.129032258064516
CPU,2,square/eps0.03_default,square,eps0.03_default,40,110,93,80,33,52,46,13,85,8,41.25,31.105686511513085,52.19615887311697,47.27272727272727,49.46236559139785,13.978494623655912,35.483870967741936,77.27272727272727,8.60215053763441
CPU,2,apgd/eps0.03_default,apgd,eps0.03_default,10,110,93,79,21,34,27,14,37,57,26.582278481012654,18.093205809599443,37.243243510548886,30.909090909090907,29.03225806451613,15.053763440860216,13.978494623655916,33.63636363636363,61.29032258064516
CPU,2,apgd/eps0.03_default,apgd,eps0.03_default,20,110,93,79,12,38,26,14,67,28,15.18987341772152,8.908180320986645,24.70005515490952,34.54545454545455,27.956989247311824,15.053763440860216,12.903225806451609,60.909090909090914,30.107526881720432
CPU,2,apgd/eps0.03_default,apgd,eps0.03_default,30,110,93,79,11,38,25,14,79,15,13.924050632911392,7.956458969765406,23.237530523436075,34.54545454545455,26.881720430107524,15.053763440860216,11.827956989247308,71.81818181818181,16.129032258064516
CPU,2,apgd/eps0.03_default,apgd,eps0.03_default,40,110,93,79,12,40,26,14,85,8,15.18987341772152,8.908180320986645,24.70005515490952,36.36363636363637,27.956989247311824,15.053763440860216,12.903225806451609,77.27272727272727,8.60215053763441
CPU,2,apgdt/eps0.03_default,apgdt,eps0.03_default,10,110,93,85,20,32,25,8,37,57,23.52941176470588,15.77942000874349,33.56863315553992,29.09090909090909,26.881720430107524,8.60215053763441,18.279569892473113,33.63636363636363,61.29032258064516
CPU,2,apgdt/eps0.03_default,apgdt,eps0.03_default,20,110,93,85,19,39,27,8,67,28,22.35294117647059,14.80314270708086,32.29371282005958,35.45454545454545,29.03225806451613,8.60215053763441,20.43010752688172,60.909090909090914,30.107526881720432
CPU,2,apgdt/eps0.03_default,apgdt,eps0.03_default,30,110,93,85,19,40,27,8,79,15,22.35294117647059,14.80314270708086,32.29371282005958,36.36363636363637,29.03225806451613,8.60215053763441,20.43010752688172,71.81818181818181,16.129032258064516
CPU,2,apgdt/eps0.03_default,apgdt,eps0.03_default,40,110,93,85,20,42,28,8,85,8,23.52941176470588,15.77942000874349,33.56863315553992,38.18181818181819,30.107526881720432,8.60215053763441,21.505376344086024,77.27272727272727,8.60215053763441
CPU,2,autoattack/eps0.03_standard,autoattack,eps0.03_standard,10,110,93,86,22,34,26,7,37,57,25.581395348837212,17.542950129698358,35.708105060770194,30.909090909090907,27.956989247311824,7.526881720430108,20.430107526881716,33.63636363636363,61.29032258064516
CPU,2,autoattack/eps0.03_standard,autoattack,eps0.03_standard,20,110,93,86,19,38,26,7,67,28,22.093023255813954,14.624794489136717,31.947840014255917,34.54545454545455,27.956989247311824,7.526881720430108,20.430107526881716,60.909090909090914,30.107526881720432
CPU,2,autoattack/eps0.03_standard,autoattack,eps0.03_standard,30,110,93,86,18,36,25,7,79,15,20.930232558139537,13.669707033094278,30.67678724127305,32.72727272727273,26.881720430107524,7.526881720430108,19.354838709677416,71.81818181818181,16.129032258064516
CPU,2,autoattack/eps0.03_standard,autoattack,eps0.03_standard,40,110,93,86,14,33,21,7,85,8,16.27906976744186,9.952040412263214,25.48989294600289,30.0,22.58064516129032,7.526881720430108,15.053763440860212,77.27272727272727,8.60215053763441
CPU,2,ead/package_default,ead,package_default,10,110,93,93,33,35,33,0,37,57,35.483870967741936,26.512726316736558,45.606693436757816,31.818181818181817,35.483870967741936,0.0,35.483870967741936,33.63636363636363,61.29032258064516
CPU,2,ead/package_default,ead,package_default,20,110,93,93,48,51,48,0,67,28,51.61290322580645,41.59537133977669,61.50247090983505,46.36363636363636,51.61290322580645,0.0,51.61290322580645,60.909090909090914,30.107526881720432
CPU,2,ead/package_default,ead,package_default,30,110,93,93,59,64,59,0,79,15,63.44086021505376,53.30090301523664,72.51444906486115,58.18181818181818,63.44086021505376,0.0,63.44086021505376,71.81818181818181,16.129032258064516
CPU,2,ead/package_default,ead,package_default,40,110,93,93,65,70,65,0,85,8,69.89247311827957,59.93288866220661,78.27383241633817,63.63636363636363,69.89247311827957,0.0,69.89247311827957,77.27272727272727,8.60215053763441
CPU,2,ALL/ALL_24,ALL,ALL_24,10,2640,2232,1519,431,826,701,713,888,1368,28.373930217248187,26.16358002964505,30.693390518046847,31.287878787878785,31.40681003584229,31.944444444444443,-0.5376344086021518,33.63636363636363,61.29032258064516
CPU,2,ALL/ALL_24,ALL,ALL_24,20,2640,2232,1519,395,1108,924,713,1608,672,26.003949967083607,23.860458756446732,28.268508563594963,41.96969696969697,41.39784946236559,31.944444444444443,9.453405017921149,60.909090909090914,30.107526881720432
CPU,2,ALL/ALL_24,ALL,ALL_24,30,2640,2232,1519,430,1267,1057,713,1896,360,28.308097432521397,26.09949800233256,30.62613912236906,47.99242424242424,47.35663082437276,31.944444444444443,15.412186379928315,71.81818181818181,16.129032258064516
CPU,2,ALL/ALL_24,ALL,ALL_24,40,2640,2232,1519,434,1298,1096,713,2040,192,28.57142857142857,26.355861579844582,30.89510923681817,49.166666666666664,49.10394265232975,31.944444444444443,17.159498207885306,77.27272727272727,8.60215053763441
CPU,4,fgsm/eps0.005,fgsm,eps0.005,10,110,96,12,5,37,36,84,38,59,41.66666666666667,19.325746190524658,68.04926643446272,33.63636363636363,37.5,87.5,-50.0,34.54545454545455,61.458333333333336
CPU,4,fgsm/eps0.005,fgsm,eps0.005,20,110,96,12,5,75,75,84,80,17,41.66666666666667,19.325746190524658,68.04926643446272,68.18181818181817,78.125,87.5,-9.375,72.72727272727273,17.708333333333336
CPU,4,fgsm/eps0.005,fgsm,eps0.005,30,110,96,12,5,81,80,84,86,10,41.66666666666667,19.325746190524658,68.04926643446272,73.63636363636363,83.33333333333334,87.5,-4.166666666666657,78.18181818181819,10.416666666666668
CPU,4,fgsm/eps0.005,fgsm,eps0.005,40,110,96,12,5,87,85,84,95,3,41.66666666666667,19.325746190524658,68.04926643446272,79.0909090909091,88.54166666666666,87.5,1.0416666666666572,86.36363636363636,3.125
CPU,4,fgsm/eps0.01,fgsm,eps0.01,10,110,96,18,8,40,36,78,38,59,44.44444444444444,24.559231101389127,66.28393057174837,36.36363636363637,37.5,81.25,-43.75,34.54545454545455,61.458333333333336
CPU,4,fgsm/eps0.01,fgsm,eps0.01,20,110,96,18,8,75,72,78,80,17,44.44444444444444,24.559231101389127,66.28393057174837,68.18181818181817,75.0,81.25,-6.25,72.72727272727273,17.708333333333336
CPU,4,fgsm/eps0.01,fgsm,eps0.01,30,110,96,18,6,79,76,78,86,10,33.33333333333333,16.27855436366286,56.25093065574964,71.81818181818181,79.16666666666666,81.25,-2.083333333333343,78.18181818181819,10.416666666666668
CPU,4,fgsm/eps0.01,fgsm,eps0.01,40,110,96,18,4,79,75,78,95,3,22.22222222222222,9.000781913382,45.21502645230549,71.81818181818181,78.125,81.25,-3.125,86.36363636363636,3.125
CPU,4,fgsm/eps0.03,fgsm,eps0.03,10,110,96,53,15,36,30,43,38,59,28.30188679245283,17.966135362950315,41.57054200010772,32.72727272727273,31.25,44.79166666666667,-13.541666666666671,34.54545454545455,61.458333333333336
CPU,4,fgsm/eps0.03,fgsm,eps0.03,20,110,96,53,11,47,41,43,80,17,20.754716981132077,12.004475729322063,33.45800245566921,42.72727272727273,42.70833333333333,44.79166666666667,-2.083333333333343,72.72727272727273,17.708333333333336
CPU,4,fgsm/eps0.03,fgsm,eps0.03,30,110,96,53,8,51,42,43,86,10,15.09433962264151,7.852324257781651,27.05450454365954,46.36363636363636,43.75,44.79166666666667,-1.0416666666666714,78.18181818181819,10.416666666666668
CPU,4,fgsm/eps0.03,fgsm,eps0.03,40,110,96,53,6,54,45,43,95,3,11.320754716981133,5.29295891106867,22.576770301339145,49.09090909090909,46.875,44.79166666666667,2.0833333333333286,86.36363636363636,3.125
CPU,4,fgsm/eps0.05,fgsm,eps0.05,10,110,96,72,14,34,24,24,38,59,19.444444444444446,11.951371043417634,30.032975278389916,30.909090909090907,25.0,25.0,0.0,34.54545454545455,61.458333333333336
CPU,4,fgsm/eps0.05,fgsm,eps0.05,20,110,96,72,11,37,29,24,80,17,15.277777777777779,8.75061903477544,25.322501785460418,33.63636363636363,30.208333333333332,25.0,5.208333333333332,72.72727272727273,17.708333333333336
CPU,4,fgsm/eps0.05,fgsm,eps0.05,30,110,96,72,9,37,28,24,86,10,12.5,6.717708293105555,22.08126219274917,33.63636363636363,29.166666666666668,25.0,4.166666666666668,78.18181818181819,10.416666666666668
CPU,4,fgsm/eps0.05,fgsm,eps0.05,40,110,96,72,8,37,27,24,95,3,11.11111111111111,5.738751060073767,20.42314425859039,33.63636363636363,28.125,25.0,3.125,86.36363636363636,3.125
CPU,4,bim/eps0.03_default,bim,eps0.03_default,10,110,96,69,22,37,32,27,38,59,31.88405797101449,22.09460520472577,43.58434748165124,33.63636363636363,33.33333333333333,28.125,5.208333333333329,34.54545454545455,61.458333333333336
CPU,4,bim/eps0.03_default,bim,eps0.03_default,20,110,96,69,10,40,32,27,80,17,14.492753623188406,8.06700867238371,24.663738592915234,36.36363636363637,33.33333333333333,28.125,5.208333333333329,72.72727272727273,17.708333333333336
CPU,4,bim/eps0.03_default,bim,eps0.03_default,30,110,96,69,8,42,33,27,86,10,11.594202898550725,5.993426545958408,21.24595314916087,38.18181818181819,34.375,28.125,6.25,78.18181818181819,10.416666666666668
CPU,4,bim/eps0.03_default,bim,eps0.03_default,40,110,96,69,6,41,32,27,95,3,8.695652173913043,4.0463070120907325,17.70170511284886,37.27272727272727,33.33333333333333,28.125,5.208333333333329,86.36363636363636,3.125
CPU,4,pgd/eps0.005,pgd,eps0.005,10,110,96,12,5,37,36,84,38,59,41.66666666666667,19.325746190524658,68.04926643446272,33.63636363636363,37.5,87.5,-50.0,34.54545454545455,61.458333333333336
CPU,4,pgd/eps0.005,pgd,eps0.005,20,110,96,12,5,75,75,84,80,17,41.66666666666667,19.325746190524658,68.04926643446272,68.18181818181817,78.125,87.5,-9.375,72.72727272727273,17.708333333333336
CPU,4,pgd/eps0.005,pgd,eps0.005,30,110,96,12,5,82,80,84,86,10,41.66666666666667,19.325746190524658,68.04926643446272,74.54545454545455,83.33333333333334,87.5,-4.166666666666657,78.18181818181819,10.416666666666668
CPU,4,pgd/eps0.005,pgd,eps0.005,40,110,96,12,6,87,85,84,95,3,50.0,25.377817039342222,74.62218296065778,79.0909090909091,88.54166666666666,87.5,1.0416666666666572,86.36363636363636,3.125
CPU,4,pgd/eps0.01,pgd,eps0.01,10,110,96,23,11,38,36,73,38,59,47.82608695652174,29.23686953994572,67.03757013578151,34.54545454545455,37.5,76.04166666666666,-38.54166666666666,34.54545454545455,61.458333333333336
CPU,4,pgd/eps0.01,pgd,eps0.01,20,110,96,23,9,70,69,73,80,17,39.130434782608695,22.157377982382144,59.21482039625402,63.63636363636363,71.875,76.04166666666666,-4.166666666666657,72.72727272727273,17.708333333333336
CPU,4,pgd/eps0.01,pgd,eps0.01,30,110,96,23,6,74,71,73,86,10,26.08695652173913,12.548445889248969,46.47039054375056,67.27272727272727,73.95833333333334,76.04166666666666,-2.0833333333333144,78.18181818181819,10.416666666666668
CPU,4,pgd/eps0.01,pgd,eps0.01,40,110,96,23,6,77,73,73,95,3,26.08695652173913,12.548445889248969,46.47039054375056,70.0,76.04166666666666,76.04166666666666,0.0,86.36363636363636,3.125
CPU,4,pgd/eps0.03,pgd,eps0.03,10,110,96,69,22,37,32,27,38,59,31.88405797101449,22.09460520472577,43.58434748165124,33.63636363636363,33.33333333333333,28.125,5.208333333333329,34.54545454545455,61.458333333333336
CPU,4,pgd/eps0.03,pgd,eps0.03,20,110,96,69,10,40,33,27,80,17,14.492753623188406,8.06700867238371,24.663738592915234,36.36363636363637,34.375,28.125,6.25,72.72727272727273,17.708333333333336
CPU,4,pgd/eps0.03,pgd,eps0.03,30,110,96,69,9,42,34,27,86,10,13.043478260869565,7.016548568804834,22.968514911404274,38.18181818181819,35.41666666666667,28.125,7.291666666666671,78.18181818181819,10.416666666666668
CPU,4,pgd/eps0.03,pgd,eps0.03,40,110,96,69,6,39,31,27,95,3,8.695652173913043,4.0463070120907325,17.70170511284886,35.45454545454545,32.29166666666667,28.125,4.166666666666671,86.36363636363636,3.125
CPU,4,mifgsm/eps0.03_default,mifgsm,eps0.03_default,10,110,96,69,21,36,31,27,38,59,30.434782608695656,20.84947626304856,42.08379263823863,32.72727272727273,32.29166666666667,28.125,4.166666666666671,34.54545454545455,61.458333333333336
CPU,4,mifgsm/eps0.03_default,mifgsm,eps0.03_default,20,110,96,69,10,37,30,27,80,17,14.492753623188406,8.06700867238371,24.663738592915234,33.63636363636363,31.25,28.125,3.125,72.72727272727273,17.708333333333336
CPU,4,mifgsm/eps0.03_default,mifgsm,eps0.03_default,30,110,96,69,10,45,36,27,86,10,14.492753623188406,8.06700867238371,24.663738592915234,40.909090909090914,37.5,28.125,9.375,78.18181818181819,10.416666666666668
CPU,4,mifgsm/eps0.03_default,mifgsm,eps0.03_default,40,110,96,69,4,39,29,27,95,3,5.797101449275362,2.2772020303367495,13.979442524423167,35.45454545454545,30.208333333333332,28.125,2.083333333333332,86.36363636363636,3.125
CPU,4,difgsm/eps0.03_default,difgsm,eps0.03_default,10,110,96,63,19,37,31,33,38,59,30.158730158730158,20.237537048735994,42.36060542541184,33.63636363636363,32.29166666666667,34.375,-2.0833333333333286,34.54545454545455,61.458333333333336
CPU,4,difgsm/eps0.03_default,difgsm,eps0.03_default,20,110,96,63,5,32,24,33,80,17,7.936507936507936,3.437534033651937,17.270528011541472,29.09090909090909,25.0,34.375,-9.375,72.72727272727273,17.708333333333336
CPU,4,difgsm/eps0.03_default,difgsm,eps0.03_default,30,110,96,63,5,37,29,33,86,10,7.936507936507936,3.437534033651937,17.270528011541472,33.63636363636363,30.208333333333332,34.375,-4.166666666666668,78.18181818181819,10.416666666666668
CPU,4,difgsm/eps0.03_default,difgsm,eps0.03_default,40,110,96,63,5,37,29,33,95,3,7.936507936507936,3.437534033651937,17.270528011541472,33.63636363636363,30.208333333333332,34.375,-4.166666666666668,86.36363636363636,3.125
CPU,4,vmifgsm/eps0.03_default,vmifgsm,eps0.03_default,10,110,96,69,20,36,30,27,38,59,28.985507246376812,19.61591214075917,40.57167297543817,32.72727272727273,31.25,28.125,3.125,34.54545454545455,61.458333333333336
CPU,4,vmifgsm/eps0.03_default,vmifgsm,eps0.03_default,20,110,96,69,10,40,32,27,80,17,14.492753623188406,8.06700867238371,24.663738592915234,36.36363636363637,33.33333333333333,28.125,5.208333333333329,72.72727272727273,17.708333333333336
CPU,4,vmifgsm/eps0.03_default,vmifgsm,eps0.03_default,30,110,96,69,9,44,35,27,86,10,13.043478260869565,7.016548568804834,22.968514911404274,40.0,36.45833333333333,28.125,8.333333333333329,78.18181818181819,10.416666666666668
CPU,4,vmifgsm/eps0.03_default,vmifgsm,eps0.03_default,40,110,96,69,6,40,31,27,95,3,8.695652173913043,4.0463070120907325,17.70170511284886,36.36363636363637,32.29166666666667,28.125,4.166666666666671,86.36363636363636,3.125
CPU,4,vnifgsm/eps0.03_default,vnifgsm,eps0.03_default,10,110,96,69,19,35,29,27,38,59,27.536231884057973,18.394380762574333,39.047520568533166,31.818181818181817,30.208333333333332,28.125,2.083333333333332,34.54545454545455,61.458333333333336
CPU,4,vnifgsm/eps0.03_default,vnifgsm,eps0.03_default,20,110,96,69,12,43,35,27,80,17,17.391304347826086,10.238268593034995,27.983846242443633,39.09090909090909,36.45833333333333,28.125,8.333333333333329,72.72727272727273,17.708333333333336
CPU,4,vnifgsm/eps0.03_default,vnifgsm,eps0.03_default,30,110,96,69,8,42,33,27,86,10,11.594202898550725,5.993426545958408,21.24595314916087,38.18181818181819,34.375,28.125,6.25,78.18181818181819,10.416666666666668
CPU,4,vnifgsm/eps0.03_default,vnifgsm,eps0.03_default,40,110,96,69,7,43,34,27,95,3,10.144927536231885,5.00160025716155,19.492095652867885,39.09090909090909,35.41666666666667,28.125,7.291666666666671,86.36363636363636,3.125
CPU,4,rfgsm/eps0.03_default,rfgsm,eps0.03_default,10,110,96,69,22,37,32,27,38,59,31.88405797101449,22.09460520472577,43.58434748165124,33.63636363636363,33.33333333333333,28.125,5.208333333333329,34.54545454545455,61.458333333333336
CPU,4,rfgsm/eps0.03_default,rfgsm,eps0.03_default,20,110,96,69,12,42,35,27,80,17,17.391304347826086,10.238268593034995,27.983846242443633,38.18181818181819,36.45833333333333,28.125,8.333333333333329,72.72727272727273,17.708333333333336
CPU,4,rfgsm/eps0.03_default,rfgsm,eps0.03_default,30,110,96,69,11,45,37,27,86,10,15.942028985507244,9.141730642401868,26.334700407986915,40.909090909090914,38.54166666666667,28.125,10.416666666666671,78.18181818181819,10.416666666666668
CPU,4,rfgsm/eps0.03_default,rfgsm,eps0.03_default,40,110,96,69,9,44,35,27,95,3,13.043478260869565,7.016548568804834,22.968514911404274,40.0,36.45833333333333,28.125,8.333333333333329,86.36363636363636,3.125
CPU,4,tpgd/eps0.03_default,tpgd,eps0.03_default,10,110,96,37,9,40,36,59,38,59,24.324324324324326,13.361203432663304,40.11760249070895,36.36363636363637,37.5,61.458333333333336,-23.958333333333336,34.54545454545455,61.458333333333336
CPU,4,tpgd/eps0.03_default,tpgd,eps0.03_default,20,110,96,37,1,55,50,59,80,17,2.7027027027027026,0.4786851054907726,13.824378437563368,50.0,52.083333333333336,61.458333333333336,-9.375,72.72727272727273,17.708333333333336
CPU,4,tpgd/eps0.03_default,tpgd,eps0.03_default,30,110,96,37,2,62,56,59,86,10,5.405405405405405,1.495066277053994,17.70496506353991,56.36363636363636,58.333333333333336,61.458333333333336,-3.125,78.18181818181819,10.416666666666668
CPU,4,tpgd/eps0.03_default,tpgd,eps0.03_default,40,110,96,37,0,63,57,59,95,3,0.0,0.0,9.406095745514378,57.27272727272727,59.375,61.458333333333336,-2.0833333333333357,86.36363636363636,3.125
CPU,4,cw/c1_steps20_lr0.01,cw,c1_steps20_lr0.01,10,110,96,89,33,37,33,7,38,59,37.07865168539326,27.773476646124156,47.45314590238858,33.63636363636363,34.375,7.291666666666667,27.083333333333332,34.54545454545455,61.458333333333336
CPU,4,cw/c1_steps20_lr0.01,cw,c1_steps20_lr0.01,20,110,96,89,41,49,48,7,80,17,46.06741573033708,36.08954818482133,56.3707282429869,44.54545454545455,50.0,7.291666666666667,42.708333333333336,72.72727272727273,17.708333333333336
CPU,4,cw/c1_steps20_lr0.01,cw,c1_steps20_lr0.01,30,110,96,89,37,45,44,7,86,10,41.57303370786517,31.890364654807502,51.95308483335298,40.909090909090914,45.83333333333333,7.291666666666667,38.541666666666664,78.18181818181819,10.416666666666668
CPU,4,cw/c1_steps20_lr0.01,cw,c1_steps20_lr0.01,40,110,96,89,38,48,45,7,95,3,42.69662921348314,32.93258447348049,53.06507174959193,43.63636363636363,46.875,7.291666666666667,39.583333333333336,86.36363636363636,3.125
CPU,4,deepfool/package_default,deepfool,package_default,10,110,96,95,34,37,34,1,38,59,35.78947368421053,26.874893411348122,45.808673022218315,33.63636363636363,35.41666666666667,1.0416666666666665,34.37500000000001,34.54545454545455,61.458333333333336
CPU,4,deepfool/package_default,deepfool,package_default,20,110,96,95,46,49,47,1,80,17,48.421052631578945,38.62988588632524,58.334954828515485,44.54545454545455,48.95833333333333,1.0416666666666665,47.916666666666664,72.72727272727273,17.708333333333336
CPU,4,deepfool/package_default,deepfool,package_default,30,110,96,95,50,54,51,1,86,10,52.63157894736842,42.68517068062815,62.373428127970655,49.09090909090909,53.125,1.0416666666666665,52.083333333333336,78.18181818181819,10.416666666666668
CPU,4,deepfool/package_default,deepfool,package_default,40,110,96,95,49,54,50,1,95,3,51.578947368421055,41.66504517148453,61.37011411367477,49.09090909090909,52.083333333333336,1.0416666666666665,51.04166666666667,86.36363636363636,3.125
CPU,4,fab/eps0.005,fab,eps0.005,10,110,96,12,5,37,37,84,38,59,41.66666666666667,19.325746190524658,68.04926643446272,33.63636363636363,38.54166666666667,87.5,-48.95833333333333,34.54545454545455,61.458333333333336
CPU,4,fab/eps0.005,fab,eps0.005,20,110,96,12,6,79,78,84,80,17,50.0,25.377817039342222,74.62218296065778,71.81818181818181,81.25,87.5,-6.25,72.72727272727273,17.708333333333336
CPU,4,fab/eps0.005,fab,eps0.005,30,110,96,12,6,85,85,84,86,10,50.0,25.377817039342222,74.62218296065778,77.27272727272727,88.54166666666666,87.5,1.0416666666666572,78.18181818181819,10.416666666666668
CPU,4,fab/eps0.005,fab,eps0.005,40,110,96,12,9,93,91,84,95,3,75.0,46.768966087934004,91.10599603710386,84.54545454545455,94.79166666666666,87.5,7.291666666666657,86.36363636363636,3.125
CPU,4,fab/eps0.01,fab,eps0.01,10,110,96,22,9,36,36,74,38,59,40.909090909090914,23.25555966882038,61.26552261710619,32.72727272727273,37.5,77.08333333333334,-39.58333333333334,34.54545454545455,61.458333333333336
CPU,4,fab/eps0.01,fab,eps0.01,20,110,96,22,13,78,77,74,80,17,59.09090909090909,38.73447738289381,76.74444033117963,70.9090909090909,80.20833333333334,77.08333333333334,3.125,72.72727272727273,17.708333333333336
CPU,4,fab/eps0.01,fab,eps0.01,30,110,96,22,12,82,81,74,86,10,54.54545454545454,34.65947328904156,73.07998556799515,74.54545454545455,84.375,77.08333333333334,7.291666666666657,78.18181818181819,10.416666666666668
CPU,4,fab/eps0.01,fab,eps0.01,40,110,96,22,15,89,87,74,95,3,68.18181818181817,47.318222782839335,83.63961264530751,80.9090909090909,90.625,77.08333333333334,13.541666666666657,86.36363636363636,3.125
CPU,4,fab/eps0.03,fab,eps0.03,10,110,96,68,25,35,35,28,38,59,36.76470588235294,26.300294660514805,48.644584072698265,31.818181818181817,36.45833333333333,29.166666666666668,7.291666666666661,34.54545454545455,61.458333333333336
CPU,4,fab/eps0.03,fab,eps0.03,20,110,96,68,36,66,64,28,80,17,52.94117647058824,41.24071581374707,64.3270889122056,60.0,66.66666666666666,29.166666666666668,37.499999999999986,72.72727272727273,17.708333333333336
CPU,4,fab/eps0.03,fab,eps0.03,30,110,96,68,38,67,66,28,86,10,55.88235294117647,44.08165443828621,67.0539550136191,60.909090909090914,68.75,29.166666666666668,39.58333333333333,78.18181818181819,10.416666666666668
CPU,4,fab/eps0.03,fab,eps0.03,40,110,96,68,41,72,69,28,95,3,60.29411764705882,48.41583838253139,71.07147815830288,65.45454545454545,71.875,29.166666666666668,42.70833333333333,86.36363636363636,3.125
CPU,4,square/eps0.03_default,square,eps0.03_default,10,110,96,76,21,35,30,20,38,59,27.631578947368425,18.840105352742306,38.57557769970153,31.818181818181817,31.25,20.833333333333336,10.416666666666664,34.54545454545455,61.458333333333336
CPU,4,square/eps0.03_default,square,eps0.03_default,20,110,96,76,27,51,47,20,80,17,35.526315789473685,25.7016182954391,46.743823679671614,46.36363636363636,48.95833333333333,20.833333333333336,28.124999999999993,72.72727272727273,17.708333333333336
CPU,4,square/eps0.03_default,square,eps0.03_default,30,110,96,76,34,60,54,20,86,10,44.73684210526316,34.080475999833524,55.899684718388556,54.54545454545454,56.25,20.833333333333336,35.416666666666664,78.18181818181819,10.416666666666668
CPU,4,square/eps0.03_default,square,eps0.03_default,40,110,96,76,39,63,59,20,95,3,51.31578947368421,40.28849903549509,62.216460784949405,57.27272727272727,61.458333333333336,20.833333333333336,40.625,86.36363636363636,3.125
CPU,4,apgd/eps0.03_default,apgd,eps0.03_default,10,110,96,71,22,37,32,25,38,59,30.985915492957744,21.439575479021812,42.484231601532315,33.63636363636363,33.33333333333333,26.041666666666668,7.291666666666661,34.54545454545455,61.458333333333336
CPU,4,apgd/eps0.03_default,apgd,eps0.03_default,20,110,96,71,12,43,37,25,80,17,16.901408450704224,9.94135722924047,27.25934398505746,39.09090909090909,38.54166666666667,26.041666666666668,12.500000000000004,72.72727272727273,17.708333333333336
CPU,4,apgd/eps0.03_default,apgd,eps0.03_default,30,110,96,71,8,41,33,25,86,10,11.267605633802818,5.821202176555296,20.690256691240155,37.27272727272727,34.375,26.041666666666668,8.333333333333332,78.18181818181819,10.416666666666668
CPU,4,apgd/eps0.03_default,apgd,eps0.03_default,40,110,96,71,7,40,32,25,95,3,9.859154929577464,4.858220632532897,18.980927648636932,36.36363636363637,33.33333333333333,26.041666666666668,7.291666666666661,86.36363636363636,3.125
CPU,4,apgdt/eps0.03_default,apgdt,eps0.03_default,10,110,96,74,21,37,31,22,38,59,28.37837837837838,19.373406470259972,39.51746935963046,33.63636363636363,32.29166666666667,22.916666666666664,9.375000000000007,34.54545454545455,61.458333333333336
CPU,4,apgdt/eps0.03_default,apgdt,eps0.03_default,20,110,96,74,12,41,34,22,80,17,16.216216216216218,9.526970042922196,26.240023441281622,37.27272727272727,35.41666666666667,22.916666666666664,12.500000000000007,72.72727272727273,17.708333333333336
CPU,4,apgdt/eps0.03_default,apgdt,eps0.03_default,30,110,96,74,12,42,34,22,86,10,16.216216216216218,9.526970042922196,26.240023441281622,38.18181818181819,35.41666666666667,22.916666666666664,12.500000000000007,78.18181818181819,10.416666666666668
CPU,4,apgdt/eps0.03_default,apgdt,eps0.03_default,40,110,96,74,10,41,32,22,95,3,13.513513513513514,7.5089679004872245,23.119385062452903,37.27272727272727,33.33333333333333,22.916666666666664,10.416666666666664,86.36363636363636,3.125
CPU,4,autoattack/eps0.03_standard,autoattack,eps0.03_standard,10,110,96,78,22,35,31,18,38,59,28.205128205128204,19.42519701528857,39.03113814922434,31.818181818181817,32.29166666666667,18.75,13.541666666666671,34.54545454545455,61.458333333333336
CPU,4,autoattack/eps0.03_standard,autoattack,eps0.03_standard,20,110,96,78,14,39,32,18,80,17,17.94871794871795,11.003815950408477,27.902559291522277,35.45454545454545,33.33333333333333,18.75,14.583333333333329,72.72727272727273,17.708333333333336
CPU,4,autoattack/eps0.03_standard,autoattack,eps0.03_standard,30,110,96,78,14,39,32,18,86,10,17.94871794871795,11.003815950408477,27.902559291522277,35.45454545454545,33.33333333333333,18.75,14.583333333333329,78.18181818181819,10.416666666666668
CPU,4,autoattack/eps0.03_standard,autoattack,eps0.03_standard,40,110,96,78,11,38,29,18,95,3,14.102564102564102,8.060961324830107,23.514178946132336,34.54545454545455,30.208333333333332,18.75,11.458333333333332,86.36363636363636,3.125
CPU,4,ead/package_default,ead,package_default,10,110,96,96,35,36,35,0,38,59,36.45833333333333,27.523790926078117,46.434959734968984,32.72727272727273,36.45833333333333,0.0,36.45833333333333,34.54545454545455,61.458333333333336
CPU,4,ead/package_default,ead,package_default,20,110,96,96,58,60,58,0,80,17,60.416666666666664,50.41492795838095,69.61680230235204,54.54545454545454,60.416666666666664,0.0,60.416666666666664,72.72727272727273,17.708333333333336
CPU,4,ead/package_default,ead,package_default,30,110,96,96,61,62,61,0,86,10,63.541666666666664,53.565040265031016,72.47620907392186,56.36363636363636,63.541666666666664,0.0,63.541666666666664,78.18181818181819,10.416666666666668
CPU,4,ead/package_default,ead,package_default,40,110,96,96,65,68,65,0,95,3,67.70833333333334,57.82964352989827,76.22429791334785,61.81818181818181,67.70833333333334,0.0,67.70833333333334,86.36363636363636,3.125
CPU,4,ALL/ALL_24,ALL,ALL_24,10,2640,2304,1385,439,879,785,919,912,1416,31.696750902527075,29.299720789203406,34.1950362802853,33.29545454545455,34.07118055555556,39.88715277777778,-5.815972222222221,34.54545454545455,61.458333333333336
CPU,4,ALL/ALL_24,ALL,ALL_24,20,2640,2304,1385,384,1263,1154,919,1920,408,27.72563176895307,25.432133376817983,30.142354023329016,47.840909090909086,50.08680555555556,39.88715277777778,10.199652777777779,72.72727272727273,17.708333333333336
CPU,4,ALL/ALL_24,ALL,ALL_24,30,2640,2304,1385,373,1340,1211,919,2064,240,26.931407942238266,24.66129127574972,29.329142190528945,50.75757575757576,52.560763888888886,39.88715277777778,12.673611111111107,78.18181818181819,10.416666666666668
CPU,4,ALL/ALL_24,ALL,ALL_24,40,2640,2304,1385,362,1373,1227,919,2280,72,26.137184115523464,23.89139576538669,28.514983767023633,52.00757575757575,53.255208333333336,39.88715277777778,13.368055555555557,86.36363636363636,3.125
CPU,6,fgsm/eps0.005,fgsm,eps0.005,10,110,91,9,4,35,31,82,36,59,44.44444444444444,18.8775429471914,73.33526542559703,31.818181818181817,34.065934065934066,90.10989010989012,-56.04395604395605,32.72727272727273,64.83516483516483
CPU,6,fgsm/eps0.005,fgsm,eps0.005,20,110,91,9,4,70,67,82,75,18,44.44444444444444,18.8775429471914,73.33526542559703,63.63636363636363,73.62637362637363,90.10989010989012,-16.483516483516482,68.18181818181817,19.78021978021978
CPU,6,fgsm/eps0.005,fgsm,eps0.005,30,110,91,9,4,80,75,82,83,12,44.44444444444444,18.8775429471914,73.33526542559703,72.72727272727273,82.41758241758241,90.10989010989012,-7.692307692307708,75.45454545454545,13.186813186813188
CPU,6,fgsm/eps0.005,fgsm,eps0.005,40,110,91,9,3,84,80,82,93,2,33.33333333333333,12.058159868274293,64.58026525009102,76.36363636363637,87.91208791208791,90.10989010989012,-2.197802197802204,84.54545454545455,2.197802197802198
CPU,6,fgsm/eps0.01,fgsm,eps0.01,10,110,91,14,5,34,30,77,36,59,35.714285714285715,16.344490737202737,61.23599531785959,30.909090909090907,32.967032967032964,84.61538461538461,-51.64835164835165,32.72727272727273,64.83516483516483
CPU,6,fgsm/eps0.01,fgsm,eps0.01,20,110,91,14,3,68,64,77,75,18,21.428571428571427,7.571248336916369,47.589723773208284,61.81818181818181,70.32967032967034,84.61538461538461,-14.285714285714278,68.18181818181817,19.78021978021978
CPU,6,fgsm/eps0.01,fgsm,eps0.01,30,110,91,14,2,74,68,77,83,12,14.285714285714285,4.009307373792118,39.941907763863696,67.27272727272727,74.72527472527473,84.61538461538461,-9.890109890109883,75.45454545454545,13.186813186813188
CPU,6,fgsm/eps0.01,fgsm,eps0.01,40,110,91,14,1,80,74,77,93,2,7.142857142857142,1.2721886112291636,31.469269553957812,72.72727272727273,81.31868131868131,84.61538461538461,-3.296703296703299,84.54545454545455,2.197802197802198
CPU,6,fgsm/eps0.03,fgsm,eps0.03,10,110,91,47,13,33,25,44,36,59,27.659574468085108,16.936405991152938,41.758835700689964,30.0,27.472527472527474,48.35164835164835,-20.879120879120876,32.72727272727273,64.83516483516483
CPU,6,fgsm/eps0.03,fgsm,eps0.03,20,110,91,47,6,48,40,44,75,18,12.76595744680851,5.98452278020248,25.174213372869026,43.63636363636363,43.956043956043956,48.35164835164835,-4.395604395604394,68.18181818181817,19.78021978021978
CPU,6,fgsm/eps0.03,fgsm,eps0.03,30,110,91,47,6,55,45,44,83,12,12.76595744680851,5.98452278020248,25.174213372869026,50.0,49.45054945054945,48.35164835164835,1.098901098901102,75.45454545454545,13.186813186813188
CPU,6,fgsm/eps0.03,fgsm,eps0.03,40,110,91,47,7,61,49,44,93,2,14.893617021276595,7.4066260874975045,27.68589657111277,55.45454545454545,53.84615384615385,48.35164835164835,5.494505494505496,84.54545454545455,2.197802197802198
CPU,6,fgsm/eps0.05,fgsm,eps0.05,10,110,91,68,10,28,20,23,36,59,14.705882352941178,8.18872983910454,24.99761344946364,25.454545454545453,21.978021978021978,25.274725274725274,-3.2967032967032956,32.72727272727273,64.83516483516483
CPU,6,fgsm/eps0.05,fgsm,eps0.05,20,110,91,68,9,39,28,23,75,18,13.23529411764706,7.122163958543324,23.28027696704853,35.45454545454545,30.76923076923077,25.274725274725274,5.494505494505496,68.18181818181817,19.78021978021978
CPU,6,fgsm/eps0.05,fgsm,eps0.05,30,110,91,68,8,40,28,23,83,12,11.76470588235294,6.083419938921196,21.535118623694334,36.36363636363637,30.76923076923077,25.274725274725274,5.494505494505496,75.45454545454545,13.186813186813188
CPU,6,fgsm/eps0.05,fgsm,eps0.05,40,110,91,68,6,38,26,23,93,2,8.823529411764707,4.106755602017401,17.94397823464548,34.54545454545455,28.57142857142857,25.274725274725274,3.2967032967032956,84.54545454545455,2.197802197802198
CPU,6,bim/eps0.03_default,bim,eps0.03_default,10,110,91,66,12,30,21,25,36,59,18.181818181818183,10.718501425764241,29.14541921751999,27.27272727272727,23.076923076923077,27.472527472527474,-4.395604395604398,32.72727272727273,64.83516483516483
CPU,6,bim/eps0.03_default,bim,eps0.03_default,20,110,91,66,12,47,33,25,75,18,18.181818181818183,10.718501425764241,29.14541921751999,42.72727272727273,36.26373626373626,27.472527472527474,8.791208791208788,68.18181818181817,19.78021978021978
CPU,6,bim/eps0.03_default,bim,eps0.03_default,30,110,91,66,11,44,32,25,83,12,16.666666666666664,9.569485409199654,27.4308124075743,40.0,35.16483516483517,27.472527472527474,7.692307692307693,75.45454545454545,13.186813186813188
CPU,6,bim/eps0.03_default,bim,eps0.03_default,40,110,91,66,7,42,29,25,93,2,10.606060606060606,5.233280771918242,20.312525738814617,38.18181818181819,31.868131868131865,27.472527472527474,4.395604395604391,84.54545454545455,2.197802197802198
CPU,6,pgd/eps0.005,pgd,eps0.005,10,110,91,10,4,34,30,81,36,59,40.0,16.817758120350966,68.73304525498135,30.909090909090907,32.967032967032964,89.01098901098901,-56.043956043956044,32.72727272727273,64.83516483516483
CPU,6,pgd/eps0.005,pgd,eps0.005,20,110,91,10,5,71,67,81,75,18,50.0,23.65895936154873,76.34104063845126,64.54545454545455,73.62637362637363,89.01098901098901,-15.384615384615373,68.18181818181817,19.78021978021978
CPU,6,pgd/eps0.005,pgd,eps0.005,30,110,91,10,5,80,75,81,83,12,50.0,23.65895936154873,76.34104063845126,72.72727272727273,82.41758241758241,89.01098901098901,-6.593406593406598,75.45454545454545,13.186813186813188
CPU,6,pgd/eps0.005,pgd,eps0.005,40,110,91,10,5,85,81,81,93,2,50.0,23.65895936154873,76.34104063845126,77.27272727272727,89.01098901098901,89.01098901098901,0.0,84.54545454545455,2.197802197802198
CPU,6,pgd/eps0.01,pgd,eps0.01,10,110,91,15,6,33,30,76,36,59,40.0,19.824228082594665,64.2535572434923,30.0,32.967032967032964,83.51648351648352,-50.549450549450555,32.72727272727273,64.83516483516483
CPU,6,pgd/eps0.01,pgd,eps0.01,20,110,91,15,4,67,63,76,75,18,26.666666666666668,10.89727610318281,51.95088965768675,60.909090909090914,69.23076923076923,83.51648351648352,-14.285714285714292,68.18181818181817,19.78021978021978
CPU,6,pgd/eps0.01,pgd,eps0.01,30,110,91,15,3,72,67,76,83,12,20.0,7.047420643610414,45.18593533465045,65.45454545454545,73.62637362637363,83.51648351648352,-9.890109890109883,75.45454545454545,13.186813186813188
CPU,6,pgd/eps0.01,pgd,eps0.01,40,110,91,15,1,77,71,76,93,2,6.666666666666667,1.1866588606194854,29.81707755242399,70.0,78.02197802197803,83.51648351648352,-5.494505494505489,84.54545454545455,2.197802197802198
CPU,6,pgd/eps0.03,pgd,eps0.03,10,110,91,67,16,35,25,24,36,59,23.88059701492537,15.268010510617858,35.325990754175706,31.818181818181817,27.472527472527474,26.373626373626376,1.0989010989010985,32.72727272727273,64.83516483516483
CPU,6,pgd/eps0.03,pgd,eps0.03,20,110,91,67,9,43,30,24,75,18,13.432835820895523,7.231009995983991,23.600591774727004,39.09090909090909,32.967032967032964,26.373626373626376,6.593406593406588,68.18181818181817,19.78021978021978
CPU,6,pgd/eps0.03,pgd,eps0.03,30,110,91,67,12,48,35,24,83,12,17.91044776119403,10.55348794125944,28.747713612629795,43.63636363636363,38.46153846153847,26.373626373626376,12.087912087912091,75.45454545454545,13.186813186813188
CPU,6,pgd/eps0.03,pgd,eps0.03,40,110,91,67,12,50,36,24,93,2,17.91044776119403,10.55348794125944,28.747713612629795,45.45454545454545,39.56043956043956,26.373626373626376,13.186813186813186,84.54545454545455,2.197802197802198
CPU,6,mifgsm/eps0.03_default,mifgsm,eps0.03_default,10,110,91,64,12,30,21,27,36,59,18.75,11.064534880922098,29.974591554775177,27.27272727272727,23.076923076923077,29.67032967032967,-6.593406593406595,32.72727272727273,64.83516483516483
CPU,6,mifgsm/eps0.03_default,mifgsm,eps0.03_default,20,110,91,64,11,45,34,27,75,18,17.1875,9.87764126731623,28.21344149016591,40.909090909090914,37.362637362637365,29.67032967032967,7.692307692307693,68.18181818181817,19.78021978021978
CPU,6,mifgsm/eps0.03_default,mifgsm,eps0.03_default,30,110,91,64,10,46,35,27,83,12,15.625,8.714748876961673,26.428290202305327,41.81818181818181,38.46153846153847,29.67032967032967,8.791208791208796,75.45454545454545,13.186813186813188
CPU,6,mifgsm/eps0.03_default,mifgsm,eps0.03_default,40,110,91,64,11,48,36,27,93,2,17.1875,9.87764126731623,28.21344149016591,43.63636363636363,39.56043956043956,29.67032967032967,9.89010989010989,84.54545454545455,2.197802197802198
CPU,6,difgsm/eps0.03_default,difgsm,eps0.03_default,10,110,91,60,11,31,21,31,36,59,18.333333333333332,10.557689037136129,29.919993226466286,28.18181818181818,23.076923076923077,34.065934065934066,-10.989010989010989,32.72727272727273,64.83516483516483
CPU,6,difgsm/eps0.03_default,difgsm,eps0.03_default,20,110,91,60,7,38,28,31,75,18,11.666666666666666,5.767647403450049,22.17902059985814,34.54545454545455,30.76923076923077,34.065934065934066,-3.2967032967032956,68.18181818181817,19.78021978021978
CPU,6,difgsm/eps0.03_default,difgsm,eps0.03_default,30,110,91,60,4,36,25,31,83,12,6.666666666666667,2.6228274143197923,15.925579893767722,32.72727272727273,27.472527472527474,34.065934065934066,-6.593406593406591,75.45454545454545,13.186813186813188
CPU,6,difgsm/eps0.03_default,difgsm,eps0.03_default,40,110,91,60,5,41,30,31,93,2,8.333333333333332,3.611992405048589,18.06916846811248,37.27272727272727,32.967032967032964,34.065934065934066,-1.098901098901102,84.54545454545455,2.197802197802198
CPU,6,vmifgsm/eps0.03_default,vmifgsm,eps0.03_default,10,110,91,65,12,32,21,26,36,59,18.461538461538463,10.888765378062985,29.554222582704913,29.09090909090909,23.076923076923077,28.57142857142857,-5.494505494505493,32.72727272727273,64.83516483516483
CPU,6,vmifgsm/eps0.03_default,vmifgsm,eps0.03_default,20,110,91,65,13,48,35,26,75,18,20.0,12.077845770945213,31.270362289297427,43.63636363636363,38.46153846153847,28.57142857142857,9.890109890109898,68.18181818181817,19.78021978021978
CPU,6,vmifgsm/eps0.03_default,vmifgsm,eps0.03_default,30,110,91,65,11,46,35,26,83,12,16.923076923076923,9.721118666132769,27.8166491951604,41.81818181818181,38.46153846153847,28.57142857142857,9.890109890109898,75.45454545454545,13.186813186813188
CPU,6,vmifgsm/eps0.03_default,vmifgsm,eps0.03_default,40,110,91,65,9,47,33,26,93,2,13.846153846153847,7.459006187684232,24.268321474659466,42.72727272727273,36.26373626373626,28.57142857142857,7.692307692307693,84.54545454545455,2.197802197802198
CPU,6,vnifgsm/eps0.03_default,vnifgsm,eps0.03_default,10,110,91,63,10,30,19,28,36,59,15.873015873015872,8.856997432352589,26.811807623181682,27.27272727272727,20.87912087912088,30.76923076923077,-9.89010989010989,32.72727272727273,64.83516483516483
CPU,6,vnifgsm/eps0.03_default,vnifgsm,eps0.03_default,20,110,91,63,9,46,33,28,75,18,14.285714285714285,7.701861407975047,24.974795045491057,41.81818181818181,36.26373626373626,30.76923076923077,5.494505494505493,68.18181818181817,19.78021978021978
CPU,6,vnifgsm/eps0.03_default,vnifgsm,eps0.03_default,30,110,91,63,10,49,37,28,83,12,15.873015873015872,8.856997432352589,26.811807623181682,44.54545454545455,40.65934065934066,30.76923076923077,9.890109890109887,75.45454545454545,13.186813186813188
CPU,6,vnifgsm/eps0.03_default,vnifgsm,eps0.03_default,40,110,91,63,5,46,32,28,93,2,7.936507936507936,3.437534033651937,17.270528011541472,41.81818181818181,35.16483516483517,30.76923076923077,4.395604395604398,84.54545454545455,2.197802197802198
CPU,6,rfgsm/eps0.03_default,rfgsm,eps0.03_default,10,110,91,65,12,30,21,26,36,59,18.461538461538463,10.888765378062985,29.554222582704913,27.27272727272727,23.076923076923077,28.57142857142857,-5.494505494505493,32.72727272727273,64.83516483516483
CPU,6,rfgsm/eps0.03_default,rfgsm,eps0.03_default,20,110,91,65,9,43,31,26,75,18,13.846153846153847,7.459006187684232,24.268321474659466,39.09090909090909,34.065934065934066,28.57142857142857,5.494505494505496,68.18181818181817,19.78021978021978
CPU,6,rfgsm/eps0.03_default,rfgsm,eps0.03_default,30,110,91,65,12,45,33,26,83,12,18.461538461538463,10.888765378062985,29.554222582704913,40.909090909090914,36.26373626373626,28.57142857142857,7.692307692307693,75.45454545454545,13.186813186813188
CPU,6,rfgsm/eps0.03_default,rfgsm,eps0.03_default,40,110,91,65,8,44,31,26,93,2,12.307692307692308,6.370391444937325,22.451716117931635,40.0,34.065934065934066,28.57142857142857,5.494505494505496,84.54545454545455,2.197802197802198
CPU,6,tpgd/eps0.03_default,tpgd,eps0.03_default,10,110,91,32,4,38,30,59,36,59,12.5,4.970053844474301,28.068649784827958,34.54545454545455,32.967032967032964,64.83516483516483,-31.86813186813187,32.72727272727273,64.83516483516483
CPU,6,tpgd/eps0.03_default,tpgd,eps0.03_default,20,110,91,32,2,67,57,59,75,18,6.25,1.7310203195157234,20.14746724800358,60.909090909090914,62.637362637362635,64.83516483516483,-2.197802197802197,68.18181818181817,19.78021978021978
CPU,6,tpgd/eps0.03_default,tpgd,eps0.03_default,30,110,91,32,2,67,58,59,83,12,6.25,1.7310203195157234,20.14746724800358,60.909090909090914,63.73626373626373,64.83516483516483,-1.098901098901102,75.45454545454545,13.186813186813188
CPU,6,tpgd/eps0.03_default,tpgd,eps0.03_default,40,110,91,32,2,69,59,59,93,2,6.25,1.7310203195157234,20.14746724800358,62.727272727272734,64.83516483516483,64.83516483516483,0.0,84.54545454545455,2.197802197802198
CPU,6,cw/c1_steps20_lr0.01,cw,c1_steps20_lr0.01,10,110,91,83,28,35,29,8,36,59,33.734939759036145,24.48415401300969,44.424756002466765,31.818181818181817,31.868131868131865,8.791208791208792,23.076923076923073,32.72727272727273,64.83516483516483
CPU,6,cw/c1_steps20_lr0.01,cw,c1_steps20_lr0.01,20,110,91,83,32,45,40,8,75,18,38.55421686746988,28.81099453171214,49.310090293993525,40.909090909090914,43.956043956043956,8.791208791208792,35.16483516483517,68.18181818181817,19.78021978021978
CPU,6,cw/c1_steps20_lr0.01,cw,c1_steps20_lr0.01,30,110,91,83,34,49,42,8,83,12,40.963855421686745,31.01274465766225,51.714427573158005,44.54545454545455,46.15384615384615,8.791208791208792,37.36263736263736,75.45454545454545,13.186813186813188
CPU,6,cw/c1_steps20_lr0.01,cw,c1_steps20_lr0.01,40,110,91,83,37,51,45,8,93,2,44.57831325301205,34.36112760405485,55.27517573443731,46.36363636363636,49.45054945054945,8.791208791208792,40.65934065934066,84.54545454545455,2.197802197802198
CPU,6,deepfool/package_default,deepfool,package_default,10,110,91,90,25,30,25,1,36,59,27.77777777777778,19.57955914762625,37.795421671115115,27.27272727272727,27.472527472527474,1.098901098901099,26.373626373626376,32.72727272727273,64.83516483516483
CPU,6,deepfool/package_default,deepfool,package_default,20,110,91,90,46,53,47,1,75,18,51.11111111111111,40.95156593816836,61.17968502089457,48.18181818181818,51.64835164835166,1.098901098901099,50.549450549450555,68.18181818181817,19.78021978021978
CPU,6,deepfool/package_default,deepfool,package_default,30,110,91,90,46,56,47,1,83,12,51.11111111111111,40.95156593816836,61.17968502089457,50.90909090909091,51.64835164835166,1.098901098901099,50.549450549450555,75.45454545454545,13.186813186813188
CPU,6,deepfool/package_default,deepfool,package_default,40,110,91,90,48,57,49,1,93,2,53.333333333333336,43.10200470971506,63.29174816747374,51.81818181818182,53.84615384615385,1.098901098901099,52.747252747252745,84.54545454545455,2.197802197802198
CPU,6,fab/eps0.005,fab,eps0.005,10,110,91,10,4,36,32,81,36,59,40.0,16.817758120350966,68.73304525498135,32.72727272727273,35.16483516483517,89.01098901098901,-53.84615384615384,32.72727272727273,64.83516483516483
CPU,6,fab/eps0.005,fab,eps0.005,20,110,91,10,7,75,73,81,75,18,70.0,39.67732199795652,89.2210712513788,68.18181818181817,80.21978021978022,89.01098901098901,-8.791208791208788,68.18181818181817,19.78021978021978
CPU,6,fab/eps0.005,fab,eps0.005,30,110,91,10,7,83,78,81,83,12,70.0,39.67732199795652,89.2210712513788,75.45454545454545,85.71428571428571,89.01098901098901,-3.296703296703299,75.45454545454545,13.186813186813188
CPU,6,fab/eps0.005,fab,eps0.005,40,110,91,10,5,88,84,81,93,2,50.0,23.65895936154873,76.34104063845126,80.0,92.3076923076923,89.01098901098901,3.296703296703299,84.54545454545455,2.197802197802198
CPU,6,fab/eps0.01,fab,eps0.01,10,110,91,15,6,35,31,76,36,59,40.0,19.824228082594665,64.2535572434923,31.818181818181817,34.065934065934066,83.51648351648352,-49.45054945054945,32.72727272727273,64.83516483516483
CPU,6,fab/eps0.01,fab,eps0.01,20,110,91,15,9,74,72,76,75,18,60.0,35.746442756507705,80.17577191740534,67.27272727272727,79.12087912087912,83.51648351648352,-4.395604395604394,68.18181818181817,19.78021978021978
CPU,6,fab/eps0.01,fab,eps0.01,30,110,91,15,9,81,76,76,83,12,60.0,35.746442756507705,80.17577191740534,73.63636363636363,83.51648351648352,83.51648351648352,0.0,75.45454545454545,13.186813186813188
CPU,6,fab/eps0.01,fab,eps0.01,40,110,91,15,7,85,81,76,93,2,46.666666666666664,24.80922525974644,69.8833698489492,77.27272727272727,89.01098901098901,83.51648351648352,5.494505494505489,84.54545454545455,2.197802197802198
CPU,6,fab/eps0.03,fab,eps0.03,10,110,91,66,18,34,29,25,36,59,27.27272727272727,18.0032031620791,39.04245444026678,30.909090909090907,31.868131868131865,27.472527472527474,4.395604395604391,32.72727272727273,64.83516483516483
CPU,6,fab/eps0.03,fab,eps0.03,20,110,91,66,32,60,57,25,75,18,48.484848484848484,36.84676201742548,60.289615156064244,54.54545454545454,62.637362637362635,27.472527472527474,35.16483516483516,68.18181818181817,19.78021978021978
CPU,6,fab/eps0.03,fab,eps0.03,30,110,91,66,35,65,60,25,83,12,53.03030303030303,41.15747662493244,64.5697690280881,59.09090909090909,65.93406593406593,27.472527472527474,38.46153846153845,75.45454545454545,13.186813186813188
CPU,6,fab/eps0.03,fab,eps0.03,40,110,91,66,36,66,61,25,93,2,54.54545454545454,42.61479973870641,65.9760687408244,60.0,67.03296703296702,27.472527472527474,39.56043956043955,84.54545454545455,2.197802197802198
CPU,6,square/eps0.03_default,square,eps0.03_default,10,110,91,70,18,36,27,21,36,59,25.71428571428571,16.929141951409772,37.026351970715424,32.72727272727273,29.67032967032967,23.076923076923077,6.593406593406595,32.72727272727273,64.83516483516483
CPU,6,square/eps0.03_default,square,eps0.03_default,20,110,91,70,20,47,41,21,75,18,28.57142857142857,19.322076591803132,40.050418045366165,42.72727272727273,45.05494505494506,23.076923076923077,21.97802197802198,68.18181818181817,19.78021978021978
CPU,6,square/eps0.03_default,square,eps0.03_default,30,110,91,70,26,53,47,21,83,12,37.142857142857146,26.770481600829648,48.85301518147193,48.18181818181818,51.64835164835166,23.076923076923077,28.57142857142858,75.45454545454545,13.186813186813188
CPU,6,square/eps0.03_default,square,eps0.03_default,40,110,91,70,24,52,45,21,93,2,34.285714285714285,24.24582708289697,45.96066898436052,47.27272727272727,49.45054945054945,23.076923076923077,26.373626373626376,84.54545454545455,2.197802197802198
CPU,6,apgd/eps0.03_default,apgd,eps0.03_default,10,110,91,68,12,29,21,23,36,59,17.647058823529413,10.393485385088718,28.360662629432117,26.36363636363636,23.076923076923077,25.274725274725274,-2.197802197802197,32.72727272727273,64.83516483516483
CPU,6,apgd/eps0.03_default,apgd,eps0.03_default,20,110,91,68,11,47,33,23,75,18,16.176470588235293,9.279997195749148,26.690248455795363,42.72727272727273,36.26373626373626,25.274725274725274,10.989010989010989,68.18181818181817,19.78021978021978
CPU,6,apgd/eps0.03_default,apgd,eps0.03_default,30,110,91,68,10,45,32,23,83,12,14.705882352941178,8.18872983910454,24.99761344946364,40.909090909090914,35.16483516483517,25.274725274725274,9.890109890109894,75.45454545454545,13.186813186813188
CPU,6,apgd/eps0.03_default,apgd,eps0.03_default,40,110,91,68,7,43,29,23,93,2,10.294117647058822,5.076512677817478,19.758123521821723,39.09090909090909,31.868131868131865,25.274725274725274,6.593406593406591,84.54545454545455,2.197802197802198
CPU,6,apgdt/eps0.03_default,apgdt,eps0.03_default,10,110,91,70,14,32,23,21,36,59,20.0,12.304627802949916,30.816864689087087,29.09090909090909,25.274725274725274,23.076923076923077,2.197802197802197,32.72727272727273,64.83516483516483
CPU,6,apgdt/eps0.03_default,apgdt,eps0.03_default,20,110,91,70,9,40,30,21,75,18,12.857142857142856,6.9140219912422625,22.664968713184503,36.36363636363637,32.967032967032964,23.076923076923077,9.890109890109887,68.18181818181817,19.78021978021978
CPU,6,apgdt/eps0.03_default,apgdt,eps0.03_default,30,110,91,70,8,41,29,21,83,12,11.428571428571429,5.906058386702606,20.964431960202116,37.27272727272727,31.868131868131865,23.076923076923077,8.791208791208788,75.45454545454545,13.186813186813188
CPU,6,apgdt/eps0.03_default,apgdt,eps0.03_default,40,110,91,70,6,39,27,21,93,2,8.571428571428571,3.9876126540328363,17.465876977827794,35.45454545454545,29.67032967032967,23.076923076923077,6.593406593406595,84.54545454545455,2.197802197802198
CPU,6,autoattack/eps0.03_standard,autoattack,eps0.03_standard,10,110,91,72,13,31,22,19,36,59,18.055555555555554,10.866714144495852,28.48055701012113,28.18181818181818,24.175824175824175,20.87912087912088,3.2967032967032956,32.72727272727273,64.83516483516483
CPU,6,autoattack/eps0.03_standard,autoattack,eps0.03_standard,20,110,91,72,16,48,35,19,75,18,22.22222222222222,14.16732392052012,33.091172735668565,43.63636363636363,38.46153846153847,20.87912087912088,17.582417582417587,68.18181818181817,19.78021978021978
CPU,6,autoattack/eps0.03_standard,autoattack,eps0.03_standard,30,110,91,72,11,43,30,19,83,12,15.277777777777779,8.75061903477544,25.322501785460418,39.09090909090909,32.967032967032964,20.87912087912088,12.087912087912084,75.45454545454545,13.186813186813188
CPU,6,autoattack/eps0.03_standard,autoattack,eps0.03_standard,40,110,91,72,9,42,28,19,93,2,12.5,6.717708293105555,22.08126219274917,38.18181818181819,30.76923076923077,20.87912087912088,9.89010989010989,84.54545454545455,2.197802197802198
CPU,6,ead/package_default,ead,package_default,10,110,91,91,31,35,31,0,36,59,34.065934065934066,25.151222788130056,44.27147779895411,31.818181818181817,34.065934065934066,0.0,34.065934065934066,32.72727272727273,64.83516483516483
CPU,6,ead/package_default,ead,package_default,20,110,91,91,61,63,61,0,75,18,67.03296703296702,56.85683540449548,75.82924327827664,57.27272727272727,67.03296703296702,0.0,67.03296703296702,68.18181818181817,19.78021978021978
CPU,6,ead/package_default,ead,package_default,30,110,91,91,67,72,67,0,83,12,73.62637362637363,63.74922768443272,81.589526617477,65.45454545454545,73.62637362637363,0.0,73.62637362637363,75.45454545454545,13.186813186813188
CPU,6,ead/package_default,ead,package_default,40,110,91,91,69,73,69,0,93,2,75.82417582417582,66.09799811910234,83.45831472251989,66.36363636363637,75.82417582417582,0.0,75.82417582417582,84.54545454545455,2.197802197802198
CPU,6,ALL/ALL_24,ALL,ALL_24,10,2640,2184,1280,300,786,615,904,864,1416,23.4375,21.198416601119092,25.83554771348171,29.772727272727273,28.15934065934066,41.39194139194139,-13.232600732600726,32.72727272727273,64.83516483516483
CPU,6,ALL/ALL_24,ALL,ALL_24,20,2640,2184,1280,346,1292,1099,904,1800,432,27.03125,24.669590821475477,29.530366556444044,48.93939393939394,50.32051282051282,41.39194139194139,8.92857142857143,68.18181818181817,19.78021978021978
CPU,6,ALL/ALL_24,ALL,ALL_24,30,2640,2184,1280,353,1370,1156,904,1992,288,27.578124999999996,25.199641688996515,30.090792894210622,51.89393939393939,52.930402930402934,41.39194139194139,11.538461538461547,75.45454545454545,13.186813186813188
CPU,6,ALL/ALL_24,ALL,ALL_24,40,2640,2184,1280,330,1408,1185,904,2232,48,25.78125,23.459806711170824,28.247631340376962,53.333333333333336,54.25824175824175,41.39194139194139,12.866300366300365,84.54545454545455,2.197802197802198
CPU,8,fgsm/eps0.005,fgsm,eps0.005,10,110,96,7,2,44,42,89,42,56,28.57142857142857,8.221716570901549,64.10709098517873,40.0,43.75,92.70833333333334,-48.95833333333334,38.18181818181819,58.333333333333336
CPU,8,fgsm/eps0.005,fgsm,eps0.005,20,110,96,7,2,78,75,89,80,17,28.57142857142857,8.221716570901549,64.10709098517873,70.9090909090909,78.125,92.70833333333334,-14.583333333333343,72.72727272727273,17.708333333333336
CPU,8,fgsm/eps0.005,fgsm,eps0.005,30,110,96,7,1,85,82,89,86,11,14.285714285714285,2.567895594897479,51.313450331903,77.27272727272727,85.41666666666666,92.70833333333334,-7.291666666666686,78.18181818181819,11.458333333333332
CPU,8,fgsm/eps0.005,fgsm,eps0.005,40,110,96,7,1,90,88,89,96,2,14.285714285714285,2.567895594897479,51.313450331903,81.81818181818183,91.66666666666666,92.70833333333334,-1.0416666666666856,87.27272727272727,2.083333333333333
CPU,8,fgsm/eps0.01,fgsm,eps0.01,10,110,96,20,10,44,42,76,42,56,50.0,29.92949144298199,70.070508557018,40.0,43.75,79.16666666666666,-35.41666666666666,38.18181818181819,58.333333333333336
CPU,8,fgsm/eps0.01,fgsm,eps0.01,20,110,96,20,6,69,66,76,80,17,30.0,14.547527396899385,51.89767762289793,62.727272727272734,68.75,79.16666666666666,-10.416666666666657,72.72727272727273,17.708333333333336
CPU,8,fgsm/eps0.01,fgsm,eps0.01,30,110,96,20,9,80,76,76,86,11,45.0,25.819502085709296,65.79179916924002,72.72727272727273,79.16666666666666,79.16666666666666,0.0,78.18181818181819,11.458333333333332
CPU,8,fgsm/eps0.01,fgsm,eps0.01,40,110,96,20,9,83,80,76,96,2,45.0,25.819502085709296,65.79179916924002,75.45454545454545,83.33333333333334,79.16666666666666,4.166666666666686,87.27272727272727,2.083333333333333
CPU,8,fgsm/eps0.03,fgsm,eps0.03,10,110,96,47,16,42,37,49,42,56,34.04255319148936,22.16726071376219,48.32934049469702,38.18181818181819,38.54166666666667,51.041666666666664,-12.499999999999993,38.18181818181819,58.333333333333336
CPU,8,fgsm/eps0.03,fgsm,eps0.03,20,110,96,47,7,56,49,49,80,17,14.893617021276595,7.4066260874975045,27.68589657111277,50.90909090909091,51.041666666666664,51.041666666666664,0.0,72.72727272727273,17.708333333333336
CPU,8,fgsm/eps0.03,fgsm,eps0.03,30,110,96,47,6,54,50,49,86,11,12.76595744680851,5.98452278020248,25.174213372869026,49.09090909090909,52.083333333333336,51.041666666666664,1.0416666666666714,78.18181818181819,11.458333333333332
CPU,8,fgsm/eps0.03,fgsm,eps0.03,40,110,96,47,4,55,51,49,96,2,8.51063829787234,3.3593579469713086,19.931805195022648,50.0,53.125,51.041666666666664,2.0833333333333357,87.27272727272727,2.083333333333333
CPU,8,fgsm/eps0.05,fgsm,eps0.05,10,110,96,62,14,41,33,34,42,56,22.58064516129032,13.955057139297955,34.405857540782726,37.27272727272727,34.375,35.41666666666667,-1.0416666666666714,38.18181818181819,58.333333333333336
CPU,8,fgsm/eps0.05,fgsm,eps0.05,20,110,96,62,4,39,31,34,80,17,6.451612903225806,2.5372494807644004,15.447732658187267,35.45454545454545,32.29166666666667,35.41666666666667,-3.125,72.72727272727273,17.708333333333336
CPU,8,fgsm/eps0.05,fgsm,eps0.05,30,110,96,62,4,42,35,34,86,11,6.451612903225806,2.5372494807644004,15.447732658187267,38.18181818181819,36.45833333333333,35.41666666666667,1.0416666666666572,78.18181818181819,11.458333333333332
CPU,8,fgsm/eps0.05,fgsm,eps0.05,40,110,96,62,3,41,34,34,96,2,4.838709677419355,1.6591385000846108,13.288250384754152,37.27272727272727,35.41666666666667,35.41666666666667,0.0,87.27272727272727,2.083333333333333
CPU,8,bim/eps0.03_default,bim,eps0.03_default,10,110,96,70,21,41,33,26,42,56,30.0,20.53645673851015,41.54453825618119,37.27272727272727,34.375,27.083333333333332,7.291666666666668,38.18181818181819,58.333333333333336
CPU,8,bim/eps0.03_default,bim,eps0.03_default,20,110,96,70,14,49,40,26,80,17,20.0,12.304627802949916,30.816864689087087,44.54545454545455,41.66666666666667,27.083333333333332,14.58333333333334,72.72727272727273,17.708333333333336
CPU,8,bim/eps0.03_default,bim,eps0.03_default,30,110,96,70,8,43,34,26,86,11,11.428571428571429,5.906058386702606,20.964431960202116,39.09090909090909,35.41666666666667,27.083333333333332,8.33333333333334,78.18181818181819,11.458333333333332
CPU,8,bim/eps0.03_default,bim,eps0.03_default,40,110,96,70,9,44,35,26,96,2,12.857142857142856,6.9140219912422625,22.664968713184503,40.0,36.45833333333333,27.083333333333332,9.374999999999996,87.27272727272727,2.083333333333333
CPU,8,pgd/eps0.005,pgd,eps0.005,10,110,96,7,2,44,42,89,42,56,28.57142857142857,8.221716570901549,64.10709098517873,40.0,43.75,92.70833333333334,-48.95833333333334,38.18181818181819,58.333333333333336
CPU,8,pgd/eps0.005,pgd,eps0.005,20,110,96,7,2,78,75,89,80,17,28.57142857142857,8.221716570901549,64.10709098517873,70.9090909090909,78.125,92.70833333333334,-14.583333333333343,72.72727272727273,17.708333333333336
CPU,8,pgd/eps0.005,pgd,eps0.005,30,110,96,7,1,86,83,89,86,11,14.285714285714285,2.567895594897479,51.313450331903,78.18181818181819,86.45833333333334,92.70833333333334,-6.25,78.18181818181819,11.458333333333332
CPU,8,pgd/eps0.005,pgd,eps0.005,40,110,96,7,1,90,88,89,96,2,14.285714285714285,2.567895594897479,51.313450331903,81.81818181818183,91.66666666666666,92.70833333333334,-1.0416666666666856,87.27272727272727,2.083333333333333
CPU,8,pgd/eps0.01,pgd,eps0.01,10,110,96,22,10,44,42,74,42,56,45.45454545454545,26.920014432004848,65.34052671095844,40.0,43.75,77.08333333333334,-33.33333333333334,38.18181818181819,58.333333333333336
CPU,8,pgd/eps0.01,pgd,eps0.01,20,110,96,22,6,70,67,74,80,17,27.27272727272727,13.150582015814441,48.15212369900198,63.63636363636363,69.79166666666666,77.08333333333334,-7.291666666666686,72.72727272727273,17.708333333333336
CPU,8,pgd/eps0.01,pgd,eps0.01,30,110,96,22,10,78,75,74,86,11,45.45454545454545,26.920014432004848,65.34052671095844,70.9090909090909,78.125,77.08333333333334,1.0416666666666572,78.18181818181819,11.458333333333332
CPU,8,pgd/eps0.01,pgd,eps0.01,40,110,96,22,10,84,80,74,96,2,45.45454545454545,26.920014432004848,65.34052671095844,76.36363636363637,83.33333333333334,77.08333333333334,6.25,87.27272727272727,2.083333333333333
CPU,8,pgd/eps0.03,pgd,eps0.03,10,110,96,68,21,40,33,28,42,56,30.88235294117647,21.17223366892784,42.637035612379925,36.36363636363637,34.375,29.166666666666668,5.208333333333332,38.18181818181819,58.333333333333336
CPU,8,pgd/eps0.03,pgd,eps0.03,20,110,96,68,14,49,41,28,80,17,20.588235294117645,12.67944614096761,31.642506599505875,44.54545454545455,42.70833333333333,29.166666666666668,13.54166666666666,72.72727272727273,17.708333333333336
CPU,8,pgd/eps0.03,pgd,eps0.03,30,110,96,68,10,45,37,28,86,11,14.705882352941178,8.18872983910454,24.99761344946364,40.909090909090914,38.54166666666667,29.166666666666668,9.375000000000004,78.18181818181819,11.458333333333332
CPU,8,pgd/eps0.03,pgd,eps0.03,40,110,96,68,10,45,37,28,96,2,14.705882352941178,8.18872983910454,24.99761344946364,40.909090909090914,38.54166666666667,29.166666666666668,9.375000000000004,87.27272727272727,2.083333333333333
CPU,8,mifgsm/eps0.03_default,mifgsm,eps0.03_default,10,110,96,65,21,40,34,31,42,56,32.30769230769231,22.203729362311723,44.38623949372881,36.36363636363637,35.41666666666667,32.29166666666667,3.125,38.18181818181819,58.333333333333336
CPU,8,mifgsm/eps0.03_default,mifgsm,eps0.03_default,20,110,96,65,10,47,39,31,80,17,15.384615384615385,8.577002061798975,26.055545700019454,42.72727272727273,40.625,32.29166666666667,8.333333333333329,72.72727272727273,17.708333333333336
CPU,8,mifgsm/eps0.03_default,mifgsm,eps0.03_default,30,110,96,65,9,47,39,31,86,11,13.846153846153847,7.459006187684232,24.268321474659466,42.72727272727273,40.625,32.29166666666667,8.333333333333329,78.18181818181819,11.458333333333332
CPU,8,mifgsm/eps0.03_default,mifgsm,eps0.03_default,40,110,96,65,11,49,41,31,96,2,16.923076923076923,9.721118666132769,27.8166491951604,44.54545454545455,42.70833333333333,32.29166666666667,10.416666666666657,87.27272727272727,2.083333333333333
CPU,8,difgsm/eps0.03_default,difgsm,eps0.03_default,10,110,96,63,19,40,33,33,42,56,30.158730158730158,20.237537048735994,42.36060542541184,36.36363636363637,34.375,34.375,0.0,38.18181818181819,58.333333333333336
CPU,8,difgsm/eps0.03_default,difgsm,eps0.03_default,20,110,96,63,6,44,36,33,80,17,9.523809523809524,4.43828799438878,19.261922652872805,40.0,37.5,34.375,3.125,72.72727272727273,17.708333333333336
CPU,8,difgsm/eps0.03_default,difgsm,eps0.03_default,30,110,96,63,4,42,34,33,86,11,6.349206349206349,2.496521390048502,15.219392053076735,38.18181818181819,35.41666666666667,34.375,1.0416666666666714,78.18181818181819,11.458333333333332
CPU,8,difgsm/eps0.03_default,difgsm,eps0.03_default,40,110,96,63,4,42,34,33,96,2,6.349206349206349,2.496521390048502,15.219392053076735,38.18181818181819,35.41666666666667,34.375,1.0416666666666714,87.27272727272727,2.083333333333333
CPU,8,vmifgsm/eps0.03_default,vmifgsm,eps0.03_default,10,110,96,66,21,40,33,30,42,56,31.818181818181817,21.848849400185994,43.787676681690705,36.36363636363637,34.375,31.25,3.125,38.18181818181819,58.333333333333336
CPU,8,vmifgsm/eps0.03_default,vmifgsm,eps0.03_default,20,110,96,66,9,45,37,30,80,17,13.636363636363635,7.343237343346893,23.929814820406513,40.909090909090914,38.54166666666667,31.25,7.291666666666671,72.72727272727273,17.708333333333336
CPU,8,vmifgsm/eps0.03_default,vmifgsm,eps0.03_default,30,110,96,66,9,46,38,30,86,11,13.636363636363635,7.343237343346893,23.929814820406513,41.81818181818181,39.58333333333333,31.25,8.333333333333329,78.18181818181819,11.458333333333332
CPU,8,vmifgsm/eps0.03_default,vmifgsm,eps0.03_default,40,110,96,66,9,47,39,30,96,2,13.636363636363635,7.343237343346893,23.929814820406513,42.72727272727273,40.625,31.25,9.375,87.27272727272727,2.083333333333333
CPU,8,vnifgsm/eps0.03_default,vnifgsm,eps0.03_default,10,110,96,65,20,39,33,31,42,56,30.76923076923077,20.88687670427146,42.79787205229433,35.45454545454545,34.375,32.29166666666667,2.0833333333333286,38.18181818181819,58.333333333333336
CPU,8,vnifgsm/eps0.03_default,vnifgsm,eps0.03_default,20,110,96,65,8,46,37,31,80,17,12.307692307692308,6.370391444937325,22.451716117931635,41.81818181818181,38.54166666666667,32.29166666666667,6.25,72.72727272727273,17.708333333333336
CPU,8,vnifgsm/eps0.03_default,vnifgsm,eps0.03_default,30,110,96,65,8,47,38,31,86,11,12.307692307692308,6.370391444937325,22.451716117931635,42.72727272727273,39.58333333333333,32.29166666666667,7.291666666666657,78.18181818181819,11.458333333333332
CPU,8,vnifgsm/eps0.03_default,vnifgsm,eps0.03_default,40,110,96,65,6,44,36,31,96,2,9.230769230769232,4.299450413746196,18.712216950173293,40.0,37.5,32.29166666666667,5.208333333333329,87.27272727272727,2.083333333333333
CPU,8,rfgsm/eps0.03_default,rfgsm,eps0.03_default,10,110,96,67,19,39,32,29,42,56,28.35820895522388,18.970136157200855,40.093464890770946,35.45454545454545,33.33333333333333,30.208333333333332,3.1249999999999964,38.18181818181819,58.333333333333336
CPU,8,rfgsm/eps0.03_default,rfgsm,eps0.03_default,20,110,96,67,12,49,40,29,80,17,17.91044776119403,10.55348794125944,28.747713612629795,44.54545454545455,41.66666666666667,30.208333333333332,11.45833333333334,72.72727272727273,17.708333333333336
CPU,8,rfgsm/eps0.03_default,rfgsm,eps0.03_default,30,110,96,67,10,47,38,29,86,11,14.925373134328357,8.314184208625061,25.34061748981201,42.72727272727273,39.58333333333333,30.208333333333332,9.374999999999996,78.18181818181819,11.458333333333332
CPU,8,rfgsm/eps0.03_default,rfgsm,eps0.03_default,40,110,96,67,8,45,36,29,96,2,11.940298507462686,6.176158770587533,21.832243072397375,40.909090909090914,37.5,30.208333333333332,7.291666666666668,87.27272727272727,2.083333333333333
CPU,8,tpgd/eps0.03_default,tpgd,eps0.03_default,10,110,96,38,13,41,36,58,42,56,34.21052631578947,21.212220026458954,50.108188370925454,37.27272727272727,37.5,60.416666666666664,-22.916666666666664,38.18181818181819,58.333333333333336
CPU,8,tpgd/eps0.03_default,tpgd,eps0.03_default,20,110,96,38,7,66,61,58,80,17,18.421052631578945,9.221648453257492,33.419168341511345,60.0,63.541666666666664,60.416666666666664,3.125,72.72727272727273,17.708333333333336
CPU,8,tpgd/eps0.03_default,tpgd,eps0.03_default,30,110,96,38,2,60,55,58,86,11,5.263157894736842,1.45539024485368,17.28576688106884,54.54545454545454,57.291666666666664,60.416666666666664,-3.125,78.18181818181819,11.458333333333332
CPU,8,tpgd/eps0.03_default,tpgd,eps0.03_default,40,110,96,38,4,65,60,58,96,2,10.526315789473683,4.170189793266579,24.130831200194468,59.09090909090909,62.5,60.416666666666664,2.0833333333333357,87.27272727272727,2.083333333333333
CPU,8,cw/c1_steps20_lr0.01,cw,c1_steps20_lr0.01,10,110,96,86,33,36,34,10,42,56,38.372093023255815,28.801279969390333,48.9373177403566,32.72727272727273,35.41666666666667,10.416666666666668,25.000000000000004,38.18181818181819,58.333333333333336
CPU,8,cw/c1_steps20_lr0.01,cw,c1_steps20_lr0.01,20,110,96,86,39,53,48,10,80,17,45.348837209302324,35.25142050420289,55.84401857969586,48.18181818181818,50.0,10.416666666666668,39.58333333333333,72.72727272727273,17.708333333333336
CPU,8,cw/c1_steps20_lr0.01,cw,c1_steps20_lr0.01,30,110,96,86,36,49,46,10,86,11,41.86046511627907,32.00128276155241,52.415735635270444,44.54545454545455,47.91666666666667,10.416666666666668,37.5,78.18181818181819,11.458333333333332
CPU,8,cw/c1_steps20_lr0.01,cw,c1_steps20_lr0.01,40,110,96,86,37,51,47,10,96,2,43.02325581395349,33.07917119906583,53.56398742678232,46.36363636363636,48.95833333333333,10.416666666666668,38.54166666666666,87.27272727272727,2.083333333333333
CPU,8,deepfool/package_default,deepfool,package_default,10,110,96,95,35,41,35,1,42,56,36.84210526315789,27.82994396773112,46.877061989274836,37.27272727272727,36.45833333333333,1.0416666666666665,35.416666666666664,38.18181818181819,58.333333333333336
CPU,8,deepfool/package_default,deepfool,package_default,20,110,96,95,49,56,50,1,80,17,51.578947368421055,41.66504517148453,61.37011411367477,50.90909090909091,52.083333333333336,1.0416666666666665,51.04166666666667,72.72727272727273,17.708333333333336
CPU,8,deepfool/package_default,deepfool,package_default,30,110,96,95,49,55,49,1,86,11,51.578947368421055,41.66504517148453,61.37011411367477,50.0,51.041666666666664,1.0416666666666665,50.0,78.18181818181819,11.458333333333332
CPU,8,deepfool/package_default,deepfool,package_default,40,110,96,95,53,57,53,1,96,2,55.78947368421052,45.77091595596532,65.35800142295204,51.81818181818182,55.208333333333336,1.0416666666666665,54.16666666666667,87.27272727272727,2.083333333333333
CPU,8,fab/eps0.005,fab,eps0.005,10,110,96,7,2,42,40,89,42,56,28.57142857142857,8.221716570901549,64.10709098517873,38.18181818181819,41.66666666666667,92.70833333333334,-51.04166666666667,38.18181818181819,58.333333333333336
CPU,8,fab/eps0.005,fab,eps0.005,20,110,96,7,5,80,79,89,80,17,71.42857142857143,35.892909014821264,91.77828342909844,72.72727272727273,82.29166666666666,92.70833333333334,-10.416666666666686,72.72727272727273,17.708333333333336
CPU,8,fab/eps0.005,fab,eps0.005,30,110,96,7,2,86,84,89,86,11,28.57142857142857,8.221716570901549,64.10709098517873,78.18181818181819,87.5,92.70833333333334,-5.208333333333343,78.18181818181819,11.458333333333332
CPU,8,fab/eps0.005,fab,eps0.005,40,110,96,7,3,92,90,89,96,2,42.857142857142854,15.821692226262684,74.95457695909742,83.63636363636363,93.75,92.70833333333334,1.0416666666666572,87.27272727272727,2.083333333333333
CPU,8,fab/eps0.01,fab,eps0.01,10,110,96,23,10,43,41,73,42,56,43.47826086956522,25.634368332198655,63.188950694983035,39.09090909090909,42.70833333333333,76.04166666666666,-33.33333333333333,38.18181818181819,58.333333333333336
CPU,8,fab/eps0.01,fab,eps0.01,20,110,96,23,11,78,76,73,80,17,47.82608695652174,29.23686953994572,67.03757013578151,70.9090909090909,79.16666666666666,76.04166666666666,3.125,72.72727272727273,17.708333333333336
CPU,8,fab/eps0.01,fab,eps0.01,30,110,96,23,12,84,81,73,86,11,52.17391304347826,32.96242986421849,70.76313046005427,76.36363636363637,84.375,76.04166666666666,8.333333333333343,78.18181818181819,11.458333333333332
CPU,8,fab/eps0.01,fab,eps0.01,40,110,96,23,16,91,89,73,96,2,69.56521739130434,49.133870939427396,84.39617197902754,82.72727272727273,92.70833333333334,76.04166666666666,16.666666666666686,87.27272727272727,2.083333333333333
CPU,8,fab/eps0.03,fab,eps0.03,10,110,96,63,25,42,40,33,42,56,39.682539682539684,28.531728147309305,52.01930593924757,38.18181818181819,41.66666666666667,34.375,7.291666666666671,38.18181818181819,58.333333333333336
CPU,8,fab/eps0.03,fab,eps0.03,20,110,96,63,32,70,65,33,80,17,50.79365079365079,38.762677115387554,62.73339718564653,63.63636363636363,67.70833333333334,34.375,33.33333333333334,72.72727272727273,17.708333333333336
CPU,8,fab/eps0.03,fab,eps0.03,30,110,96,63,33,69,66,33,86,11,52.38095238095239,40.27014429047192,64.21807861263035,62.727272727272734,68.75,34.375,34.375,78.18181818181819,11.458333333333332
CPU,8,fab/eps0.03,fab,eps0.03,40,110,96,63,40,76,73,33,96,2,63.49206349206349,51.14848159101394,74.28478152656554,69.0909090909091,76.04166666666666,34.375,41.66666666666666,87.27272727272727,2.083333333333333
CPU,8,square/eps0.03_default,square,eps0.03_default,10,110,96,73,22,40,34,23,42,56,30.136986301369863,20.82244364335746,41.43758217599039,36.36363636363637,35.41666666666667,23.958333333333336,11.458333333333336,38.18181818181819,58.333333333333336
CPU,8,square/eps0.03_default,square,eps0.03_default,20,110,96,73,22,54,45,23,80,17,30.136986301369863,20.82244364335746,41.43758217599039,49.09090909090909,46.875,23.958333333333336,22.916666666666664,72.72727272727273,17.708333333333336
CPU,8,square/eps0.03_default,square,eps0.03_default,30,110,96,73,28,57,51,23,86,11,38.35616438356164,28.050439402671838,49.82612745694586,51.81818181818182,53.125,23.958333333333336,29.166666666666664,78.18181818181819,11.458333333333332
CPU,8,square/eps0.03_default,square,eps0.03_default,40,110,96,73,33,63,56,23,96,2,45.20547945205479,34.31446980664788,56.5758812531947,57.27272727272727,58.333333333333336,23.958333333333336,34.375,87.27272727272727,2.083333333333333
CPU,8,apgd/eps0.03_default,apgd,eps0.03_default,10,110,96,71,20,39,32,25,42,56,28.169014084507044,19.036948911149793,39.54223699615311,35.45454545454545,33.33333333333333,26.041666666666668,7.291666666666661,38.18181818181819,58.333333333333336
CPU,8,apgd/eps0.03_default,apgd,eps0.03_default,20,110,96,71,14,47,39,25,80,17,19.718309859154928,12.125422432474279,30.419899955074893,42.72727272727273,40.625,26.041666666666668,14.583333333333332,72.72727272727273,17.708333333333336
CPU,8,apgd/eps0.03_default,apgd,eps0.03_default,30,110,96,71,12,46,37,25,86,11,16.901408450704224,9.94135722924047,27.25934398505746,41.81818181818181,38.54166666666667,26.041666666666668,12.500000000000004,78.18181818181819,11.458333333333332
CPU,8,apgd/eps0.03_default,apgd,eps0.03_default,40,110,96,71,10,44,35,25,96,2,14.084507042253522,7.834118071720813,24.021961969325883,40.0,36.45833333333333,26.041666666666668,10.41666666666666,87.27272727272727,2.083333333333333
CPU,8,apgdt/eps0.03_default,apgdt,eps0.03_default,10,110,96,73,20,40,32,23,42,56,27.397260273972602,18.491307031474406,38.56320510778349,36.36363636363637,33.33333333333333,23.958333333333336,9.374999999999993,38.18181818181819,58.333333333333336
CPU,8,apgdt/eps0.03_default,apgdt,eps0.03_default,20,110,96,73,16,48,39,23,80,17,21.91780821917808,13.966002654277956,32.677482124800036,43.63636363636363,40.625,23.958333333333336,16.666666666666664,72.72727272727273,17.708333333333336
CPU,8,apgdt/eps0.03_default,apgdt,eps0.03_default,30,110,96,73,15,47,38,23,86,11,20.54794520547945,12.86685959377339,31.17386834525963,42.72727272727273,39.58333333333333,23.958333333333336,15.624999999999993,78.18181818181819,11.458333333333332
CPU,8,apgdt/eps0.03_default,apgdt,eps0.03_default,40,110,96,73,15,47,38,23,96,2,20.54794520547945,12.86685959377339,31.17386834525963,42.72727272727273,39.58333333333333,23.958333333333336,15.624999999999993,87.27272727272727,2.083333333333333
CPU,8,autoattack/eps0.03_standard,autoattack,eps0.03_standard,10,110,96,74,21,40,33,22,42,56,28.37837837837838,19.373406470259972,39.51746935963046,36.36363636363637,34.375,22.916666666666664,11.458333333333336,38.18181818181819,58.333333333333336
CPU,8,autoattack/eps0.03_standard,autoattack,eps0.03_standard,20,110,96,74,15,47,37,22,80,17,20.27027027027027,12.68696381027667,30.787990455822694,42.72727272727273,38.54166666666667,22.916666666666664,15.625000000000007,72.72727272727273,17.708333333333336
CPU,8,autoattack/eps0.03_standard,autoattack,eps0.03_standard,30,110,96,74,13,45,35,22,86,11,17.56756756756757,10.564108955494536,27.772204789341124,40.909090909090914,36.45833333333333,22.916666666666664,13.541666666666664,78.18181818181819,11.458333333333332
CPU,8,autoattack/eps0.03_standard,autoattack,eps0.03_standard,40,110,96,74,11,41,33,22,96,2,14.864864864864865,8.507972301585125,24.689700921986844,37.27272727272727,34.375,22.916666666666664,11.458333333333336,87.27272727272727,2.083333333333333
CPU,8,ead/package_default,ead,package_default,10,110,96,96,39,41,39,0,42,56,40.625,31.34514434260545,50.62629842273485,37.27272727272727,40.625,0.0,40.625,38.18181818181819,58.333333333333336
CPU,8,ead/package_default,ead,package_default,20,110,96,96,64,68,64,0,80,17,66.66666666666666,56.756318940983796,75.294449476189,61.81818181818181,66.66666666666666,0.0,66.66666666666666,72.72727272727273,17.708333333333336
CPU,8,ead/package_default,ead,package_default,30,110,96,96,67,71,67,0,86,11,69.79166666666666,59.99131207004743,78.06897542534527,64.54545454545455,69.79166666666666,0.0,69.79166666666666,78.18181818181819,11.458333333333332
CPU,8,ead/package_default,ead,package_default,40,110,96,96,69,73,69,0,96,2,71.875,62.17391618504083,79.89271736249847,66.36363636363637,71.875,0.0,71.875,87.27272727272727,2.083333333333333
CPU,8,ALL/ALL_24,ALL,ALL_24,10,2640,2304,1328,436,983,865,976,1008,1344,32.831325301204814,30.358289532747047,35.4034046507054,37.234848484848484,37.54340277777778,42.36111111111111,-4.817708333333329,38.18181818181819,58.333333333333336
CPU,8,ALL/ALL_24,ALL,ALL_24,20,2640,2304,1328,374,1386,1236,976,1920,408,28.162650602409638,25.809125032330172,30.642152657148824,52.5,53.645833333333336,42.36111111111111,11.284722222222229,72.72727272727273,17.708333333333336
CPU,8,ALL/ALL_24,ALL,ALL_24,30,2640,2304,1328,358,1411,1268,976,2064,264,26.957831325301207,24.64017587108976,29.408413690912212,53.446969696969695,55.03472222222222,42.36111111111111,12.673611111111114,78.18181818181819,11.458333333333332
CPU,8,ALL/ALL_24,ALL,ALL_24,40,2640,2304,1328,376,1459,1322,976,2304,48,28.313253012048197,25.955395439313733,30.796218266099896,55.26515151515151,57.37847222222222,42.36111111111111,15.017361111111114,87.27272727272727,2.083333333333333
CPU,10,fgsm/eps0.005,fgsm,eps0.005,10,110,93,7,4,42,38,86,41,55,57.14285714285714,25.04542304090258,84.17830777373732,38.18181818181819,40.86021505376344,92.47311827956989,-51.61290322580645,37.27272727272727,59.13978494623656
CPU,10,fgsm/eps0.005,fgsm,eps0.005,20,110,93,7,2,73,69,86,78,16,28.57142857142857,8.221716570901549,64.10709098517873,66.36363636363637,74.19354838709677,92.47311827956989,-18.27956989247312,70.9090909090909,17.20430107526882
CPU,10,fgsm/eps0.005,fgsm,eps0.005,30,110,93,7,3,81,78,86,84,10,42.857142857142854,15.821692226262684,74.95457695909742,73.63636363636363,83.87096774193549,92.47311827956989,-8.602150537634401,76.36363636363637,10.75268817204301
CPU,10,fgsm/eps0.005,fgsm,eps0.005,40,110,93,7,3,86,83,86,89,5,42.857142857142854,15.821692226262684,74.95457695909742,78.18181818181819,89.24731182795699,92.47311827956989,-3.225806451612897,80.9090909090909,5.376344086021505
CPU,10,fgsm/eps0.01,fgsm,eps0.01,10,110,93,21,8,40,36,72,41,55,38.095238095238095,20.750767797982505,59.12170418449848,36.36363636363637,38.70967741935484,77.41935483870968,-38.70967741935484,37.27272727272727,59.13978494623656
CPU,10,fgsm/eps0.01,fgsm,eps0.01,20,110,93,21,5,73,66,72,78,16,23.809523809523807,10.627856389112262,45.09158197234592,66.36363636363637,70.96774193548387,77.41935483870968,-6.451612903225808,70.9090909090909,17.20430107526882
CPU,10,fgsm/eps0.01,fgsm,eps0.01,30,110,93,21,3,73,67,72,84,10,14.285714285714285,4.980921798213492,34.6364941492295,66.36363636363637,72.04301075268818,77.41935483870968,-5.376344086021504,76.36363636363637,10.75268817204301
CPU,10,fgsm/eps0.01,fgsm,eps0.01,40,110,93,21,6,79,74,72,89,5,28.57142857142857,13.813675745628204,49.95677382283758,71.81818181818181,79.56989247311827,77.41935483870968,2.150537634408593,80.9090909090909,5.376344086021505
CPU,10,fgsm/eps0.03,fgsm,eps0.03,10,110,93,51,12,39,30,42,41,55,23.52941176470588,14.004812598862518,36.76248813634578,35.45454545454545,32.25806451612903,45.16129032258064,-12.903225806451609,37.27272727272727,59.13978494623656
CPU,10,fgsm/eps0.03,fgsm,eps0.03,20,110,93,51,7,55,44,42,78,16,13.725490196078432,6.811015331542726,25.721952342631628,50.0,47.31182795698925,45.16129032258064,2.1505376344086073,70.9090909090909,17.20430107526882
CPU,10,fgsm/eps0.03,fgsm,eps0.03,30,110,93,51,7,56,46,42,84,10,13.725490196078432,6.811015331542726,25.721952342631628,50.90909090909091,49.46236559139785,45.16129032258064,4.301075268817208,76.36363636363637,10.75268817204301
CPU,10,fgsm/eps0.03,fgsm,eps0.03,40,110,93,51,8,58,47,42,89,5,15.686274509803921,8.169125888021325,28.010708398359817,52.72727272727272,50.53763440860215,45.16129032258064,5.376344086021511,80.9090909090909,5.376344086021505
CPU,10,fgsm/eps0.05,fgsm,eps0.05,10,110,93,66,16,39,29,27,41,55,24.242424242424242,15.50905445826906,35.80935749105627,35.45454545454545,31.182795698924732,29.03225806451613,2.1505376344086002,37.27272727272727,59.13978494623656
CPU,10,fgsm/eps0.05,fgsm,eps0.05,20,110,93,66,10,43,31,27,78,16,15.151515151515152,8.443546388835518,25.69312860142816,39.09090909090909,33.33333333333333,29.03225806451613,4.301075268817197,70.9090909090909,17.20430107526882
CPU,10,fgsm/eps0.05,fgsm,eps0.05,30,110,93,66,8,41,29,27,84,10,12.121212121212121,6.271770703368283,22.137658633874846,37.27272727272727,31.182795698924732,29.03225806451613,2.1505376344086002,76.36363636363637,10.75268817204301
CPU,10,fgsm/eps0.05,fgsm,eps0.05,40,110,93,66,8,42,30,27,89,5,12.121212121212121,6.271770703368283,22.137658633874846,38.18181818181819,32.25806451612903,29.03225806451613,3.2258064516129004,80.9090909090909,5.376344086021505
CPU,10,bim/eps0.03_default,bim,eps0.03_default,10,110,93,66,17,39,26,27,41,55,25.757575757575758,16.748707345896683,37.43332742993892,35.45454545454545,27.956989247311824,29.03225806451613,-1.0752688172043072,37.27272727272727,59.13978494623656
CPU,10,bim/eps0.03_default,bim,eps0.03_default,20,110,93,66,12,49,35,27,78,16,18.181818181818183,10.718501425764241,29.14541921751999,44.54545454545455,37.634408602150536,29.03225806451613,8.602150537634405,70.9090909090909,17.20430107526882
CPU,10,bim/eps0.03_default,bim,eps0.03_default,30,110,93,66,11,48,35,27,84,10,16.666666666666664,9.569485409199654,27.4308124075743,43.63636363636363,37.634408602150536,29.03225806451613,8.602150537634405,76.36363636363637,10.75268817204301
CPU,10,bim/eps0.03_default,bim,eps0.03_default,40,110,93,66,5,45,30,27,89,5,7.575757575757576,3.279155406460817,16.539405451251493,40.909090909090914,32.25806451612903,29.03225806451613,3.2258064516129004,80.9090909090909,5.376344086021505
CPU,10,pgd/eps0.005,pgd,eps0.005,10,110,93,9,5,41,37,84,41,55,55.55555555555556,26.66473457440297,81.1224570528086,37.27272727272727,39.784946236559136,90.32258064516128,-50.537634408602145,37.27272727272727,59.13978494623656
CPU,10,pgd/eps0.005,pgd,eps0.005,20,110,93,9,3,74,69,84,78,16,33.33333333333333,12.058159868274293,64.58026525009102,67.27272727272727,74.19354838709677,90.32258064516128,-16.129032258064512,70.9090909090909,17.20430107526882
CPU,10,pgd/eps0.005,pgd,eps0.005,30,110,93,9,4,82,77,84,84,10,44.44444444444444,18.8775429471914,73.33526542559703,74.54545454545455,82.79569892473118,90.32258064516128,-7.526881720430097,76.36363636363637,10.75268817204301
CPU,10,pgd/eps0.005,pgd,eps0.005,40,110,93,9,3,87,83,84,89,5,33.33333333333333,12.058159868274293,64.58026525009102,79.0909090909091,89.24731182795699,90.32258064516128,-1.0752688172042895,80.9090909090909,5.376344086021505
CPU,10,pgd/eps0.01,pgd,eps0.01,10,110,93,26,8,41,37,67,41,55,30.76923076923077,16.501120939792674,49.988611514231245,37.27272727272727,39.784946236559136,72.04301075268818,-32.25806451612904,37.27272727272727,59.13978494623656
CPU,10,pgd/eps0.01,pgd,eps0.01,20,110,93,26,6,70,64,67,78,16,23.076923076923077,11.033699683676687,42.05192575195679,63.63636363636363,68.81720430107528,72.04301075268818,-3.225806451612897,70.9090909090909,17.20430107526882
CPU,10,pgd/eps0.01,pgd,eps0.01,30,110,93,26,3,71,65,67,84,10,11.538461538461538,4.003171821149494,28.976293086898337,64.54545454545455,69.89247311827957,72.04301075268818,-2.1505376344086073,76.36363636363637,10.75268817204301
CPU,10,pgd/eps0.01,pgd,eps0.01,40,110,93,26,6,75,70,67,89,5,23.076923076923077,11.033699683676687,42.05192575195679,68.18181818181817,75.26881720430107,72.04301075268818,3.225806451612897,80.9090909090909,5.376344086021505
CPU,10,pgd/eps0.03,pgd,eps0.03,10,110,93,66,15,36,25,27,41,55,22.727272727272727,14.285105087244677,34.169684035570384,32.72727272727273,26.881720430107524,29.03225806451613,-2.1505376344086073,37.27272727272727,59.13978494623656
CPU,10,pgd/eps0.03,pgd,eps0.03,20,110,93,66,11,48,35,27,78,16,16.666666666666664,9.569485409199654,27.4308124075743,43.63636363636363,37.634408602150536,29.03225806451613,8.602150537634405,70.9090909090909,17.20430107526882
CPU,10,pgd/eps0.03,pgd,eps0.03,30,110,93,66,11,50,36,27,84,10,16.666666666666664,9.569485409199654,27.4308124075743,45.45454545454545,38.70967741935484,29.03225806451613,9.677419354838708,76.36363636363637,10.75268817204301
CPU,10,pgd/eps0.03,pgd,eps0.03,40,110,93,66,5,46,31,27,89,5,7.575757575757576,3.279155406460817,16.539405451251493,41.81818181818181,33.33333333333333,29.03225806451613,4.301075268817197,80.9090909090909,5.376344086021505
CPU,10,mifgsm/eps0.03_default,mifgsm,eps0.03_default,10,110,93,65,16,37,26,28,41,55,24.615384615384617,15.75785436701859,36.30601399164826,33.63636363636363,27.956989247311824,30.107526881720432,-2.1505376344086073,37.27272727272727,59.13978494623656
CPU,10,mifgsm/eps0.03_default,mifgsm,eps0.03_default,20,110,93,65,14,51,38,28,78,16,21.53846153846154,13.286637631048947,32.966790528668426,46.36363636363636,40.86021505376344,30.107526881720432,10.752688172043008,70.9090909090909,17.20430107526882
CPU,10,mifgsm/eps0.03_default,mifgsm,eps0.03_default,30,110,93,65,12,51,38,28,84,10,18.461538461538463,10.888765378062985,29.554222582704913,46.36363636363636,40.86021505376344,30.107526881720432,10.752688172043008,76.36363636363637,10.75268817204301
CPU,10,mifgsm/eps0.03_default,mifgsm,eps0.03_default,40,110,93,65,3,45,30,28,89,5,4.615384615384616,1.581955358590327,12.714051706904955,40.909090909090914,32.25806451612903,30.107526881720432,2.1505376344086002,80.9090909090909,5.376344086021505
CPU,10,difgsm/eps0.03_default,difgsm,eps0.03_default,10,110,93,61,18,39,28,32,41,55,29.508196721311474,19.55486540398532,41.88963935838945,35.45454545454545,30.107526881720432,34.40860215053764,-4.301075268817208,37.27272727272727,59.13978494623656
CPU,10,difgsm/eps0.03_default,difgsm,eps0.03_default,20,110,93,61,8,42,29,32,78,16,13.114754098360656,6.797996145868098,23.802112426406495,38.18181818181819,31.182795698924732,34.40860215053764,-3.2258064516129075,70.9090909090909,17.20430107526882
CPU,10,difgsm/eps0.03_default,difgsm,eps0.03_default,30,110,93,61,6,41,29,32,84,10,9.836065573770492,4.586395136730973,19.844834197523582,37.27272727272727,31.182795698924732,34.40860215053764,-3.2258064516129075,76.36363636363637,10.75268817204301
CPU,10,difgsm/eps0.03_default,difgsm,eps0.03_default,40,110,93,61,6,44,32,32,89,5,9.836065573770492,4.586395136730973,19.844834197523582,40.0,34.40860215053764,34.40860215053764,0.0,80.9090909090909,5.376344086021505
CPU,10,vmifgsm/eps0.03_default,vmifgsm,eps0.03_default,10,110,93,66,16,37,25,27,41,55,24.242424242424242,15.50905445826906,35.80935749105627,33.63636363636363,26.881720430107524,29.03225806451613,-2.1505376344086073,37.27272727272727,59.13978494623656
CPU,10,vmifgsm/eps0.03_default,vmifgsm,eps0.03_default,20,110,93,66,14,52,38,27,78,16,21.21212121212121,13.077866875683968,32.51329942062081,47.27272727272727,40.86021505376344,29.03225806451613,11.827956989247308,70.9090909090909,17.20430107526882
CPU,10,vmifgsm/eps0.03_default,vmifgsm,eps0.03_default,30,110,93,66,9,46,33,27,84,10,13.636363636363635,7.343237343346893,23.929814820406513,41.81818181818181,35.483870967741936,29.03225806451613,6.451612903225804,76.36363636363637,10.75268817204301
CPU,10,vmifgsm/eps0.03_default,vmifgsm,eps0.03_default,40,110,93,66,4,45,30,27,89,5,6.0606060606060606,2.3818229304678558,14.573115100734176,40.909090909090914,32.25806451612903,29.03225806451613,3.2258064516129004,80.9090909090909,5.376344086021505
CPU,10,vnifgsm/eps0.03_default,vnifgsm,eps0.03_default,10,110,93,67,17,38,26,26,41,55,25.37313432835821,16.487779577697392,36.92942161482225,34.54545454545455,27.956989247311824,27.956989247311824,0.0,37.27272727272727,59.13978494623656
CPU,10,vnifgsm/eps0.03_default,vnifgsm,eps0.03_default,20,110,93,67,14,50,36,26,78,16,20.8955223880597,12.875568729828915,32.07203267951249,45.45454545454545,38.70967741935484,27.956989247311824,10.752688172043015,70.9090909090909,17.20430107526882
CPU,10,vnifgsm/eps0.03_default,vnifgsm,eps0.03_default,30,110,93,67,9,46,32,26,84,10,13.432835820895523,7.231009995983991,23.600591774727004,41.81818181818181,34.40860215053764,27.956989247311824,6.451612903225815,76.36363636363637,10.75268817204301
CPU,10,vnifgsm/eps0.03_default,vnifgsm,eps0.03_default,40,110,93,67,6,45,30,26,89,5,8.955223880597014,4.169038288133413,18.192963699399336,40.909090909090914,32.25806451612903,27.956989247311824,4.301075268817208,80.9090909090909,5.376344086021505
CPU,10,rfgsm/eps0.03_default,rfgsm,eps0.03_default,10,110,93,67,18,39,27,26,41,55,26.865671641791046,17.72206517897013,38.51833594127559,35.45454545454545,29.03225806451613,27.956989247311824,1.0752688172043072,37.27272727272727,59.13978494623656
CPU,10,rfgsm/eps0.03_default,rfgsm,eps0.03_default,20,110,93,67,13,49,36,26,78,16,19.402985074626866,11.705063857457096,30.41933762415822,44.54545454545455,38.70967741935484,27.956989247311824,10.752688172043015,70.9090909090909,17.20430107526882
CPU,10,rfgsm/eps0.03_default,rfgsm,eps0.03_default,30,110,93,67,10,47,34,26,84,10,14.925373134328357,8.314184208625061,25.34061748981201,42.72727272727273,36.55913978494624,27.956989247311824,8.602150537634415,76.36363636363637,10.75268817204301
CPU,10,rfgsm/eps0.03_default,rfgsm,eps0.03_default,40,110,93,67,5,44,29,26,89,5,7.462686567164178,3.2295572977927915,16.309244762013876,40.0,31.182795698924732,27.956989247311824,3.2258064516129075,80.9090909090909,5.376344086021505
CPU,10,tpgd/eps0.03_default,tpgd,eps0.03_default,10,110,93,32,7,40,32,61,41,55,21.875,11.023696931531854,38.755330790444845,36.36363636363637,34.40860215053764,65.59139784946237,-31.18279569892473,37.27272727272727,59.13978494623656
CPU,10,tpgd/eps0.03_default,tpgd,eps0.03_default,20,110,93,32,5,67,60,61,78,16,15.625,6.8643191066272164,31.75449255356653,60.909090909090914,64.51612903225806,65.59139784946237,-1.0752688172043037,70.9090909090909,17.20430107526882
CPU,10,tpgd/eps0.03_default,tpgd,eps0.03_default,30,110,93,32,7,69,62,61,84,10,21.875,11.023696931531854,38.755330790444845,62.727272727272734,66.66666666666666,65.59139784946237,1.0752688172042895,76.36363636363637,10.75268817204301
CPU,10,tpgd/eps0.03_default,tpgd,eps0.03_default,40,110,93,32,1,65,57,61,89,5,3.125,0.5537717362550945,15.744607800372734,59.09090909090909,61.29032258064516,65.59139784946237,-4.301075268817208,80.9090909090909,5.376344086021505
CPU,10,cw/c1_steps20_lr0.01,cw,c1_steps20_lr0.01,10,110,93,83,29,38,32,10,41,55,34.93975903614458,25.555971692976303,45.655982025057455,34.54545454545455,34.40860215053764,10.75268817204301,23.65591397849463,37.27272727272727,59.13978494623656
CPU,10,cw/c1_steps20_lr0.01,cw,c1_steps20_lr0.01,20,110,93,83,37,56,47,10,78,16,44.57831325301205,34.36112760405485,55.27517573443731,50.90909090909091,50.53763440860215,10.75268817204301,39.78494623655914,70.9090909090909,17.20430107526882
CPU,10,cw/c1_steps20_lr0.01,cw,c1_steps20_lr0.01,30,110,93,83,35,51,45,10,84,10,42.168674698795186,32.12284435427638,52.90737157910118,46.36363636363636,48.38709677419355,10.75268817204301,37.63440860215054,76.36363636363637,10.75268817204301
CPU,10,cw/c1_steps20_lr0.01,cw,c1_steps20_lr0.01,40,110,93,83,40,58,50,10,89,5,48.19277108433735,37.763004143826876,58.782430302337175,52.72727272727272,53.76344086021505,10.75268817204301,43.01075268817204,80.9090909090909,5.376344086021505
CPU,10,deepfool/package_default,deepfool,package_default,10,110,93,88,31,37,31,5,41,55,35.22727272727273,26.05618066297556,45.634208006211395,33.63636363636363,33.33333333333333,5.376344086021505,27.956989247311824,37.27272727272727,59.13978494623656
CPU,10,deepfool/package_default,deepfool,package_default,20,110,93,88,46,55,48,5,78,16,52.27272727272727,41.96177626380677,62.393548556318315,50.0,51.61290322580645,5.376344086021505,46.236559139784944,70.9090909090909,17.20430107526882
CPU,10,deepfool/package_default,deepfool,package_default,30,110,93,88,42,50,45,5,84,10,47.72727272727273,37.60645144368169,58.03822373619323,45.45454545454545,48.38709677419355,5.376344086021505,43.01075268817205,76.36363636363637,10.75268817204301
CPU,10,deepfool/package_default,deepfool,package_default,40,110,93,88,46,55,51,5,89,5,52.27272727272727,41.96177626380677,62.393548556318315,50.0,54.83870967741935,5.376344086021505,49.46236559139785,80.9090909090909,5.376344086021505
CPU,10,fab/eps0.005,fab,eps0.005,10,110,93,10,5,41,38,83,41,55,50.0,23.65895936154873,76.34104063845126,37.27272727272727,40.86021505376344,89.24731182795699,-48.38709677419355,37.27272727272727,59.13978494623656
CPU,10,fab/eps0.005,fab,eps0.005,20,110,93,10,5,80,77,83,78,16,50.0,23.65895936154873,76.34104063845126,72.72727272727273,82.79569892473118,89.24731182795699,-6.451612903225808,70.9090909090909,17.20430107526882
CPU,10,fab/eps0.005,fab,eps0.005,30,110,93,10,4,83,81,83,84,10,40.0,16.817758120350966,68.73304525498135,75.45454545454545,87.09677419354838,89.24731182795699,-2.1505376344086073,76.36363636363637,10.75268817204301
CPU,10,fab/eps0.005,fab,eps0.005,40,110,93,10,7,88,87,83,89,5,70.0,39.67732199795652,89.2210712513788,80.0,93.54838709677419,89.24731182795699,4.3010752688172005,80.9090909090909,5.376344086021505
CPU,10,fab/eps0.01,fab,eps0.01,10,110,93,25,8,42,38,68,41,55,32.0,17.204987516891144,51.59008626542329,38.18181818181819,40.86021505376344,73.11827956989248,-32.25806451612904,37.27272727272727,59.13978494623656
CPU,10,fab/eps0.01,fab,eps0.01,20,110,93,25,10,80,75,68,78,16,40.0,23.403057664190918,59.26087221487266,72.72727272727273,80.64516129032258,73.11827956989248,7.526881720430097,70.9090909090909,17.20430107526882
CPU,10,fab/eps0.01,fab,eps0.01,30,110,93,25,9,78,75,68,84,10,36.0,20.247656431735635,55.48184539895337,70.9090909090909,80.64516129032258,73.11827956989248,7.526881720430097,76.36363636363637,10.75268817204301
CPU,10,fab/eps0.01,fab,eps0.01,40,110,93,25,14,83,81,68,89,5,56.00000000000001,37.06701701956444,73.33462505299744,75.45454545454545,87.09677419354838,73.11827956989248,13.978494623655905,80.9090909090909,5.376344086021505
CPU,10,fab/eps0.03,fab,eps0.03,10,110,93,67,23,38,34,26,41,55,34.32835820895522,24.088841959339707,46.26755879953642,34.54545454545455,36.55913978494624,27.956989247311824,8.602150537634415,37.27272727272727,59.13978494623656
CPU,10,fab/eps0.03,fab,eps0.03,20,110,93,67,34,67,60,26,78,16,50.74626865671642,39.063570911024414,62.348029052838626,60.909090909090914,64.51612903225806,27.956989247311824,36.55913978494624,70.9090909090909,17.20430107526882
CPU,10,fab/eps0.03,fab,eps0.03,30,110,93,67,34,62,60,26,84,10,50.74626865671642,39.063570911024414,62.348029052838626,56.36363636363636,64.51612903225806,27.956989247311824,36.55913978494624,76.36363636363637,10.75268817204301
CPU,10,fab/eps0.03,fab,eps0.03,40,110,93,67,40,67,66,26,89,5,59.70149253731343,47.74111146058888,70.60968806963064,60.909090909090914,70.96774193548387,27.956989247311824,43.01075268817205,80.9090909090909,5.376344086021505
CPU,10,square/eps0.03_default,square,eps0.03_default,10,110,93,74,23,39,33,19,41,55,31.08108108108108,21.690691603479305,42.33882474767482,35.45454545454545,35.483870967741936,20.43010752688172,15.053763440860216,37.27272727272727,59.13978494623656
CPU,10,square/eps0.03_default,square,eps0.03_default,20,110,93,74,23,50,42,19,78,16,31.08108108108108,21.690691603479305,42.33882474767482,45.45454545454545,45.16129032258064,20.43010752688172,24.73118279569892,70.9090909090909,17.20430107526882
CPU,10,square/eps0.03_default,square,eps0.03_default,30,110,93,74,27,52,46,19,84,10,36.486486486486484,26.438399693345183,47.86839770033634,47.27272727272727,49.46236559139785,20.43010752688172,29.032258064516128,76.36363636363637,10.75268817204301
CPU,10,square/eps0.03_default,square,eps0.03_default,40,110,93,74,30,57,49,19,89,5,40.54054054054054,30.090389721075173,51.92436845450189,51.81818181818182,52.68817204301075,20.43010752688172,32.25806451612903,80.9090909090909,5.376344086021505
CPU,10,apgd/eps0.03_default,apgd,eps0.03_default,10,110,93,69,19,41,29,24,41,55,27.536231884057973,18.394380762574333,39.047520568533166,37.27272727272727,31.182795698924732,25.806451612903224,5.376344086021508,37.27272727272727,59.13978494623656
CPU,10,apgd/eps0.03_default,apgd,eps0.03_default,20,110,93,69,14,52,38,24,78,16,20.28985507246377,12.489219999893795,31.22426240576451,47.27272727272727,40.86021505376344,25.806451612903224,15.053763440860216,70.9090909090909,17.20430107526882
CPU,10,apgd/eps0.03_default,apgd,eps0.03_default,30,110,93,69,7,45,31,24,84,10,10.144927536231885,5.00160025716155,19.492095652867885,40.909090909090914,33.33333333333333,25.806451612903224,7.526881720430104,76.36363636363637,10.75268817204301
CPU,10,apgd/eps0.03_default,apgd,eps0.03_default,40,110,93,69,4,43,28,24,89,5,5.797101449275362,2.2772020303367495,13.979442524423167,39.09090909090909,30.107526881720432,25.806451612903224,4.301075268817208,80.9090909090909,5.376344086021505
CPU,10,apgdt/eps0.03_default,apgdt,eps0.03_default,10,110,93,73,20,42,29,20,41,55,27.397260273972602,18.491307031474406,38.56320510778349,38.18181818181819,31.182795698924732,21.50537634408602,9.677419354838712,37.27272727272727,59.13978494623656
CPU,10,apgdt/eps0.03_default,apgdt,eps0.03_default,20,110,93,73,13,47,33,20,78,16,17.80821917808219,10.713272068797698,28.121942190145372,42.72727272727273,35.483870967741936,21.50537634408602,13.978494623655916,70.9090909090909,17.20430107526882
CPU,10,apgdt/eps0.03_default,apgdt,eps0.03_default,30,110,93,73,12,45,32,20,84,10,16.43835616438356,9.661201862809403,26.571255556088687,40.909090909090914,34.40860215053764,21.50537634408602,12.90322580645162,76.36363636363637,10.75268817204301
CPU,10,apgdt/eps0.03_default,apgdt,eps0.03_default,40,110,93,73,6,41,26,20,89,5,8.21917808219178,3.821322997342026,16.794593381286216,37.27272727272727,27.956989247311824,21.50537634408602,6.451612903225804,80.9090909090909,5.376344086021505
CPU,10,autoattack/eps0.03_standard,autoattack,eps0.03_standard,10,110,93,74,16,40,26,19,41,55,21.62162162162162,13.770335267426507,32.273939259304704,36.36363636363637,27.956989247311824,20.43010752688172,7.526881720430104,37.27272727272727,59.13978494623656
CPU,10,autoattack/eps0.03_standard,autoattack,eps0.03_standard,20,110,93,74,14,47,33,19,78,16,18.91891891891892,11.617864171285914,29.2877698341816,42.72727272727273,35.483870967741936,20.43010752688172,15.053763440860216,70.9090909090909,17.20430107526882
CPU,10,autoattack/eps0.03_standard,autoattack,eps0.03_standard,30,110,93,74,9,42,28,19,84,10,12.162162162162163,6.53224180677459,21.526790895533686,38.18181818181819,30.107526881720432,20.43010752688172,9.677419354838712,76.36363636363637,10.75268817204301
CPU,10,autoattack/eps0.03_standard,autoattack,eps0.03_standard,40,110,93,74,3,36,22,19,89,5,4.054054054054054,1.3882179579595546,11.254893180557639,32.72727272727273,23.655913978494624,20.43010752688172,3.225806451612904,80.9090909090909,5.376344086021505
CPU,10,ead/package_default,ead,package_default,10,110,93,93,32,36,32,0,41,55,34.40860215053764,25.544922494036566,44.50926909304998,32.72727272727273,34.40860215053764,0.0,34.40860215053764,37.27272727272727,59.13978494623656
CPU,10,ead/package_default,ead,package_default,20,110,93,93,63,70,63,0,78,16,67.74193548387096,57.70106827427646,76.37519647145264,63.63636363636363,67.74193548387096,0.0,67.74193548387096,70.9090909090909,17.20430107526882
CPU,10,ead/package_default,ead,package_default,30,110,93,93,63,65,63,0,84,10,67.74193548387096,57.70106827427646,76.37519647145264,59.09090909090909,67.74193548387096,0.0,67.74193548387096,76.36363636363637,10.75268817204301
CPU,10,ead/package_default,ead,package_default,40,110,93,93,69,71,69,0,89,5,74.19354838709677,64.46603321344209,82.00160053073398,64.54545454545455,74.19354838709677,0.0,74.19354838709677,80.9090909090909,5.376344086021505
CPU,10,ALL/ALL_24,ALL,ALL_24,10,2640,2232,1326,383,941,744,906,984,1320,28.88386123680241,26.50815022775556,31.3815713751782,35.64393939393939,33.33333333333333,40.59139784946236,-7.258064516129032,37.27272727272727,59.13978494623656
CPU,10,ALL/ALL_24,ALL,ALL_24,20,2640,2232,1326,383,1400,1166,906,1872,384,28.88386123680241,26.50815022775556,31.3815713751782,53.03030303030303,52.24014336917563,40.59139784946236,11.648745519713266,70.9090909090909,17.20430107526882
CPU,10,ALL/ALL_24,ALL,ALL_24,30,2640,2232,1326,345,1375,1167,906,2016,240,26.018099547511316,23.72829045983106,28.44646478921515,52.083333333333336,52.284946236559136,40.59139784946236,11.693548387096776,76.36363636363637,10.75268817204301
CPU,10,ALL/ALL_24,ALL,ALL_24,40,2640,2232,1326,328,1405,1185,906,2136,120,24.73604826546003,22.488806862349264,27.12925291258935,53.21969696969697,53.09139784946236,40.59139784946236,12.5,80.9090909090909,5.376344086021505
CPU,12,fgsm/eps0.005,fgsm,eps0.005,10,110,93,8,2,40,39,85,42,52,25.0,7.147768885802764,59.073012089741084,36.36363636363637,41.935483870967744,91.39784946236558,-49.46236559139784,38.18181818181819,55.91397849462365
CPU,12,fgsm/eps0.005,fgsm,eps0.005,20,110,93,8,2,77,74,85,83,12,25.0,7.147768885802764,59.073012089741084,70.0,79.56989247311827,91.39784946236558,-11.827956989247312,75.45454545454545,12.903225806451612
CPU,12,fgsm/eps0.005,fgsm,eps0.005,30,110,93,8,2,81,78,85,86,8,25.0,7.147768885802764,59.073012089741084,73.63636363636363,83.87096774193549,91.39784946236558,-7.526881720430097,78.18181818181819,8.60215053763441
CPU,12,fgsm/eps0.005,fgsm,eps0.005,40,110,93,8,3,89,86,85,92,2,37.5,13.684175946152106,69.42621454161981,80.9090909090909,92.47311827956989,91.39784946236558,1.0752688172043037,83.63636363636363,2.1505376344086025
CPU,12,fgsm/eps0.01,fgsm,eps0.01,10,110,93,20,10,41,38,73,42,52,50.0,29.92949144298199,70.070508557018,37.27272727272727,40.86021505376344,78.49462365591397,-37.63440860215053,38.18181818181819,55.91397849462365
CPU,12,fgsm/eps0.01,fgsm,eps0.01,20,110,93,20,10,73,68,73,83,12,50.0,29.92949144298199,70.070508557018,66.36363636363637,73.11827956989248,78.49462365591397,-5.37634408602149,75.45454545454545,12.903225806451612
CPU,12,fgsm/eps0.01,fgsm,eps0.01,30,110,93,20,9,74,69,73,86,8,45.0,25.819502085709296,65.79179916924002,67.27272727272727,74.19354838709677,78.49462365591397,-4.3010752688172005,78.18181818181819,8.60215053763441
CPU,12,fgsm/eps0.01,fgsm,eps0.01,40,110,93,20,9,81,75,73,92,2,45.0,25.819502085709296,65.79179916924002,73.63636363636363,80.64516129032258,78.49462365591397,2.1505376344086073,83.63636363636363,2.1505376344086025
CPU,12,fgsm/eps0.03,fgsm,eps0.03,10,110,93,53,14,39,31,40,42,52,26.41509433962264,16.437206511316813,39.58092105722453,35.45454545454545,33.33333333333333,43.01075268817204,-9.677419354838712,38.18181818181819,55.91397849462365
CPU,12,fgsm/eps0.03,fgsm,eps0.03,20,110,93,53,5,54,42,40,83,12,9.433962264150944,4.0972037441896845,20.253975673701436,49.09090909090909,45.16129032258064,43.01075268817204,2.1505376344086002,75.45454545454545,12.903225806451612
CPU,12,fgsm/eps0.03,fgsm,eps0.03,30,110,93,53,6,55,44,40,86,8,11.320754716981133,5.29295891106867,22.576770301339145,50.0,47.31182795698925,43.01075268817204,4.301075268817208,78.18181818181819,8.60215053763441
CPU,12,fgsm/eps0.03,fgsm,eps0.03,40,110,93,53,4,53,42,40,92,2,7.547169811320755,2.973907359890181,17.858722263484246,48.18181818181818,45.16129032258064,43.01075268817204,2.1505376344086002,83.63636363636363,2.1505376344086025
CPU,12,fgsm/eps0.05,fgsm,eps0.05,10,110,93,68,10,32,22,25,42,52,14.705882352941178,8.18872983910454,24.99761344946364,29.09090909090909,23.655913978494624,26.881720430107524,-3.2258064516129004,38.18181818181819,55.91397849462365
CPU,12,fgsm/eps0.05,fgsm,eps0.05,20,110,93,68,8,36,25,25,83,12,11.76470588235294,6.083419938921196,21.535118623694334,32.72727272727273,26.881720430107524,26.881720430107524,0.0,75.45454545454545,12.903225806451612
CPU,12,fgsm/eps0.05,fgsm,eps0.05,30,110,93,68,3,33,22,25,86,8,4.411764705882353,1.51163456535321,12.187392182380693,30.0,23.655913978494624,26.881720430107524,-3.2258064516129004,78.18181818181819,8.60215053763441
CPU,12,fgsm/eps0.05,fgsm,eps0.05,40,110,93,68,3,32,21,25,92,2,4.411764705882353,1.51163456535321,12.187392182380693,29.09090909090909,22.58064516129032,26.881720430107524,-4.301075268817204,83.63636363636363,2.1505376344086025
CPU,12,bim/eps0.03_default,bim,eps0.03_default,10,110,93,70,19,39,28,23,42,52,27.142857142857142,18.11946080878475,38.5445334708625,35.45454545454545,30.107526881720432,24.731182795698924,5.376344086021508,38.18181818181819,55.91397849462365
CPU,12,bim/eps0.03_default,bim,eps0.03_default,20,110,93,70,13,48,34,23,83,12,18.571428571428573,11.187194691822095,29.225797442692862,43.63636363636363,36.55913978494624,24.731182795698924,11.827956989247316,75.45454545454545,12.903225806451612
CPU,12,bim/eps0.03_default,bim,eps0.03_default,30,110,93,70,7,44,29,23,86,8,10.0,4.928867510614622,19.233122478768056,40.0,31.182795698924732,24.731182795698924,6.451612903225808,78.18181818181819,8.60215053763441
CPU,12,bim/eps0.03_default,bim,eps0.03_default,40,110,93,70,6,42,28,23,92,2,8.571428571428571,3.9876126540328363,17.465876977827794,38.18181818181819,30.107526881720432,24.731182795698924,5.376344086021508,83.63636363636363,2.1505376344086025
CPU,12,pgd/eps0.005,pgd,eps0.005,10,110,93,10,2,41,40,83,42,52,20.0,5.6680947980693315,50.98431532792765,37.27272727272727,43.01075268817204,89.24731182795699,-46.23655913978495,38.18181818181819,55.91397849462365
CPU,12,pgd/eps0.005,pgd,eps0.005,20,110,93,10,2,76,74,83,83,12,20.0,5.6680947980693315,50.98431532792765,69.0909090909091,79.56989247311827,89.24731182795699,-9.677419354838719,75.45454545454545,12.903225806451612
CPU,12,pgd/eps0.005,pgd,eps0.005,30,110,93,10,3,81,78,83,86,8,30.0,10.778928748621183,60.322678002043475,73.63636363636363,83.87096774193549,89.24731182795699,-5.376344086021504,78.18181818181819,8.60215053763441
CPU,12,pgd/eps0.005,pgd,eps0.005,40,110,93,10,4,89,86,83,92,2,40.0,16.817758120350966,68.73304525498135,80.9090909090909,92.47311827956989,89.24731182795699,3.225806451612897,83.63636363636363,2.1505376344086025
CPU,12,pgd/eps0.01,pgd,eps0.01,10,110,93,23,10,41,38,70,42,52,43.47826086956522,25.634368332198655,63.188950694983035,37.27272727272727,40.86021505376344,75.26881720430107,-34.40860215053763,38.18181818181819,55.91397849462365
CPU,12,pgd/eps0.01,pgd,eps0.01,20,110,93,23,8,70,64,70,83,12,34.78260869565217,18.811054636982238,55.11002309310836,63.63636363636363,68.81720430107528,75.26881720430107,-6.451612903225794,75.45454545454545,12.903225806451612
CPU,12,pgd/eps0.01,pgd,eps0.01,30,110,93,23,8,73,69,70,86,8,34.78260869565217,18.811054636982238,55.11002309310836,66.36363636363637,74.19354838709677,75.26881720430107,-1.0752688172043037,78.18181818181819,8.60215053763441
CPU,12,pgd/eps0.01,pgd,eps0.01,40,110,93,23,7,79,75,70,92,2,30.434782608695656,15.603828020972454,50.866129060572604,71.81818181818181,80.64516129032258,75.26881720430107,5.376344086021504,83.63636363636363,2.1505376344086025
CPU,12,pgd/eps0.03,pgd,eps0.03,10,110,93,68,18,40,29,25,42,52,26.47058823529412,17.4496029752542,38.00795921712458,36.36363636363637,31.182795698924732,26.881720430107524,4.301075268817208,38.18181818181819,55.91397849462365
CPU,12,pgd/eps0.03,pgd,eps0.03,20,110,93,68,13,49,37,25,83,12,19.11764705882353,11.527185601824742,30.010864775672413,44.54545454545455,39.784946236559136,26.881720430107524,12.903225806451612,75.45454545454545,12.903225806451612
CPU,12,pgd/eps0.03,pgd,eps0.03,30,110,93,68,8,44,31,25,86,8,11.76470588235294,6.083419938921196,21.535118623694334,40.0,33.33333333333333,26.881720430107524,6.451612903225804,78.18181818181819,8.60215053763441
CPU,12,pgd/eps0.03,pgd,eps0.03,40,110,93,68,7,46,32,25,92,2,10.294117647058822,5.076512677817478,19.758123521821723,41.81818181818181,34.40860215053764,26.881720430107524,7.526881720430115,83.63636363636363,2.1505376344086025
CPU,12,mifgsm/eps0.03_default,mifgsm,eps0.03_default,10,110,93,68,17,38,28,25,42,52,25.0,16.234881695499528,36.438778133902936,34.54545454545455,30.107526881720432,26.881720430107524,3.2258064516129075,38.18181818181819,55.91397849462365
CPU,12,mifgsm/eps0.03_default,mifgsm,eps0.03_default,20,110,93,68,10,49,34,25,83,12,14.705882352941178,8.18872983910454,24.99761344946364,44.54545454545455,36.55913978494624,26.881720430107524,9.677419354838715,75.45454545454545,12.903225806451612
CPU,12,mifgsm/eps0.03_default,mifgsm,eps0.03_default,30,110,93,68,7,46,31,25,86,8,10.294117647058822,5.076512677817478,19.758123521821723,41.81818181818181,33.33333333333333,26.881720430107524,6.451612903225804,78.18181818181819,8.60215053763441
CPU,12,mifgsm/eps0.03_default,mifgsm,eps0.03_default,40,110,93,68,3,43,28,25,92,2,4.411764705882353,1.51163456535321,12.187392182380693,39.09090909090909,30.107526881720432,26.881720430107524,3.2258064516129075,83.63636363636363,2.1505376344086025
CPU,12,difgsm/eps0.03_default,difgsm,eps0.03_default,10,110,93,63,14,37,28,30,42,52,22.22222222222222,13.72488386182315,33.91251560198382,33.63636363636363,30.107526881720432,32.25806451612903,-2.1505376344086002,38.18181818181819,55.91397849462365
CPU,12,difgsm/eps0.03_default,difgsm,eps0.03_default,20,110,93,63,3,37,26,30,83,12,4.761904761904762,1.6325872842212417,13.091177556835826,33.63636363636363,27.956989247311824,32.25806451612903,-4.301075268817208,75.45454545454545,12.903225806451612
CPU,12,difgsm/eps0.03_default,difgsm,eps0.03_default,30,110,93,63,2,37,26,30,86,8,3.1746031746031744,0.874934404029698,10.856681834959193,33.63636363636363,27.956989247311824,32.25806451612903,-4.301075268817208,78.18181818181819,8.60215053763441
CPU,12,difgsm/eps0.03_default,difgsm,eps0.03_default,40,110,93,63,4,41,30,30,92,2,6.349206349206349,2.496521390048502,15.219392053076735,37.27272727272727,32.25806451612903,32.25806451612903,0.0,83.63636363636363,2.1505376344086025
CPU,12,vmifgsm/eps0.03_default,vmifgsm,eps0.03_default,10,110,93,68,17,38,28,25,42,52,25.0,16.234881695499528,36.438778133902936,34.54545454545455,30.107526881720432,26.881720430107524,3.2258064516129075,38.18181818181819,55.91397849462365
CPU,12,vmifgsm/eps0.03_default,vmifgsm,eps0.03_default,20,110,93,68,7,46,31,25,83,12,10.294117647058822,5.076512677817478,19.758123521821723,41.81818181818181,33.33333333333333,26.881720430107524,6.451612903225804,75.45454545454545,12.903225806451612
CPU,12,vmifgsm/eps0.03_default,vmifgsm,eps0.03_default,30,110,93,68,7,46,31,25,86,8,10.294117647058822,5.076512677817478,19.758123521821723,41.81818181818181,33.33333333333333,26.881720430107524,6.451612903225804,78.18181818181819,8.60215053763441
CPU,12,vmifgsm/eps0.03_default,vmifgsm,eps0.03_default,40,110,93,68,5,45,30,25,92,2,7.352941176470589,3.181437515487155,16.0853939581994,40.909090909090914,32.25806451612903,26.881720430107524,5.376344086021508,83.63636363636363,2.1505376344086025
CPU,12,vnifgsm/eps0.03_default,vnifgsm,eps0.03_default,10,110,93,69,16,37,27,24,42,52,23.18840579710145,14.807779670568113,34.397070305269864,33.63636363636363,29.03225806451613,25.806451612903224,3.2258064516129075,38.18181818181819,55.91397849462365
CPU,12,vnifgsm/eps0.03_default,vnifgsm,eps0.03_default,20,110,93,69,11,49,35,24,83,12,15.942028985507244,9.141730642401868,26.334700407986915,44.54545454545455,37.634408602150536,25.806451612903224,11.827956989247312,75.45454545454545,12.903225806451612
CPU,12,vnifgsm/eps0.03_default,vnifgsm,eps0.03_default,30,110,93,69,4,41,27,24,86,8,5.797101449275362,2.2772020303367495,13.979442524423167,37.27272727272727,29.03225806451613,25.806451612903224,3.2258064516129075,78.18181818181819,8.60215053763441
CPU,12,vnifgsm/eps0.03_default,vnifgsm,eps0.03_default,40,110,93,69,5,42,29,24,92,2,7.246376811594203,3.1347309217669053,15.867597418082852,38.18181818181819,31.182795698924732,25.806451612903224,5.376344086021508,83.63636363636363,2.1505376344086025
CPU,12,rfgsm/eps0.03_default,rfgsm,eps0.03_default,10,110,93,70,19,40,29,23,42,52,27.142857142857142,18.11946080878475,38.5445334708625,36.36363636363637,31.182795698924732,24.731182795698924,6.451612903225808,38.18181818181819,55.91397849462365
CPU,12,rfgsm/eps0.03_default,rfgsm,eps0.03_default,20,110,93,70,12,49,35,23,83,12,17.142857142857142,10.087625712010547,27.61686606498236,44.54545454545455,37.634408602150536,24.731182795698924,12.903225806451612,75.45454545454545,12.903225806451612
CPU,12,rfgsm/eps0.03_default,rfgsm,eps0.03_default,30,110,93,70,6,42,29,23,86,8,8.571428571428571,3.9876126540328363,17.465876977827794,38.18181818181819,31.182795698924732,24.731182795698924,6.451612903225808,78.18181818181819,8.60215053763441
CPU,12,rfgsm/eps0.03_default,rfgsm,eps0.03_default,40,110,93,70,5,41,28,23,92,2,7.142857142857142,3.089376151029351,15.65561312330923,37.27272727272727,30.107526881720432,24.731182795698924,5.376344086021508,83.63636363636363,2.1505376344086025
CPU,12,tpgd/eps0.03_default,tpgd,eps0.03_default,10,110,93,45,10,35,31,48,42,52,22.22222222222222,12.544551866005632,36.26957379736329,31.818181818181817,33.33333333333333,51.61290322580645,-18.27956989247312,38.18181818181819,55.91397849462365
CPU,12,tpgd/eps0.03_default,tpgd,eps0.03_default,20,110,93,45,8,57,52,48,83,12,17.77777777777778,9.29427892585383,31.330106843654136,51.81818181818182,55.91397849462365,51.61290322580645,4.3010752688172005,75.45454545454545,12.903225806451612
CPU,12,tpgd/eps0.03_default,tpgd,eps0.03_default,30,110,93,45,5,54,48,48,86,8,11.11111111111111,4.840400437825558,23.499375490890944,49.09090909090909,51.61290322580645,51.61290322580645,0.0,78.18181818181819,8.60215053763441
CPU,12,tpgd/eps0.03_default,tpgd,eps0.03_default,40,110,93,45,4,54,48,48,92,2,8.88888888888889,3.5110548134203152,20.733851168365703,49.09090909090909,51.61290322580645,51.61290322580645,0.0,83.63636363636363,2.1505376344086025
CPU,12,cw/c1_steps20_lr0.01,cw,c1_steps20_lr0.01,10,110,93,79,29,35,32,14,42,52,36.708860759493675,26.927131273817785,47.72328590788803,31.818181818181817,34.40860215053764,15.053763440860216,19.354838709677423,38.18181818181819,55.91397849462365
CPU,12,cw/c1_steps20_lr0.01,cw,c1_steps20_lr0.01,20,110,93,79,36,55,50,14,83,12,45.56962025316456,35.04827675806602,56.501862302502595,50.0,53.76344086021505,15.053763440860216,38.70967741935483,75.45454545454545,12.903225806451612
CPU,12,cw/c1_steps20_lr0.01,cw,c1_steps20_lr0.01,30,110,93,79,35,56,49,14,86,8,44.303797468354425,33.86760915098959,55.26828392688433,50.90909090909091,52.68817204301075,15.053763440860216,37.634408602150536,78.18181818181819,8.60215053763441
CPU,12,cw/c1_steps20_lr0.01,cw,c1_steps20_lr0.01,40,110,93,79,38,58,52,14,92,2,48.10126582278481,37.42954498192782,58.94908604403015,52.72727272727272,55.91397849462365,15.053763440860216,40.86021505376343,83.63636363636363,2.1505376344086025
CPU,12,deepfool/package_default,deepfool,package_default,10,110,93,93,32,40,32,0,42,52,34.40860215053764,25.544922494036566,44.50926909304998,36.36363636363637,34.40860215053764,0.0,34.40860215053764,38.18181818181819,55.91397849462365
CPU,12,deepfool/package_default,deepfool,package_default,20,110,93,93,46,55,46,0,83,12,49.46236559139785,39.525719013807574,59.44166690298852,50.0,49.46236559139785,0.0,49.46236559139785,75.45454545454545,12.903225806451612
CPU,12,deepfool/package_default,deepfool,package_default,30,110,93,93,53,61,53,0,86,8,56.98924731182796,46.847341614888386,66.57664146676248,55.45454545454545,56.98924731182796,0.0,56.98924731182796,78.18181818181819,8.60215053763441
CPU,12,deepfool/package_default,deepfool,package_default,40,110,93,93,51,59,51,0,92,2,54.83870967741935,44.733119871635175,64.56040687720004,53.63636363636364,54.83870967741935,0.0,54.83870967741935,83.63636363636363,2.1505376344086025
CPU,12,fab/eps0.005,fab,eps0.005,10,110,93,10,2,42,41,83,42,52,20.0,5.6680947980693315,50.98431532792765,38.18181818181819,44.086021505376344,89.24731182795699,-45.16129032258065,38.18181818181819,55.91397849462365
CPU,12,fab/eps0.005,fab,eps0.005,20,110,93,10,3,81,79,83,83,12,30.0,10.778928748621183,60.322678002043475,73.63636363636363,84.94623655913979,89.24731182795699,-4.3010752688172005,75.45454545454545,12.903225806451612
CPU,12,fab/eps0.005,fab,eps0.005,30,110,93,10,6,85,83,83,86,8,60.0,31.266954745018637,83.18224187964903,77.27272727272727,89.24731182795699,89.24731182795699,0.0,78.18181818181819,8.60215053763441
CPU,12,fab/eps0.005,fab,eps0.005,40,110,93,10,5,89,87,83,92,2,50.0,23.65895936154873,76.34104063845126,80.9090909090909,93.54838709677419,89.24731182795699,4.3010752688172005,83.63636363636363,2.1505376344086025
CPU,12,fab/eps0.01,fab,eps0.01,10,110,93,22,10,41,40,71,42,52,45.45454545454545,26.920014432004848,65.34052671095844,37.27272727272727,43.01075268817204,76.34408602150538,-33.333333333333336,38.18181818181819,55.91397849462365
CPU,12,fab/eps0.01,fab,eps0.01,20,110,93,22,12,80,77,71,83,12,54.54545454545454,34.65947328904156,73.07998556799515,72.72727272727273,82.79569892473118,76.34408602150538,6.451612903225808,75.45454545454545,12.903225806451612
CPU,12,fab/eps0.01,fab,eps0.01,30,110,93,22,14,82,80,71,86,8,63.63636363636363,42.95134934371804,80.26702722739209,74.54545454545455,86.02150537634408,76.34408602150538,9.677419354838705,78.18181818181819,8.60215053763441
CPU,12,fab/eps0.01,fab,eps0.01,40,110,93,22,14,86,84,71,92,2,63.63636363636363,42.95134934371804,80.26702722739209,78.18181818181819,90.32258064516128,76.34408602150538,13.978494623655905,83.63636363636363,2.1505376344086025
CPU,12,fab/eps0.03,fab,eps0.03,10,110,93,67,20,37,34,26,42,52,29.850746268656714,20.23136115497689,41.655439820721,33.63636363636363,36.55913978494624,27.956989247311824,8.602150537634415,38.18181818181819,55.91397849462365
CPU,12,fab/eps0.03,fab,eps0.03,20,110,93,67,32,63,58,26,83,12,47.76119402985074,36.25018863524252,59.515011473168336,57.27272727272727,62.365591397849464,27.956989247311824,34.40860215053764,75.45454545454545,12.903225806451612
CPU,12,fab/eps0.03,fab,eps0.03,30,110,93,67,35,66,61,26,86,8,52.23880597014925,40.48498852683164,63.749811364757456,60.0,65.59139784946237,27.956989247311824,37.63440860215054,78.18181818181819,8.60215053763441
CPU,12,fab/eps0.03,fab,eps0.03,40,110,93,67,38,69,64,26,92,2,56.71641791044776,44.80852301650392,67.89587665826343,62.727272727272734,68.81720430107528,27.956989247311824,40.860215053763454,83.63636363636363,2.1505376344086025
CPU,12,square/eps0.03_default,square,eps0.03_default,10,110,93,71,22,40,33,22,42,52,30.985915492957744,21.439575479021812,42.484231601532315,36.36363636363637,35.483870967741936,23.655913978494624,11.827956989247312,38.18181818181819,55.91397849462365
CPU,12,square/eps0.03_default,square,eps0.03_default,20,110,93,71,25,57,46,22,83,12,35.2112676056338,25.122584561603254,46.81815427882774,51.81818181818182,49.46236559139785,23.655913978494624,25.806451612903224,75.45454545454545,12.903225806451612
CPU,12,square/eps0.03_default,square,eps0.03_default,30,110,93,71,26,57,47,22,86,8,36.61971830985916,26.37005388157354,48.24299554548308,51.81818181818182,50.53763440860215,23.655913978494624,26.881720430107528,78.18181818181819,8.60215053763441
CPU,12,square/eps0.03_default,square,eps0.03_default,40,110,93,71,25,59,47,22,92,2,35.2112676056338,25.122584561603254,46.81815427882774,53.63636363636364,50.53763440860215,23.655913978494624,26.881720430107528,83.63636363636363,2.1505376344086025
CPU,12,apgd/eps0.03_default,apgd,eps0.03_default,10,110,93,70,17,40,29,23,42,52,24.285714285714285,15.751732611923112,35.49526095268004,36.36363636363637,31.182795698924732,24.731182795698924,6.451612903225808,38.18181818181819,55.91397849462365
CPU,12,apgd/eps0.03_default,apgd,eps0.03_default,20,110,93,70,10,47,33,23,83,12,14.285714285714285,7.948856360443703,24.338634701505114,42.72727272727273,35.483870967741936,24.731182795698924,10.752688172043012,75.45454545454545,12.903225806451612
CPU,12,apgd/eps0.03_default,apgd,eps0.03_default,30,110,93,70,5,42,28,23,86,8,7.142857142857142,3.089376151029351,15.65561312330923,38.18181818181819,30.107526881720432,24.731182795698924,5.376344086021508,78.18181818181819,8.60215053763441
CPU,12,apgd/eps0.03_default,apgd,eps0.03_default,40,110,93,70,4,41,27,23,92,2,5.714285714285714,2.2443415847410173,13.792147332075519,37.27272727272727,29.03225806451613,24.731182795698924,4.301075268817208,83.63636363636363,2.1505376344086025
CPU,12,apgdt/eps0.03_default,apgdt,eps0.03_default,10,110,93,70,17,40,29,23,42,52,24.285714285714285,15.751732611923112,35.49526095268004,36.36363636363637,31.182795698924732,24.731182795698924,6.451612903225808,38.18181818181819,55.91397849462365
CPU,12,apgdt/eps0.03_default,apgdt,eps0.03_default,20,110,93,70,9,45,32,23,83,12,12.857142857142856,6.9140219912422625,22.664968713184503,40.909090909090914,34.40860215053764,24.731182795698924,9.677419354838715,75.45454545454545,12.903225806451612
CPU,12,apgdt/eps0.03_default,apgdt,eps0.03_default,30,110,93,70,7,42,30,23,86,8,10.0,4.928867510614622,19.233122478768056,38.18181818181819,32.25806451612903,24.731182795698924,7.526881720430108,78.18181818181819,8.60215053763441
CPU,12,apgdt/eps0.03_default,apgdt,eps0.03_default,40,110,93,70,7,42,30,23,92,2,10.0,4.928867510614622,19.233122478768056,38.18181818181819,32.25806451612903,24.731182795698924,7.526881720430108,83.63636363636363,2.1505376344086025
CPU,12,autoattack/eps0.03_standard,autoattack,eps0.03_standard,10,110,93,74,22,43,32,19,42,52,29.72972972972973,20.527071065162364,40.93312502535993,39.09090909090909,34.40860215053764,20.43010752688172,13.97849462365592,38.18181818181819,55.91397849462365
CPU,12,autoattack/eps0.03_standard,autoattack,eps0.03_standard,20,110,93,74,11,44,30,19,83,12,14.864864864864865,8.507972301585125,24.689700921986844,40.0,32.25806451612903,20.43010752688172,11.827956989247312,75.45454545454545,12.903225806451612
CPU,12,autoattack/eps0.03_standard,autoattack,eps0.03_standard,30,110,93,74,8,41,27,19,86,8,10.81081081081081,5.580666169650122,19.90904627202631,37.27272727272727,29.03225806451613,20.43010752688172,8.602150537634412,78.18181818181819,8.60215053763441
CPU,12,autoattack/eps0.03_standard,autoattack,eps0.03_standard,40,110,93,74,6,40,25,19,92,2,8.108108108108109,3.7689336809333382,16.582138239479395,36.36363636363637,26.881720430107524,20.43010752688172,6.451612903225804,83.63636363636363,2.1505376344086025
CPU,12,ead/package_default,ead,package_default,10,110,93,93,37,40,37,0,42,52,39.784946236559136,30.433265268835186,49.94706715029048,36.36363636363637,39.784946236559136,0.0,39.784946236559136,38.18181818181819,55.91397849462365
CPU,12,ead/package_default,ead,package_default,20,110,93,93,65,70,65,0,83,12,69.89247311827957,59.93288866220661,78.27383241633817,63.63636363636363,69.89247311827957,0.0,69.89247311827957,75.45454545454545,12.903225806451612
CPU,12,ead/package_default,ead,package_default,30,110,93,93,69,72,69,0,86,8,74.19354838709677,64.46603321344209,82.00160053073398,65.45454545454545,74.19354838709677,0.0,74.19354838709677,78.18181818181819,8.60215053763441
CPU,12,ead/package_default,ead,package_default,40,110,93,93,72,76,72,0,92,2,77.41935483870968,67.93336026404614,84.72995797935337,69.0909090909091,77.41935483870968,0.0,77.41935483870968,83.63636363636363,2.1505376344086025
CPU,12,ALL/ALL_24,ALL,ALL_24,10,2640,2232,1352,386,936,775,880,1008,1248,28.550295857988168,26.206177330810426,31.015964252690193,35.45454545454545,34.72222222222222,39.42652329749104,-4.704301075268816,38.18181818181819,55.91397849462365
CPU,12,ALL/ALL_24,ALL,ALL_24,20,2640,2232,1352,361,1367,1147,880,1992,288,26.701183431952664,24.41141118468541,29.12298398359974,51.78030303030303,51.388888888888886,39.42652329749104,11.962365591397848,75.45454545454545,12.903225806451612
CPU,12,ALL/ALL_24,ALL,ALL_24,30,2640,2232,1352,335,1355,1139,880,2064,192,24.778106508875737,22.550417513042717,27.14872138341835,51.32575757575758,51.030465949820794,39.42652329749104,11.603942652329756,78.18181818181819,8.60215053763441
CPU,12,ALL/ALL_24,ALL,ALL_24,40,2640,2232,1352,329,1396,1177,880,2208,48,24.33431952662722,22.121805918549132,26.69227383826022,52.87878787878788,52.73297491039427,39.42652329749104,13.306451612903231,83.63636363636363,2.1505376344086025
CPU,14,fgsm/eps0.005,fgsm,eps0.005,10,110,95,8,4,36,34,87,37,59,50.0,21.521252682444185,78.47874731755581,32.72727272727273,35.78947368421053,91.57894736842105,-55.78947368421053,33.63636363636363,62.10526315789474
CPU,14,fgsm/eps0.005,fgsm,eps0.005,20,110,95,8,5,80,78,87,83,14,62.5,30.573785458380186,86.3158240538479,72.72727272727273,82.10526315789474,91.57894736842105,-9.473684210526315,75.45454545454545,14.736842105263156
CPU,14,fgsm/eps0.005,fgsm,eps0.005,30,110,95,8,3,84,81,87,85,10,37.5,13.684175946152106,69.42621454161981,76.36363636363637,85.26315789473684,91.57894736842105,-6.3157894736842195,77.27272727272727,10.526315789473683
CPU,14,fgsm/eps0.005,fgsm,eps0.005,40,110,95,8,2,91,87,87,95,1,25.0,7.147768885802764,59.073012089741084,82.72727272727273,91.57894736842105,91.57894736842105,0.0,86.36363636363636,1.0526315789473684
CPU,14,fgsm/eps0.01,fgsm,eps0.01,10,110,95,19,5,31,29,76,37,59,26.31578947368421,11.806238339540162,48.791968441070644,28.18181818181818,30.526315789473685,80.0,-49.473684210526315,33.63636363636363,62.10526315789474
CPU,14,fgsm/eps0.01,fgsm,eps0.01,20,110,95,19,5,70,67,76,83,14,26.31578947368421,11.806238339540162,48.791968441070644,63.63636363636363,70.52631578947368,80.0,-9.473684210526315,75.45454545454545,14.736842105263156
CPU,14,fgsm/eps0.01,fgsm,eps0.01,30,110,95,19,6,78,75,76,85,10,31.57894736842105,15.364171004428599,53.98998982493537,70.9090909090909,78.94736842105263,80.0,-1.05263157894737,77.27272727272727,10.526315789473683
CPU,14,fgsm/eps0.01,fgsm,eps0.01,40,110,95,19,5,82,78,76,95,1,26.31578947368421,11.806238339540162,48.791968441070644,74.54545454545455,82.10526315789474,80.0,2.10526315789474,86.36363636363636,1.0526315789473684
CPU,14,fgsm/eps0.03,fgsm,eps0.03,10,110,95,48,9,32,25,47,37,59,18.75,10.191276348200173,31.940139348846213,29.09090909090909,26.31578947368421,49.473684210526315,-23.157894736842106,33.63636363636363,62.10526315789474
CPU,14,fgsm/eps0.03,fgsm,eps0.03,20,110,95,48,6,50,42,47,83,14,12.5,5.856971750400844,24.700727086054822,45.45454545454545,44.21052631578947,49.473684210526315,-5.2631578947368425,75.45454545454545,14.736842105263156
CPU,14,fgsm/eps0.03,fgsm,eps0.03,30,110,95,48,3,54,44,47,85,10,6.25,2.1482843131227227,16.83569766274222,49.09090909090909,46.31578947368421,49.473684210526315,-3.1578947368421026,77.27272727272727,10.526315789473683
CPU,14,fgsm/eps0.03,fgsm,eps0.03,40,110,95,48,6,59,51,47,95,1,12.5,5.856971750400844,24.700727086054822,53.63636363636364,53.68421052631579,49.473684210526315,4.210526315789473,86.36363636363636,1.0526315789473684
CPU,14,fgsm/eps0.05,fgsm,eps0.05,10,110,95,69,9,32,21,26,37,59,13.043478260869565,7.016548568804834,22.968514911404274,29.09090909090909,22.105263157894736,27.368421052631582,-5.263157894736846,33.63636363636363,62.10526315789474
CPU,14,fgsm/eps0.05,fgsm,eps0.05,20,110,95,69,5,38,27,26,83,14,7.246376811594203,3.1347309217669053,15.867597418082852,34.54545454545455,28.421052631578945,27.368421052631582,1.0526315789473628,75.45454545454545,14.736842105263156
CPU,14,fgsm/eps0.05,fgsm,eps0.05,30,110,95,69,4,39,27,26,85,10,5.797101449275362,2.2772020303367495,13.979442524423167,35.45454545454545,28.421052631578945,27.368421052631582,1.0526315789473628,77.27272727272727,10.526315789473683
CPU,14,fgsm/eps0.05,fgsm,eps0.05,40,110,95,69,4,39,27,26,95,1,5.797101449275362,2.2772020303367495,13.979442524423167,35.45454545454545,28.421052631578945,27.368421052631582,1.0526315789473628,86.36363636363636,1.0526315789473684
CPU,14,bim/eps0.03_default,bim,eps0.03_default,10,110,95,70,13,32,23,25,37,59,18.571428571428573,11.187194691822095,29.225797442692862,29.09090909090909,24.210526315789473,26.31578947368421,-2.1052631578947363,33.63636363636363,62.10526315789474
CPU,14,bim/eps0.03_default,bim,eps0.03_default,20,110,95,70,11,44,34,25,83,14,15.714285714285714,9.007528275988681,25.988463143482182,40.0,35.78947368421053,26.31578947368421,9.473684210526319,75.45454545454545,14.736842105263156
CPU,14,bim/eps0.03_default,bim,eps0.03_default,30,110,95,70,8,44,32,25,85,10,11.428571428571429,5.906058386702606,20.964431960202116,40.0,33.68421052631579,26.31578947368421,7.368421052631579,77.27272727272727,10.526315789473683
CPU,14,bim/eps0.03_default,bim,eps0.03_default,40,110,95,70,6,42,30,25,95,1,8.571428571428571,3.9876126540328363,17.465876977827794,38.18181818181819,31.57894736842105,26.31578947368421,5.2631578947368425,86.36363636363636,1.0526315789473684
CPU,14,pgd/eps0.005,pgd,eps0.005,10,110,95,10,4,36,34,85,37,59,40.0,16.817758120350966,68.73304525498135,32.72727272727273,35.78947368421053,89.47368421052632,-53.68421052631579,33.63636363636363,62.10526315789474
CPU,14,pgd/eps0.005,pgd,eps0.005,20,110,95,10,5,80,78,85,83,14,50.0,23.65895936154873,76.34104063845126,72.72727272727273,82.10526315789474,89.47368421052632,-7.368421052631575,75.45454545454545,14.736842105263156
CPU,14,pgd/eps0.005,pgd,eps0.005,30,110,95,10,5,85,83,85,85,10,50.0,23.65895936154873,76.34104063845126,77.27272727272727,87.36842105263159,89.47368421052632,-2.1052631578947256,77.27272727272727,10.526315789473683
CPU,14,pgd/eps0.005,pgd,eps0.005,40,110,95,10,4,92,88,85,95,1,40.0,16.817758120350966,68.73304525498135,83.63636363636363,92.63157894736842,89.47368421052632,3.1578947368421098,86.36363636363636,1.0526315789473684
CPU,14,pgd/eps0.01,pgd,eps0.01,10,110,95,23,6,32,30,72,37,59,26.08695652173913,12.548445889248969,46.47039054375056,29.09090909090909,31.57894736842105,75.78947368421053,-44.21052631578948,33.63636363636363,62.10526315789474
CPU,14,pgd/eps0.01,pgd,eps0.01,20,110,95,23,7,71,67,72,83,14,30.434782608695656,15.603828020972454,50.866129060572604,64.54545454545455,70.52631578947368,75.78947368421053,-5.26315789473685,75.45454545454545,14.736842105263156
CPU,14,pgd/eps0.01,pgd,eps0.01,30,110,95,23,8,76,73,72,85,10,34.78260869565217,18.811054636982238,55.11002309310836,69.0909090909091,76.84210526315789,75.78947368421053,1.0526315789473557,77.27272727272727,10.526315789473683
CPU,14,pgd/eps0.01,pgd,eps0.01,40,110,95,23,5,80,76,72,95,1,21.73913043478261,9.663835601719065,41.90388018273492,72.72727272727273,80.0,75.78947368421053,4.2105263157894655,86.36363636363636,1.0526315789473684
CPU,14,pgd/eps0.03,pgd,eps0.03,10,110,95,70,16,34,25,25,37,59,22.857142857142858,14.58794018862768,33.95055301845342,30.909090909090907,26.31578947368421,26.31578947368421,0.0,33.63636363636363,62.10526315789474
CPU,14,pgd/eps0.03,pgd,eps0.03,20,110,95,70,11,45,34,25,83,14,15.714285714285714,9.007528275988681,25.988463143482182,40.909090909090914,35.78947368421053,26.31578947368421,9.473684210526319,75.45454545454545,14.736842105263156
CPU,14,pgd/eps0.03,pgd,eps0.03,30,110,95,70,9,44,33,25,85,10,12.857142857142856,6.9140219912422625,22.664968713184503,40.0,34.73684210526316,26.31578947368421,8.421052631578949,77.27272727272727,10.526315789473683
CPU,14,pgd/eps0.03,pgd,eps0.03,40,110,95,70,6,43,31,25,95,1,8.571428571428571,3.9876126540328363,17.465876977827794,39.09090909090909,32.631578947368425,26.31578947368421,6.315789473684216,86.36363636363636,1.0526315789473684
CPU,14,mifgsm/eps0.03_default,mifgsm,eps0.03_default,10,110,95,66,14,31,24,29,37,59,21.21212121212121,13.077866875683968,32.51329942062081,28.18181818181818,25.263157894736842,30.526315789473685,-5.2631578947368425,33.63636363636363,62.10526315789474
CPU,14,mifgsm/eps0.03_default,mifgsm,eps0.03_default,20,110,95,66,9,44,33,29,83,14,13.636363636363635,7.343237343346893,23.929814820406513,40.0,34.73684210526316,30.526315789473685,4.210526315789473,75.45454545454545,14.736842105263156
CPU,14,mifgsm/eps0.03_default,mifgsm,eps0.03_default,30,110,95,66,8,46,34,29,85,10,12.121212121212121,6.271770703368283,22.137658633874846,41.81818181818181,35.78947368421053,30.526315789473685,5.2631578947368425,77.27272727272727,10.526315789473683
CPU,14,mifgsm/eps0.03_default,mifgsm,eps0.03_default,40,110,95,66,7,45,33,29,95,1,10.606060606060606,5.233280771918242,20.312525738814617,40.909090909090914,34.73684210526316,30.526315789473685,4.210526315789473,86.36363636363636,1.0526315789473684
CPU,14,difgsm/eps0.03_default,difgsm,eps0.03_default,10,110,95,62,13,33,24,33,37,59,20.967741935483872,12.683870286313342,32.63945113965444,30.0,25.263157894736842,34.73684210526316,-9.473684210526315,33.63636363636363,62.10526315789474
CPU,14,difgsm/eps0.03_default,difgsm,eps0.03_default,20,110,95,62,7,40,29,33,83,14,11.29032258064516,5.577792691334926,21.51996920995545,36.36363636363637,30.526315789473685,34.73684210526316,-4.210526315789473,75.45454545454545,14.736842105263156
CPU,14,difgsm/eps0.03_default,difgsm,eps0.03_default,30,110,95,62,4,41,29,33,85,10,6.451612903225806,2.5372494807644004,15.447732658187267,37.27272727272727,30.526315789473685,34.73684210526316,-4.210526315789473,77.27272727272727,10.526315789473683
CPU,14,difgsm/eps0.03_default,difgsm,eps0.03_default,40,110,95,62,4,42,30,33,95,1,6.451612903225806,2.5372494807644004,15.447732658187267,38.18181818181819,31.57894736842105,34.73684210526316,-3.157894736842106,86.36363636363636,1.0526315789473684
CPU,14,vmifgsm/eps0.03_default,vmifgsm,eps0.03_default,10,110,95,67,14,30,24,28,37,59,20.8955223880597,12.875568729828915,32.07203267951249,27.27272727272727,25.263157894736842,29.47368421052631,-4.210526315789469,33.63636363636363,62.10526315789474
CPU,14,vmifgsm/eps0.03_default,vmifgsm,eps0.03_default,20,110,95,67,7,42,31,28,83,14,10.44776119402985,5.153704291423214,20.031497623835616,38.18181818181819,32.631578947368425,29.47368421052631,3.1578947368421133,75.45454545454545,14.736842105263156
CPU,14,vmifgsm/eps0.03_default,vmifgsm,eps0.03_default,30,110,95,67,6,44,32,28,85,10,8.955223880597014,4.169038288133413,18.192963699399336,40.0,33.68421052631579,29.47368421052631,4.210526315789476,77.27272727272727,10.526315789473683
CPU,14,vmifgsm/eps0.03_default,vmifgsm,eps0.03_default,40,110,95,67,6,43,31,28,95,1,8.955223880597014,4.169038288133413,18.192963699399336,39.09090909090909,32.631578947368425,29.47368421052631,3.1578947368421133,86.36363636363636,1.0526315789473684
CPU,14,vnifgsm/eps0.03_default,vnifgsm,eps0.03_default,10,110,95,67,12,28,21,28,37,59,17.91044776119403,10.55348794125944,28.747713612629795,25.454545454545453,22.105263157894736,29.47368421052631,-7.368421052631575,33.63636363636363,62.10526315789474
CPU,14,vnifgsm/eps0.03_default,vnifgsm,eps0.03_default,20,110,95,67,6,41,30,28,83,14,8.955223880597014,4.169038288133413,18.192963699399336,37.27272727272727,31.57894736842105,29.47368421052631,2.10526315789474,75.45454545454545,14.736842105263156
CPU,14,vnifgsm/eps0.03_default,vnifgsm,eps0.03_default,30,110,95,67,2,38,27,28,85,10,2.9850746268656714,0.8224522347453904,10.246750041883029,34.54545454545455,28.421052631578945,29.47368421052631,-1.0526315789473664,77.27272727272727,10.526315789473683
CPU,14,vnifgsm/eps0.03_default,vnifgsm,eps0.03_default,40,110,95,67,5,42,30,28,95,1,7.462686567164178,3.2295572977927915,16.309244762013876,38.18181818181819,31.57894736842105,29.47368421052631,2.10526315789474,86.36363636363636,1.0526315789473684
CPU,14,rfgsm/eps0.03_default,rfgsm,eps0.03_default,10,110,95,69,16,36,26,26,37,59,23.18840579710145,14.807779670568113,34.397070305269864,32.72727272727273,27.368421052631582,27.368421052631582,0.0,33.63636363636363,62.10526315789474
CPU,14,rfgsm/eps0.03_default,rfgsm,eps0.03_default,20,110,95,69,9,43,33,26,83,14,13.043478260869565,7.016548568804834,22.968514911404274,39.09090909090909,34.73684210526316,27.368421052631582,7.368421052631575,75.45454545454545,14.736842105263156
CPU,14,rfgsm/eps0.03_default,rfgsm,eps0.03_default,30,110,95,69,6,42,31,26,85,10,8.695652173913043,4.0463070120907325,17.70170511284886,38.18181818181819,32.631578947368425,27.368421052631582,5.2631578947368425,77.27272727272727,10.526315789473683
CPU,14,rfgsm/eps0.03_default,rfgsm,eps0.03_default,40,110,95,69,6,44,32,26,95,1,8.695652173913043,4.0463070120907325,17.70170511284886,40.0,33.68421052631579,27.368421052631582,6.315789473684205,86.36363636363636,1.0526315789473684
CPU,14,tpgd/eps0.03_default,tpgd,eps0.03_default,10,110,95,50,8,29,26,45,37,59,16.0,8.337321362087696,28.51448096176598,26.36363636363636,27.368421052631582,47.368421052631575,-19.999999999999993,33.63636363636363,62.10526315789474
CPU,14,tpgd/eps0.03_default,tpgd,eps0.03_default,20,110,95,50,5,48,45,45,83,14,10.0,4.347512399157111,21.36049033478839,43.63636363636363,47.368421052631575,47.368421052631575,0.0,75.45454545454545,14.736842105263156
CPU,14,tpgd/eps0.03_default,tpgd,eps0.03_default,30,110,95,50,7,53,49,45,85,10,14.000000000000002,6.950745262022862,26.18645719852809,48.18181818181818,51.578947368421055,47.368421052631575,4.21052631578948,77.27272727272727,10.526315789473683
CPU,14,tpgd/eps0.03_default,tpgd,eps0.03_default,40,110,95,50,5,52,48,45,95,1,10.0,4.347512399157111,21.36049033478839,47.27272727272727,50.526315789473685,47.368421052631575,3.1578947368421098,86.36363636363636,1.0526315789473684
CPU,14,cw/c1_steps20_lr0.01,cw,c1_steps20_lr0.01,10,110,95,82,25,29,26,13,37,59,30.48780487804878,21.58325409446895,41.13878277343659,26.36363636363636,27.368421052631582,13.684210526315791,13.684210526315791,33.63636363636363,62.10526315789474
CPU,14,cw/c1_steps20_lr0.01,cw,c1_steps20_lr0.01,20,110,95,82,40,58,53,13,83,14,48.78048780487805,38.26071216079986,59.409415143444235,52.72727272727272,55.78947368421052,13.684210526315791,42.105263157894726,75.45454545454545,14.736842105263156
CPU,14,cw/c1_steps20_lr0.01,cw,c1_steps20_lr0.01,30,110,95,82,36,53,49,13,85,10,43.90243902439025,33.67336357846039,54.677272942760105,48.18181818181818,51.578947368421055,13.684210526315791,37.89473684210526,77.27272727272727,10.526315789473683
CPU,14,cw/c1_steps20_lr0.01,cw,c1_steps20_lr0.01,40,110,95,82,39,57,52,13,95,1,47.5609756097561,37.104798284402094,58.23545632408609,51.81818181818182,54.736842105263165,13.684210526315791,41.05263157894737,86.36363636363636,1.0526315789473684
CPU,14,deepfool/package_default,deepfool,package_default,10,110,95,94,31,35,31,1,37,59,32.97872340425532,24.307351447114595,42.98672387462993,31.818181818181817,32.631578947368425,1.0526315789473684,31.578947368421055,33.63636363636363,62.10526315789474
CPU,14,deepfool/package_default,deepfool,package_default,20,110,95,94,47,55,48,1,83,14,50.0,40.09249494369979,59.9075050563002,50.0,50.526315789473685,1.0526315789473684,49.473684210526315,75.45454545454545,14.736842105263156
CPU,14,deepfool/package_default,deepfool,package_default,30,110,95,94,61,68,62,1,85,10,64.8936170212766,54.833019987567475,73.78466410590606,61.81818181818181,65.26315789473685,1.0526315789473684,64.21052631578948,77.27272727272727,10.526315789473683
CPU,14,deepfool/package_default,deepfool,package_default,40,110,95,94,64,72,65,1,95,1,68.08510638297872,58.11106367969461,76.63898129095182,65.45454545454545,68.42105263157895,1.0526315789473684,67.36842105263158,86.36363636363636,1.0526315789473684
CPU,14,fab/eps0.005,fab,eps0.005,10,110,95,9,4,37,36,86,37,59,44.44444444444444,18.8775429471914,73.33526542559703,33.63636363636363,37.89473684210527,90.52631578947368,-52.63157894736842,33.63636363636363,62.10526315789474
CPU,14,fab/eps0.005,fab,eps0.005,20,110,95,9,6,83,81,86,83,14,66.66666666666666,35.419734749908976,87.9418401317257,75.45454545454545,85.26315789473684,90.52631578947368,-5.26315789473685,75.45454545454545,14.736842105263156
CPU,14,fab/eps0.005,fab,eps0.005,30,110,95,9,6,86,85,86,85,10,66.66666666666666,35.419734749908976,87.9418401317257,78.18181818181819,89.47368421052632,90.52631578947368,-1.05263157894737,77.27272727272727,10.526315789473683
CPU,14,fab/eps0.005,fab,eps0.005,40,110,95,9,6,92,91,86,95,1,66.66666666666666,35.419734749908976,87.9418401317257,83.63636363636363,95.78947368421052,90.52631578947368,5.263157894736835,86.36363636363636,1.0526315789473684
CPU,14,fab/eps0.01,fab,eps0.01,10,110,95,21,9,36,34,74,37,59,42.857142857142854,24.469699486521044,63.453783702967534,32.72727272727273,35.78947368421053,77.89473684210526,-42.10526315789473,33.63636363636363,62.10526315789474
CPU,14,fab/eps0.01,fab,eps0.01,20,110,95,21,13,80,78,74,83,14,61.904761904761905,40.87829581550152,79.2492322020175,72.72727272727273,82.10526315789474,77.89473684210526,4.21052631578948,75.45454545454545,14.736842105263156
CPU,14,fab/eps0.01,fab,eps0.01,30,110,95,21,17,87,84,74,85,10,80.95238095238095,59.9990134607267,92.33255938482269,79.0909090909091,88.42105263157895,77.89473684210526,10.526315789473685,77.27272727272727,10.526315789473683
CPU,14,fab/eps0.01,fab,eps0.01,40,110,95,21,14,90,87,74,95,1,66.66666666666666,45.37307565721029,82.80546356731631,81.81818181818183,91.57894736842105,77.89473684210526,13.684210526315795,86.36363636363636,1.0526315789473684
CPU,14,fab/eps0.03,fab,eps0.03,10,110,95,67,22,36,33,28,37,59,32.83582089552239,22.79115761560597,44.74204321554408,32.72727272727273,34.73684210526316,29.47368421052631,5.263157894736846,33.63636363636363,62.10526315789474
CPU,14,fab/eps0.03,fab,eps0.03,20,110,95,67,35,67,63,28,83,14,52.23880597014925,40.48498852683164,63.749811364757456,60.909090909090914,66.3157894736842,29.47368421052631,36.84210526315789,75.45454545454545,14.736842105263156
CPU,14,fab/eps0.03,fab,eps0.03,30,110,95,67,40,72,68,28,85,10,59.70149253731343,47.74111146058888,70.60968806963064,65.45454545454545,71.57894736842105,29.47368421052631,42.10526315789474,77.27272727272727,10.526315789473683
CPU,14,fab/eps0.03,fab,eps0.03,40,110,95,67,42,74,70,28,95,1,62.68656716417911,50.71518645751269,73.28201292815902,67.27272727272727,73.68421052631578,29.47368421052631,44.210526315789465,86.36363636363636,1.0526315789473684
CPU,14,square/eps0.03_default,square,eps0.03_default,10,110,95,72,16,36,26,23,37,59,22.22222222222222,14.16732392052012,33.091172735668565,32.72727272727273,27.368421052631582,24.210526315789473,3.1578947368421098,33.63636363636363,62.10526315789474
CPU,14,square/eps0.03_default,square,eps0.03_default,20,110,95,72,21,53,44,23,83,14,29.166666666666668,19.937911717246713,40.50596077489481,48.18181818181818,46.31578947368421,24.210526315789473,22.10526315789474,75.45454545454545,14.736842105263156
CPU,14,square/eps0.03_default,square,eps0.03_default,30,110,95,72,20,50,43,23,85,10,27.77777777777778,18.76014600532294,39.04665131962801,45.45454545454545,45.26315789473684,24.210526315789473,21.05263157894737,77.27272727272727,10.526315789473683
CPU,14,square/eps0.03_default,square,eps0.03_default,40,110,95,72,19,51,42,23,95,1,26.38888888888889,17.59364159655273,37.57608056120766,46.36363636363636,44.21052631578947,24.210526315789473,20.0,86.36363636363636,1.0526315789473684
CPU,14,apgd/eps0.03_default,apgd,eps0.03_default,10,110,95,69,14,32,24,26,37,59,20.28985507246377,12.489219999893795,31.22426240576451,29.09090909090909,25.263157894736842,27.368421052631582,-2.10526315789474,33.63636363636363,62.10526315789474
CPU,14,apgd/eps0.03_default,apgd,eps0.03_default,20,110,95,69,9,46,35,26,83,14,13.043478260869565,7.016548568804834,22.968514911404274,41.81818181818181,36.84210526315789,27.368421052631582,9.473684210526308,75.45454545454545,14.736842105263156
CPU,14,apgd/eps0.03_default,apgd,eps0.03_default,30,110,95,69,4,42,30,26,85,10,5.797101449275362,2.2772020303367495,13.979442524423167,38.18181818181819,31.57894736842105,27.368421052631582,4.210526315789469,77.27272727272727,10.526315789473683
CPU,14,apgd/eps0.03_default,apgd,eps0.03_default,40,110,95,69,5,44,31,26,95,1,7.246376811594203,3.1347309217669053,15.867597418082852,40.0,32.631578947368425,27.368421052631582,5.2631578947368425,86.36363636363636,1.0526315789473684
CPU,14,apgdt/eps0.03_default,apgdt,eps0.03_default,10,110,95,72,15,35,25,23,37,59,20.833333333333336,13.05194089904011,31.56948058995801,31.818181818181817,26.31578947368421,24.210526315789473,2.1052631578947363,33.63636363636363,62.10526315789474
CPU,14,apgdt/eps0.03_default,apgdt,eps0.03_default,20,110,95,72,9,43,32,23,83,14,12.5,6.717708293105555,22.08126219274917,39.09090909090909,33.68421052631579,24.210526315789473,9.473684210526315,75.45454545454545,14.736842105263156
CPU,14,apgdt/eps0.03_default,apgdt,eps0.03_default,30,110,95,72,6,42,29,23,85,10,8.333333333333332,3.8751897130490347,17.012555271233996,38.18181818181819,30.526315789473685,24.210526315789473,6.315789473684212,77.27272727272727,10.526315789473683
CPU,14,apgdt/eps0.03_default,apgdt,eps0.03_default,40,110,95,72,10,47,33,23,95,1,13.88888888888889,7.722647811471899,23.713397841573393,42.72727272727273,34.73684210526316,24.210526315789473,10.526315789473685,86.36363636363636,1.0526315789473684
CPU,14,autoattack/eps0.03_standard,autoattack,eps0.03_standard,10,110,95,75,18,37,28,20,37,59,24.0,15.754748728758244,34.778979658286154,33.63636363636363,29.47368421052631,21.052631578947366,8.421052631578945,33.63636363636363,62.10526315789474
CPU,14,autoattack/eps0.03_standard,autoattack,eps0.03_standard,20,110,95,75,11,42,31,20,83,14,14.666666666666666,8.391630937003363,24.384974306928775,38.18181818181819,32.631578947368425,21.052631578947366,11.578947368421058,75.45454545454545,14.736842105263156
CPU,14,autoattack/eps0.03_standard,autoattack,eps0.03_standard,30,110,95,75,6,38,26,20,85,10,8.0,3.7179617894368078,16.374984066557996,34.54545454545455,27.368421052631582,21.052631578947366,6.315789473684216,77.27272727272727,10.526315789473683
CPU,14,autoattack/eps0.03_standard,autoattack,eps0.03_standard,40,110,95,75,7,40,27,20,95,1,9.333333333333334,4.594793932894483,18.03488380068779,36.36363636363637,28.421052631578945,21.052631578947366,7.368421052631579,86.36363636363636,1.0526315789473684
CPU,14,ead/package_default,ead,package_default,10,110,95,95,36,39,36,0,37,59,37.89473684210527,28.789651358466834,47.940794121978655,35.45454545454545,37.89473684210527,0.0,37.89473684210527,33.63636363636363,62.10526315789474
CPU,14,ead/package_default,ead,package_default,20,110,95,95,64,67,64,0,83,14,67.36842105263158,57.42532416248356,75.96142797426857,60.909090909090914,67.36842105263158,0.0,67.36842105263158,75.45454545454545,14.736842105263156
CPU,14,ead/package_default,ead,package_default,30,110,95,95,62,67,62,0,85,10,65.26315789473685,55.26445695286396,74.07541613700913,60.909090909090914,65.26315789473685,0.0,65.26315789473685,77.27272727272727,10.526315789473683
CPU,14,ead/package_default,ead,package_default,40,110,95,95,74,78,74,0,95,1,77.89473684210526,68.5583903550731,85.06275701607429,70.9090909090909,77.89473684210526,0.0,77.89473684210526,86.36363636363636,1.0526315789473684
CPU,14,ALL/ALL_24,ALL,ALL_24,10,2640,2280,1354,333,804,665,926,888,1416,24.593796159527326,22.373955249395603,26.957395329346433,30.454545454545457,29.166666666666668,40.614035087719294,-11.447368421052627,33.63636363636363,62.10526315789474
CPU,14,ALL/ALL_24,ALL,ALL_24,20,2640,2280,1354,353,1330,1157,926,1992,336,26.070901033973414,23.80245675401881,28.47474553526148,50.378787878787875,50.74561403508772,40.614035087719294,10.131578947368425,75.45454545454545,14.736842105263156
CPU,14,ALL/ALL_24,ALL,ALL_24,30,2640,2280,1354,337,1373,1188,926,2040,240,24.889217134416544,22.659372897389762,27.26114802345992,52.00757575757575,52.10526315789473,40.614035087719294,11.491228070175438,77.27272727272727,10.526315789473683
CPU,14,ALL/ALL_24,ALL,ALL_24,40,2640,2280,1354,351,1441,1244,926,2280,24,25.9231905465288,23.659449727344793,28.323167390881665,54.58333333333333,54.56140350877193,40.614035087719294,13.947368421052637,86.36363636363636,1.0526315789473684
CPU,16,fgsm/eps0.005,fgsm,eps0.005,10,110,94,8,4,40,38,86,40,56,50.0,21.521252682444185,78.47874731755581,36.36363636363637,40.42553191489361,91.48936170212765,-51.06382978723404,36.36363636363637,59.57446808510638
CPU,16,fgsm/eps0.005,fgsm,eps0.005,20,110,94,8,4,82,79,86,85,12,50.0,21.521252682444185,78.47874731755581,74.54545454545455,84.04255319148936,91.48936170212765,-7.4468085106382915,77.27272727272727,12.76595744680851
CPU,16,fgsm/eps0.005,fgsm,eps0.005,30,110,94,8,3,85,82,86,87,9,37.5,13.684175946152106,69.42621454161981,77.27272727272727,87.2340425531915,91.48936170212765,-4.255319148936152,79.0909090909091,9.574468085106384
CPU,16,fgsm/eps0.005,fgsm,eps0.005,40,110,94,8,3,92,88,86,92,2,37.5,13.684175946152106,69.42621454161981,83.63636363636363,93.61702127659575,91.48936170212765,2.1276595744680975,83.63636363636363,2.127659574468085
CPU,16,fgsm/eps0.01,fgsm,eps0.01,10,110,94,18,10,39,37,76,40,56,55.55555555555556,33.716069428251636,75.44076889861088,35.45454545454545,39.361702127659576,80.85106382978722,-41.489361702127646,36.36363636363637,59.57446808510638
CPU,16,fgsm/eps0.01,fgsm,eps0.01,20,110,94,18,10,78,75,76,85,12,55.55555555555556,33.716069428251636,75.44076889861088,70.9090909090909,79.7872340425532,80.85106382978722,-1.0638297872340274,77.27272727272727,12.76595744680851
CPU,16,fgsm/eps0.01,fgsm,eps0.01,30,110,94,18,8,82,77,76,87,9,44.44444444444444,24.559231101389127,66.28393057174837,74.54545454545455,81.91489361702128,80.85106382978722,1.0638297872340559,79.0909090909091,9.574468085106384
CPU,16,fgsm/eps0.01,fgsm,eps0.01,40,110,94,18,8,88,84,76,92,2,44.44444444444444,24.559231101389127,66.28393057174837,80.0,89.36170212765957,80.85106382978722,8.510638297872347,83.63636363636363,2.127659574468085
CPU,16,fgsm/eps0.03,fgsm,eps0.03,10,110,94,47,14,36,29,47,40,56,29.78723404255319,18.651084151016263,43.9779440463654,32.72727272727273,30.851063829787233,50.0,-19.148936170212767,36.36363636363637,59.57446808510638
CPU,16,fgsm/eps0.03,fgsm,eps0.03,20,110,94,47,8,49,42,47,85,12,17.02127659574468,8.88625809126393,30.14005107288512,44.54545454545455,44.680851063829785,50.0,-5.319148936170215,77.27272727272727,12.76595744680851
CPU,16,fgsm/eps0.03,fgsm,eps0.03,30,110,94,47,10,61,53,47,87,9,21.27659574468085,11.989580124247315,34.904302050979275,55.45454545454545,56.38297872340425,50.0,6.38297872340425,79.0909090909091,9.574468085106384
CPU,16,fgsm/eps0.03,fgsm,eps0.03,40,110,94,47,9,62,53,47,92,2,19.148936170212767,10.415815605310119,32.5442800643777,56.36363636363636,56.38297872340425,50.0,6.38297872340425,83.63636363636363,2.127659574468085
CPU,16,fgsm/eps0.05,fgsm,eps0.05,10,110,94,62,13,35,26,32,40,56,20.967741935483872,12.683870286313342,32.63945113965444,31.818181818181817,27.659574468085108,34.04255319148936,-6.382978723404253,36.36363636363637,59.57446808510638
CPU,16,fgsm/eps0.05,fgsm,eps0.05,20,110,94,62,5,40,31,32,85,12,8.064516129032258,3.4937831855833754,17.528792207481192,36.36363636363637,32.97872340425532,34.04255319148936,-1.0638297872340416,77.27272727272727,12.76595744680851
CPU,16,fgsm/eps0.05,fgsm,eps0.05,30,110,94,62,6,42,34,32,87,9,9.67741935483871,4.51112577973332,19.54904286744415,38.18181818181819,36.17021276595745,34.04255319148936,2.1276595744680904,79.0909090909091,9.574468085106384
CPU,16,fgsm/eps0.05,fgsm,eps0.05,40,110,94,62,3,41,31,32,92,2,4.838709677419355,1.6591385000846108,13.288250384754152,37.27272727272727,32.97872340425532,34.04255319148936,-1.0638297872340416,83.63636363636363,2.127659574468085
CPU,16,bim/eps0.03_default,bim,eps0.03_default,10,110,94,68,19,36,27,26,40,56,27.941176470588236,18.677805007008423,39.56365954834669,32.72727272727273,28.723404255319153,27.659574468085108,1.0638297872340452,36.36363636363637,59.57446808510638
CPU,16,bim/eps0.03_default,bim,eps0.03_default,20,110,94,68,16,48,38,26,85,12,23.52941176470588,15.03436437092872,34.85539309549742,43.63636363636363,40.42553191489361,27.659574468085108,12.765957446808503,77.27272727272727,12.76595744680851
CPU,16,bim/eps0.03_default,bim,eps0.03_default,30,110,94,68,10,45,34,26,87,9,14.705882352941178,8.18872983910454,24.99761344946364,40.909090909090914,36.17021276595745,27.659574468085108,8.510638297872344,79.0909090909091,9.574468085106384
CPU,16,bim/eps0.03_default,bim,eps0.03_default,40,110,94,68,6,39,29,26,92,2,8.823529411764707,4.106755602017401,17.94397823464548,35.45454545454545,30.851063829787233,27.659574468085108,3.191489361702125,83.63636363636363,2.127659574468085
CPU,16,pgd/eps0.005,pgd,eps0.005,10,110,94,11,5,39,37,83,40,56,45.45454545454545,21.270957543988047,71.99122443100117,35.45454545454545,39.361702127659576,88.29787234042553,-48.93617021276595,36.36363636363637,59.57446808510638
CPU,16,pgd/eps0.005,pgd,eps0.005,20,110,94,11,6,82,79,83,85,12,54.54545454545454,28.008775568998818,78.72904245601195,74.54545454545455,84.04255319148936,88.29787234042553,-4.255319148936167,77.27272727272727,12.76595744680851
CPU,16,pgd/eps0.005,pgd,eps0.005,30,110,94,11,6,86,83,83,87,9,54.54545454545454,28.008775568998818,78.72904245601195,78.18181818181819,88.29787234042553,88.29787234042553,0.0,79.0909090909091,9.574468085106384
CPU,16,pgd/eps0.005,pgd,eps0.005,40,110,94,11,6,93,89,83,92,2,54.54545454545454,28.008775568998818,78.72904245601195,84.54545454545455,94.68085106382979,88.29787234042553,6.382978723404264,83.63636363636363,2.127659574468085
CPU,16,pgd/eps0.01,pgd,eps0.01,10,110,94,20,10,39,35,74,40,56,50.0,29.92949144298199,70.070508557018,35.45454545454545,37.234042553191486,78.72340425531915,-41.48936170212767,36.36363636363637,59.57446808510638
CPU,16,pgd/eps0.01,pgd,eps0.01,20,110,94,20,12,82,76,74,85,12,60.0,38.65779423152061,78.11960325858074,74.54545454545455,80.85106382978722,78.72340425531915,2.127659574468069,77.27272727272727,12.76595744680851
CPU,16,pgd/eps0.01,pgd,eps0.01,30,110,94,20,10,83,77,74,87,9,50.0,29.92949144298199,70.070508557018,75.45454545454545,81.91489361702128,78.72340425531915,3.191489361702125,79.0909090909091,9.574468085106384
CPU,16,pgd/eps0.01,pgd,eps0.01,40,110,94,20,5,82,78,74,92,2,25.0,11.186005278940309,46.87050099580636,74.54545454545455,82.97872340425532,78.72340425531915,4.255319148936167,83.63636363636363,2.127659574468085
CPU,16,pgd/eps0.03,pgd,eps0.03,10,110,94,66,21,39,28,28,40,56,31.818181818181817,21.848849400185994,43.787676681690705,35.45454545454545,29.78723404255319,29.78723404255319,0.0,36.36363636363637,59.57446808510638
CPU,16,pgd/eps0.03,pgd,eps0.03,20,110,94,66,17,54,41,28,85,12,25.757575757575758,16.748707345896683,37.43332742993892,49.09090909090909,43.61702127659575,29.78723404255319,13.82978723404256,77.27272727272727,12.76595744680851
CPU,16,pgd/eps0.03,pgd,eps0.03,30,110,94,66,10,48,36,28,87,9,15.151515151515152,8.443546388835518,25.69312860142816,43.63636363636363,38.297872340425535,29.78723404255319,8.510638297872344,79.0909090909091,9.574468085106384
CPU,16,pgd/eps0.03,pgd,eps0.03,40,110,94,66,8,44,33,28,92,2,12.121212121212121,6.271770703368283,22.137658633874846,40.0,35.1063829787234,29.78723404255319,5.319148936170212,83.63636363636363,2.127659574468085
CPU,16,mifgsm/eps0.03_default,mifgsm,eps0.03_default,10,110,94,67,20,36,28,27,40,56,29.850746268656714,20.23136115497689,41.655439820721,32.72727272727273,29.78723404255319,28.723404255319153,1.063829787234038,36.36363636363637,59.57446808510638
CPU,16,mifgsm/eps0.03_default,mifgsm,eps0.03_default,20,110,94,67,15,50,39,27,85,12,22.388059701492537,14.06360851472927,33.707192822338214,45.45454545454545,41.48936170212766,28.723404255319153,12.765957446808507,77.27272727272727,12.76595744680851
CPU,16,mifgsm/eps0.03_default,mifgsm,eps0.03_default,30,110,94,67,11,46,36,27,87,9,16.417910447761194,9.422515633762062,27.055485992401096,41.81818181818181,38.297872340425535,28.723404255319153,9.574468085106382,79.0909090909091,9.574468085106384
CPU,16,mifgsm/eps0.03_default,mifgsm,eps0.03_default,40,110,94,67,6,41,31,27,92,2,8.955223880597014,4.169038288133413,18.192963699399336,37.27272727272727,32.97872340425532,28.723404255319153,4.255319148936167,83.63636363636363,2.127659574468085
CPU,16,difgsm/eps0.03_default,difgsm,eps0.03_default,10,110,94,62,18,38,27,32,40,56,29.03225806451613,19.223406385395197,41.28788131113709,34.54545454545455,28.723404255319153,34.04255319148936,-5.319148936170208,36.36363636363637,59.57446808510638
CPU,16,difgsm/eps0.03_default,difgsm,eps0.03_default,20,110,94,62,8,44,33,32,85,12,12.903225806451612,6.685798258498754,23.449556896904518,40.0,35.1063829787234,34.04255319148936,1.0638297872340416,77.27272727272727,12.76595744680851
CPU,16,difgsm/eps0.03_default,difgsm,eps0.03_default,30,110,94,62,5,41,30,32,87,9,8.064516129032258,3.4937831855833754,17.528792207481192,37.27272727272727,31.914893617021278,34.04255319148936,-2.1276595744680833,79.0909090909091,9.574468085106384
CPU,16,difgsm/eps0.03_default,difgsm,eps0.03_default,40,110,94,62,5,43,32,32,92,2,8.064516129032258,3.4937831855833754,17.528792207481192,39.09090909090909,34.04255319148936,34.04255319148936,0.0,83.63636363636363,2.127659574468085
CPU,16,vmifgsm/eps0.03_default,vmifgsm,eps0.03_default,10,110,94,68,20,35,27,26,40,56,29.411764705882355,19.918862654604713,41.10650426372672,31.818181818181817,28.723404255319153,27.659574468085108,1.0638297872340452,36.36363636363637,59.57446808510638
CPU,16,vmifgsm/eps0.03_default,vmifgsm,eps0.03_default,20,110,94,68,15,49,38,26,85,12,22.058823529411764,13.84889157967965,33.25696352377016,44.54545454545455,40.42553191489361,27.659574468085108,12.765957446808503,77.27272727272727,12.76595744680851
CPU,16,vmifgsm/eps0.03_default,vmifgsm,eps0.03_default,30,110,94,68,12,47,36,26,87,9,17.647058823529413,10.393485385088718,28.360662629432117,42.72727272727273,38.297872340425535,27.659574468085108,10.638297872340427,79.0909090909091,9.574468085106384
CPU,16,vmifgsm/eps0.03_default,vmifgsm,eps0.03_default,40,110,94,68,7,42,32,26,92,2,10.294117647058822,5.076512677817478,19.758123521821723,38.18181818181819,34.04255319148936,27.659574468085108,6.382978723404253,83.63636363636363,2.127659574468085
CPU,16,vnifgsm/eps0.03_default,vnifgsm,eps0.03_default,10,110,94,64,18,36,26,30,40,56,28.125,18.593226105484582,40.1341623995035,32.72727272727273,27.659574468085108,31.914893617021278,-4.25531914893617,36.36363636363637,59.57446808510638
CPU,16,vnifgsm/eps0.03_default,vnifgsm,eps0.03_default,20,110,94,64,11,48,36,30,85,12,17.1875,9.87764126731623,28.21344149016591,43.63636363636363,38.297872340425535,31.914893617021278,6.382978723404257,77.27272727272727,12.76595744680851
CPU,16,vnifgsm/eps0.03_default,vnifgsm,eps0.03_default,30,110,94,64,10,48,37,30,87,9,15.625,8.714748876961673,26.428290202305327,43.63636363636363,39.361702127659576,31.914893617021278,7.446808510638299,79.0909090909091,9.574468085106384
CPU,16,vnifgsm/eps0.03_default,vnifgsm,eps0.03_default,40,110,94,64,3,41,30,30,92,2,4.6875,1.6068725432185196,12.899860788542522,37.27272727272727,31.914893617021278,31.914893617021278,0.0,83.63636363636363,2.127659574468085
CPU,16,rfgsm/eps0.03_default,rfgsm,eps0.03_default,10,110,94,67,20,37,28,27,40,56,29.850746268656714,20.23136115497689,41.655439820721,33.63636363636363,29.78723404255319,28.723404255319153,1.063829787234038,36.36363636363637,59.57446808510638
CPU,16,rfgsm/eps0.03_default,rfgsm,eps0.03_default,20,110,94,67,12,46,35,27,85,12,17.91044776119403,10.55348794125944,28.747713612629795,41.81818181818181,37.234042553191486,28.723404255319153,8.510638297872333,77.27272727272727,12.76595744680851
CPU,16,rfgsm/eps0.03_default,rfgsm,eps0.03_default,30,110,94,67,9,43,33,27,87,9,13.432835820895523,7.231009995983991,23.600591774727004,39.09090909090909,35.1063829787234,28.723404255319153,6.38297872340425,79.0909090909091,9.574468085106384
CPU,16,rfgsm/eps0.03_default,rfgsm,eps0.03_default,40,110,94,67,6,43,31,27,92,2,8.955223880597014,4.169038288133413,18.192963699399336,39.09090909090909,32.97872340425532,28.723404255319153,4.255319148936167,83.63636363636363,2.127659574468085
CPU,16,tpgd/eps0.03_default,tpgd,eps0.03_default,10,110,94,35,10,40,33,59,40,56,28.57142857142857,16.326363398295566,45.05524806982108,36.36363636363637,35.1063829787234,62.76595744680851,-27.659574468085104,36.36363636363637,59.57446808510638
CPU,16,tpgd/eps0.03_default,tpgd,eps0.03_default,20,110,94,35,7,64,59,59,85,12,20.0,10.042319445900802,35.89193660946252,58.18181818181818,62.76595744680851,62.76595744680851,0.0,77.27272727272727,12.76595744680851
CPU,16,tpgd/eps0.03_default,tpgd,eps0.03_default,30,110,94,35,4,62,56,59,87,9,11.428571428571429,4.53510585448975,25.95179478812023,56.36363636363636,59.57446808510638,62.76595744680851,-3.191489361702125,79.0909090909091,9.574468085106384
CPU,16,tpgd/eps0.03_default,tpgd,eps0.03_default,40,110,94,35,2,61,56,59,92,2,5.714285714285714,1.5812829614043955,18.60738073937003,55.45454545454545,59.57446808510638,62.76595744680851,-3.191489361702125,83.63636363636363,2.127659574468085
CPU,16,cw/c1_steps20_lr0.01,cw,c1_steps20_lr0.01,10,110,94,86,33,37,33,8,40,56,38.372093023255815,28.801279969390333,48.9373177403566,33.63636363636363,35.1063829787234,8.51063829787234,26.595744680851062,36.36363636363637,59.57446808510638
CPU,16,cw/c1_steps20_lr0.01,cw,c1_steps20_lr0.01,20,110,94,86,46,58,53,8,85,12,53.48837209302325,43.02411599878987,63.654304688286025,52.72727272727272,56.38297872340425,8.51063829787234,47.87234042553191,77.27272727272727,12.76595744680851
CPU,16,cw/c1_steps20_lr0.01,cw,c1_steps20_lr0.01,30,110,94,86,46,59,53,8,87,9,53.48837209302325,43.02411599878987,63.654304688286025,53.63636363636364,56.38297872340425,8.51063829787234,47.87234042553191,79.0909090909091,9.574468085106384
CPU,16,cw/c1_steps20_lr0.01,cw,c1_steps20_lr0.01,40,110,94,86,43,56,50,8,92,2,50.0,39.6607904655242,60.3392095344758,50.90909090909091,53.191489361702125,8.51063829787234,44.680851063829785,83.63636363636363,2.127659574468085
CPU,16,deepfool/package_default,deepfool,package_default,10,110,94,93,36,40,36,1,40,56,38.70967741935484,29.4458994149874,48.869204837730436,36.36363636363637,38.297872340425535,1.0638297872340425,37.23404255319149,36.36363636363637,59.57446808510638
CPU,16,deepfool/package_default,deepfool,package_default,20,110,94,93,56,63,57,1,85,12,60.215053763440864,50.05293284970952,69.56673473116483,57.27272727272727,60.63829787234043,1.0638297872340425,59.57446808510639,77.27272727272727,12.76595744680851
CPU,16,deepfool/package_default,deepfool,package_default,30,110,94,93,63,68,64,1,87,9,67.74193548387096,57.70106827427646,76.37519647145264,61.81818181818181,68.08510638297872,1.0638297872340425,67.02127659574468,79.0909090909091,9.574468085106384
CPU,16,deepfool/package_default,deepfool,package_default,40,110,94,93,60,66,61,1,92,2,64.51612903225806,54.39330656324219,73.48727368326344,60.0,64.8936170212766,1.0638297872340425,63.829787234042556,83.63636363636363,2.127659574468085
CPU,16,fab/eps0.005,fab,eps0.005,10,110,94,11,5,40,38,83,40,56,45.45454545454545,21.270957543988047,71.99122443100117,36.36363636363637,40.42553191489361,88.29787234042553,-47.87234042553192,36.36363636363637,59.57446808510638
CPU,16,fab/eps0.005,fab,eps0.005,20,110,94,11,6,84,81,83,85,12,54.54545454545454,28.008775568998818,78.72904245601195,76.36363636363637,86.17021276595744,88.29787234042553,-2.1276595744680833,77.27272727272727,12.76595744680851
CPU,16,fab/eps0.005,fab,eps0.005,30,110,94,11,7,88,85,83,87,9,63.63636363636363,35.37967768916373,84.83377638586862,80.0,90.42553191489363,88.29787234042553,2.1276595744680975,79.0909090909091,9.574468085106384
CPU,16,fab/eps0.005,fab,eps0.005,40,110,94,11,7,91,90,83,92,2,63.63636363636363,35.37967768916373,84.83377638586862,82.72727272727273,95.74468085106383,88.29787234042553,7.446808510638306,83.63636363636363,2.127659574468085
CPU,16,fab/eps0.01,fab,eps0.01,10,110,94,20,12,40,38,74,40,56,60.0,38.65779423152061,78.11960325858074,36.36363636363637,40.42553191489361,78.72340425531915,-38.29787234042554,36.36363636363637,59.57446808510638
CPU,16,fab/eps0.01,fab,eps0.01,20,110,94,20,12,82,79,74,85,12,60.0,38.65779423152061,78.11960325858074,74.54545454545455,84.04255319148936,78.72340425531915,5.319148936170208,77.27272727272727,12.76595744680851
CPU,16,fab/eps0.01,fab,eps0.01,30,110,94,20,13,87,83,74,87,9,65.0,43.285051021946465,81.88104521320554,79.0909090909091,88.29787234042553,78.72340425531915,9.574468085106375,79.0909090909091,9.574468085106384
CPU,16,fab/eps0.01,fab,eps0.01,40,110,94,20,14,90,88,74,92,2,70.0,48.102322377102055,85.4524726031006,81.81818181818183,93.61702127659575,78.72340425531915,14.893617021276597,83.63636363636363,2.127659574468085
CPU,16,fab/eps0.03,fab,eps0.03,10,110,94,64,27,40,37,30,40,56,42.1875,30.869593661451578,54.39018794747275,36.36363636363637,39.361702127659576,31.914893617021278,7.446808510638299,36.36363636363637,59.57446808510638
CPU,16,fab/eps0.03,fab,eps0.03,20,110,94,64,36,72,66,30,85,12,56.25,44.08599177828787,67.70618293457267,65.45454545454545,70.2127659574468,31.914893617021278,38.29787234042553,77.27272727272727,12.76595744680851
CPU,16,fab/eps0.03,fab,eps0.03,30,110,94,64,41,75,71,30,87,9,64.0625,51.82062363615084,74.71176946778539,68.18181818181817,75.53191489361703,31.914893617021278,43.61702127659575,79.0909090909091,9.574468085106384
CPU,16,fab/eps0.03,fab,eps0.03,40,110,94,64,45,77,75,30,92,2,70.3125,58.22956740587202,80.09500041092477,70.0,79.7872340425532,31.914893617021278,47.87234042553192,83.63636363636363,2.127659574468085
CPU,16,square/eps0.03_default,square,eps0.03_default,10,110,94,71,21,37,28,23,40,56,29.577464788732392,20.23273873376572,41.01875776016279,33.63636363636363,29.78723404255319,24.46808510638298,5.319148936170212,36.36363636363637,59.57446808510638
CPU,16,square/eps0.03_default,square,eps0.03_default,20,110,94,71,27,57,50,23,85,12,38.028169014084504,27.627002252580525,49.65835776110171,51.81818181818182,53.191489361702125,24.46808510638298,28.723404255319146,77.27272727272727,12.76595744680851
CPU,16,square/eps0.03_default,square,eps0.03_default,30,110,94,71,26,55,49,23,87,9,36.61971830985916,26.37005388157354,48.24299554548308,50.0,52.12765957446809,24.46808510638298,27.65957446808511,79.0909090909091,9.574468085106384
CPU,16,square/eps0.03_default,square,eps0.03_default,40,110,94,71,31,60,54,23,92,2,43.66197183098591,32.74593796310178,55.22866439708294,54.54545454545454,57.446808510638306,24.46808510638298,32.97872340425533,83.63636363636363,2.127659574468085
CPU,16,apgd/eps0.03_default,apgd,eps0.03_default,10,110,94,70,18,35,25,24,40,56,25.71428571428571,16.929141951409772,37.026351970715424,31.818181818181817,26.595744680851062,25.53191489361702,1.0638297872340416,36.36363636363637,59.57446808510638
CPU,16,apgd/eps0.03_default,apgd,eps0.03_default,20,110,94,70,14,50,38,24,85,12,20.0,12.304627802949916,30.816864689087087,45.45454545454545,40.42553191489361,25.53191489361702,14.89361702127659,77.27272727272727,12.76595744680851
CPU,16,apgd/eps0.03_default,apgd,eps0.03_default,30,110,94,70,11,47,35,24,87,9,15.714285714285714,9.007528275988681,25.988463143482182,42.72727272727273,37.234042553191486,25.53191489361702,11.702127659574465,79.0909090909091,9.574468085106384
CPU,16,apgd/eps0.03_default,apgd,eps0.03_default,40,110,94,70,5,40,29,24,92,2,7.142857142857142,3.089376151029351,15.65561312330923,36.36363636363637,30.851063829787233,25.53191489361702,5.319148936170212,83.63636363636363,2.127659574468085
CPU,16,apgdt/eps0.03_default,apgdt,eps0.03_default,10,110,94,72,21,38,28,22,40,56,29.166666666666668,19.937911717246713,40.50596077489481,34.54545454545455,29.78723404255319,23.404255319148938,6.382978723404253,36.36363636363637,59.57446808510638
CPU,16,apgdt/eps0.03_default,apgdt,eps0.03_default,20,110,94,72,14,47,36,22,85,12,19.444444444444446,11.951371043417634,30.032975278389916,42.72727272727273,38.297872340425535,23.404255319148938,14.893617021276597,77.27272727272727,12.76595744680851
CPU,16,apgdt/eps0.03_default,apgdt,eps0.03_default,30,110,94,72,15,48,37,22,87,9,20.833333333333336,13.05194089904011,31.56948058995801,43.63636363636363,39.361702127659576,23.404255319148938,15.957446808510639,79.0909090909091,9.574468085106384
CPU,16,apgdt/eps0.03_default,apgdt,eps0.03_default,40,110,94,72,12,44,34,22,92,2,16.666666666666664,9.799275085321623,26.910920902104795,40.0,36.17021276595745,23.404255319148938,12.765957446808514,83.63636363636363,2.127659574468085
CPU,16,autoattack/eps0.03_standard,autoattack,eps0.03_standard,10,110,94,75,19,36,26,19,40,56,25.333333333333336,16.859919647948146,36.21054061668372,32.72727272727273,27.659574468085108,20.212765957446805,7.446808510638302,36.36363636363637,59.57446808510638
CPU,16,autoattack/eps0.03_standard,autoattack,eps0.03_standard,20,110,94,75,21,52,40,19,85,12,28.000000000000004,19.103020085378443,39.040903934428364,47.27272727272727,42.5531914893617,20.212765957446805,22.340425531914896,77.27272727272727,12.76595744680851
CPU,16,autoattack/eps0.03_standard,autoattack,eps0.03_standard,30,110,94,75,12,43,31,19,87,9,16.0,9.39642132377429,25.916915797745315,39.09090909090909,32.97872340425532,20.212765957446805,12.765957446808514,79.0909090909091,9.574468085106384
CPU,16,autoattack/eps0.03_standard,autoattack,eps0.03_standard,40,110,94,75,11,41,30,19,92,2,14.666666666666666,8.391630937003363,24.384974306928775,37.27272727272727,31.914893617021278,20.212765957446805,11.702127659574472,83.63636363636363,2.127659574468085
CPU,16,ead/package_default,ead,package_default,10,110,94,94,35,38,35,0,40,56,37.234042553191486,28.143034496707227,47.32752199460117,34.54545454545455,37.234042553191486,0.0,37.234042553191486,36.36363636363637,59.57446808510638
CPU,16,ead/package_default,ead,package_default,20,110,94,94,65,69,65,0,85,12,69.14893617021278,59.21412315417918,77.58004210885822,62.727272727272734,69.14893617021278,0.0,69.14893617021278,77.27272727272727,12.76595744680851
CPU,16,ead/package_default,ead,package_default,30,110,94,94,72,75,72,0,87,9,76.59574468085107,67.09711260353912,84.00589470623505,68.18181818181817,76.59574468085107,0.0,76.59574468085107,79.0909090909091,9.574468085106384
CPU,16,ead/package_default,ead,package_default,40,110,94,94,72,73,72,0,92,2,76.59574468085107,67.09711260353912,84.00589470623505,66.36363636363637,76.59574468085107,0.0,76.59574468085107,83.63636363636363,2.127659574468085
CPU,16,ALL/ALL_24,ALL,ALL_24,10,2640,2256,1319,429,906,750,937,960,1344,32.52463987869598,30.050346464189065,35.10043198124234,34.31818181818182,33.244680851063826,41.53368794326241,-8.289007092198581,36.36363636363637,59.57446808510638
CPU,16,ALL/ALL_24,ALL,ALL_24,20,2640,2256,1319,443,1450,1266,937,2040,288,33.586050037907505,31.088133044735105,36.17930093980241,54.92424242424242,56.11702127659575,41.53368794326241,14.583333333333343,77.27272727272727,12.76595744680851
CPU,16,ALL/ALL_24,ALL,ALL_24,30,2640,2256,1319,420,1464,1284,937,2088,216,31.842304776345713,29.383972576364137,34.40609873678475,55.45454545454545,56.91489361702128,41.53368794326241,15.38120567375887,79.0909090909091,9.574468085106384
CPU,16,ALL/ALL_24,ALL,ALL_24,40,2640,2256,1319,377,1450,1280,937,2208,48,28.582259287338896,26.208918188886205,31.07999682557962,54.92424242424242,56.73758865248227,41.53368794326241,15.203900709219866,83.63636363636363,2.127659574468085
CPU,18,fgsm/eps0.005,fgsm,eps0.005,10,110,95,4,0,40,38,91,41,55,0.0,0.0,48.990002040399915,36.36363636363637,40.0,95.78947368421052,-55.78947368421052,37.27272727272727,57.89473684210527
CPU,18,fgsm/eps0.005,fgsm,eps0.005,20,110,95,4,0,79,77,91,81,15,0.0,0.0,48.990002040399915,71.81818181818181,81.05263157894737,95.78947368421052,-14.73684210526315,73.63636363636363,15.789473684210526
CPU,18,fgsm/eps0.005,fgsm,eps0.005,30,110,95,4,0,81,81,91,84,11,0.0,0.0,48.990002040399915,73.63636363636363,85.26315789473684,95.78947368421052,-10.526315789473685,76.36363636363637,11.578947368421053
CPU,18,fgsm/eps0.005,fgsm,eps0.005,40,110,95,4,0,89,88,91,91,4,0.0,0.0,48.990002040399915,80.9090909090909,92.63157894736842,95.78947368421052,-3.1578947368420955,82.72727272727273,4.2105263157894735
CPU,18,fgsm/eps0.01,fgsm,eps0.01,10,110,95,16,8,36,34,79,41,55,50.0,27.99923761135083,72.00076238864916,32.72727272727273,35.78947368421053,83.15789473684211,-47.36842105263158,37.27272727272727,57.89473684210527
CPU,18,fgsm/eps0.01,fgsm,eps0.01,20,110,95,16,9,79,73,79,81,15,56.25,33.17819560677652,76.90163666481448,71.81818181818181,76.84210526315789,83.15789473684211,-6.3157894736842195,73.63636363636363,15.789473684210526
CPU,18,fgsm/eps0.01,fgsm,eps0.01,30,110,95,16,8,81,77,79,84,11,50.0,27.99923761135083,72.00076238864916,73.63636363636363,81.05263157894737,83.15789473684211,-2.10526315789474,76.36363636363637,11.578947368421053
CPU,18,fgsm/eps0.01,fgsm,eps0.01,40,110,95,16,8,87,83,79,91,4,50.0,27.99923761135083,72.00076238864916,79.0909090909091,87.36842105263159,83.15789473684211,4.21052631578948,82.72727272727273,4.2105263157894735
CPU,18,fgsm/eps0.03,fgsm,eps0.03,10,110,95,50,14,33,26,45,41,55,28.000000000000004,17.47401435768036,41.66538714598967,30.0,27.368421052631582,47.368421052631575,-19.999999999999993,37.27272727272727,57.89473684210527
CPU,18,fgsm/eps0.03,fgsm,eps0.03,20,110,95,50,8,53,43,45,81,15,16.0,8.337321362087696,28.51448096176598,48.18181818181818,45.26315789473684,47.368421052631575,-2.1052631578947327,73.63636363636363,15.789473684210526
CPU,18,fgsm/eps0.03,fgsm,eps0.03,30,110,95,50,5,55,44,45,84,11,10.0,4.347512399157111,21.36049033478839,50.0,46.31578947368421,47.368421052631575,-1.0526315789473628,76.36363636363637,11.578947368421053
CPU,18,fgsm/eps0.03,fgsm,eps0.03,40,110,95,50,4,58,47,45,91,4,8.0,3.1549003255790686,18.838502545063704,52.72727272727272,49.473684210526315,47.368421052631575,2.10526315789474,82.72727272727273,4.2105263157894735
CPU,18,fgsm/eps0.05,fgsm,eps0.05,10,110,95,73,10,30,20,22,41,55,13.698630136986301,7.614307799620813,23.412635939187332,27.27272727272727,21.052631578947366,23.157894736842106,-2.10526315789474,37.27272727272727,57.89473684210527
CPU,18,fgsm/eps0.05,fgsm,eps0.05,20,110,95,73,8,38,27,22,81,15,10.95890410958904,5.658604161011908,20.162825897706284,34.54545454545455,28.421052631578945,23.157894736842106,5.263157894736839,73.63636363636363,15.789473684210526
CPU,18,fgsm/eps0.05,fgsm,eps0.05,30,110,95,73,6,37,26,22,84,11,8.21917808219178,3.821322997342026,16.794593381286216,33.63636363636363,27.368421052631582,23.157894736842106,4.210526315789476,76.36363636363637,11.578947368421053
CPU,18,fgsm/eps0.05,fgsm,eps0.05,40,110,95,73,2,35,23,22,91,4,2.73972602739726,0.7545600452515573,9.45032897319678,31.818181818181817,24.210526315789473,23.157894736842106,1.0526315789473664,82.72727272727273,4.2105263157894735
CPU,18,bim/eps0.03_default,bim,eps0.03_default,10,110,95,69,15,34,24,26,41,55,21.73913043478261,13.640646957336042,32.818519233412104,30.909090909090907,25.263157894736842,27.368421052631582,-2.10526315789474,37.27272727272727,57.89473684210527
CPU,18,bim/eps0.03_default,bim,eps0.03_default,20,110,95,69,11,46,34,26,81,15,15.942028985507244,9.141730642401868,26.334700407986915,41.81818181818181,35.78947368421053,27.368421052631582,8.421052631578945,73.63636363636363,15.789473684210526
CPU,18,bim/eps0.03_default,bim,eps0.03_default,30,110,95,69,8,45,33,26,84,11,11.594202898550725,5.993426545958408,21.24595314916087,40.909090909090914,34.73684210526316,27.368421052631582,7.368421052631575,76.36363636363637,11.578947368421053
CPU,18,bim/eps0.03_default,bim,eps0.03_default,40,110,95,69,6,45,32,26,91,4,8.695652173913043,4.0463070120907325,17.70170511284886,40.909090909090914,33.68421052631579,27.368421052631582,6.315789473684205,82.72727272727273,4.2105263157894735
CPU,18,pgd/eps0.005,pgd,eps0.005,10,110,95,5,1,40,38,90,41,55,20.0,3.6223160969787447,62.44717358814613,36.36363636363637,40.0,94.73684210526315,-54.73684210526315,37.27272727272727,57.89473684210527
CPU,18,pgd/eps0.005,pgd,eps0.005,20,110,95,5,1,78,76,90,81,15,20.0,3.6223160969787447,62.44717358814613,70.9090909090909,80.0,94.73684210526315,-14.73684210526315,73.63636363636363,15.789473684210526
CPU,18,pgd/eps0.005,pgd,eps0.005,30,110,95,5,1,81,81,90,84,11,20.0,3.6223160969787447,62.44717358814613,73.63636363636363,85.26315789473684,94.73684210526315,-9.473684210526315,76.36363636363637,11.578947368421053
CPU,18,pgd/eps0.005,pgd,eps0.005,40,110,95,5,1,89,88,90,91,4,20.0,3.6223160969787447,62.44717358814613,80.9090909090909,92.63157894736842,94.73684210526315,-2.1052631578947256,82.72727272727273,4.2105263157894735
CPU,18,pgd/eps0.01,pgd,eps0.01,10,110,95,25,12,39,35,70,41,55,48.0,30.031003928960015,66.50178204685268,35.45454545454545,36.84210526315789,73.68421052631578,-36.84210526315789,37.27272727272727,57.89473684210527
CPU,18,pgd/eps0.01,pgd,eps0.01,20,110,95,25,16,80,74,70,81,15,64.0,44.51815460104663,79.75234356826437,72.72727272727273,77.89473684210526,73.68421052631578,4.21052631578948,73.63636363636363,15.789473684210526
CPU,18,pgd/eps0.01,pgd,eps0.01,30,110,95,25,16,82,77,70,84,11,64.0,44.51815460104663,79.75234356826437,74.54545454545455,81.05263157894737,73.68421052631578,7.368421052631589,76.36363636363637,11.578947368421053
CPU,18,pgd/eps0.01,pgd,eps0.01,40,110,95,25,15,83,78,70,91,4,60.0,40.739127785127344,76.59694233580909,75.45454545454545,82.10526315789474,73.68421052631578,8.42105263157896,82.72727272727273,4.2105263157894735
CPU,18,pgd/eps0.03,pgd,eps0.03,10,110,95,67,14,32,23,28,41,55,20.8955223880597,12.875568729828915,32.07203267951249,29.09090909090909,24.210526315789473,29.47368421052631,-5.263157894736839,37.27272727272727,57.89473684210527
CPU,18,pgd/eps0.03,pgd,eps0.03,20,110,95,67,8,45,34,28,81,15,11.940298507462686,6.176158770587533,21.832243072397375,40.909090909090914,35.78947368421053,29.47368421052631,6.315789473684216,73.63636363636363,15.789473684210526
CPU,18,pgd/eps0.03,pgd,eps0.03,30,110,95,67,8,48,35,28,84,11,11.940298507462686,6.176158770587533,21.832243072397375,43.63636363636363,36.84210526315789,29.47368421052631,7.368421052631579,76.36363636363637,11.578947368421053
CPU,18,pgd/eps0.03,pgd,eps0.03,40,110,95,67,7,48,35,28,91,4,10.44776119402985,5.153704291423214,20.031497623835616,43.63636363636363,36.84210526315789,29.47368421052631,7.368421052631579,82.72727272727273,4.2105263157894735
CPU,18,mifgsm/eps0.03_default,mifgsm,eps0.03_default,10,110,95,68,15,33,24,27,41,55,22.058823529411764,13.84889157967965,33.25696352377016,30.0,25.263157894736842,28.421052631578945,-3.1578947368421026,37.27272727272727,57.89473684210527
CPU,18,mifgsm/eps0.03_default,mifgsm,eps0.03_default,20,110,95,68,12,49,36,27,81,15,17.647058823529413,10.393485385088718,28.360662629432117,44.54545454545455,37.89473684210527,28.421052631578945,9.473684210526322,73.63636363636363,15.789473684210526
CPU,18,mifgsm/eps0.03_default,mifgsm,eps0.03_default,30,110,95,68,9,49,36,27,84,11,13.23529411764706,7.122163958543324,23.28027696704853,44.54545454545455,37.89473684210527,28.421052631578945,9.473684210526322,76.36363636363637,11.578947368421053
CPU,18,mifgsm/eps0.03_default,mifgsm,eps0.03_default,40,110,95,68,8,48,35,27,91,4,11.76470588235294,6.083419938921196,21.535118623694334,43.63636363636363,36.84210526315789,28.421052631578945,8.421052631578945,82.72727272727273,4.2105263157894735
CPU,18,difgsm/eps0.03_default,difgsm,eps0.03_default,10,110,95,62,11,30,21,33,41,55,17.741935483870968,10.20633343436175,29.04180148338023,27.27272727272727,22.105263157894736,34.73684210526316,-12.631578947368421,37.27272727272727,57.89473684210527
CPU,18,difgsm/eps0.03_default,difgsm,eps0.03_default,20,110,95,62,6,39,26,33,81,15,9.67741935483871,4.51112577973332,19.54904286744415,35.45454545454545,27.368421052631582,34.73684210526316,-7.368421052631575,73.63636363636363,15.789473684210526
CPU,18,difgsm/eps0.03_default,difgsm,eps0.03_default,30,110,95,62,4,41,29,33,84,11,6.451612903225806,2.5372494807644004,15.447732658187267,37.27272727272727,30.526315789473685,34.73684210526316,-4.210526315789473,76.36363636363637,11.578947368421053
CPU,18,difgsm/eps0.03_default,difgsm,eps0.03_default,40,110,95,62,2,43,30,33,91,4,3.225806451612903,0.8891184997076397,11.020677131018223,39.09090909090909,31.57894736842105,34.73684210526316,-3.157894736842106,82.72727272727273,4.2105263157894735
CPU,18,vmifgsm/eps0.03_default,vmifgsm,eps0.03_default,10,110,95,69,15,32,24,26,41,55,21.73913043478261,13.640646957336042,32.818519233412104,29.09090909090909,25.263157894736842,27.368421052631582,-2.10526315789474,37.27272727272727,57.89473684210527
CPU,18,vmifgsm/eps0.03_default,vmifgsm,eps0.03_default,20,110,95,69,12,46,34,26,81,15,17.391304347826086,10.238268593034995,27.983846242443633,41.81818181818181,35.78947368421053,27.368421052631582,8.421052631578945,73.63636363636363,15.789473684210526
CPU,18,vmifgsm/eps0.03_default,vmifgsm,eps0.03_default,30,110,95,69,9,46,34,26,84,11,13.043478260869565,7.016548568804834,22.968514911404274,41.81818181818181,35.78947368421053,27.368421052631582,8.421052631578945,76.36363636363637,11.578947368421053
CPU,18,vmifgsm/eps0.03_default,vmifgsm,eps0.03_default,40,110,95,69,7,46,33,26,91,4,10.144927536231885,5.00160025716155,19.492095652867885,41.81818181818181,34.73684210526316,27.368421052631582,7.368421052631575,82.72727272727273,4.2105263157894735
CPU,18,vnifgsm/eps0.03_default,vnifgsm,eps0.03_default,10,110,95,67,13,31,23,28,41,55,19.402985074626866,11.705063857457096,30.41933762415822,28.18181818181818,24.210526315789473,29.47368421052631,-5.263157894736839,37.27272727272727,57.89473684210527
CPU,18,vnifgsm/eps0.03_default,vnifgsm,eps0.03_default,20,110,95,67,9,46,34,28,81,15,13.432835820895523,7.231009995983991,23.600591774727004,41.81818181818181,35.78947368421053,29.47368421052631,6.315789473684216,73.63636363636363,15.789473684210526
CPU,18,vnifgsm/eps0.03_default,vnifgsm,eps0.03_default,30,110,95,67,6,45,32,28,84,11,8.955223880597014,4.169038288133413,18.192963699399336,40.909090909090914,33.68421052631579,29.47368421052631,4.210526315789476,76.36363636363637,11.578947368421053
CPU,18,vnifgsm/eps0.03_default,vnifgsm,eps0.03_default,40,110,95,67,4,44,31,28,91,4,5.970149253731343,2.345897143304355,14.36970498877623,40.0,32.631578947368425,29.47368421052631,3.1578947368421133,82.72727272727273,4.2105263157894735
CPU,18,rfgsm/eps0.03_default,rfgsm,eps0.03_default,10,110,95,69,16,35,25,26,41,55,23.18840579710145,14.807779670568113,34.397070305269864,31.818181818181817,26.31578947368421,27.368421052631582,-1.0526315789473735,37.27272727272727,57.89473684210527
CPU,18,rfgsm/eps0.03_default,rfgsm,eps0.03_default,20,110,95,69,10,44,32,26,81,15,14.492753623188406,8.06700867238371,24.663738592915234,40.0,33.68421052631579,27.368421052631582,6.315789473684205,73.63636363636363,15.789473684210526
CPU,18,rfgsm/eps0.03_default,rfgsm,eps0.03_default,30,110,95,69,7,45,32,26,84,11,10.144927536231885,5.00160025716155,19.492095652867885,40.909090909090914,33.68421052631579,27.368421052631582,6.315789473684205,76.36363636363637,11.578947368421053
CPU,18,rfgsm/eps0.03_default,rfgsm,eps0.03_default,40,110,95,69,8,47,34,26,91,4,11.594202898550725,5.993426545958408,21.24595314916087,42.72727272727273,35.78947368421053,27.368421052631582,8.421052631578945,82.72727272727273,4.2105263157894735
CPU,18,tpgd/eps0.03_default,tpgd,eps0.03_default,10,110,95,40,9,39,31,55,41,55,22.5,12.31595325467853,37.503396404093046,35.45454545454545,32.631578947368425,57.89473684210527,-25.263157894736842,37.27272727272727,57.89473684210527
CPU,18,tpgd/eps0.03_default,tpgd,eps0.03_default,20,110,95,40,6,65,56,55,81,15,15.0,7.061091708507434,29.072626039020026,59.09090909090909,58.94736842105262,57.89473684210527,1.0526315789473557,73.63636363636363,15.789473684210526
CPU,18,tpgd/eps0.03_default,tpgd,eps0.03_default,30,110,95,40,7,67,58,55,84,11,17.5,8.745302996883066,31.95029205439244,60.909090909090914,61.05263157894737,57.89473684210527,3.1578947368421026,76.36363636363637,11.578947368421053
CPU,18,tpgd/eps0.03_default,tpgd,eps0.03_default,40,110,95,40,4,66,57,55,91,4,10.0,3.957888759557486,23.052074380473897,60.0,60.0,57.89473684210527,2.1052631578947327,82.72727272727273,4.2105263157894735
CPU,18,cw/c1_steps20_lr0.01,cw,c1_steps20_lr0.01,10,110,95,85,28,34,29,10,41,55,32.94117647058823,23.87762626276905,43.480007998658046,30.909090909090907,30.526315789473685,10.526315789473683,20.0,37.27272727272727,57.89473684210527
CPU,18,cw/c1_steps20_lr0.01,cw,c1_steps20_lr0.01,20,110,95,85,43,60,53,10,81,15,50.588235294117645,40.16625213460618,60.9593466839653,54.54545454545454,55.78947368421052,10.526315789473683,45.263157894736835,73.63636363636363,15.789473684210526
CPU,18,cw/c1_steps20_lr0.01,cw,c1_steps20_lr0.01,30,110,95,85,47,62,57,10,84,11,55.294117647058826,44.72387121130747,65.40651815583584,56.36363636363636,60.0,10.526315789473683,49.473684210526315,76.36363636363637,11.578947368421053
CPU,18,cw/c1_steps20_lr0.01,cw,c1_steps20_lr0.01,40,110,95,85,46,61,56,10,91,4,54.11764705882353,43.57614755911955,64.30304417088081,55.45454545454545,58.94736842105262,10.526315789473683,48.42105263157894,82.72727272727273,4.2105263157894735
CPU,18,deepfool/package_default,deepfool,package_default,10,110,95,95,33,38,33,0,41,55,34.73684210526316,25.92458386299087,44.73554304713605,34.54545454545455,34.73684210526316,0.0,34.73684210526316,37.27272727272727,57.89473684210527
CPU,18,deepfool/package_default,deepfool,package_default,20,110,95,95,52,59,52,0,81,15,54.736842105263165,44.73808701274312,64.36739084273474,53.63636363636364,54.736842105263165,0.0,54.736842105263165,73.63636363636363,15.789473684210526
CPU,18,deepfool/package_default,deepfool,package_default,30,110,95,95,51,57,51,0,84,11,53.68421052631579,43.70951253863253,63.3725257934058,51.81818181818182,53.68421052631579,0.0,53.68421052631579,76.36363636363637,11.578947368421053
CPU,18,deepfool/package_default,deepfool,package_default,40,110,95,95,53,58,53,0,91,4,55.78947368421052,45.77091595596532,65.35800142295204,52.72727272727272,55.78947368421052,0.0,55.78947368421052,82.72727272727273,4.2105263157894735
CPU,18,fab/eps0.005,fab,eps0.005,10,110,95,5,2,41,40,90,41,55,40.0,11.76182311592533,76.9280067791163,37.27272727272727,42.10526315789473,94.73684210526315,-52.63157894736842,37.27272727272727,57.89473684210527
CPU,18,fab/eps0.005,fab,eps0.005,20,110,95,5,1,81,79,90,81,15,20.0,3.6223160969787447,62.44717358814613,73.63636363636363,83.15789473684211,94.73684210526315,-11.57894736842104,73.63636363636363,15.789473684210526
CPU,18,fab/eps0.005,fab,eps0.005,30,110,95,5,2,83,83,90,84,11,40.0,11.76182311592533,76.9280067791163,75.45454545454545,87.36842105263159,94.73684210526315,-7.368421052631561,76.36363636363637,11.578947368421053
CPU,18,fab/eps0.005,fab,eps0.005,40,110,95,5,1,88,88,90,91,4,20.0,3.6223160969787447,62.44717358814613,80.0,92.63157894736842,94.73684210526315,-2.1052631578947256,82.72727272727273,4.2105263157894735
CPU,18,fab/eps0.01,fab,eps0.01,10,110,95,24,12,40,39,71,41,55,50.0,31.42713162776308,68.57286837223691,36.36363636363637,41.05263157894737,74.73684210526315,-33.68421052631578,37.27272727272727,57.89473684210527
CPU,18,fab/eps0.01,fab,eps0.01,20,110,95,24,15,78,76,71,81,15,62.5,42.70961903790707,78.84086656636855,70.9090909090909,80.0,74.73684210526315,5.26315789473685,73.63636363636363,15.789473684210526
CPU,18,fab/eps0.01,fab,eps0.01,30,110,95,24,17,81,81,71,84,11,70.83333333333334,50.831936341290294,85.08553966583573,73.63636363636363,85.26315789473684,74.73684210526315,10.526315789473685,76.36363636363637,11.578947368421053
CPU,18,fab/eps0.01,fab,eps0.01,40,110,95,24,17,86,86,71,91,4,70.83333333333334,50.831936341290294,85.08553966583573,78.18181818181819,90.52631578947368,74.73684210526315,15.789473684210535,82.72727272727273,4.2105263157894735
CPU,18,fab/eps0.03,fab,eps0.03,10,110,95,64,23,41,37,31,41,55,35.9375,25.288230532214612,48.179376363849165,37.27272727272727,38.94736842105263,32.631578947368425,6.315789473684205,37.27272727272727,57.89473684210527
CPU,18,fab/eps0.03,fab,eps0.03,20,110,95,64,34,71,65,31,81,15,53.125,41.07187500047513,64.82421235595514,64.54545454545455,68.42105263157895,32.631578947368425,35.78947368421052,73.63636363636363,15.789473684210526
CPU,18,fab/eps0.03,fab,eps0.03,30,110,95,64,36,70,67,31,84,11,56.25,44.08599177828787,67.70618293457267,63.63636363636363,70.52631578947368,32.631578947368425,37.89473684210526,76.36363636363637,11.578947368421053
CPU,18,fab/eps0.03,fab,eps0.03,40,110,95,64,43,78,74,31,91,4,67.1875,54.99887622745426,77.42960423291224,70.9090909090909,77.89473684210526,32.631578947368425,45.263157894736835,82.72727272727273,4.2105263157894735
CPU,18,square/eps0.03_default,square,eps0.03_default,10,110,95,71,16,36,28,24,41,55,22.535211267605636,14.37454836103039,33.515395199770026,32.72727272727273,29.47368421052631,25.263157894736842,4.210526315789469,37.27272727272727,57.89473684210527
CPU,18,square/eps0.03_default,square,eps0.03_default,20,110,95,71,21,50,45,24,81,15,29.577464788732392,20.23273873376572,41.01875776016279,45.45454545454545,47.368421052631575,25.263157894736842,22.105263157894733,73.63636363636363,15.789473684210526
CPU,18,square/eps0.03_default,square,eps0.03_default,30,110,95,71,24,54,48,24,84,11,33.80281690140845,23.88482890600142,45.38359934780396,49.09090909090909,50.526315789473685,25.263157894736842,25.263157894736842,76.36363636363637,11.578947368421053
CPU,18,square/eps0.03_default,square,eps0.03_default,40,110,95,71,25,55,49,24,91,4,35.2112676056338,25.122584561603254,46.81815427882774,50.0,51.578947368421055,25.263157894736842,26.315789473684212,82.72727272727273,4.2105263157894735
CPU,18,apgd/eps0.03_default,apgd,eps0.03_default,10,110,95,69,15,37,27,26,41,55,21.73913043478261,13.640646957336042,32.818519233412104,33.63636363636363,28.421052631578945,27.368421052631582,1.0526315789473628,37.27272727272727,57.89473684210527
CPU,18,apgd/eps0.03_default,apgd,eps0.03_default,20,110,95,69,9,47,35,26,81,15,13.043478260869565,7.016548568804834,22.968514911404274,42.72727272727273,36.84210526315789,27.368421052631582,9.473684210526308,73.63636363636363,15.789473684210526
CPU,18,apgd/eps0.03_default,apgd,eps0.03_default,30,110,95,69,8,47,34,26,84,11,11.594202898550725,5.993426545958408,21.24595314916087,42.72727272727273,35.78947368421053,27.368421052631582,8.421052631578945,76.36363636363637,11.578947368421053
CPU,18,apgd/eps0.03_default,apgd,eps0.03_default,40,110,95,69,7,46,33,26,91,4,10.144927536231885,5.00160025716155,19.492095652867885,41.81818181818181,34.73684210526316,27.368421052631582,7.368421052631575,82.72727272727273,4.2105263157894735
CPU,18,apgdt/eps0.03_default,apgdt,eps0.03_default,10,110,95,69,14,36,26,26,41,55,20.28985507246377,12.489219999893795,31.22426240576451,32.72727272727273,27.368421052631582,27.368421052631582,0.0,37.27272727272727,57.89473684210527
CPU,18,apgdt/eps0.03_default,apgdt,eps0.03_default,20,110,95,69,11,49,37,26,81,15,15.942028985507244,9.141730642401868,26.334700407986915,44.54545454545455,38.94736842105263,27.368421052631582,11.578947368421048,73.63636363636363,15.789473684210526
CPU,18,apgdt/eps0.03_default,apgdt,eps0.03_default,30,110,95,69,9,47,35,26,84,11,13.043478260869565,7.016548568804834,22.968514911404274,42.72727272727273,36.84210526315789,27.368421052631582,9.473684210526308,76.36363636363637,11.578947368421053
CPU,18,apgdt/eps0.03_default,apgdt,eps0.03_default,40,110,95,69,7,47,33,26,91,4,10.144927536231885,5.00160025716155,19.492095652867885,42.72727272727273,34.73684210526316,27.368421052631582,7.368421052631575,82.72727272727273,4.2105263157894735
CPU,18,autoattack/eps0.03_standard,autoattack,eps0.03_standard,10,110,95,71,15,37,27,24,41,55,21.12676056338028,13.242435724642304,31.97519724953249,33.63636363636363,28.421052631578945,25.263157894736842,3.1578947368421026,37.27272727272727,57.89473684210527
CPU,18,autoattack/eps0.03_standard,autoattack,eps0.03_standard,20,110,95,71,9,46,33,24,81,15,12.676056338028168,6.814450579452649,22.369318874968428,41.81818181818181,34.73684210526316,25.263157894736842,9.473684210526315,73.63636363636363,15.789473684210526
CPU,18,autoattack/eps0.03_standard,autoattack,eps0.03_standard,30,110,95,71,6,43,30,24,84,11,8.450704225352112,3.9305972354112027,17.236240459133008,39.09090909090909,31.57894736842105,25.263157894736842,6.315789473684209,76.36363636363637,11.578947368421053
CPU,18,autoattack/eps0.03_standard,autoattack,eps0.03_standard,40,110,95,71,6,42,30,24,91,4,8.450704225352112,3.9305972354112027,17.236240459133008,38.18181818181819,31.57894736842105,25.263157894736842,6.315789473684209,82.72727272727273,4.2105263157894735
CPU,18,ead/package_default,ead,package_default,10,110,95,95,34,39,34,0,41,55,35.78947368421053,26.874893411348122,45.808673022218315,35.45454545454545,35.78947368421053,0.0,35.78947368421053,37.27272727272727,57.89473684210527
CPU,18,ead/package_default,ead,package_default,20,110,95,95,60,66,60,0,81,15,63.1578947368421,53.12293801072515,72.17005603226887,60.0,63.1578947368421,0.0,63.1578947368421,73.63636363636363,15.789473684210526
CPU,18,ead/package_default,ead,package_default,30,110,95,95,69,74,69,0,84,11,72.63157894736842,62.9183776326649,80.58557212128486,67.27272727272727,72.63157894736842,0.0,72.63157894736842,76.36363636363637,11.578947368421053
CPU,18,ead/package_default,ead,package_default,40,110,95,95,70,74,70,0,91,4,73.68421052631578,64.03379066787737,81.49359860951189,67.27272727272727,73.68421052631578,0.0,73.68421052631578,82.72727272727273,4.2105263157894735
CPU,18,ALL/ALL_24,ALL,ALL_24,10,2640,2280,1332,345,863,706,948,984,1320,25.900900900900904,23.619861164239676,28.32054853703031,32.68939393939394,30.964912280701757,41.578947368421055,-10.614035087719298,37.27272727272727,57.89473684210527
CPU,18,ALL/ALL_24,ALL,ALL_24,20,2640,2280,1332,371,1394,1191,948,1944,360,27.852852852852855,25.511763209577826,30.321323587539446,52.803030303030305,52.23684210526316,41.578947368421055,10.657894736842103,73.63636363636363,15.789473684210526
CPU,18,ALL/ALL_24,ALL,ALL_24,30,2640,2280,1332,363,1421,1230,948,2016,264,27.25225225225225,24.929020122131192,29.706319876263837,53.82575757575757,53.94736842105263,41.578947368421055,12.368421052631575,76.36363636363637,11.578947368421053
CPU,18,ALL/ALL_24,ALL,ALL_24,40,2640,2280,1332,351,1463,1266,948,2184,96,26.351351351351347,24.055932294693957,28.7827875056177,55.41666666666667,55.52631578947368,41.578947368421055,13.947368421052623,82.72727272727273,4.2105263157894735
NPU,-20,fgsm/eps0.005,fgsm,eps0.005,10,110,11,1,0,8,0,10,9,11,0.0,0.0,79.34567085261071,7.2727272727272725,0.0,90.9090909090909,-90.9090909090909,8.181818181818182,100.0
NPU,-20,fgsm/eps0.005,fgsm,eps0.005,20,110,11,1,0,13,0,10,9,11,0.0,0.0,79.34567085261071,11.818181818181818,0.0,90.9090909090909,-90.9090909090909,8.181818181818182,100.0
NPU,-20,fgsm/eps0.005,fgsm,eps0.005,30,110,11,1,0,11,3,10,10,8,0.0,0.0,79.34567085261071,10.0,27.27272727272727,90.9090909090909,-63.63636363636364,9.090909090909092,72.72727272727273
NPU,-20,fgsm/eps0.005,fgsm,eps0.005,40,110,11,1,0,11,6,10,8,5,0.0,0.0,79.34567085261071,10.0,54.54545454545454,90.9090909090909,-36.36363636363637,7.2727272727272725,45.45454545454545
NPU,-20,fgsm/eps0.01,fgsm,eps0.01,10,110,11,3,0,9,0,8,9,11,0.0,0.0,56.15060804490177,8.181818181818182,0.0,72.72727272727273,-72.72727272727273,8.181818181818182,100.0
NPU,-20,fgsm/eps0.01,fgsm,eps0.01,20,110,11,3,0,12,0,8,9,11,0.0,0.0,56.15060804490177,10.909090909090908,0.0,72.72727272727273,-72.72727272727273,8.181818181818182,100.0
NPU,-20,fgsm/eps0.01,fgsm,eps0.01,30,110,11,3,0,7,2,8,10,8,0.0,0.0,56.15060804490177,6.363636363636363,18.181818181818183,72.72727272727273,-54.54545454545455,9.090909090909092,72.72727272727273
NPU,-20,fgsm/eps0.01,fgsm,eps0.01,40,110,11,3,1,14,7,8,8,5,33.33333333333333,6.14903152761605,79.23450448735122,12.727272727272727,63.63636363636363,72.72727272727273,-9.0909090909091,7.2727272727272725,45.45454545454545
NPU,-20,fgsm/eps0.03,fgsm,eps0.03,10,110,11,10,0,8,0,1,9,11,0.0,-2.7755575615628914e-15,27.75401687666166,7.2727272727272725,0.0,9.090909090909092,-9.090909090909092,8.181818181818182,100.0
NPU,-20,fgsm/eps0.03,fgsm,eps0.03,20,110,11,10,0,13,0,1,9,11,0.0,-2.7755575615628914e-15,27.75401687666166,11.818181818181818,0.0,9.090909090909092,-9.090909090909092,8.181818181818182,100.0
NPU,-20,fgsm/eps0.03,fgsm,eps0.03,30,110,11,10,2,15,2,1,10,8,20.0,5.6680947980693315,50.98431532792765,13.636363636363635,18.181818181818183,9.090909090909092,9.090909090909092,9.090909090909092,72.72727272727273
NPU,-20,fgsm/eps0.03,fgsm,eps0.03,40,110,11,10,3,13,3,1,8,5,30.0,10.778928748621183,60.322678002043475,11.818181818181818,27.27272727272727,9.090909090909092,18.18181818181818,7.2727272727272725,45.45454545454545
NPU,-20,fgsm/eps0.05,fgsm,eps0.05,10,110,11,11,0,11,0,0,9,11,0.0,2.7755575615628914e-15,25.88400172488141,10.0,0.0,0.0,0.0,8.181818181818182,100.0
NPU,-20,fgsm/eps0.05,fgsm,eps0.05,20,110,11,11,1,14,1,0,9,11,9.090909090909092,1.6231752262825971,37.73646254862038,12.727272727272727,9.090909090909092,0.0,9.090909090909092,8.181818181818182,100.0
NPU,-20,fgsm/eps0.05,fgsm,eps0.05,30,110,11,11,1,8,1,0,10,8,9.090909090909092,1.6231752262825971,37.73646254862038,7.2727272727272725,9.090909090909092,0.0,9.090909090909092,9.090909090909092,72.72727272727273
NPU,-20,fgsm/eps0.05,fgsm,eps0.05,40,110,11,11,1,12,1,0,8,5,9.090909090909092,1.6231752262825971,37.73646254862038,10.909090909090908,9.090909090909092,0.0,9.090909090909092,7.2727272727272725,45.45454545454545
NPU,-20,bim/eps0.03_default,bim,eps0.03_default,10,110,11,11,0,11,0,0,9,11,0.0,2.7755575615628914e-15,25.88400172488141,10.0,0.0,0.0,0.0,8.181818181818182,100.0
NPU,-20,bim/eps0.03_default,bim,eps0.03_default,20,110,11,11,0,9,0,0,9,11,0.0,2.7755575615628914e-15,25.88400172488141,8.181818181818182,0.0,0.0,0.0,8.181818181818182,100.0
NPU,-20,bim/eps0.03_default,bim,eps0.03_default,30,110,11,11,1,11,1,0,10,8,9.090909090909092,1.6231752262825971,37.73646254862038,10.0,9.090909090909092,0.0,9.090909090909092,9.090909090909092,72.72727272727273
NPU,-20,bim/eps0.03_default,bim,eps0.03_default,40,110,11,11,1,11,1,0,8,5,9.090909090909092,1.6231752262825971,37.73646254862038,10.0,9.090909090909092,0.0,9.090909090909092,7.2727272727272725,45.45454545454545
NPU,-20,pgd/eps0.005,pgd,eps0.005,10,110,11,1,0,6,0,10,9,11,0.0,0.0,79.34567085261071,5.454545454545454,0.0,90.9090909090909,-90.9090909090909,8.181818181818182,100.0
NPU,-20,pgd/eps0.005,pgd,eps0.005,20,110,11,1,0,9,0,10,9,11,0.0,0.0,79.34567085261071,8.181818181818182,0.0,90.9090909090909,-90.9090909090909,8.181818181818182,100.0
NPU,-20,pgd/eps0.005,pgd,eps0.005,30,110,11,1,0,11,3,10,10,8,0.0,0.0,79.34567085261071,10.0,27.27272727272727,90.9090909090909,-63.63636363636364,9.090909090909092,72.72727272727273
NPU,-20,pgd/eps0.005,pgd,eps0.005,40,110,11,1,0,12,6,10,8,5,0.0,0.0,79.34567085261071,10.909090909090908,54.54545454545454,90.9090909090909,-36.36363636363637,7.2727272727272725,45.45454545454545
NPU,-20,pgd/eps0.01,pgd,eps0.01,10,110,11,4,0,8,0,7,9,11,0.0,0.0,48.990002040399915,7.2727272727272725,0.0,63.63636363636363,-63.63636363636363,8.181818181818182,100.0
NPU,-20,pgd/eps0.01,pgd,eps0.01,20,110,11,4,0,12,0,7,9,11,0.0,0.0,48.990002040399915,10.909090909090908,0.0,63.63636363636363,-63.63636363636363,8.181818181818182,100.0
NPU,-20,pgd/eps0.01,pgd,eps0.01,30,110,11,4,0,12,2,7,10,8,0.0,0.0,48.990002040399915,10.909090909090908,18.181818181818183,63.63636363636363,-45.45454545454545,9.090909090909092,72.72727272727273
NPU,-20,pgd/eps0.01,pgd,eps0.01,40,110,11,4,0,11,5,7,8,5,0.0,0.0,48.990002040399915,10.0,45.45454545454545,63.63636363636363,-18.18181818181818,7.2727272727272725,45.45454545454545
NPU,-20,pgd/eps0.03,pgd,eps0.03,10,110,11,11,0,14,0,0,9,11,0.0,2.7755575615628914e-15,25.88400172488141,12.727272727272727,0.0,0.0,0.0,8.181818181818182,100.0
NPU,-20,pgd/eps0.03,pgd,eps0.03,20,110,11,11,0,7,0,0,9,11,0.0,2.7755575615628914e-15,25.88400172488141,6.363636363636363,0.0,0.0,0.0,8.181818181818182,100.0
NPU,-20,pgd/eps0.03,pgd,eps0.03,30,110,11,11,1,10,1,0,10,8,9.090909090909092,1.6231752262825971,37.73646254862038,9.090909090909092,9.090909090909092,0.0,9.090909090909092,9.090909090909092,72.72727272727273
NPU,-20,pgd/eps0.03,pgd,eps0.03,40,110,11,11,1,9,1,0,8,5,9.090909090909092,1.6231752262825971,37.73646254862038,8.181818181818182,9.090909090909092,0.0,9.090909090909092,7.2727272727272725,45.45454545454545
NPU,-20,mifgsm/eps0.03_default,mifgsm,eps0.03_default,10,110,11,11,0,13,0,0,9,11,0.0,2.7755575615628914e-15,25.88400172488141,11.818181818181818,0.0,0.0,0.0,8.181818181818182,100.0
NPU,-20,mifgsm/eps0.03_default,mifgsm,eps0.03_default,20,110,11,11,1,11,1,0,9,11,9.090909090909092,1.6231752262825971,37.73646254862038,10.0,9.090909090909092,0.0,9.090909090909092,8.181818181818182,100.0
NPU,-20,mifgsm/eps0.03_default,mifgsm,eps0.03_default,30,110,11,11,1,14,1,0,10,8,9.090909090909092,1.6231752262825971,37.73646254862038,12.727272727272727,9.090909090909092,0.0,9.090909090909092,9.090909090909092,72.72727272727273
NPU,-20,mifgsm/eps0.03_default,mifgsm,eps0.03_default,40,110,11,11,2,7,2,0,8,5,18.181818181818183,5.136660067100063,47.69861375782448,6.363636363636363,18.181818181818183,0.0,18.181818181818183,7.2727272727272725,45.45454545454545
NPU,-20,difgsm/eps0.03_default,difgsm,eps0.03_default,10,110,11,11,0,11,0,0,9,11,0.0,2.7755575615628914e-15,25.88400172488141,10.0,0.0,0.0,0.0,8.181818181818182,100.0
NPU,-20,difgsm/eps0.03_default,difgsm,eps0.03_default,20,110,11,11,0,10,0,0,9,11,0.0,2.7755575615628914e-15,25.88400172488141,9.090909090909092,0.0,0.0,0.0,8.181818181818182,100.0
NPU,-20,difgsm/eps0.03_default,difgsm,eps0.03_default,30,110,11,11,0,9,0,0,10,8,0.0,2.7755575615628914e-15,25.88400172488141,8.181818181818182,0.0,0.0,0.0,9.090909090909092,72.72727272727273
NPU,-20,difgsm/eps0.03_default,difgsm,eps0.03_default,40,110,11,11,1,10,1,0,8,5,9.090909090909092,1.6231752262825971,37.73646254862038,9.090909090909092,9.090909090909092,0.0,9.090909090909092,7.2727272727272725,45.45454545454545
NPU,-20,vmifgsm/eps0.03_default,vmifgsm,eps0.03_default,10,110,11,11,0,12,0,0,9,11,0.0,2.7755575615628914e-15,25.88400172488141,10.909090909090908,0.0,0.0,0.0,8.181818181818182,100.0
NPU,-20,vmifgsm/eps0.03_default,vmifgsm,eps0.03_default,20,110,11,11,0,9,0,0,9,11,0.0,2.7755575615628914e-15,25.88400172488141,8.181818181818182,0.0,0.0,0.0,8.181818181818182,100.0
NPU,-20,vmifgsm/eps0.03_default,vmifgsm,eps0.03_default,30,110,11,11,1,11,1,0,10,8,9.090909090909092,1.6231752262825971,37.73646254862038,10.0,9.090909090909092,0.0,9.090909090909092,9.090909090909092,72.72727272727273
NPU,-20,vmifgsm/eps0.03_default,vmifgsm,eps0.03_default,40,110,11,11,1,11,1,0,8,5,9.090909090909092,1.6231752262825971,37.73646254862038,10.0,9.090909090909092,0.0,9.090909090909092,7.2727272727272725,45.45454545454545
NPU,-20,vnifgsm/eps0.03_default,vnifgsm,eps0.03_default,10,110,11,11,0,14,0,0,9,11,0.0,2.7755575615628914e-15,25.88400172488141,12.727272727272727,0.0,0.0,0.0,8.181818181818182,100.0
NPU,-20,vnifgsm/eps0.03_default,vnifgsm,eps0.03_default,20,110,11,11,0,12,0,0,9,11,0.0,2.7755575615628914e-15,25.88400172488141,10.909090909090908,0.0,0.0,0.0,8.181818181818182,100.0
NPU,-20,vnifgsm/eps0.03_default,vnifgsm,eps0.03_default,30,110,11,11,1,10,1,0,10,8,9.090909090909092,1.6231752262825971,37.73646254862038,9.090909090909092,9.090909090909092,0.0,9.090909090909092,9.090909090909092,72.72727272727273
NPU,-20,vnifgsm/eps0.03_default,vnifgsm,eps0.03_default,40,110,11,11,0,8,0,0,8,5,0.0,2.7755575615628914e-15,25.88400172488141,7.2727272727272725,0.0,0.0,0.0,7.2727272727272725,45.45454545454545
NPU,-20,rfgsm/eps0.03_default,rfgsm,eps0.03_default,10,110,11,11,0,13,0,0,9,11,0.0,2.7755575615628914e-15,25.88400172488141,11.818181818181818,0.0,0.0,0.0,8.181818181818182,100.0
NPU,-20,rfgsm/eps0.03_default,rfgsm,eps0.03_default,20,110,11,11,0,8,0,0,9,11,0.0,2.7755575615628914e-15,25.88400172488141,7.2727272727272725,0.0,0.0,0.0,8.181818181818182,100.0
NPU,-20,rfgsm/eps0.03_default,rfgsm,eps0.03_default,30,110,11,11,1,9,1,0,10,8,9.090909090909092,1.6231752262825971,37.73646254862038,8.181818181818182,9.090909090909092,0.0,9.090909090909092,9.090909090909092,72.72727272727273
NPU,-20,rfgsm/eps0.03_default,rfgsm,eps0.03_default,40,110,11,11,1,11,1,0,8,5,9.090909090909092,1.6231752262825971,37.73646254862038,10.0,9.090909090909092,0.0,9.090909090909092,7.2727272727272725,45.45454545454545
NPU,-20,tpgd/eps0.03_default,tpgd,eps0.03_default,10,110,11,7,0,14,0,4,9,11,0.0,0.0,35.433884297520656,12.727272727272727,0.0,36.36363636363637,-36.36363636363637,8.181818181818182,100.0
NPU,-20,tpgd/eps0.03_default,tpgd,eps0.03_default,20,110,11,7,0,12,0,4,9,11,0.0,0.0,35.433884297520656,10.909090909090908,0.0,36.36363636363637,-36.36363636363637,8.181818181818182,100.0
NPU,-20,tpgd/eps0.03_default,tpgd,eps0.03_default,30,110,11,7,0,13,1,4,10,8,0.0,0.0,35.433884297520656,11.818181818181818,9.090909090909092,36.36363636363637,-27.272727272727273,9.090909090909092,72.72727272727273
NPU,-20,tpgd/eps0.03_default,tpgd,eps0.03_default,40,110,11,7,1,10,5,4,8,5,14.285714285714285,2.567895594897479,51.313450331903,9.090909090909092,45.45454545454545,36.36363636363637,9.090909090909086,7.2727272727272725,45.45454545454545
NPU,-20,cw/c1_steps20_lr0.01,cw,c1_steps20_lr0.01,10,110,11,10,0,10,0,1,9,11,0.0,-2.7755575615628914e-15,27.75401687666166,9.090909090909092,0.0,9.090909090909092,-9.090909090909092,8.181818181818182,100.0
NPU,-20,cw/c1_steps20_lr0.01,cw,c1_steps20_lr0.01,20,110,11,10,0,10,0,1,9,11,0.0,-2.7755575615628914e-15,27.75401687666166,9.090909090909092,0.0,9.090909090909092,-9.090909090909092,8.181818181818182,100.0
NPU,-20,cw/c1_steps20_lr0.01,cw,c1_steps20_lr0.01,30,110,11,10,1,9,1,1,10,8,10.0,1.7875749515721129,40.41563854975721,8.181818181818182,9.090909090909092,9.090909090909092,0.0,9.090909090909092,72.72727272727273
NPU,-20,cw/c1_steps20_lr0.01,cw,c1_steps20_lr0.01,40,110,11,10,3,6,3,1,8,5,30.0,10.778928748621183,60.322678002043475,5.454545454545454,27.27272727272727,9.090909090909092,18.18181818181818,7.2727272727272725,45.45454545454545
NPU,-20,deepfool/package_default,deepfool,package_default,10,110,11,10,0,8,0,1,9,11,0.0,-2.7755575615628914e-15,27.75401687666166,7.2727272727272725,0.0,9.090909090909092,-9.090909090909092,8.181818181818182,100.0
NPU,-20,deepfool/package_default,deepfool,package_default,20,110,11,10,0,10,0,1,9,11,0.0,-2.7755575615628914e-15,27.75401687666166,9.090909090909092,0.0,9.090909090909092,-9.090909090909092,8.181818181818182,100.0
NPU,-20,deepfool/package_default,deepfool,package_default,30,110,11,10,3,11,3,1,10,8,30.0,10.778928748621183,60.322678002043475,10.0,27.27272727272727,9.090909090909092,18.18181818181818,9.090909090909092,72.72727272727273
NPU,-20,deepfool/package_default,deepfool,package_default,40,110,11,10,3,8,3,1,8,5,30.0,10.778928748621183,60.322678002043475,7.2727272727272725,27.27272727272727,9.090909090909092,18.18181818181818,7.2727272727272725,45.45454545454545
NPU,-20,fab/eps0.005,fab,eps0.005,10,110,11,0,0,7,0,11,9,11,,,,6.363636363636363,0.0,100.0,-100.0,8.181818181818182,100.0
NPU,-20,fab/eps0.005,fab,eps0.005,20,110,11,0,0,9,0,11,9,11,,,,8.181818181818182,0.0,100.0,-100.0,8.181818181818182,100.0
NPU,-20,fab/eps0.005,fab,eps0.005,30,110,11,0,0,9,3,11,10,8,,,,8.181818181818182,27.27272727272727,100.0,-72.72727272727273,9.090909090909092,72.72727272727273
NPU,-20,fab/eps0.005,fab,eps0.005,40,110,11,0,0,9,6,11,8,5,,,,8.181818181818182,54.54545454545454,100.0,-45.45454545454546,7.2727272727272725,45.45454545454545
NPU,-20,fab/eps0.01,fab,eps0.01,10,110,11,2,0,7,0,9,9,11,0.0,0.0,65.76280471103807,6.363636363636363,0.0,81.81818181818183,-81.81818181818183,8.181818181818182,100.0
NPU,-20,fab/eps0.01,fab,eps0.01,20,110,11,2,0,10,0,9,9,11,0.0,0.0,65.76280471103807,9.090909090909092,0.0,81.81818181818183,-81.81818181818183,8.181818181818182,100.0
NPU,-20,fab/eps0.01,fab,eps0.01,30,110,11,2,1,8,3,9,10,8,50.0,9.452865480086615,90.54713451991339,7.2727272727272725,27.27272727272727,81.81818181818183,-54.54545454545456,9.090909090909092,72.72727272727273
NPU,-20,fab/eps0.01,fab,eps0.01,40,110,11,2,1,9,6,9,8,5,50.0,9.452865480086615,90.54713451991339,8.181818181818182,54.54545454545454,81.81818181818183,-27.272727272727288,7.2727272727272725,45.45454545454545
NPU,-20,fab/eps0.03,fab,eps0.03,10,110,11,10,0,7,0,1,9,11,0.0,-2.7755575615628914e-15,27.75401687666166,6.363636363636363,0.0,9.090909090909092,-9.090909090909092,8.181818181818182,100.0
NPU,-20,fab/eps0.03,fab,eps0.03,20,110,11,10,0,8,0,1,9,11,0.0,-2.7755575615628914e-15,27.75401687666166,7.2727272727272725,0.0,9.090909090909092,-9.090909090909092,8.181818181818182,100.0
NPU,-20,fab/eps0.03,fab,eps0.03,30,110,11,10,3,9,3,1,10,8,30.0,10.778928748621183,60.322678002043475,8.181818181818182,27.27272727272727,9.090909090909092,18.18181818181818,9.090909090909092,72.72727272727273
NPU,-20,fab/eps0.03,fab,eps0.03,40,110,11,10,6,11,6,1,8,5,60.0,31.266954745018637,83.18224187964903,10.0,54.54545454545454,9.090909090909092,45.454545454545446,7.2727272727272725,45.45454545454545
NPU,-20,square/eps0.03_default,square,eps0.03_default,10,110,11,10,0,9,0,1,9,11,0.0,-2.7755575615628914e-15,27.75401687666166,8.181818181818182,0.0,9.090909090909092,-9.090909090909092,8.181818181818182,100.0
NPU,-20,square/eps0.03_default,square,eps0.03_default,20,110,11,10,0,10,0,1,9,11,0.0,-2.7755575615628914e-15,27.75401687666166,9.090909090909092,0.0,9.090909090909092,-9.090909090909092,8.181818181818182,100.0
NPU,-20,square/eps0.03_default,square,eps0.03_default,30,110,11,10,1,10,2,1,10,8,10.0,1.7875749515721129,40.41563854975721,9.090909090909092,18.181818181818183,9.090909090909092,9.090909090909092,9.090909090909092,72.72727272727273
NPU,-20,square/eps0.03_default,square,eps0.03_default,40,110,11,10,1,9,1,1,8,5,10.0,1.7875749515721129,40.41563854975721,8.181818181818182,9.090909090909092,9.090909090909092,0.0,7.2727272727272725,45.45454545454545
NPU,-20,apgd/eps0.03_default,apgd,eps0.03_default,10,110,11,11,0,12,0,0,9,11,0.0,2.7755575615628914e-15,25.88400172488141,10.909090909090908,0.0,0.0,0.0,8.181818181818182,100.0
NPU,-20,apgd/eps0.03_default,apgd,eps0.03_default,20,110,11,11,0,13,0,0,9,11,0.0,2.7755575615628914e-15,25.88400172488141,11.818181818181818,0.0,0.0,0.0,8.181818181818182,100.0
NPU,-20,apgd/eps0.03_default,apgd,eps0.03_default,30,110,11,11,1,17,1,0,10,8,9.090909090909092,1.6231752262825971,37.73646254862038,15.454545454545453,9.090909090909092,0.0,9.090909090909092,9.090909090909092,72.72727272727273
NPU,-20,apgd/eps0.03_default,apgd,eps0.03_default,40,110,11,11,1,8,1,0,8,5,9.090909090909092,1.6231752262825971,37.73646254862038,7.2727272727272725,9.090909090909092,0.0,9.090909090909092,7.2727272727272725,45.45454545454545
NPU,-20,apgdt/eps0.03_default,apgdt,eps0.03_default,10,110,11,11,0,11,0,0,9,11,0.0,2.7755575615628914e-15,25.88400172488141,10.0,0.0,0.0,0.0,8.181818181818182,100.0
NPU,-20,apgdt/eps0.03_default,apgdt,eps0.03_default,20,110,11,11,0,13,0,0,9,11,0.0,2.7755575615628914e-15,25.88400172488141,11.818181818181818,0.0,0.0,0.0,8.181818181818182,100.0
NPU,-20,apgdt/eps0.03_default,apgdt,eps0.03_default,30,110,11,11,2,12,2,0,10,8,18.181818181818183,5.136660067100063,47.69861375782448,10.909090909090908,18.181818181818183,0.0,18.181818181818183,9.090909090909092,72.72727272727273
NPU,-20,apgdt/eps0.03_default,apgdt,eps0.03_default,40,110,11,11,3,9,3,0,8,5,27.27272727272727,9.745880573921466,56.56502930102463,8.181818181818182,27.27272727272727,0.0,27.27272727272727,7.2727272727272725,45.45454545454545
NPU,-20,autoattack/eps0.03_standard,autoattack,eps0.03_standard,10,110,11,11,0,12,0,0,9,11,0.0,2.7755575615628914e-15,25.88400172488141,10.909090909090908,0.0,0.0,0.0,8.181818181818182,100.0
NPU,-20,autoattack/eps0.03_standard,autoattack,eps0.03_standard,20,110,11,11,0,10,0,0,9,11,0.0,2.7755575615628914e-15,25.88400172488141,9.090909090909092,0.0,0.0,0.0,8.181818181818182,100.0
NPU,-20,autoattack/eps0.03_standard,autoattack,eps0.03_standard,30,110,11,11,1,13,1,0,10,8,9.090909090909092,1.6231752262825971,37.73646254862038,11.818181818181818,9.090909090909092,0.0,9.090909090909092,9.090909090909092,72.72727272727273
NPU,-20,autoattack/eps0.03_standard,autoattack,eps0.03_standard,40,110,11,11,1,8,1,0,8,5,9.090909090909092,1.6231752262825971,37.73646254862038,7.2727272727272725,9.090909090909092,0.0,9.090909090909092,7.2727272727272725,45.45454545454545
NPU,-20,ead/package_default,ead,package_default,10,110,11,7,0,7,0,4,9,11,0.0,0.0,35.433884297520656,6.363636363636363,0.0,36.36363636363637,-36.36363636363637,8.181818181818182,100.0
NPU,-20,ead/package_default,ead,package_default,20,110,11,7,0,12,0,4,9,11,0.0,0.0,35.433884297520656,10.909090909090908,0.0,36.36363636363637,-36.36363636363637,8.181818181818182,100.0
NPU,-20,ead/package_default,ead,package_default,30,110,11,7,1,11,2,4,10,8,14.285714285714285,2.567895594897479,51.313450331903,10.0,18.181818181818183,36.36363636363637,-18.181818181818183,9.090909090909092,72.72727272727273
NPU,-20,ead/package_default,ead,package_default,40,110,11,7,4,9,5,4,8,5,57.14285714285714,25.04542304090258,84.17830777373732,8.181818181818182,45.45454545454545,36.36363636363637,9.090909090909086,7.2727272727272725,45.45454545454545
NPU,-20,ALL/ALL_24,ALL,ALL_24,10,2640,264,196,0,242,0,68,216,264,0.0,0.0,1.9223224794036875,9.166666666666666,0.0,25.757575757575758,-25.757575757575758,8.181818181818182,100.0
NPU,-20,ALL/ALL_24,ALL,ALL_24,20,2640,264,196,2,256,2,68,216,264,1.0204081632653061,0.2802743465822266,3.6436333883438343,9.696969696969697,0.7575757575757576,25.757575757575758,-25.0,8.181818181818182,100.0
NPU,-20,ALL/ALL_24,ALL,ALL_24,30,2640,264,196,23,260,41,68,240,192,11.73469387755102,7.947904176250928,16.992648741660055,9.848484848484848,15.530303030303031,25.757575757575758,-10.227272727272727,9.090909090909092,72.72727272727273
NPU,-20,ALL/ALL_24,ALL,ALL_24,40,2640,264,196,36,236,75,68,192,120,18.367346938775512,13.572411705027793,24.378445373778625,8.93939393939394,28.40909090909091,25.757575757575758,2.6515151515151523,7.2727272727272725,45.45454545454545
NPU,-18,fgsm/eps0.005,fgsm,eps0.005,10,110,12,4,0,11,0,8,10,12,0.0,0.0,48.990002040399915,10.0,0.0,66.66666666666666,-66.66666666666666,9.090909090909092,100.0
NPU,-18,fgsm/eps0.005,fgsm,eps0.005,20,110,12,4,1,10,1,8,11,11,25.0,4.558606264463622,69.93639475573634,9.090909090909092,8.333333333333332,66.66666666666666,-58.33333333333333,10.0,91.66666666666666
NPU,-18,fgsm/eps0.005,fgsm,eps0.005,30,110,12,4,2,10,4,8,12,7,50.0,15.003570882017147,84.99642911798286,9.090909090909092,33.33333333333333,66.66666666666666,-33.33333333333333,10.909090909090908,58.333333333333336
NPU,-18,fgsm/eps0.005,fgsm,eps0.005,40,110,12,4,2,12,9,8,12,3,50.0,15.003570882017147,84.99642911798286,10.909090909090908,75.0,66.66666666666666,8.333333333333343,10.909090909090908,25.0
NPU,-18,fgsm/eps0.01,fgsm,eps0.01,10,110,12,4,0,10,0,8,10,12,0.0,0.0,48.990002040399915,9.090909090909092,0.0,66.66666666666666,-66.66666666666666,9.090909090909092,100.0
NPU,-18,fgsm/eps0.01,fgsm,eps0.01,20,110,12,4,1,9,1,8,11,11,25.0,4.558606264463622,69.93639475573634,8.181818181818182,8.333333333333332,66.66666666666666,-58.33333333333333,10.0,91.66666666666666
NPU,-18,fgsm/eps0.01,fgsm,eps0.01,30,110,12,4,2,10,4,8,12,7,50.0,15.003570882017147,84.99642911798286,9.090909090909092,33.33333333333333,66.66666666666666,-33.33333333333333,10.909090909090908,58.333333333333336
NPU,-18,fgsm/eps0.01,fgsm,eps0.01,40,110,12,4,2,12,9,8,12,3,50.0,15.003570882017147,84.99642911798286,10.909090909090908,75.0,66.66666666666666,8.333333333333343,10.909090909090908,25.0
NPU,-18,fgsm/eps0.03,fgsm,eps0.03,10,110,12,11,0,12,0,1,10,12,0.0,2.7755575615628914e-15,25.88400172488141,10.909090909090908,0.0,8.333333333333332,-8.333333333333332,9.090909090909092,100.0
NPU,-18,fgsm/eps0.03,fgsm,eps0.03,20,110,12,11,0,9,0,1,11,11,0.0,2.7755575615628914e-15,25.88400172488141,8.181818181818182,0.0,8.333333333333332,-8.333333333333332,10.0,91.66666666666666
NPU,-18,fgsm/eps0.03,fgsm,eps0.03,30,110,12,11,1,9,1,1,12,7,9.090909090909092,1.6231752262825971,37.73646254862038,8.181818181818182,8.333333333333332,8.333333333333332,0.0,10.909090909090908,58.333333333333336
NPU,-18,fgsm/eps0.03,fgsm,eps0.03,40,110,12,11,4,10,4,1,12,3,36.36363636363637,15.166223614131383,64.62032231083627,9.090909090909092,33.33333333333333,8.333333333333332,24.999999999999996,10.909090909090908,25.0
NPU,-18,fgsm/eps0.05,fgsm,eps0.05,10,110,12,11,0,12,0,1,10,12,0.0,2.7755575615628914e-15,25.88400172488141,10.909090909090908,0.0,8.333333333333332,-8.333333333333332,9.090909090909092,100.0
NPU,-18,fgsm/eps0.05,fgsm,eps0.05,20,110,12,11,0,11,0,1,11,11,0.0,2.7755575615628914e-15,25.88400172488141,10.0,0.0,8.333333333333332,-8.333333333333332,10.0,91.66666666666666
NPU,-18,fgsm/eps0.05,fgsm,eps0.05,30,110,12,11,0,15,0,1,12,7,0.0,2.7755575615628914e-15,25.88400172488141,13.636363636363635,0.0,8.333333333333332,-8.333333333333332,10.909090909090908,58.333333333333336
NPU,-18,fgsm/eps0.05,fgsm,eps0.05,40,110,12,11,0,11,0,1,12,3,0.0,2.7755575615628914e-15,25.88400172488141,10.0,0.0,8.333333333333332,-8.333333333333332,10.909090909090908,25.0
NPU,-18,bim/eps0.03_default,bim,eps0.03_default,10,110,12,12,0,11,0,0,10,12,0.0,0.0,24.25007574992425,10.0,0.0,0.0,0.0,9.090909090909092,100.0
NPU,-18,bim/eps0.03_default,bim,eps0.03_default,20,110,12,12,0,9,0,0,11,11,0.0,0.0,24.25007574992425,8.181818181818182,0.0,0.0,0.0,10.0,91.66666666666666
NPU,-18,bim/eps0.03_default,bim,eps0.03_default,30,110,12,12,2,10,2,0,12,7,16.666666666666664,4.696414761482223,44.80363573846727,9.090909090909092,16.666666666666664,0.0,16.666666666666664,10.909090909090908,58.333333333333336
NPU,-18,bim/eps0.03_default,bim,eps0.03_default,40,110,12,12,3,10,3,0,12,3,25.0,8.894003962896138,53.231033912065996,9.090909090909092,25.0,0.0,25.0,10.909090909090908,25.0
NPU,-18,pgd/eps0.005,pgd,eps0.005,10,110,12,3,0,11,0,9,10,12,0.0,0.0,56.15060804490177,10.0,0.0,75.0,-75.0,9.090909090909092,100.0
NPU,-18,pgd/eps0.005,pgd,eps0.005,20,110,12,3,1,10,1,9,11,11,33.33333333333333,6.14903152761605,79.23450448735122,9.090909090909092,8.333333333333332,75.0,-66.66666666666667,10.0,91.66666666666666
NPU,-18,pgd/eps0.005,pgd,eps0.005,30,110,12,3,2,10,4,9,12,7,66.66666666666666,20.76549551264879,93.85096847238394,9.090909090909092,33.33333333333333,75.0,-41.66666666666667,10.909090909090908,58.333333333333336
NPU,-18,pgd/eps0.005,pgd,eps0.005,40,110,12,3,1,11,9,9,12,3,33.33333333333333,6.14903152761605,79.23450448735122,10.0,75.0,75.0,0.0,10.909090909090908,25.0
NPU,-18,pgd/eps0.01,pgd,eps0.01,10,110,12,5,0,8,0,7,10,12,0.0,-2.7755575615628914e-15,43.4491494752081,7.2727272727272725,0.0,58.333333333333336,-58.333333333333336,9.090909090909092,100.0
NPU,-18,pgd/eps0.01,pgd,eps0.01,20,110,12,5,0,12,0,7,11,11,0.0,-2.7755575615628914e-15,43.4491494752081,10.909090909090908,0.0,58.333333333333336,-58.333333333333336,10.0,91.66666666666666
NPU,-18,pgd/eps0.01,pgd,eps0.01,30,110,12,5,2,12,4,7,12,7,40.0,11.76182311592533,76.9280067791163,10.909090909090908,33.33333333333333,58.333333333333336,-25.000000000000007,10.909090909090908,58.333333333333336
NPU,-18,pgd/eps0.01,pgd,eps0.01,40,110,12,5,3,10,7,7,12,3,60.0,23.07199322088371,88.23817688407468,9.090909090909092,58.333333333333336,58.333333333333336,0.0,10.909090909090908,25.0
NPU,-18,pgd/eps0.03,pgd,eps0.03,10,110,12,12,0,12,0,0,10,12,0.0,0.0,24.25007574992425,10.909090909090908,0.0,0.0,0.0,9.090909090909092,100.0
NPU,-18,pgd/eps0.03,pgd,eps0.03,20,110,12,12,0,11,0,0,11,11,0.0,0.0,24.25007574992425,10.0,0.0,0.0,0.0,10.0,91.66666666666666
NPU,-18,pgd/eps0.03,pgd,eps0.03,30,110,12,12,3,12,3,0,12,7,25.0,8.894003962896138,53.231033912065996,10.909090909090908,25.0,0.0,25.0,10.909090909090908,58.333333333333336
NPU,-18,pgd/eps0.03,pgd,eps0.03,40,110,12,12,5,12,5,0,12,3,41.66666666666667,19.325746190524658,68.04926643446272,10.909090909090908,41.66666666666667,0.0,41.66666666666667,10.909090909090908,25.0
NPU,-18,mifgsm/eps0.03_default,mifgsm,eps0.03_default,10,110,12,12,0,15,0,0,10,12,0.0,0.0,24.25007574992425,13.636363636363635,0.0,0.0,0.0,9.090909090909092,100.0
NPU,-18,mifgsm/eps0.03_default,mifgsm,eps0.03_default,20,110,12,12,0,13,0,0,11,11,0.0,0.0,24.25007574992425,11.818181818181818,0.0,0.0,0.0,10.0,91.66666666666666
NPU,-18,mifgsm/eps0.03_default,mifgsm,eps0.03_default,30,110,12,12,2,14,2,0,12,7,16.666666666666664,4.696414761482223,44.80363573846727,12.727272727272727,16.666666666666664,0.0,16.666666666666664,10.909090909090908,58.333333333333336
NPU,-18,mifgsm/eps0.03_default,mifgsm,eps0.03_default,40,110,12,12,2,9,2,0,12,3,16.666666666666664,4.696414761482223,44.80363573846727,8.181818181818182,16.666666666666664,0.0,16.666666666666664,10.909090909090908,25.0
NPU,-18,difgsm/eps0.03_default,difgsm,eps0.03_default,10,110,12,11,0,15,0,1,10,12,0.0,2.7755575615628914e-15,25.88400172488141,13.636363636363635,0.0,8.333333333333332,-8.333333333333332,9.090909090909092,100.0
NPU,-18,difgsm/eps0.03_default,difgsm,eps0.03_default,20,110,12,11,0,11,0,1,11,11,0.0,2.7755575615628914e-15,25.88400172488141,10.0,0.0,8.333333333333332,-8.333333333333332,10.0,91.66666666666666
NPU,-18,difgsm/eps0.03_default,difgsm,eps0.03_default,30,110,12,11,1,12,1,1,12,7,9.090909090909092,1.6231752262825971,37.73646254862038,10.909090909090908,8.333333333333332,8.333333333333332,0.0,10.909090909090908,58.333333333333336
NPU,-18,difgsm/eps0.03_default,difgsm,eps0.03_default,40,110,12,11,1,8,1,1,12,3,9.090909090909092,1.6231752262825971,37.73646254862038,7.2727272727272725,8.333333333333332,8.333333333333332,0.0,10.909090909090908,25.0
NPU,-18,vmifgsm/eps0.03_default,vmifgsm,eps0.03_default,10,110,12,11,0,12,0,1,10,12,0.0,2.7755575615628914e-15,25.88400172488141,10.909090909090908,0.0,8.333333333333332,-8.333333333333332,9.090909090909092,100.0
NPU,-18,vmifgsm/eps0.03_default,vmifgsm,eps0.03_default,20,110,12,11,0,10,0,1,11,11,0.0,2.7755575615628914e-15,25.88400172488141,9.090909090909092,0.0,8.333333333333332,-8.333333333333332,10.0,91.66666666666666
NPU,-18,vmifgsm/eps0.03_default,vmifgsm,eps0.03_default,30,110,12,11,1,10,1,1,12,7,9.090909090909092,1.6231752262825971,37.73646254862038,9.090909090909092,8.333333333333332,8.333333333333332,0.0,10.909090909090908,58.333333333333336
NPU,-18,vmifgsm/eps0.03_default,vmifgsm,eps0.03_default,40,110,12,11,1,7,1,1,12,3,9.090909090909092,1.6231752262825971,37.73646254862038,6.363636363636363,8.333333333333332,8.333333333333332,0.0,10.909090909090908,25.0
NPU,-18,vnifgsm/eps0.03_default,vnifgsm,eps0.03_default,10,110,12,11,0,11,0,1,10,12,0.0,2.7755575615628914e-15,25.88400172488141,10.0,0.0,8.333333333333332,-8.333333333333332,9.090909090909092,100.0
NPU,-18,vnifgsm/eps0.03_default,vnifgsm,eps0.03_default,20,110,12,11,0,9,0,1,11,11,0.0,2.7755575615628914e-15,25.88400172488141,8.181818181818182,0.0,8.333333333333332,-8.333333333333332,10.0,91.66666666666666
NPU,-18,vnifgsm/eps0.03_default,vnifgsm,eps0.03_default,30,110,12,11,3,7,3,1,12,7,27.27272727272727,9.745880573921466,56.56502930102463,6.363636363636363,25.0,8.333333333333332,16.666666666666668,10.909090909090908,58.333333333333336
NPU,-18,vnifgsm/eps0.03_default,vnifgsm,eps0.03_default,40,110,12,11,1,7,1,1,12,3,9.090909090909092,1.6231752262825971,37.73646254862038,6.363636363636363,8.333333333333332,8.333333333333332,0.0,10.909090909090908,25.0
NPU,-18,rfgsm/eps0.03_default,rfgsm,eps0.03_default,10,110,12,12,0,14,0,0,10,12,0.0,0.0,24.25007574992425,12.727272727272727,0.0,0.0,0.0,9.090909090909092,100.0
NPU,-18,rfgsm/eps0.03_default,rfgsm,eps0.03_default,20,110,12,12,0,13,0,0,11,11,0.0,0.0,24.25007574992425,11.818181818181818,0.0,0.0,0.0,10.0,91.66666666666666
NPU,-18,rfgsm/eps0.03_default,rfgsm,eps0.03_default,30,110,12,12,1,10,1,0,12,7,8.333333333333332,1.4864709450773477,35.38859217985952,9.090909090909092,8.333333333333332,0.0,8.333333333333332,10.909090909090908,58.333333333333336
NPU,-18,rfgsm/eps0.03_default,rfgsm,eps0.03_default,40,110,12,12,2,8,2,0,12,3,16.666666666666664,4.696414761482223,44.80363573846727,7.2727272727272725,16.666666666666664,0.0,16.666666666666664,10.909090909090908,25.0
NPU,-18,tpgd/eps0.03_default,tpgd,eps0.03_default,10,110,12,8,0,12,0,4,10,12,0.0,0.0,32.441561951087685,10.909090909090908,0.0,33.33333333333333,-33.33333333333333,9.090909090909092,100.0
NPU,-18,tpgd/eps0.03_default,tpgd,eps0.03_default,20,110,12,8,0,8,0,4,11,11,0.0,0.0,32.441561951087685,7.2727272727272725,0.0,33.33333333333333,-33.33333333333333,10.0,91.66666666666666
NPU,-18,tpgd/eps0.03_default,tpgd,eps0.03_default,30,110,12,8,1,7,1,4,12,7,12.5,2.241690886329617,47.08948057698615,6.363636363636363,8.333333333333332,33.33333333333333,-24.999999999999996,10.909090909090908,58.333333333333336
NPU,-18,tpgd/eps0.03_default,tpgd,eps0.03_default,40,110,12,8,1,6,1,4,12,3,12.5,2.241690886329617,47.08948057698615,5.454545454545454,8.333333333333332,33.33333333333333,-24.999999999999996,10.909090909090908,25.0
NPU,-18,cw/c1_steps20_lr0.01,cw,c1_steps20_lr0.01,10,110,12,12,0,13,0,0,10,12,0.0,0.0,24.25007574992425,11.818181818181818,0.0,0.0,0.0,9.090909090909092,100.0
NPU,-18,cw/c1_steps20_lr0.01,cw,c1_steps20_lr0.01,20,110,12,12,1,11,1,0,11,11,8.333333333333332,1.4864709450773477,35.38859217985952,10.0,8.333333333333332,0.0,8.333333333333332,10.0,91.66666666666666
NPU,-18,cw/c1_steps20_lr0.01,cw,c1_steps20_lr0.01,30,110,12,12,4,11,4,0,12,7,33.33333333333333,13.811783989736135,60.9382412602386,10.0,33.33333333333333,0.0,33.33333333333333,10.909090909090908,58.333333333333336
NPU,-18,cw/c1_steps20_lr0.01,cw,c1_steps20_lr0.01,40,110,12,12,6,8,6,0,12,3,50.0,25.377817039342222,74.62218296065778,7.2727272727272725,50.0,0.0,50.0,10.909090909090908,25.0
NPU,-18,deepfool/package_default,deepfool,package_default,10,110,12,11,0,13,0,1,10,12,0.0,2.7755575615628914e-15,25.88400172488141,11.818181818181818,0.0,8.333333333333332,-8.333333333333332,9.090909090909092,100.0
NPU,-18,deepfool/package_default,deepfool,package_default,20,110,12,11,0,12,1,1,11,11,0.0,2.7755575615628914e-15,25.88400172488141,10.909090909090908,8.333333333333332,8.333333333333332,0.0,10.0,91.66666666666666
NPU,-18,deepfool/package_default,deepfool,package_default,30,110,12,11,2,10,3,1,12,7,18.181818181818183,5.136660067100063,47.69861375782448,9.090909090909092,25.0,8.333333333333332,16.666666666666668,10.909090909090908,58.333333333333336
NPU,-18,deepfool/package_default,deepfool,package_default,40,110,12,11,6,12,6,1,12,3,54.54545454545454,28.008775568998818,78.72904245601195,10.909090909090908,50.0,8.333333333333332,41.66666666666667,10.909090909090908,25.0
NPU,-18,fab/eps0.005,fab,eps0.005,10,110,12,2,0,11,0,10,10,12,0.0,0.0,65.76280471103807,10.0,0.0,83.33333333333334,-83.33333333333334,9.090909090909092,100.0
NPU,-18,fab/eps0.005,fab,eps0.005,20,110,12,2,0,11,1,10,11,11,0.0,0.0,65.76280471103807,10.0,8.333333333333332,83.33333333333334,-75.00000000000001,10.0,91.66666666666666
NPU,-18,fab/eps0.005,fab,eps0.005,30,110,12,2,1,12,4,10,12,7,50.0,9.452865480086615,90.54713451991339,10.909090909090908,33.33333333333333,83.33333333333334,-50.000000000000014,10.909090909090908,58.333333333333336
NPU,-18,fab/eps0.005,fab,eps0.005,40,110,12,2,2,12,9,10,12,3,100.0,34.23719528896193,100.0,10.909090909090908,75.0,83.33333333333334,-8.333333333333343,10.909090909090908,25.0
NPU,-18,fab/eps0.01,fab,eps0.01,10,110,12,3,0,11,0,9,10,12,0.0,0.0,56.15060804490177,10.0,0.0,75.0,-75.0,9.090909090909092,100.0
NPU,-18,fab/eps0.01,fab,eps0.01,20,110,12,3,0,11,1,9,11,11,0.0,0.0,56.15060804490177,10.0,8.333333333333332,75.0,-66.66666666666667,10.0,91.66666666666666
NPU,-18,fab/eps0.01,fab,eps0.01,30,110,12,3,1,12,4,9,12,7,33.33333333333333,6.14903152761605,79.23450448735122,10.909090909090908,33.33333333333333,75.0,-41.66666666666667,10.909090909090908,58.333333333333336
NPU,-18,fab/eps0.01,fab,eps0.01,40,110,12,3,3,12,9,9,12,3,100.0,43.84939195509823,100.0,10.909090909090908,75.0,75.0,0.0,10.909090909090908,25.0
NPU,-18,fab/eps0.03,fab,eps0.03,10,110,12,10,0,10,0,2,10,12,0.0,-2.7755575615628914e-15,27.75401687666166,9.090909090909092,0.0,16.666666666666664,-16.666666666666664,9.090909090909092,100.0
NPU,-18,fab/eps0.03,fab,eps0.03,20,110,12,10,0,13,1,2,11,11,0.0,-2.7755575615628914e-15,27.75401687666166,11.818181818181818,8.333333333333332,16.666666666666664,-8.333333333333332,10.0,91.66666666666666
NPU,-18,fab/eps0.03,fab,eps0.03,30,110,12,10,3,15,4,2,12,7,30.0,10.778928748621183,60.322678002043475,13.636363636363635,33.33333333333333,16.666666666666664,16.666666666666664,10.909090909090908,58.333333333333336
NPU,-18,fab/eps0.03,fab,eps0.03,40,110,12,10,8,12,8,2,12,3,80.0,49.01568467207233,94.33190520193067,10.909090909090908,66.66666666666666,16.666666666666664,49.99999999999999,10.909090909090908,25.0
NPU,-18,square/eps0.03_default,square,eps0.03_default,10,110,12,11,0,11,0,1,10,12,0.0,2.7755575615628914e-15,25.88400172488141,10.0,0.0,8.333333333333332,-8.333333333333332,9.090909090909092,100.0
NPU,-18,square/eps0.03_default,square,eps0.03_default,20,110,12,11,0,7,0,1,11,11,0.0,2.7755575615628914e-15,25.88400172488141,6.363636363636363,0.0,8.333333333333332,-8.333333333333332,10.0,91.66666666666666
NPU,-18,square/eps0.03_default,square,eps0.03_default,30,110,12,11,2,14,2,1,12,7,18.181818181818183,5.136660067100063,47.69861375782448,12.727272727272727,16.666666666666664,8.333333333333332,8.333333333333332,10.909090909090908,58.333333333333336
NPU,-18,square/eps0.03_default,square,eps0.03_default,40,110,12,11,4,8,4,1,12,3,36.36363636363637,15.166223614131383,64.62032231083627,7.2727272727272725,33.33333333333333,8.333333333333332,24.999999999999996,10.909090909090908,25.0
NPU,-18,apgd/eps0.03_default,apgd,eps0.03_default,10,110,12,11,0,11,0,1,10,12,0.0,2.7755575615628914e-15,25.88400172488141,10.0,0.0,8.333333333333332,-8.333333333333332,9.090909090909092,100.0
NPU,-18,apgd/eps0.03_default,apgd,eps0.03_default,20,110,12,11,0,9,0,1,11,11,0.0,2.7755575615628914e-15,25.88400172488141,8.181818181818182,0.0,8.333333333333332,-8.333333333333332,10.0,91.66666666666666
NPU,-18,apgd/eps0.03_default,apgd,eps0.03_default,30,110,12,11,3,12,3,1,12,7,27.27272727272727,9.745880573921466,56.56502930102463,10.909090909090908,25.0,8.333333333333332,16.666666666666668,10.909090909090908,58.333333333333336
NPU,-18,apgd/eps0.03_default,apgd,eps0.03_default,40,110,12,11,2,12,3,1,12,3,18.181818181818183,5.136660067100063,47.69861375782448,10.909090909090908,25.0,8.333333333333332,16.666666666666668,10.909090909090908,25.0
NPU,-18,apgdt/eps0.03_default,apgdt,eps0.03_default,10,110,12,12,0,9,0,0,10,12,0.0,0.0,24.25007574992425,8.181818181818182,0.0,0.0,0.0,9.090909090909092,100.0
NPU,-18,apgdt/eps0.03_default,apgdt,eps0.03_default,20,110,12,12,1,10,1,0,11,11,8.333333333333332,1.4864709450773477,35.38859217985952,9.090909090909092,8.333333333333332,0.0,8.333333333333332,10.0,91.66666666666666
NPU,-18,apgdt/eps0.03_default,apgdt,eps0.03_default,30,110,12,12,1,6,1,0,12,7,8.333333333333332,1.4864709450773477,35.38859217985952,5.454545454545454,8.333333333333332,0.0,8.333333333333332,10.909090909090908,58.333333333333336
NPU,-18,apgdt/eps0.03_default,apgdt,eps0.03_default,40,110,12,12,4,10,4,0,12,3,33.33333333333333,13.811783989736135,60.9382412602386,9.090909090909092,33.33333333333333,0.0,33.33333333333333,10.909090909090908,25.0
NPU,-18,autoattack/eps0.03_standard,autoattack,eps0.03_standard,10,110,12,12,0,14,0,0,10,12,0.0,0.0,24.25007574992425,12.727272727272727,0.0,0.0,0.0,9.090909090909092,100.0
NPU,-18,autoattack/eps0.03_standard,autoattack,eps0.03_standard,20,110,12,12,0,8,0,0,11,11,0.0,0.0,24.25007574992425,7.2727272727272725,0.0,0.0,0.0,10.0,91.66666666666666
NPU,-18,autoattack/eps0.03_standard,autoattack,eps0.03_standard,30,110,12,12,2,9,2,0,12,7,16.666666666666664,4.696414761482223,44.80363573846727,8.181818181818182,16.666666666666664,0.0,16.666666666666664,10.909090909090908,58.333333333333336
NPU,-18,autoattack/eps0.03_standard,autoattack,eps0.03_standard,40,110,12,12,1,10,1,0,12,3,8.333333333333332,1.4864709450773477,35.38859217985952,9.090909090909092,8.333333333333332,0.0,8.333333333333332,10.909090909090908,25.0
NPU,-18,ead/package_default,ead,package_default,10,110,12,10,0,10,0,2,10,12,0.0,-2.7755575615628914e-15,27.75401687666166,9.090909090909092,0.0,16.666666666666664,-16.666666666666664,9.090909090909092,100.0
NPU,-18,ead/package_default,ead,package_default,20,110,12,10,0,9,1,2,11,11,0.0,-2.7755575615628914e-15,27.75401687666166,8.181818181818182,8.333333333333332,16.666666666666664,-8.333333333333332,10.0,91.66666666666666
NPU,-18,ead/package_default,ead,package_default,30,110,12,10,3,11,4,2,12,7,30.0,10.778928748621183,60.322678002043475,10.0,33.33333333333333,16.666666666666664,16.666666666666664,10.909090909090908,58.333333333333336
NPU,-18,ead/package_default,ead,package_default,40,110,12,10,7,8,7,2,12,3,70.0,39.67732199795652,89.2210712513788,7.2727272727272725,58.333333333333336,16.666666666666664,41.66666666666667,10.909090909090908,25.0
NPU,-18,ALL/ALL_24,ALL,ALL_24,10,2640,288,221,0,279,0,67,240,288,0.0,1.734723475976807e-16,1.708580618533225,10.568181818181818,0.0,23.26388888888889,-23.26388888888889,9.090909090909092,100.0
NPU,-18,ALL/ALL_24,ALL,ALL_24,20,2640,288,221,5,246,10,67,264,264,2.262443438914027,0.9701476694402424,5.186008486715914,9.318181818181818,3.4722222222222223,23.26388888888889,-19.791666666666668,10.0,91.66666666666666
NPU,-18,ALL/ALL_24,ALL,ALL_24,30,2640,288,221,45,260,62,67,288,168,20.361990950226243,15.580415066969627,26.15634539016998,9.848484848484848,21.52777777777778,23.26388888888889,-1.7361111111111107,10.909090909090908,58.333333333333336
NPU,-18,ALL/ALL_24,ALL,ALL_24,40,2640,288,221,71,237,111,67,288,72,32.126696832579185,26.32064253561962,38.543510717159236,8.977272727272727,38.54166666666667,23.26388888888889,15.277777777777782,10.909090909090908,25.0
NPU,-16,fgsm/eps0.005,fgsm,eps0.005,10,110,12,4,0,10,0,8,8,12,0.0,0.0,48.990002040399915,9.090909090909092,0.0,66.66666666666666,-66.66666666666666,7.2727272727272725,100.0
NPU,-16,fgsm/eps0.005,fgsm,eps0.005,20,110,12,4,0,8,0,8,9,12,0.0,0.0,48.990002040399915,7.2727272727272725,0.0,66.66666666666666,-66.66666666666666,8.181818181818182,100.0
NPU,-16,fgsm/eps0.005,fgsm,eps0.005,30,110,12,4,1,14,2,8,11,10,25.0,4.558606264463622,69.93639475573634,12.727272727272727,16.666666666666664,66.66666666666666,-49.99999999999999,10.0,83.33333333333334
NPU,-16,fgsm/eps0.005,fgsm,eps0.005,40,110,12,4,1,13,5,8,11,6,25.0,4.558606264463622,69.93639475573634,11.818181818181818,41.66666666666667,66.66666666666666,-24.999999999999986,10.0,50.0
NPU,-16,fgsm/eps0.01,fgsm,eps0.01,10,110,12,5,0,8,0,7,8,12,0.0,-2.7755575615628914e-15,43.4491494752081,7.2727272727272725,0.0,58.333333333333336,-58.333333333333336,7.2727272727272725,100.0
NPU,-16,fgsm/eps0.01,fgsm,eps0.01,20,110,12,5,0,9,0,7,9,12,0.0,-2.7755575615628914e-15,43.4491494752081,8.181818181818182,0.0,58.333333333333336,-58.333333333333336,8.181818181818182,100.0
NPU,-16,fgsm/eps0.01,fgsm,eps0.01,30,110,12,5,0,14,1,7,11,10,0.0,-2.7755575615628914e-15,43.4491494752081,12.727272727272727,8.333333333333332,58.333333333333336,-50.0,10.0,83.33333333333334
NPU,-16,fgsm/eps0.01,fgsm,eps0.01,40,110,12,5,0,13,5,7,11,6,0.0,-2.7755575615628914e-15,43.4491494752081,11.818181818181818,41.66666666666667,58.333333333333336,-16.666666666666664,10.0,50.0
NPU,-16,fgsm/eps0.03,fgsm,eps0.03,10,110,12,9,0,9,0,3,8,12,0.0,0.0,29.91527535509594,8.181818181818182,0.0,25.0,-25.0,7.2727272727272725,100.0
NPU,-16,fgsm/eps0.03,fgsm,eps0.03,20,110,12,9,0,12,0,3,9,12,0.0,0.0,29.91527535509594,10.909090909090908,0.0,25.0,-25.0,8.181818181818182,100.0
NPU,-16,fgsm/eps0.03,fgsm,eps0.03,30,110,12,9,0,13,1,3,11,10,0.0,0.0,29.91527535509594,11.818181818181818,8.333333333333332,25.0,-16.666666666666668,10.0,83.33333333333334
NPU,-16,fgsm/eps0.03,fgsm,eps0.03,40,110,12,9,2,14,5,3,11,6,22.22222222222222,6.322376231222723,54.74166563271946,12.727272727272727,41.66666666666667,25.0,16.66666666666667,10.0,50.0
NPU,-16,fgsm/eps0.05,fgsm,eps0.05,10,110,12,10,0,10,0,2,8,12,0.0,-2.7755575615628914e-15,27.75401687666166,9.090909090909092,0.0,16.666666666666664,-16.666666666666664,7.2727272727272725,100.0
NPU,-16,fgsm/eps0.05,fgsm,eps0.05,20,110,12,10,0,9,0,2,9,12,0.0,-2.7755575615628914e-15,27.75401687666166,8.181818181818182,0.0,16.666666666666664,-16.666666666666664,8.181818181818182,100.0
NPU,-16,fgsm/eps0.05,fgsm,eps0.05,30,110,12,10,1,11,1,2,11,10,10.0,1.7875749515721129,40.41563854975721,10.0,8.333333333333332,16.666666666666664,-8.333333333333332,10.0,83.33333333333334
NPU,-16,fgsm/eps0.05,fgsm,eps0.05,40,110,12,10,1,10,2,2,11,6,10.0,1.7875749515721129,40.41563854975721,9.090909090909092,16.666666666666664,16.666666666666664,0.0,10.0,50.0
NPU,-16,bim/eps0.03_default,bim,eps0.03_default,10,110,12,10,0,9,0,2,8,12,0.0,-2.7755575615628914e-15,27.75401687666166,8.181818181818182,0.0,16.666666666666664,-16.666666666666664,7.2727272727272725,100.0
NPU,-16,bim/eps0.03_default,bim,eps0.03_default,20,110,12,10,0,12,0,2,9,12,0.0,-2.7755575615628914e-15,27.75401687666166,10.909090909090908,0.0,16.666666666666664,-16.666666666666664,8.181818181818182,100.0
NPU,-16,bim/eps0.03_default,bim,eps0.03_default,30,110,12,10,1,16,1,2,11,10,10.0,1.7875749515721129,40.41563854975721,14.545454545454545,8.333333333333332,16.666666666666664,-8.333333333333332,10.0,83.33333333333334
NPU,-16,bim/eps0.03_default,bim,eps0.03_default,40,110,12,10,2,19,4,2,11,6,20.0,5.6680947980693315,50.98431532792765,17.272727272727273,33.33333333333333,16.666666666666664,16.666666666666664,10.0,50.0
NPU,-16,pgd/eps0.005,pgd,eps0.005,10,110,12,4,0,9,0,8,8,12,0.0,0.0,48.990002040399915,8.181818181818182,0.0,66.66666666666666,-66.66666666666666,7.2727272727272725,100.0
NPU,-16,pgd/eps0.005,pgd,eps0.005,20,110,12,4,0,9,0,8,9,12,0.0,0.0,48.990002040399915,8.181818181818182,0.0,66.66666666666666,-66.66666666666666,8.181818181818182,100.0
NPU,-16,pgd/eps0.005,pgd,eps0.005,30,110,12,4,1,15,2,8,11,10,25.0,4.558606264463622,69.93639475573634,13.636363636363635,16.666666666666664,66.66666666666666,-49.99999999999999,10.0,83.33333333333334
NPU,-16,pgd/eps0.005,pgd,eps0.005,40,110,12,4,1,10,6,8,11,6,25.0,4.558606264463622,69.93639475573634,9.090909090909092,50.0,66.66666666666666,-16.666666666666657,10.0,50.0
NPU,-16,pgd/eps0.01,pgd,eps0.01,10,110,12,5,0,9,0,7,8,12,0.0,-2.7755575615628914e-15,43.4491494752081,8.181818181818182,0.0,58.333333333333336,-58.333333333333336,7.2727272727272725,100.0
NPU,-16,pgd/eps0.01,pgd,eps0.01,20,110,12,5,0,7,0,7,9,12,0.0,-2.7755575615628914e-15,43.4491494752081,6.363636363636363,0.0,58.333333333333336,-58.333333333333336,8.181818181818182,100.0
NPU,-16,pgd/eps0.01,pgd,eps0.01,30,110,12,5,0,9,1,7,11,10,0.0,-2.7755575615628914e-15,43.4491494752081,8.181818181818182,8.333333333333332,58.333333333333336,-50.0,10.0,83.33333333333334
NPU,-16,pgd/eps0.01,pgd,eps0.01,40,110,12,5,1,19,6,7,11,6,20.0,3.6223160969787447,62.44717358814613,17.272727272727273,50.0,58.333333333333336,-8.333333333333336,10.0,50.0
NPU,-16,pgd/eps0.03,pgd,eps0.03,10,110,12,10,0,8,0,2,8,12,0.0,-2.7755575615628914e-15,27.75401687666166,7.2727272727272725,0.0,16.666666666666664,-16.666666666666664,7.2727272727272725,100.0
NPU,-16,pgd/eps0.03,pgd,eps0.03,20,110,12,10,0,14,0,2,9,12,0.0,-2.7755575615628914e-15,27.75401687666166,12.727272727272727,0.0,16.666666666666664,-16.666666666666664,8.181818181818182,100.0
NPU,-16,pgd/eps0.03,pgd,eps0.03,30,110,12,10,1,15,1,2,11,10,10.0,1.7875749515721129,40.41563854975721,13.636363636363635,8.333333333333332,16.666666666666664,-8.333333333333332,10.0,83.33333333333334
NPU,-16,pgd/eps0.03,pgd,eps0.03,40,110,12,10,2,20,4,2,11,6,20.0,5.6680947980693315,50.98431532792765,18.181818181818183,33.33333333333333,16.666666666666664,16.666666666666664,10.0,50.0
NPU,-16,mifgsm/eps0.03_default,mifgsm,eps0.03_default,10,110,12,10,0,11,0,2,8,12,0.0,-2.7755575615628914e-15,27.75401687666166,10.0,0.0,16.666666666666664,-16.666666666666664,7.2727272727272725,100.0
NPU,-16,mifgsm/eps0.03_default,mifgsm,eps0.03_default,20,110,12,10,0,16,0,2,9,12,0.0,-2.7755575615628914e-15,27.75401687666166,14.545454545454545,0.0,16.666666666666664,-16.666666666666664,8.181818181818182,100.0
NPU,-16,mifgsm/eps0.03_default,mifgsm,eps0.03_default,30,110,12,10,1,18,1,2,11,10,10.0,1.7875749515721129,40.41563854975721,16.363636363636363,8.333333333333332,16.666666666666664,-8.333333333333332,10.0,83.33333333333334
NPU,-16,mifgsm/eps0.03_default,mifgsm,eps0.03_default,40,110,12,10,2,16,4,2,11,6,20.0,5.6680947980693315,50.98431532792765,14.545454545454545,33.33333333333333,16.666666666666664,16.666666666666664,10.0,50.0
NPU,-16,difgsm/eps0.03_default,difgsm,eps0.03_default,10,110,12,11,0,8,0,1,8,12,0.0,2.7755575615628914e-15,25.88400172488141,7.2727272727272725,0.0,8.333333333333332,-8.333333333333332,7.2727272727272725,100.0
NPU,-16,difgsm/eps0.03_default,difgsm,eps0.03_default,20,110,12,11,0,9,0,1,9,12,0.0,2.7755575615628914e-15,25.88400172488141,8.181818181818182,0.0,8.333333333333332,-8.333333333333332,8.181818181818182,100.0
NPU,-16,difgsm/eps0.03_default,difgsm,eps0.03_default,30,110,12,11,1,15,1,1,11,10,9.090909090909092,1.6231752262825971,37.73646254862038,13.636363636363635,8.333333333333332,8.333333333333332,0.0,10.0,83.33333333333334
NPU,-16,difgsm/eps0.03_default,difgsm,eps0.03_default,40,110,12,11,1,12,1,1,11,6,9.090909090909092,1.6231752262825971,37.73646254862038,10.909090909090908,8.333333333333332,8.333333333333332,0.0,10.0,50.0
NPU,-16,vmifgsm/eps0.03_default,vmifgsm,eps0.03_default,10,110,12,10,0,10,0,2,8,12,0.0,-2.7755575615628914e-15,27.75401687666166,9.090909090909092,0.0,16.666666666666664,-16.666666666666664,7.2727272727272725,100.0
NPU,-16,vmifgsm/eps0.03_default,vmifgsm,eps0.03_default,20,110,12,10,0,12,0,2,9,12,0.0,-2.7755575615628914e-15,27.75401687666166,10.909090909090908,0.0,16.666666666666664,-16.666666666666664,8.181818181818182,100.0
NPU,-16,vmifgsm/eps0.03_default,vmifgsm,eps0.03_default,30,110,12,10,1,17,1,2,11,10,10.0,1.7875749515721129,40.41563854975721,15.454545454545453,8.333333333333332,16.666666666666664,-8.333333333333332,10.0,83.33333333333334
NPU,-16,vmifgsm/eps0.03_default,vmifgsm,eps0.03_default,40,110,12,10,2,20,4,2,11,6,20.0,5.6680947980693315,50.98431532792765,18.181818181818183,33.33333333333333,16.666666666666664,16.666666666666664,10.0,50.0
NPU,-16,vnifgsm/eps0.03_default,vnifgsm,eps0.03_default,10,110,12,10,0,11,0,2,8,12,0.0,-2.7755575615628914e-15,27.75401687666166,10.0,0.0,16.666666666666664,-16.666666666666664,7.2727272727272725,100.0
NPU,-16,vnifgsm/eps0.03_default,vnifgsm,eps0.03_default,20,110,12,10,0,15,0,2,9,12,0.0,-2.7755575615628914e-15,27.75401687666166,13.636363636363635,0.0,16.666666666666664,-16.666666666666664,8.181818181818182,100.0
NPU,-16,vnifgsm/eps0.03_default,vnifgsm,eps0.03_default,30,110,12,10,1,16,1,2,11,10,10.0,1.7875749515721129,40.41563854975721,14.545454545454545,8.333333333333332,16.666666666666664,-8.333333333333332,10.0,83.33333333333334
NPU,-16,vnifgsm/eps0.03_default,vnifgsm,eps0.03_default,40,110,12,10,2,16,3,2,11,6,20.0,5.6680947980693315,50.98431532792765,14.545454545454545,25.0,16.666666666666664,8.333333333333336,10.0,50.0
NPU,-16,rfgsm/eps0.03_default,rfgsm,eps0.03_default,10,110,12,10,0,11,0,2,8,12,0.0,-2.7755575615628914e-15,27.75401687666166,10.0,0.0,16.666666666666664,-16.666666666666664,7.2727272727272725,100.0
NPU,-16,rfgsm/eps0.03_default,rfgsm,eps0.03_default,20,110,12,10,0,16,0,2,9,12,0.0,-2.7755575615628914e-15,27.75401687666166,14.545454545454545,0.0,16.666666666666664,-16.666666666666664,8.181818181818182,100.0
NPU,-16,rfgsm/eps0.03_default,rfgsm,eps0.03_default,30,110,12,10,1,16,1,2,11,10,10.0,1.7875749515721129,40.41563854975721,14.545454545454545,8.333333333333332,16.666666666666664,-8.333333333333332,10.0,83.33333333333334
NPU,-16,rfgsm/eps0.03_default,rfgsm,eps0.03_default,40,110,12,10,2,18,4,2,11,6,20.0,5.6680947980693315,50.98431532792765,16.363636363636363,33.33333333333333,16.666666666666664,16.666666666666664,10.0,50.0
NPU,-16,tpgd/eps0.03_default,tpgd,eps0.03_default,10,110,12,7,0,10,0,5,8,12,0.0,0.0,35.433884297520656,9.090909090909092,0.0,41.66666666666667,-41.66666666666667,7.2727272727272725,100.0
NPU,-16,tpgd/eps0.03_default,tpgd,eps0.03_default,20,110,12,7,0,12,0,5,9,12,0.0,0.0,35.433884297520656,10.909090909090908,0.0,41.66666666666667,-41.66666666666667,8.181818181818182,100.0
NPU,-16,tpgd/eps0.03_default,tpgd,eps0.03_default,30,110,12,7,1,10,1,5,11,10,14.285714285714285,2.567895594897479,51.313450331903,9.090909090909092,8.333333333333332,41.66666666666667,-33.33333333333334,10.0,83.33333333333334
NPU,-16,tpgd/eps0.03_default,tpgd,eps0.03_default,40,110,12,7,2,11,5,5,11,6,28.57142857142857,8.221716570901549,64.10709098517873,10.0,41.66666666666667,41.66666666666667,0.0,10.0,50.0
NPU,-16,cw/c1_steps20_lr0.01,cw,c1_steps20_lr0.01,10,110,12,10,0,10,0,2,8,12,0.0,-2.7755575615628914e-15,27.75401687666166,9.090909090909092,0.0,16.666666666666664,-16.666666666666664,7.2727272727272725,100.0
NPU,-16,cw/c1_steps20_lr0.01,cw,c1_steps20_lr0.01,20,110,12,10,0,8,0,2,9,12,0.0,-2.7755575615628914e-15,27.75401687666166,7.2727272727272725,0.0,16.666666666666664,-16.666666666666664,8.181818181818182,100.0
NPU,-16,cw/c1_steps20_lr0.01,cw,c1_steps20_lr0.01,30,110,12,10,2,10,2,2,11,10,20.0,5.6680947980693315,50.98431532792765,9.090909090909092,16.666666666666664,16.666666666666664,0.0,10.0,83.33333333333334
NPU,-16,cw/c1_steps20_lr0.01,cw,c1_steps20_lr0.01,40,110,12,10,4,10,4,2,11,6,40.0,16.817758120350966,68.73304525498135,9.090909090909092,33.33333333333333,16.666666666666664,16.666666666666664,10.0,50.0
NPU,-16,deepfool/package_default,deepfool,package_default,10,110,12,10,0,10,0,2,8,12,0.0,-2.7755575615628914e-15,27.75401687666166,9.090909090909092,0.0,16.666666666666664,-16.666666666666664,7.2727272727272725,100.0
NPU,-16,deepfool/package_default,deepfool,package_default,20,110,12,10,0,7,0,2,9,12,0.0,-2.7755575615628914e-15,27.75401687666166,6.363636363636363,0.0,16.666666666666664,-16.666666666666664,8.181818181818182,100.0
NPU,-16,deepfool/package_default,deepfool,package_default,30,110,12,10,3,12,3,2,11,10,30.0,10.778928748621183,60.322678002043475,10.909090909090908,25.0,16.666666666666664,8.333333333333336,10.0,83.33333333333334
NPU,-16,deepfool/package_default,deepfool,package_default,40,110,12,10,4,9,4,2,11,6,40.0,16.817758120350966,68.73304525498135,8.181818181818182,33.33333333333333,16.666666666666664,16.666666666666664,10.0,50.0
NPU,-16,fab/eps0.005,fab,eps0.005,10,110,12,3,0,10,0,9,8,12,0.0,0.0,56.15060804490177,9.090909090909092,0.0,75.0,-75.0,7.2727272727272725,100.0
NPU,-16,fab/eps0.005,fab,eps0.005,20,110,12,3,0,8,0,9,9,12,0.0,0.0,56.15060804490177,7.2727272727272725,0.0,75.0,-75.0,8.181818181818182,100.0
NPU,-16,fab/eps0.005,fab,eps0.005,30,110,12,3,1,13,2,9,11,10,33.33333333333333,6.14903152761605,79.23450448735122,11.818181818181818,16.666666666666664,75.0,-58.333333333333336,10.0,83.33333333333334
NPU,-16,fab/eps0.005,fab,eps0.005,40,110,12,3,1,11,6,9,11,6,33.33333333333333,6.14903152761605,79.23450448735122,10.0,50.0,75.0,-25.0,10.0,50.0
NPU,-16,fab/eps0.01,fab,eps0.01,10,110,12,4,0,10,0,8,8,12,0.0,0.0,48.990002040399915,9.090909090909092,0.0,66.66666666666666,-66.66666666666666,7.2727272727272725,100.0
NPU,-16,fab/eps0.01,fab,eps0.01,20,110,12,4,0,9,0,8,9,12,0.0,0.0,48.990002040399915,8.181818181818182,0.0,66.66666666666666,-66.66666666666666,8.181818181818182,100.0
NPU,-16,fab/eps0.01,fab,eps0.01,30,110,12,4,1,12,2,8,11,10,25.0,4.558606264463622,69.93639475573634,10.909090909090908,16.666666666666664,66.66666666666666,-49.99999999999999,10.0,83.33333333333334
NPU,-16,fab/eps0.01,fab,eps0.01,40,110,12,4,1,14,6,8,11,6,25.0,4.558606264463622,69.93639475573634,12.727272727272727,50.0,66.66666666666666,-16.666666666666657,10.0,50.0
NPU,-16,fab/eps0.03,fab,eps0.03,10,110,12,9,0,10,0,3,8,12,0.0,0.0,29.91527535509594,9.090909090909092,0.0,25.0,-25.0,7.2727272727272725,100.0
NPU,-16,fab/eps0.03,fab,eps0.03,20,110,12,9,0,8,0,3,9,12,0.0,0.0,29.91527535509594,7.2727272727272725,0.0,25.0,-25.0,8.181818181818182,100.0
NPU,-16,fab/eps0.03,fab,eps0.03,30,110,12,9,2,14,2,3,11,10,22.22222222222222,6.322376231222723,54.74166563271946,12.727272727272727,16.666666666666664,25.0,-8.333333333333336,10.0,83.33333333333334
NPU,-16,fab/eps0.03,fab,eps0.03,40,110,12,9,3,13,4,3,11,6,33.33333333333333,12.058159868274293,64.58026525009102,11.818181818181818,33.33333333333333,25.0,8.333333333333329,10.0,50.0
NPU,-16,square/eps0.03_default,square,eps0.03_default,10,110,12,10,0,5,0,2,8,12,0.0,-2.7755575615628914e-15,27.75401687666166,4.545454545454546,0.0,16.666666666666664,-16.666666666666664,7.2727272727272725,100.0
NPU,-16,square/eps0.03_default,square,eps0.03_default,20,110,12,10,0,6,0,2,9,12,0.0,-2.7755575615628914e-15,27.75401687666166,5.454545454545454,0.0,16.666666666666664,-16.666666666666664,8.181818181818182,100.0
NPU,-16,square/eps0.03_default,square,eps0.03_default,30,110,12,10,1,7,1,2,11,10,10.0,1.7875749515721129,40.41563854975721,6.363636363636363,8.333333333333332,16.666666666666664,-8.333333333333332,10.0,83.33333333333334
NPU,-16,square/eps0.03_default,square,eps0.03_default,40,110,12,10,0,7,0,2,11,6,0.0,-2.7755575615628914e-15,27.75401687666166,6.363636363636363,0.0,16.666666666666664,-16.666666666666664,10.0,50.0
NPU,-16,apgd/eps0.03_default,apgd,eps0.03_default,10,110,12,10,0,8,0,2,8,12,0.0,-2.7755575615628914e-15,27.75401687666166,7.2727272727272725,0.0,16.666666666666664,-16.666666666666664,7.2727272727272725,100.0
NPU,-16,apgd/eps0.03_default,apgd,eps0.03_default,20,110,12,10,0,12,0,2,9,12,0.0,-2.7755575615628914e-15,27.75401687666166,10.909090909090908,0.0,16.666666666666664,-16.666666666666664,8.181818181818182,100.0
NPU,-16,apgd/eps0.03_default,apgd,eps0.03_default,30,110,12,10,1,17,1,2,11,10,10.0,1.7875749515721129,40.41563854975721,15.454545454545453,8.333333333333332,16.666666666666664,-8.333333333333332,10.0,83.33333333333334
NPU,-16,apgd/eps0.03_default,apgd,eps0.03_default,40,110,12,10,1,20,3,2,11,6,10.0,1.7875749515721129,40.41563854975721,18.181818181818183,25.0,16.666666666666664,8.333333333333336,10.0,50.0
NPU,-16,apgdt/eps0.03_default,apgdt,eps0.03_default,10,110,12,11,0,11,0,1,8,12,0.0,2.7755575615628914e-15,25.88400172488141,10.0,0.0,8.333333333333332,-8.333333333333332,7.2727272727272725,100.0
NPU,-16,apgdt/eps0.03_default,apgdt,eps0.03_default,20,110,12,11,0,16,0,1,9,12,0.0,2.7755575615628914e-15,25.88400172488141,14.545454545454545,0.0,8.333333333333332,-8.333333333333332,8.181818181818182,100.0
NPU,-16,apgdt/eps0.03_default,apgdt,eps0.03_default,30,110,12,11,2,14,2,1,11,10,18.181818181818183,5.136660067100063,47.69861375782448,12.727272727272727,16.666666666666664,8.333333333333332,8.333333333333332,10.0,83.33333333333334
NPU,-16,apgdt/eps0.03_default,apgdt,eps0.03_default,40,110,12,11,4,17,4,1,11,6,36.36363636363637,15.166223614131383,64.62032231083627,15.454545454545453,33.33333333333333,8.333333333333332,24.999999999999996,10.0,50.0
NPU,-16,autoattack/eps0.03_standard,autoattack,eps0.03_standard,10,110,12,11,0,8,0,1,8,12,0.0,2.7755575615628914e-15,25.88400172488141,7.2727272727272725,0.0,8.333333333333332,-8.333333333333332,7.2727272727272725,100.0
NPU,-16,autoattack/eps0.03_standard,autoattack,eps0.03_standard,20,110,12,11,0,14,0,1,9,12,0.0,2.7755575615628914e-15,25.88400172488141,12.727272727272727,0.0,8.333333333333332,-8.333333333333332,8.181818181818182,100.0
NPU,-16,autoattack/eps0.03_standard,autoattack,eps0.03_standard,30,110,12,11,1,19,1,1,11,10,9.090909090909092,1.6231752262825971,37.73646254862038,17.272727272727273,8.333333333333332,8.333333333333332,0.0,10.0,83.33333333333334
NPU,-16,autoattack/eps0.03_standard,autoattack,eps0.03_standard,40,110,12,11,2,21,3,1,11,6,18.181818181818183,5.136660067100063,47.69861375782448,19.090909090909093,25.0,8.333333333333332,16.666666666666668,10.0,50.0
NPU,-16,ead/package_default,ead,package_default,10,110,12,9,0,7,0,3,8,12,0.0,0.0,29.91527535509594,6.363636363636363,0.0,25.0,-25.0,7.2727272727272725,100.0
NPU,-16,ead/package_default,ead,package_default,20,110,12,9,0,9,0,3,9,12,0.0,0.0,29.91527535509594,8.181818181818182,0.0,25.0,-25.0,8.181818181818182,100.0
NPU,-16,ead/package_default,ead,package_default,30,110,12,9,2,13,2,3,11,10,22.22222222222222,6.322376231222723,54.74166563271946,11.818181818181818,16.666666666666664,25.0,-8.333333333333336,10.0,83.33333333333334
NPU,-16,ead/package_default,ead,package_default,40,110,12,9,4,10,4,3,11,6,44.44444444444444,18.8775429471914,73.33526542559703,9.090909090909092,33.33333333333333,25.0,8.333333333333329,10.0,50.0
NPU,-16,ALL/ALL_24,ALL,ALL_24,10,2640,288,202,0,222,0,86,192,288,0.0,-1.734723475976807e-16,1.8662894186597847,8.409090909090908,0.0,29.86111111111111,-29.86111111111111,7.2727272727272725,100.0
NPU,-16,ALL/ALL_24,ALL,ALL_24,20,2640,288,202,0,257,0,86,216,288,0.0,-1.734723475976807e-16,1.8662894186597847,9.734848484848484,0.0,29.86111111111111,-29.86111111111111,8.181818181818182,100.0
NPU,-16,ALL/ALL_24,ALL,ALL_24,30,2640,288,202,27,330,34,86,264,240,13.366336633663368,9.351240620350923,18.748813013122586,12.5,11.805555555555555,29.86111111111111,-18.055555555555557,10.0,83.33333333333334
NPU,-16,ALL/ALL_24,ALL,ALL_24,40,2640,288,202,45,343,96,86,264,144,22.277227722772277,17.086592606030305,28.50263717065235,12.992424242424242,33.33333333333333,29.86111111111111,3.472222222222218,10.0,50.0
NPU,-14,fgsm/eps0.005,fgsm,eps0.005,10,110,13,5,1,7,1,8,7,12,20.0,3.6223160969787447,62.44717358814613,6.363636363636363,7.6923076923076925,61.53846153846154,-53.84615384615385,6.363636363636363,92.3076923076923
NPU,-14,fgsm/eps0.005,fgsm,eps0.005,20,110,13,5,1,12,1,8,12,12,20.0,3.6223160969787447,62.44717358814613,10.909090909090908,7.6923076923076925,61.53846153846154,-53.84615384615385,10.909090909090908,92.3076923076923
NPU,-14,fgsm/eps0.005,fgsm,eps0.005,30,110,13,5,2,16,3,8,13,11,40.0,11.76182311592533,76.9280067791163,14.545454545454545,23.076923076923077,61.53846153846154,-38.46153846153847,11.818181818181818,84.61538461538461
NPU,-14,fgsm/eps0.005,fgsm,eps0.005,40,110,13,5,2,15,6,8,17,4,40.0,11.76182311592533,76.9280067791163,13.636363636363635,46.15384615384615,61.53846153846154,-15.384615384615387,15.454545454545453,30.76923076923077
NPU,-14,fgsm/eps0.01,fgsm,eps0.01,10,110,13,8,1,14,1,5,7,12,12.5,2.241690886329617,47.08948057698615,12.727272727272727,7.6923076923076925,38.46153846153847,-30.769230769230774,6.363636363636363,92.3076923076923
NPU,-14,fgsm/eps0.01,fgsm,eps0.01,20,110,13,8,0,11,0,5,12,12,0.0,0.0,32.441561951087685,10.0,0.0,38.46153846153847,-38.46153846153847,10.909090909090908,92.3076923076923
NPU,-14,fgsm/eps0.01,fgsm,eps0.01,30,110,13,8,2,14,3,5,13,11,25.0,7.147768885802764,59.073012089741084,12.727272727272727,23.076923076923077,38.46153846153847,-15.38461538461539,11.818181818181818,84.61538461538461
NPU,-14,fgsm/eps0.01,fgsm,eps0.01,40,110,13,8,2,17,4,5,17,4,25.0,7.147768885802764,59.073012089741084,15.454545454545453,30.76923076923077,38.46153846153847,-7.692307692307697,15.454545454545453,30.76923076923077
NPU,-14,fgsm/eps0.03,fgsm,eps0.03,10,110,13,12,1,12,1,1,7,12,8.333333333333332,1.4864709450773477,35.38859217985952,10.909090909090908,7.6923076923076925,7.6923076923076925,0.0,6.363636363636363,92.3076923076923
NPU,-14,fgsm/eps0.03,fgsm,eps0.03,20,110,13,12,1,12,1,1,12,12,8.333333333333332,1.4864709450773477,35.38859217985952,10.909090909090908,7.6923076923076925,7.6923076923076925,0.0,10.909090909090908,92.3076923076923
NPU,-14,fgsm/eps0.03,fgsm,eps0.03,30,110,13,12,0,14,0,1,13,11,0.0,0.0,24.25007574992425,12.727272727272727,0.0,7.6923076923076925,-7.6923076923076925,11.818181818181818,84.61538461538461
NPU,-14,fgsm/eps0.03,fgsm,eps0.03,40,110,13,12,0,17,1,1,17,4,0.0,0.0,24.25007574992425,15.454545454545453,7.6923076923076925,7.6923076923076925,0.0,15.454545454545453,30.76923076923077
NPU,-14,fgsm/eps0.05,fgsm,eps0.05,10,110,13,13,0,9,0,0,7,12,0.0,0.0,22.810184305529166,8.181818181818182,0.0,0.0,0.0,6.363636363636363,92.3076923076923
NPU,-14,fgsm/eps0.05,fgsm,eps0.05,20,110,13,13,1,10,1,0,12,12,7.6923076923076925,1.3710066379696322,33.31453392824736,9.090909090909092,7.6923076923076925,0.0,7.6923076923076925,10.909090909090908,92.3076923076923
NPU,-14,fgsm/eps0.05,fgsm,eps0.05,30,110,13,13,0,11,0,0,13,11,0.0,0.0,22.810184305529166,10.0,0.0,0.0,0.0,11.818181818181818,84.61538461538461
NPU,-14,fgsm/eps0.05,fgsm,eps0.05,40,110,13,13,0,17,0,0,17,4,0.0,0.0,22.810184305529166,15.454545454545453,0.0,0.0,0.0,15.454545454545453,30.76923076923077
NPU,-14,bim/eps0.03_default,bim,eps0.03_default,10,110,13,13,0,7,0,0,7,12,0.0,0.0,22.810184305529166,6.363636363636363,0.0,0.0,0.0,6.363636363636363,92.3076923076923
NPU,-14,bim/eps0.03_default,bim,eps0.03_default,20,110,13,13,1,12,1,0,12,12,7.6923076923076925,1.3710066379696322,33.31453392824736,10.909090909090908,7.6923076923076925,0.0,7.6923076923076925,10.909090909090908,92.3076923076923
NPU,-14,bim/eps0.03_default,bim,eps0.03_default,30,110,13,13,1,14,1,0,13,11,7.6923076923076925,1.3710066379696322,33.31453392824736,12.727272727272727,7.6923076923076925,0.0,7.6923076923076925,11.818181818181818,84.61538461538461
NPU,-14,bim/eps0.03_default,bim,eps0.03_default,40,110,13,13,1,12,1,0,17,4,7.6923076923076925,1.3710066379696322,33.31453392824736,10.909090909090908,7.6923076923076925,0.0,7.6923076923076925,15.454545454545453,30.76923076923077
NPU,-14,pgd/eps0.005,pgd,eps0.005,10,110,13,6,1,8,1,7,7,12,16.666666666666664,3.005258587173032,56.350943656364606,7.2727272727272725,7.6923076923076925,53.84615384615385,-46.15384615384615,6.363636363636363,92.3076923076923
NPU,-14,pgd/eps0.005,pgd,eps0.005,20,110,13,6,1,13,1,7,12,12,16.666666666666664,3.005258587173032,56.350943656364606,11.818181818181818,7.6923076923076925,53.84615384615385,-46.15384615384615,10.909090909090908,92.3076923076923
NPU,-14,pgd/eps0.005,pgd,eps0.005,30,110,13,6,2,15,3,7,13,11,33.33333333333333,9.676933255921682,70.00116786584712,13.636363636363635,23.076923076923077,53.84615384615385,-30.76923076923077,11.818181818181818,84.61538461538461
NPU,-14,pgd/eps0.005,pgd,eps0.005,40,110,13,6,3,19,7,7,17,4,50.0,18.761280689940868,81.23871931005912,17.272727272727273,53.84615384615385,53.84615384615385,0.0,15.454545454545453,30.76923076923077
NPU,-14,pgd/eps0.01,pgd,eps0.01,10,110,13,8,1,12,1,5,7,12,12.5,2.241690886329617,47.08948057698615,10.909090909090908,7.6923076923076925,38.46153846153847,-30.769230769230774,6.363636363636363,92.3076923076923
NPU,-14,pgd/eps0.01,pgd,eps0.01,20,110,13,8,0,10,0,5,12,12,0.0,0.0,32.441561951087685,9.090909090909092,0.0,38.46153846153847,-38.46153846153847,10.909090909090908,92.3076923076923
NPU,-14,pgd/eps0.01,pgd,eps0.01,30,110,13,8,1,12,1,5,13,11,12.5,2.241690886329617,47.08948057698615,10.909090909090908,7.6923076923076925,38.46153846153847,-30.769230769230774,11.818181818181818,84.61538461538461
NPU,-14,pgd/eps0.01,pgd,eps0.01,40,110,13,8,2,13,4,5,17,4,25.0,7.147768885802764,59.073012089741084,11.818181818181818,30.76923076923077,38.46153846153847,-7.692307692307697,15.454545454545453,30.76923076923077
NPU,-14,pgd/eps0.03,pgd,eps0.03,10,110,13,13,0,7,0,0,7,12,0.0,0.0,22.810184305529166,6.363636363636363,0.0,0.0,0.0,6.363636363636363,92.3076923076923
NPU,-14,pgd/eps0.03,pgd,eps0.03,20,110,13,13,0,13,0,0,12,12,0.0,0.0,22.810184305529166,11.818181818181818,0.0,0.0,0.0,10.909090909090908,92.3076923076923
NPU,-14,pgd/eps0.03,pgd,eps0.03,30,110,13,13,1,9,1,0,13,11,7.6923076923076925,1.3710066379696322,33.31453392824736,8.181818181818182,7.6923076923076925,0.0,7.6923076923076925,11.818181818181818,84.61538461538461
NPU,-14,pgd/eps0.03,pgd,eps0.03,40,110,13,13,1,11,1,0,17,4,7.6923076923076925,1.3710066379696322,33.31453392824736,10.0,7.6923076923076925,0.0,7.6923076923076925,15.454545454545453,30.76923076923077
NPU,-14,mifgsm/eps0.03_default,mifgsm,eps0.03_default,10,110,13,12,0,8,0,1,7,12,0.0,0.0,24.25007574992425,7.2727272727272725,0.0,7.6923076923076925,-7.6923076923076925,6.363636363636363,92.3076923076923
NPU,-14,mifgsm/eps0.03_default,mifgsm,eps0.03_default,20,110,13,12,0,13,0,1,12,12,0.0,0.0,24.25007574992425,11.818181818181818,0.0,7.6923076923076925,-7.6923076923076925,10.909090909090908,92.3076923076923
NPU,-14,mifgsm/eps0.03_default,mifgsm,eps0.03_default,30,110,13,12,0,12,0,1,13,11,0.0,0.0,24.25007574992425,10.909090909090908,0.0,7.6923076923076925,-7.6923076923076925,11.818181818181818,84.61538461538461
NPU,-14,mifgsm/eps0.03_default,mifgsm,eps0.03_default,40,110,13,12,0,13,0,1,17,4,0.0,0.0,24.25007574992425,11.818181818181818,0.0,7.6923076923076925,-7.6923076923076925,15.454545454545453,30.76923076923077
NPU,-14,difgsm/eps0.03_default,difgsm,eps0.03_default,10,110,13,12,0,8,0,1,7,12,0.0,0.0,24.25007574992425,7.2727272727272725,0.0,7.6923076923076925,-7.6923076923076925,6.363636363636363,92.3076923076923
NPU,-14,difgsm/eps0.03_default,difgsm,eps0.03_default,20,110,13,12,1,16,1,1,12,12,8.333333333333332,1.4864709450773477,35.38859217985952,14.545454545454545,7.6923076923076925,7.6923076923076925,0.0,10.909090909090908,92.3076923076923
NPU,-14,difgsm/eps0.03_default,difgsm,eps0.03_default,30,110,13,12,0,17,0,1,13,11,0.0,0.0,24.25007574992425,15.454545454545453,0.0,7.6923076923076925,-7.6923076923076925,11.818181818181818,84.61538461538461
NPU,-14,difgsm/eps0.03_default,difgsm,eps0.03_default,40,110,13,12,1,17,2,1,17,4,8.333333333333332,1.4864709450773477,35.38859217985952,15.454545454545453,15.384615384615385,7.6923076923076925,7.6923076923076925,15.454545454545453,30.76923076923077
NPU,-14,vmifgsm/eps0.03_default,vmifgsm,eps0.03_default,10,110,13,13,0,7,0,0,7,12,0.0,0.0,22.810184305529166,6.363636363636363,0.0,0.0,0.0,6.363636363636363,92.3076923076923
NPU,-14,vmifgsm/eps0.03_default,vmifgsm,eps0.03_default,20,110,13,13,0,14,0,0,12,12,0.0,0.0,22.810184305529166,12.727272727272727,0.0,0.0,0.0,10.909090909090908,92.3076923076923
NPU,-14,vmifgsm/eps0.03_default,vmifgsm,eps0.03_default,30,110,13,13,0,16,0,0,13,11,0.0,0.0,22.810184305529166,14.545454545454545,0.0,0.0,0.0,11.818181818181818,84.61538461538461
NPU,-14,vmifgsm/eps0.03_default,vmifgsm,eps0.03_default,40,110,13,13,0,13,0,0,17,4,0.0,0.0,22.810184305529166,11.818181818181818,0.0,0.0,0.0,15.454545454545453,30.76923076923077
NPU,-14,vnifgsm/eps0.03_default,vnifgsm,eps0.03_default,10,110,13,13,0,9,0,0,7,12,0.0,0.0,22.810184305529166,8.181818181818182,0.0,0.0,0.0,6.363636363636363,92.3076923076923
NPU,-14,vnifgsm/eps0.03_default,vnifgsm,eps0.03_default,20,110,13,13,0,13,0,0,12,12,0.0,0.0,22.810184305529166,11.818181818181818,0.0,0.0,0.0,10.909090909090908,92.3076923076923
NPU,-14,vnifgsm/eps0.03_default,vnifgsm,eps0.03_default,30,110,13,13,0,13,0,0,13,11,0.0,0.0,22.810184305529166,11.818181818181818,0.0,0.0,0.0,11.818181818181818,84.61538461538461
NPU,-14,vnifgsm/eps0.03_default,vnifgsm,eps0.03_default,40,110,13,13,0,13,0,0,17,4,0.0,0.0,22.810184305529166,11.818181818181818,0.0,0.0,0.0,15.454545454545453,30.76923076923077
NPU,-14,rfgsm/eps0.03_default,rfgsm,eps0.03_default,10,110,13,13,0,10,0,0,7,12,0.0,0.0,22.810184305529166,9.090909090909092,0.0,0.0,0.0,6.363636363636363,92.3076923076923
NPU,-14,rfgsm/eps0.03_default,rfgsm,eps0.03_default,20,110,13,13,0,11,0,0,12,12,0.0,0.0,22.810184305529166,10.0,0.0,0.0,0.0,10.909090909090908,92.3076923076923
NPU,-14,rfgsm/eps0.03_default,rfgsm,eps0.03_default,30,110,13,13,0,12,0,0,13,11,0.0,0.0,22.810184305529166,10.909090909090908,0.0,0.0,0.0,11.818181818181818,84.61538461538461
NPU,-14,rfgsm/eps0.03_default,rfgsm,eps0.03_default,40,110,13,13,0,10,0,0,17,4,0.0,0.0,22.810184305529166,9.090909090909092,0.0,0.0,0.0,15.454545454545453,30.76923076923077
NPU,-14,tpgd/eps0.03_default,tpgd,eps0.03_default,10,110,13,7,0,12,1,6,7,12,0.0,0.0,35.433884297520656,10.909090909090908,7.6923076923076925,46.15384615384615,-38.46153846153846,6.363636363636363,92.3076923076923
NPU,-14,tpgd/eps0.03_default,tpgd,eps0.03_default,20,110,13,7,0,13,1,6,12,12,0.0,0.0,35.433884297520656,11.818181818181818,7.6923076923076925,46.15384615384615,-38.46153846153846,10.909090909090908,92.3076923076923
NPU,-14,tpgd/eps0.03_default,tpgd,eps0.03_default,30,110,13,7,0,16,1,6,13,11,0.0,0.0,35.433884297520656,14.545454545454545,7.6923076923076925,46.15384615384615,-38.46153846153846,11.818181818181818,84.61538461538461
NPU,-14,tpgd/eps0.03_default,tpgd,eps0.03_default,40,110,13,7,1,16,3,6,17,4,14.285714285714285,2.567895594897479,51.313450331903,14.545454545454545,23.076923076923077,46.15384615384615,-23.076923076923077,15.454545454545453,30.76923076923077
NPU,-14,cw/c1_steps20_lr0.01,cw,c1_steps20_lr0.01,10,110,13,12,1,13,1,1,7,12,8.333333333333332,1.4864709450773477,35.38859217985952,11.818181818181818,7.6923076923076925,7.6923076923076925,0.0,6.363636363636363,92.3076923076923
NPU,-14,cw/c1_steps20_lr0.01,cw,c1_steps20_lr0.01,20,110,13,12,1,14,1,1,12,12,8.333333333333332,1.4864709450773477,35.38859217985952,12.727272727272727,7.6923076923076925,7.6923076923076925,0.0,10.909090909090908,92.3076923076923
NPU,-14,cw/c1_steps20_lr0.01,cw,c1_steps20_lr0.01,30,110,13,12,3,14,3,1,13,11,25.0,8.894003962896138,53.231033912065996,12.727272727272727,23.076923076923077,7.6923076923076925,15.384615384615383,11.818181818181818,84.61538461538461
NPU,-14,cw/c1_steps20_lr0.01,cw,c1_steps20_lr0.01,40,110,13,12,3,13,3,1,17,4,25.0,8.894003962896138,53.231033912065996,11.818181818181818,23.076923076923077,7.6923076923076925,15.384615384615383,15.454545454545453,30.76923076923077
NPU,-14,deepfool/package_default,deepfool,package_default,10,110,13,8,1,11,1,5,7,12,12.5,2.241690886329617,47.08948057698615,10.0,7.6923076923076925,38.46153846153847,-30.769230769230774,6.363636363636363,92.3076923076923
NPU,-14,deepfool/package_default,deepfool,package_default,20,110,13,8,0,9,0,5,12,12,0.0,0.0,32.441561951087685,8.181818181818182,0.0,38.46153846153847,-38.46153846153847,10.909090909090908,92.3076923076923
NPU,-14,deepfool/package_default,deepfool,package_default,30,110,13,8,1,15,2,5,13,11,12.5,2.241690886329617,47.08948057698615,13.636363636363635,15.384615384615385,38.46153846153847,-23.07692307692308,11.818181818181818,84.61538461538461
NPU,-14,deepfool/package_default,deepfool,package_default,40,110,13,8,3,14,4,5,17,4,37.5,13.684175946152106,69.42621454161981,12.727272727272727,30.76923076923077,38.46153846153847,-7.692307692307697,15.454545454545453,30.76923076923077
NPU,-14,fab/eps0.005,fab,eps0.005,10,110,13,1,0,8,1,12,7,12,0.0,0.0,79.34567085261071,7.2727272727272725,7.6923076923076925,92.3076923076923,-84.61538461538461,6.363636363636363,92.3076923076923
NPU,-14,fab/eps0.005,fab,eps0.005,20,110,13,1,0,12,1,12,12,12,0.0,0.0,79.34567085261071,10.909090909090908,7.6923076923076925,92.3076923076923,-84.61538461538461,10.909090909090908,92.3076923076923
NPU,-14,fab/eps0.005,fab,eps0.005,30,110,13,1,0,15,2,12,13,11,0.0,0.0,79.34567085261071,13.636363636363635,15.384615384615385,92.3076923076923,-76.92307692307692,11.818181818181818,84.61538461538461
NPU,-14,fab/eps0.005,fab,eps0.005,40,110,13,1,1,16,8,12,17,4,100.0,20.654329147389294,100.0,14.545454545454545,61.53846153846154,92.3076923076923,-30.769230769230766,15.454545454545453,30.76923076923077
NPU,-14,fab/eps0.01,fab,eps0.01,10,110,13,1,0,10,1,12,7,12,0.0,0.0,79.34567085261071,9.090909090909092,7.6923076923076925,92.3076923076923,-84.61538461538461,6.363636363636363,92.3076923076923
NPU,-14,fab/eps0.01,fab,eps0.01,20,110,13,1,0,13,1,12,12,12,0.0,0.0,79.34567085261071,11.818181818181818,7.6923076923076925,92.3076923076923,-84.61538461538461,10.909090909090908,92.3076923076923
NPU,-14,fab/eps0.01,fab,eps0.01,30,110,13,1,0,15,2,12,13,11,0.0,0.0,79.34567085261071,13.636363636363635,15.384615384615385,92.3076923076923,-76.92307692307692,11.818181818181818,84.61538461538461
NPU,-14,fab/eps0.01,fab,eps0.01,40,110,13,1,1,15,7,12,17,4,100.0,20.654329147389294,100.0,13.636363636363635,53.84615384615385,92.3076923076923,-38.46153846153846,15.454545454545453,30.76923076923077
NPU,-14,fab/eps0.03,fab,eps0.03,10,110,13,7,1,10,1,6,7,12,14.285714285714285,2.567895594897479,51.313450331903,9.090909090909092,7.6923076923076925,46.15384615384615,-38.46153846153846,6.363636363636363,92.3076923076923
NPU,-14,fab/eps0.03,fab,eps0.03,20,110,13,7,0,9,0,6,12,12,0.0,0.0,35.433884297520656,8.181818181818182,0.0,46.15384615384615,-46.15384615384615,10.909090909090908,92.3076923076923
NPU,-14,fab/eps0.03,fab,eps0.03,30,110,13,7,1,15,2,6,13,11,14.285714285714285,2.567895594897479,51.313450331903,13.636363636363635,15.384615384615385,46.15384615384615,-30.769230769230766,11.818181818181818,84.61538461538461
NPU,-14,fab/eps0.03,fab,eps0.03,40,110,13,7,2,11,3,6,17,4,28.57142857142857,8.221716570901549,64.10709098517873,10.0,23.076923076923077,46.15384615384615,-23.076923076923077,15.454545454545453,30.76923076923077
NPU,-14,square/eps0.03_default,square,eps0.03_default,10,110,13,11,1,12,1,2,7,12,9.090909090909092,1.6231752262825971,37.73646254862038,10.909090909090908,7.6923076923076925,15.384615384615385,-7.6923076923076925,6.363636363636363,92.3076923076923
NPU,-14,square/eps0.03_default,square,eps0.03_default,20,110,13,11,0,10,0,2,12,12,0.0,2.7755575615628914e-15,25.88400172488141,9.090909090909092,0.0,15.384615384615385,-15.384615384615385,10.909090909090908,92.3076923076923
NPU,-14,square/eps0.03_default,square,eps0.03_default,30,110,13,11,1,7,1,2,13,11,9.090909090909092,1.6231752262825971,37.73646254862038,6.363636363636363,7.6923076923076925,15.384615384615385,-7.6923076923076925,11.818181818181818,84.61538461538461
NPU,-14,square/eps0.03_default,square,eps0.03_default,40,110,13,11,3,10,4,2,17,4,27.27272727272727,9.745880573921466,56.56502930102463,9.090909090909092,30.76923076923077,15.384615384615385,15.384615384615385,15.454545454545453,30.76923076923077
NPU,-14,apgd/eps0.03_default,apgd,eps0.03_default,10,110,13,13,0,7,0,0,7,12,0.0,0.0,22.810184305529166,6.363636363636363,0.0,0.0,0.0,6.363636363636363,92.3076923076923
NPU,-14,apgd/eps0.03_default,apgd,eps0.03_default,20,110,13,13,0,11,0,0,12,12,0.0,0.0,22.810184305529166,10.0,0.0,0.0,0.0,10.909090909090908,92.3076923076923
NPU,-14,apgd/eps0.03_default,apgd,eps0.03_default,30,110,13,13,1,11,1,0,13,11,7.6923076923076925,1.3710066379696322,33.31453392824736,10.0,7.6923076923076925,0.0,7.6923076923076925,11.818181818181818,84.61538461538461
NPU,-14,apgd/eps0.03_default,apgd,eps0.03_default,40,110,13,13,1,10,1,0,17,4,7.6923076923076925,1.3710066379696322,33.31453392824736,9.090909090909092,7.6923076923076925,0.0,7.6923076923076925,15.454545454545453,30.76923076923077
NPU,-14,apgdt/eps0.03_default,apgdt,eps0.03_default,10,110,13,13,0,10,0,0,7,12,0.0,0.0,22.810184305529166,9.090909090909092,0.0,0.0,0.0,6.363636363636363,92.3076923076923
NPU,-14,apgdt/eps0.03_default,apgdt,eps0.03_default,20,110,13,13,1,11,1,0,12,12,7.6923076923076925,1.3710066379696322,33.31453392824736,10.0,7.6923076923076925,0.0,7.6923076923076925,10.909090909090908,92.3076923076923
NPU,-14,apgdt/eps0.03_default,apgdt,eps0.03_default,30,110,13,13,1,14,1,0,13,11,7.6923076923076925,1.3710066379696322,33.31453392824736,12.727272727272727,7.6923076923076925,0.0,7.6923076923076925,11.818181818181818,84.61538461538461
NPU,-14,apgdt/eps0.03_default,apgdt,eps0.03_default,40,110,13,13,3,17,3,0,17,4,23.076923076923077,8.179379092465714,50.256873995126924,15.454545454545453,23.076923076923077,0.0,23.076923076923077,15.454545454545453,30.76923076923077
NPU,-14,autoattack/eps0.03_standard,autoattack,eps0.03_standard,10,110,13,13,0,9,0,0,7,12,0.0,0.0,22.810184305529166,8.181818181818182,0.0,0.0,0.0,6.363636363636363,92.3076923076923
NPU,-14,autoattack/eps0.03_standard,autoattack,eps0.03_standard,20,110,13,13,0,12,0,0,12,12,0.0,0.0,22.810184305529166,10.909090909090908,0.0,0.0,0.0,10.909090909090908,92.3076923076923
NPU,-14,autoattack/eps0.03_standard,autoattack,eps0.03_standard,30,110,13,13,2,13,2,0,13,11,15.384615384615385,4.325726318273798,42.23517050863101,11.818181818181818,15.384615384615385,0.0,15.384615384615385,11.818181818181818,84.61538461538461
NPU,-14,autoattack/eps0.03_standard,autoattack,eps0.03_standard,40,110,13,13,1,12,1,0,17,4,7.6923076923076925,1.3710066379696322,33.31453392824736,10.909090909090908,7.6923076923076925,0.0,7.6923076923076925,15.454545454545453,30.76923076923077
NPU,-14,ead/package_default,ead,package_default,10,110,13,12,1,9,1,1,7,12,8.333333333333332,1.4864709450773477,35.38859217985952,8.181818181818182,7.6923076923076925,7.6923076923076925,0.0,6.363636363636363,92.3076923076923
NPU,-14,ead/package_default,ead,package_default,20,110,13,12,1,14,1,1,12,12,8.333333333333332,1.4864709450773477,35.38859217985952,12.727272727272727,7.6923076923076925,7.6923076923076925,0.0,10.909090909090908,92.3076923076923
NPU,-14,ead/package_default,ead,package_default,30,110,13,12,2,13,2,1,13,11,16.666666666666664,4.696414761482223,44.80363573846727,11.818181818181818,15.384615384615385,7.6923076923076925,7.6923076923076925,11.818181818181818,84.61538461538461
NPU,-14,ead/package_default,ead,package_default,40,110,13,12,7,17,7,1,17,4,58.333333333333336,31.95073356553728,80.67425380947535,15.454545454545453,53.84615384615385,7.6923076923076925,46.15384615384615,15.454545454545453,30.76923076923077
NPU,-14,ALL/ALL_24,ALL,ALL_24,10,2640,312,239,10,229,13,73,168,288,4.184100418410042,2.288317805370548,7.529439942890045,8.674242424242424,4.166666666666666,23.397435897435898,-19.230769230769234,6.363636363636363,92.3076923076923
NPU,-14,ALL/ALL_24,ALL,ALL_24,20,2640,312,239,9,288,12,73,288,288,3.765690376569038,1.993550296440526,7.000625330799617,10.909090909090908,3.8461538461538463,23.397435897435898,-19.55128205128205,10.909090909090908,92.3076923076923
NPU,-14,ALL/ALL_24,ALL,ALL_24,30,2640,312,239,21,323,31,73,312,264,8.786610878661087,5.8186912385478,13.058469840937756,12.234848484848484,9.935897435897436,23.397435897435898,-13.461538461538462,11.818181818181818,84.61538461538461
NPU,-14,ALL/ALL_24,ALL,ALL_24,40,2640,312,239,38,338,70,73,408,96,15.899581589958158,11.808256622131214,21.069800514702013,12.803030303030303,22.435897435897438,23.397435897435898,-0.9615384615384599,15.454545454545453,30.76923076923077
NPU,-12,fgsm/eps0.005,fgsm,eps0.005,10,110,19,8,0,11,0,11,12,19,0.0,0.0,32.441561951087685,10.0,0.0,57.89473684210527,-57.89473684210527,10.909090909090908,100.0
NPU,-12,fgsm/eps0.005,fgsm,eps0.005,20,110,19,8,1,15,2,11,12,17,12.5,2.241690886329617,47.08948057698615,13.636363636363635,10.526315789473683,57.89473684210527,-47.36842105263158,10.909090909090908,89.47368421052632
NPU,-12,fgsm/eps0.005,fgsm,eps0.005,30,110,19,8,0,10,3,11,12,16,0.0,0.0,32.441561951087685,9.090909090909092,15.789473684210526,57.89473684210527,-42.10526315789474,10.909090909090908,84.21052631578947
NPU,-12,fgsm/eps0.005,fgsm,eps0.005,40,110,19,8,1,15,9,11,20,7,12.5,2.241690886329617,47.08948057698615,13.636363636363635,47.368421052631575,57.89473684210527,-10.526315789473692,18.181818181818183,36.84210526315789
NPU,-12,fgsm/eps0.01,fgsm,eps0.01,10,110,19,11,0,10,0,8,12,19,0.0,2.7755575615628914e-15,25.88400172488141,9.090909090909092,0.0,42.10526315789473,-42.10526315789473,10.909090909090908,100.0
NPU,-12,fgsm/eps0.01,fgsm,eps0.01,20,110,19,11,1,11,1,8,12,17,9.090909090909092,1.6231752262825971,37.73646254862038,10.0,5.263157894736842,42.10526315789473,-36.84210526315789,10.909090909090908,89.47368421052632
NPU,-12,fgsm/eps0.01,fgsm,eps0.01,30,110,19,11,1,9,3,8,12,16,9.090909090909092,1.6231752262825971,37.73646254862038,8.181818181818182,15.789473684210526,42.10526315789473,-26.315789473684205,10.909090909090908,84.21052631578947
NPU,-12,fgsm/eps0.01,fgsm,eps0.01,40,110,19,11,2,17,9,8,20,7,18.181818181818183,5.136660067100063,47.69861375782448,15.454545454545453,47.368421052631575,42.10526315789473,5.2631578947368425,18.181818181818183,36.84210526315789
NPU,-12,fgsm/eps0.03,fgsm,eps0.03,10,110,19,16,0,10,0,3,12,19,0.0,0.0,19.361341827271993,9.090909090909092,0.0,15.789473684210526,-15.789473684210526,10.909090909090908,100.0
NPU,-12,fgsm/eps0.03,fgsm,eps0.03,20,110,19,16,1,16,1,3,12,17,6.25,1.1119057308331208,28.32926836802987,14.545454545454545,5.263157894736842,15.789473684210526,-10.526315789473685,10.909090909090908,89.47368421052632
NPU,-12,fgsm/eps0.03,fgsm,eps0.03,30,110,19,16,3,16,3,3,12,16,18.75,6.591478773586765,43.00935986845823,14.545454545454545,15.789473684210526,15.789473684210526,0.0,10.909090909090908,84.21052631578947
NPU,-12,fgsm/eps0.03,fgsm,eps0.03,40,110,19,16,2,15,4,3,20,7,12.5,3.4976749337057136,36.02333143674828,13.636363636363635,21.052631578947366,15.789473684210526,5.263157894736841,18.181818181818183,36.84210526315789
NPU,-12,fgsm/eps0.05,fgsm,eps0.05,10,110,19,19,0,12,0,0,12,19,0.0,0.0,16.818436536845052,10.909090909090908,0.0,0.0,0.0,10.909090909090908,100.0
NPU,-12,fgsm/eps0.05,fgsm,eps0.05,20,110,19,19,0,14,0,0,12,17,0.0,0.0,16.818436536845052,12.727272727272727,0.0,0.0,0.0,10.909090909090908,89.47368421052632
NPU,-12,fgsm/eps0.05,fgsm,eps0.05,30,110,19,19,1,13,1,0,12,16,5.263157894736842,0.9351752490529969,24.63921533654521,11.818181818181818,5.263157894736842,0.0,5.263157894736842,10.909090909090908,84.21052631578947
NPU,-12,fgsm/eps0.05,fgsm,eps0.05,40,110,19,19,1,11,1,0,20,7,5.263157894736842,0.9351752490529969,24.63921533654521,10.0,5.263157894736842,0.0,5.263157894736842,18.181818181818183,36.84210526315789
NPU,-12,bim/eps0.03_default,bim,eps0.03_default,10,110,19,19,0,14,0,0,12,19,0.0,0.0,16.818436536845052,12.727272727272727,0.0,0.0,0.0,10.909090909090908,100.0
NPU,-12,bim/eps0.03_default,bim,eps0.03_default,20,110,19,19,0,11,0,0,12,17,0.0,0.0,16.818436536845052,10.0,0.0,0.0,0.0,10.909090909090908,89.47368421052632
NPU,-12,bim/eps0.03_default,bim,eps0.03_default,30,110,19,19,2,17,2,0,12,16,10.526315789473683,2.9357941395096594,31.3945504948417,15.454545454545453,10.526315789473683,0.0,10.526315789473683,10.909090909090908,84.21052631578947
NPU,-12,bim/eps0.03_default,bim,eps0.03_default,40,110,19,19,4,18,4,0,20,7,21.052631578947366,8.507538491591577,43.33471424026609,16.363636363636363,21.052631578947366,0.0,21.052631578947366,18.181818181818183,36.84210526315789
NPU,-12,pgd/eps0.005,pgd,eps0.005,10,110,19,9,0,12,0,10,12,19,0.0,0.0,29.91527535509594,10.909090909090908,0.0,52.63157894736842,-52.63157894736842,10.909090909090908,100.0
NPU,-12,pgd/eps0.005,pgd,eps0.005,20,110,19,9,1,16,2,10,12,17,11.11111111111111,1.9890371327130536,43.50062147680601,14.545454545454545,10.526315789473683,52.63157894736842,-42.10526315789473,10.909090909090908,89.47368421052632
NPU,-12,pgd/eps0.005,pgd,eps0.005,30,110,19,9,0,11,3,10,12,16,0.0,0.0,29.91527535509594,10.0,15.789473684210526,52.63157894736842,-36.84210526315789,10.909090909090908,84.21052631578947
NPU,-12,pgd/eps0.005,pgd,eps0.005,40,110,19,9,4,18,12,10,20,7,44.44444444444444,18.8775429471914,73.33526542559703,16.363636363636363,63.1578947368421,52.63157894736842,10.526315789473685,18.181818181818183,36.84210526315789
NPU,-12,pgd/eps0.01,pgd,eps0.01,10,110,19,12,0,9,0,7,12,19,0.0,0.0,24.25007574992425,8.181818181818182,0.0,36.84210526315789,-36.84210526315789,10.909090909090908,100.0
NPU,-12,pgd/eps0.01,pgd,eps0.01,20,110,19,12,2,11,2,7,12,17,16.666666666666664,4.696414761482223,44.80363573846727,10.0,10.526315789473683,36.84210526315789,-26.315789473684205,10.909090909090908,89.47368421052632
NPU,-12,pgd/eps0.01,pgd,eps0.01,30,110,19,12,1,18,5,7,12,16,8.333333333333332,1.4864709450773477,35.38859217985952,16.363636363636363,26.31578947368421,36.84210526315789,-10.526315789473681,10.909090909090908,84.21052631578947
NPU,-12,pgd/eps0.01,pgd,eps0.01,40,110,19,12,2,19,8,7,20,7,16.666666666666664,4.696414761482223,44.80363573846727,17.272727272727273,42.10526315789473,36.84210526315789,5.2631578947368425,18.181818181818183,36.84210526315789
NPU,-12,pgd/eps0.03,pgd,eps0.03,10,110,19,18,0,14,0,1,12,19,0.0,0.0,17.58845505823749,12.727272727272727,0.0,5.263157894736842,-5.263157894736842,10.909090909090908,100.0
NPU,-12,pgd/eps0.03,pgd,eps0.03,20,110,19,18,1,13,1,1,12,17,5.555555555555555,0.9874935830924525,25.75779980200754,11.818181818181818,5.263157894736842,5.263157894736842,0.0,10.909090909090908,89.47368421052632
NPU,-12,pgd/eps0.03,pgd,eps0.03,30,110,19,18,2,14,2,1,12,16,11.11111111111111,3.101886845358279,32.80024486660421,12.727272727272727,10.526315789473683,5.263157894736842,5.263157894736842,10.909090909090908,84.21052631578947
NPU,-12,pgd/eps0.03,pgd,eps0.03,40,110,19,18,2,13,3,1,20,7,11.11111111111111,3.101886845358279,32.80024486660421,11.818181818181818,15.789473684210526,5.263157894736842,10.526315789473685,18.181818181818183,36.84210526315789
NPU,-12,mifgsm/eps0.03_default,mifgsm,eps0.03_default,10,110,19,18,0,11,0,1,12,19,0.0,0.0,17.58845505823749,10.0,0.0,5.263157894736842,-5.263157894736842,10.909090909090908,100.0
NPU,-12,mifgsm/eps0.03_default,mifgsm,eps0.03_default,20,110,19,18,0,14,0,1,12,17,0.0,0.0,17.58845505823749,12.727272727272727,0.0,5.263157894736842,-5.263157894736842,10.909090909090908,89.47368421052632
NPU,-12,mifgsm/eps0.03_default,mifgsm,eps0.03_default,30,110,19,18,2,19,2,1,12,16,11.11111111111111,3.101886845358279,32.80024486660421,17.272727272727273,10.526315789473683,5.263157894736842,5.263157894736842,10.909090909090908,84.21052631578947
NPU,-12,mifgsm/eps0.03_default,mifgsm,eps0.03_default,40,110,19,18,3,19,4,1,20,7,16.666666666666664,5.836470400465757,39.222499638359245,17.272727272727273,21.052631578947366,5.263157894736842,15.789473684210524,18.181818181818183,36.84210526315789
NPU,-12,difgsm/eps0.03_default,difgsm,eps0.03_default,10,110,19,18,0,13,0,1,12,19,0.0,0.0,17.58845505823749,11.818181818181818,0.0,5.263157894736842,-5.263157894736842,10.909090909090908,100.0
NPU,-12,difgsm/eps0.03_default,difgsm,eps0.03_default,20,110,19,18,0,13,0,1,12,17,0.0,0.0,17.58845505823749,11.818181818181818,0.0,5.263157894736842,-5.263157894736842,10.909090909090908,89.47368421052632
NPU,-12,difgsm/eps0.03_default,difgsm,eps0.03_default,30,110,19,18,3,14,3,1,12,16,16.666666666666664,5.836470400465757,39.222499638359245,12.727272727272727,15.789473684210526,5.263157894736842,10.526315789473685,10.909090909090908,84.21052631578947
NPU,-12,difgsm/eps0.03_default,difgsm,eps0.03_default,40,110,19,18,4,21,5,1,20,7,22.22222222222222,9.000781913382,45.21502645230549,19.090909090909093,26.31578947368421,5.263157894736842,21.052631578947366,18.181818181818183,36.84210526315789
NPU,-12,vmifgsm/eps0.03_default,vmifgsm,eps0.03_default,10,110,19,18,0,12,0,1,12,19,0.0,0.0,17.58845505823749,10.909090909090908,0.0,5.263157894736842,-5.263157894736842,10.909090909090908,100.0
NPU,-12,vmifgsm/eps0.03_default,vmifgsm,eps0.03_default,20,110,19,18,0,12,0,1,12,17,0.0,0.0,17.58845505823749,10.909090909090908,0.0,5.263157894736842,-5.263157894736842,10.909090909090908,89.47368421052632
NPU,-12,vmifgsm/eps0.03_default,vmifgsm,eps0.03_default,30,110,19,18,1,15,1,1,12,16,5.555555555555555,0.9874935830924525,25.75779980200754,13.636363636363635,5.263157894736842,5.263157894736842,0.0,10.909090909090908,84.21052631578947
NPU,-12,vmifgsm/eps0.03_default,vmifgsm,eps0.03_default,40,110,19,18,2,19,3,1,20,7,11.11111111111111,3.101886845358279,32.80024486660421,17.272727272727273,15.789473684210526,5.263157894736842,10.526315789473685,18.181818181818183,36.84210526315789
NPU,-12,vnifgsm/eps0.03_default,vnifgsm,eps0.03_default,10,110,19,19,0,12,0,0,12,19,0.0,0.0,16.818436536845052,10.909090909090908,0.0,0.0,0.0,10.909090909090908,100.0
NPU,-12,vnifgsm/eps0.03_default,vnifgsm,eps0.03_default,20,110,19,19,1,14,1,0,12,17,5.263157894736842,0.9351752490529969,24.63921533654521,12.727272727272727,5.263157894736842,0.0,5.263157894736842,10.909090909090908,89.47368421052632
NPU,-12,vnifgsm/eps0.03_default,vnifgsm,eps0.03_default,30,110,19,19,3,16,3,0,12,16,15.789473684210526,5.520371039927826,37.56592764317668,14.545454545454545,15.789473684210526,0.0,15.789473684210526,10.909090909090908,84.21052631578947
NPU,-12,vnifgsm/eps0.03_default,vnifgsm,eps0.03_default,40,110,19,19,3,15,3,0,20,7,15.789473684210526,5.520371039927826,37.56592764317668,13.636363636363635,15.789473684210526,0.0,15.789473684210526,18.181818181818183,36.84210526315789
NPU,-12,rfgsm/eps0.03_default,rfgsm,eps0.03_default,10,110,19,18,0,14,0,1,12,19,0.0,0.0,17.58845505823749,12.727272727272727,0.0,5.263157894736842,-5.263157894736842,10.909090909090908,100.0
NPU,-12,rfgsm/eps0.03_default,rfgsm,eps0.03_default,20,110,19,18,0,12,0,1,12,17,0.0,0.0,17.58845505823749,10.909090909090908,0.0,5.263157894736842,-5.263157894736842,10.909090909090908,89.47368421052632
NPU,-12,rfgsm/eps0.03_default,rfgsm,eps0.03_default,30,110,19,18,2,14,2,1,12,16,11.11111111111111,3.101886845358279,32.80024486660421,12.727272727272727,10.526315789473683,5.263157894736842,5.263157894736842,10.909090909090908,84.21052631578947
NPU,-12,rfgsm/eps0.03_default,rfgsm,eps0.03_default,40,110,19,18,3,18,4,1,20,7,16.666666666666664,5.836470400465757,39.222499638359245,16.363636363636363,21.052631578947366,5.263157894736842,15.789473684210524,18.181818181818183,36.84210526315789
NPU,-12,tpgd/eps0.03_default,tpgd,eps0.03_default,10,110,19,13,0,8,0,6,12,19,0.0,0.0,22.810184305529166,7.2727272727272725,0.0,31.57894736842105,-31.57894736842105,10.909090909090908,100.0
NPU,-12,tpgd/eps0.03_default,tpgd,eps0.03_default,20,110,19,13,0,14,1,6,12,17,0.0,0.0,22.810184305529166,12.727272727272727,5.263157894736842,31.57894736842105,-26.31578947368421,10.909090909090908,89.47368421052632
NPU,-12,tpgd/eps0.03_default,tpgd,eps0.03_default,30,110,19,13,2,14,3,6,12,16,15.384615384615385,4.325726318273798,42.23517050863101,12.727272727272727,15.789473684210526,31.57894736842105,-15.789473684210526,10.909090909090908,84.21052631578947
NPU,-12,tpgd/eps0.03_default,tpgd,eps0.03_default,40,110,19,13,1,17,5,6,20,7,7.6923076923076925,1.3710066379696322,33.31453392824736,15.454545454545453,26.31578947368421,31.57894736842105,-5.2631578947368425,18.181818181818183,36.84210526315789
NPU,-12,cw/c1_steps20_lr0.01,cw,c1_steps20_lr0.01,10,110,19,16,0,13,0,3,12,19,0.0,0.0,19.361341827271993,11.818181818181818,0.0,15.789473684210526,-15.789473684210526,10.909090909090908,100.0
NPU,-12,cw/c1_steps20_lr0.01,cw,c1_steps20_lr0.01,20,110,19,16,2,16,2,3,12,17,12.5,3.4976749337057136,36.02333143674828,14.545454545454545,10.526315789473683,15.789473684210526,-5.2631578947368425,10.909090909090908,89.47368421052632
NPU,-12,cw/c1_steps20_lr0.01,cw,c1_steps20_lr0.01,30,110,19,16,2,14,3,3,12,16,12.5,3.4976749337057136,36.02333143674828,12.727272727272727,15.789473684210526,15.789473684210526,0.0,10.909090909090908,84.21052631578947
NPU,-12,cw/c1_steps20_lr0.01,cw,c1_steps20_lr0.01,40,110,19,16,7,18,8,3,20,7,43.75,23.09836333518552,66.82180439322347,16.363636363636363,42.10526315789473,15.789473684210526,26.315789473684205,18.181818181818183,36.84210526315789
NPU,-12,deepfool/package_default,deepfool,package_default,10,110,19,13,0,11,0,6,12,19,0.0,0.0,22.810184305529166,10.0,0.0,31.57894736842105,-31.57894736842105,10.909090909090908,100.0
NPU,-12,deepfool/package_default,deepfool,package_default,20,110,19,13,2,16,3,6,12,17,15.384615384615385,4.325726318273798,42.23517050863101,14.545454545454545,15.789473684210526,31.57894736842105,-15.789473684210526,10.909090909090908,89.47368421052632
NPU,-12,deepfool/package_default,deepfool,package_default,30,110,19,13,3,14,4,6,12,16,23.076923076923077,8.179379092465714,50.256873995126924,12.727272727272727,21.052631578947366,31.57894736842105,-10.526315789473685,10.909090909090908,84.21052631578947
NPU,-12,deepfool/package_default,deepfool,package_default,40,110,19,13,6,17,6,6,20,7,46.15384615384615,23.205754301488142,70.85656756816796,15.454545454545453,31.57894736842105,31.57894736842105,0.0,18.181818181818183,36.84210526315789
NPU,-12,fab/eps0.005,fab,eps0.005,10,110,19,5,0,12,0,14,12,19,0.0,-2.7755575615628914e-15,43.4491494752081,10.909090909090908,0.0,73.68421052631578,-73.68421052631578,10.909090909090908,100.0
NPU,-12,fab/eps0.005,fab,eps0.005,20,110,19,5,0,13,2,14,12,17,0.0,-2.7755575615628914e-15,43.4491494752081,11.818181818181818,10.526315789473683,73.68421052631578,-63.157894736842096,10.909090909090908,89.47368421052632
NPU,-12,fab/eps0.005,fab,eps0.005,30,110,19,5,0,12,3,14,12,16,0.0,-2.7755575615628914e-15,43.4491494752081,10.909090909090908,15.789473684210526,73.68421052631578,-57.89473684210525,10.909090909090908,84.21052631578947
NPU,-12,fab/eps0.005,fab,eps0.005,40,110,19,5,3,20,11,14,20,7,60.0,23.07199322088371,88.23817688407468,18.181818181818183,57.89473684210527,73.68421052631578,-15.789473684210513,18.181818181818183,36.84210526315789
NPU,-12,fab/eps0.01,fab,eps0.01,10,110,19,7,0,12,0,12,12,19,0.0,0.0,35.433884297520656,10.909090909090908,0.0,63.1578947368421,-63.1578947368421,10.909090909090908,100.0
NPU,-12,fab/eps0.01,fab,eps0.01,20,110,19,7,1,12,2,12,12,17,14.285714285714285,2.567895594897479,51.313450331903,10.909090909090908,10.526315789473683,63.1578947368421,-52.63157894736842,10.909090909090908,89.47368421052632
NPU,-12,fab/eps0.01,fab,eps0.01,30,110,19,7,1,12,3,12,12,16,14.285714285714285,2.567895594897479,51.313450331903,10.909090909090908,15.789473684210526,63.1578947368421,-47.368421052631575,10.909090909090908,84.21052631578947
NPU,-12,fab/eps0.01,fab,eps0.01,40,110,19,7,4,19,10,12,20,7,57.14285714285714,25.04542304090258,84.17830777373732,17.272727272727273,52.63157894736842,63.1578947368421,-10.526315789473685,18.181818181818183,36.84210526315789
NPU,-12,fab/eps0.03,fab,eps0.03,10,110,19,12,0,12,0,7,12,19,0.0,0.0,24.25007574992425,10.909090909090908,0.0,36.84210526315789,-36.84210526315789,10.909090909090908,100.0
NPU,-12,fab/eps0.03,fab,eps0.03,20,110,19,12,1,14,2,7,12,17,8.333333333333332,1.4864709450773477,35.38859217985952,12.727272727272727,10.526315789473683,36.84210526315789,-26.315789473684205,10.909090909090908,89.47368421052632
NPU,-12,fab/eps0.03,fab,eps0.03,30,110,19,12,2,14,3,7,12,16,16.666666666666664,4.696414761482223,44.80363573846727,12.727272727272727,15.789473684210526,36.84210526315789,-21.052631578947363,10.909090909090908,84.21052631578947
NPU,-12,fab/eps0.03,fab,eps0.03,40,110,19,12,6,14,6,7,20,7,50.0,25.377817039342222,74.62218296065778,12.727272727272727,31.57894736842105,36.84210526315789,-5.263157894736839,18.181818181818183,36.84210526315789
NPU,-12,square/eps0.03_default,square,eps0.03_default,10,110,19,14,0,9,0,5,12,19,0.0,0.0,21.531701192718142,8.181818181818182,0.0,26.31578947368421,-26.31578947368421,10.909090909090908,100.0
NPU,-12,square/eps0.03_default,square,eps0.03_default,20,110,19,14,1,9,1,5,12,17,7.142857142857142,1.2721886112291636,31.469269553957812,8.181818181818182,5.263157894736842,26.31578947368421,-21.052631578947366,10.909090909090908,89.47368421052632
NPU,-12,square/eps0.03_default,square,eps0.03_default,30,110,19,14,2,17,3,5,12,16,14.285714285714285,4.009307373792118,39.941907763863696,15.454545454545453,15.789473684210526,26.31578947368421,-10.526315789473683,10.909090909090908,84.21052631578947
NPU,-12,square/eps0.03_default,square,eps0.03_default,40,110,19,14,4,17,8,5,20,7,28.57142857142857,11.721187910109098,54.64954117248438,15.454545454545453,42.10526315789473,26.31578947368421,15.789473684210524,18.181818181818183,36.84210526315789
NPU,-12,apgd/eps0.03_default,apgd,eps0.03_default,10,110,19,19,0,12,0,0,12,19,0.0,0.0,16.818436536845052,10.909090909090908,0.0,0.0,0.0,10.909090909090908,100.0
NPU,-12,apgd/eps0.03_default,apgd,eps0.03_default,20,110,19,19,1,10,1,0,12,17,5.263157894736842,0.9351752490529969,24.63921533654521,9.090909090909092,5.263157894736842,0.0,5.263157894736842,10.909090909090908,89.47368421052632
NPU,-12,apgd/eps0.03_default,apgd,eps0.03_default,30,110,19,19,3,17,3,0,12,16,15.789473684210526,5.520371039927826,37.56592764317668,15.454545454545453,15.789473684210526,0.0,15.789473684210526,10.909090909090908,84.21052631578947
NPU,-12,apgd/eps0.03_default,apgd,eps0.03_default,40,110,19,19,4,17,4,0,20,7,21.052631578947366,8.507538491591577,43.33471424026609,15.454545454545453,21.052631578947366,0.0,21.052631578947366,18.181818181818183,36.84210526315789
NPU,-12,apgdt/eps0.03_default,apgdt,eps0.03_default,10,110,19,19,0,14,0,0,12,19,0.0,0.0,16.818436536845052,12.727272727272727,0.0,0.0,0.0,10.909090909090908,100.0
NPU,-12,apgdt/eps0.03_default,apgdt,eps0.03_default,20,110,19,19,0,11,0,0,12,17,0.0,0.0,16.818436536845052,10.0,0.0,0.0,0.0,10.909090909090908,89.47368421052632
NPU,-12,apgdt/eps0.03_default,apgdt,eps0.03_default,30,110,19,19,3,21,3,0,12,16,15.789473684210526,5.520371039927826,37.56592764317668,19.090909090909093,15.789473684210526,0.0,15.789473684210526,10.909090909090908,84.21052631578947
NPU,-12,apgdt/eps0.03_default,apgdt,eps0.03_default,40,110,19,19,5,22,5,0,20,7,26.31578947368421,11.806238339540162,48.791968441070644,20.0,26.31578947368421,0.0,26.31578947368421,18.181818181818183,36.84210526315789
NPU,-12,autoattack/eps0.03_standard,autoattack,eps0.03_standard,10,110,19,19,0,11,0,0,12,19,0.0,0.0,16.818436536845052,10.0,0.0,0.0,0.0,10.909090909090908,100.0
NPU,-12,autoattack/eps0.03_standard,autoattack,eps0.03_standard,20,110,19,19,1,13,1,0,12,17,5.263157894736842,0.9351752490529969,24.63921533654521,11.818181818181818,5.263157894736842,0.0,5.263157894736842,10.909090909090908,89.47368421052632
NPU,-12,autoattack/eps0.03_standard,autoattack,eps0.03_standard,30,110,19,19,4,15,4,0,12,16,21.052631578947366,8.507538491591577,43.33471424026609,13.636363636363635,21.052631578947366,0.0,21.052631578947366,10.909090909090908,84.21052631578947
NPU,-12,autoattack/eps0.03_standard,autoattack,eps0.03_standard,40,110,19,19,4,17,4,0,20,7,21.052631578947366,8.507538491591577,43.33471424026609,15.454545454545453,21.052631578947366,0.0,21.052631578947366,18.181818181818183,36.84210526315789
NPU,-12,ead/package_default,ead,package_default,10,110,19,13,0,12,0,6,12,19,0.0,0.0,22.810184305529166,10.909090909090908,0.0,31.57894736842105,-31.57894736842105,10.909090909090908,100.0
NPU,-12,ead/package_default,ead,package_default,20,110,19,13,2,13,3,6,12,17,15.384615384615385,4.325726318273798,42.23517050863101,11.818181818181818,15.789473684210526,31.57894736842105,-15.789473684210526,10.909090909090908,89.47368421052632
NPU,-12,ead/package_default,ead,package_default,30,110,19,13,4,17,6,6,12,16,30.76923076923077,12.680497161618087,57.63111218666236,15.454545454545453,31.57894736842105,31.57894736842105,0.0,10.909090909090908,84.21052631578947
NPU,-12,ead/package_default,ead,package_default,40,110,19,13,8,19,9,6,20,7,61.53846153846154,35.52248097226855,82.2905534187632,17.272727272727273,47.368421052631575,31.57894736842105,15.789473684210524,18.181818181818183,36.84210526315789
NPU,-12,ALL/ALL_24,ALL,ALL_24,10,2640,456,353,0,280,0,103,288,456,0.0,0.0,1.0765560965986027,10.606060606060606,0.0,22.587719298245617,-22.587719298245617,10.909090909090908,100.0
NPU,-12,ALL/ALL_24,ALL,ALL_24,20,2640,456,353,19,313,28,103,288,408,5.382436260623229,3.472512162938431,8.253026563488083,11.856060606060606,6.140350877192982,22.587719298245617,-16.447368421052634,10.909090909090908,89.47368421052632
NPU,-12,ALL/ALL_24,ALL,ALL_24,30,2640,456,353,47,353,71,103,288,384,13.314447592067987,10.162379802047727,17.25639648412518,13.37121212121212,15.570175438596493,22.587719298245617,-7.017543859649123,10.909090909090908,84.21052631578947
NPU,-12,ALL/ALL_24,ALL,ALL_24,40,2640,456,353,85,415,145,103,480,168,24.07932011331445,19.913307346378115,28.803434199450617,15.719696969696969,31.798245614035086,22.587719298245617,9.210526315789469,18.181818181818183,36.84210526315789
NPU,-10,fgsm/eps0.005,fgsm,eps0.005,10,110,30,13,4,17,6,17,19,24,30.76923076923077,12.680497161618087,57.63111218666236,15.454545454545453,20.0,56.666666666666664,-36.666666666666664,17.272727272727273,80.0
NPU,-10,fgsm/eps0.005,fgsm,eps0.005,20,110,30,13,5,32,12,17,35,18,38.46153846153847,17.70944658123682,64.47751902773146,29.09090909090909,40.0,56.666666666666664,-16.666666666666664,31.818181818181817,60.0
NPU,-10,fgsm/eps0.005,fgsm,eps0.005,30,110,30,13,4,32,14,17,35,17,30.76923076923077,12.680497161618087,57.63111218666236,29.09090909090909,46.666666666666664,56.666666666666664,-10.0,31.818181818181817,56.666666666666664
NPU,-10,fgsm/eps0.005,fgsm,eps0.005,40,110,30,13,3,32,16,17,35,13,23.076923076923077,8.179379092465714,50.256873995126924,29.09090909090909,53.333333333333336,56.666666666666664,-3.3333333333333286,31.818181818181817,43.333333333333336
NPU,-10,fgsm/eps0.01,fgsm,eps0.01,10,110,30,21,6,18,7,9,19,24,28.57142857142857,13.813675745628204,49.95677382283758,16.363636363636363,23.333333333333332,30.0,-6.666666666666668,17.272727272727273,80.0
NPU,-10,fgsm/eps0.01,fgsm,eps0.01,20,110,30,21,7,27,10,9,35,18,33.33333333333333,17.194536432683687,54.62692434278971,24.545454545454547,33.33333333333333,30.0,3.3333333333333286,31.818181818181817,60.0
NPU,-10,fgsm/eps0.01,fgsm,eps0.01,30,110,30,21,7,32,13,9,35,17,33.33333333333333,17.194536432683687,54.62692434278971,29.09090909090909,43.333333333333336,30.0,13.333333333333336,31.818181818181817,56.666666666666664
NPU,-10,fgsm/eps0.01,fgsm,eps0.01,40,110,30,21,10,32,17,9,35,13,47.61904761904761,28.343712296762945,67.63078209973324,29.09090909090909,56.666666666666664,30.0,26.666666666666664,31.818181818181817,43.333333333333336
NPU,-10,fgsm/eps0.03,fgsm,eps0.03,10,110,30,27,4,13,4,3,19,24,14.814814814814813,5.91583185964489,32.479063346829484,11.818181818181818,13.333333333333334,10.0,3.333333333333334,17.272727272727273,80.0
NPU,-10,fgsm/eps0.03,fgsm,eps0.03,20,110,30,27,4,21,6,3,35,18,14.814814814814813,5.91583185964489,32.479063346829484,19.090909090909093,20.0,10.0,10.0,31.818181818181817,60.0
NPU,-10,fgsm/eps0.03,fgsm,eps0.03,30,110,30,27,7,24,9,3,35,17,25.925925925925924,13.170208422866777,44.67893040261568,21.818181818181817,30.0,10.0,20.0,31.818181818181817,56.666666666666664
NPU,-10,fgsm/eps0.03,fgsm,eps0.03,40,110,30,27,10,26,13,3,35,13,37.03703703703704,21.532287067936856,55.77109537655369,23.636363636363637,43.333333333333336,10.0,33.333333333333336,31.818181818181817,43.333333333333336
NPU,-10,fgsm/eps0.05,fgsm,eps0.05,10,110,30,28,5,17,6,2,19,24,17.857142857142858,7.878385829430109,35.591791548591104,15.454545454545453,20.0,6.666666666666667,13.333333333333332,17.272727272727273,80.0
NPU,-10,fgsm/eps0.05,fgsm,eps0.05,20,110,30,28,4,20,5,2,35,18,14.285714285714285,5.698912930701786,31.490173044877334,18.181818181818183,16.666666666666664,6.666666666666667,9.999999999999996,31.818181818181817,60.0
NPU,-10,fgsm/eps0.05,fgsm,eps0.05,30,110,30,28,5,17,6,2,35,17,17.857142857142858,7.878385829430109,35.591791548591104,15.454545454545453,20.0,6.666666666666667,13.333333333333332,31.818181818181817,56.666666666666664
NPU,-10,fgsm/eps0.05,fgsm,eps0.05,40,110,30,28,1,14,3,2,35,13,3.571428571428571,0.633235649754188,17.712576118498664,12.727272727272727,10.0,6.666666666666667,3.333333333333333,31.818181818181817,43.333333333333336
NPU,-10,bim/eps0.03_default,bim,eps0.03_default,10,110,30,29,5,20,5,1,19,24,17.24137931034483,7.597745271479928,34.54880057281511,18.181818181818183,16.666666666666664,3.3333333333333335,13.33333333333333,17.272727272727273,80.0
NPU,-10,bim/eps0.03_default,bim,eps0.03_default,20,110,30,29,5,22,6,1,35,18,17.24137931034483,7.597745271479928,34.54880057281511,20.0,20.0,3.3333333333333335,16.666666666666668,31.818181818181817,60.0
NPU,-10,bim/eps0.03_default,bim,eps0.03_default,30,110,30,29,8,23,9,1,35,17,27.586206896551722,14.69858133850274,45.71747634443597,20.909090909090907,30.0,3.3333333333333335,26.666666666666668,31.818181818181817,56.666666666666664
NPU,-10,bim/eps0.03_default,bim,eps0.03_default,40,110,30,29,4,18,5,1,35,13,13.793103448275861,5.497350852047822,30.559357712699324,16.363636363636363,16.666666666666664,3.3333333333333335,13.33333333333333,31.818181818181817,43.333333333333336
NPU,-10,pgd/eps0.005,pgd,eps0.005,10,110,30,15,4,21,6,15,19,24,26.666666666666668,10.89727610318281,51.95088965768675,19.090909090909093,20.0,50.0,-30.0,17.272727272727273,80.0
NPU,-10,pgd/eps0.005,pgd,eps0.005,20,110,30,15,5,33,12,15,35,18,33.33333333333333,15.176100694691236,58.28687484878701,30.0,40.0,50.0,-10.0,31.818181818181817,60.0
NPU,-10,pgd/eps0.005,pgd,eps0.005,30,110,30,15,4,32,14,15,35,17,26.666666666666668,10.89727610318281,51.95088965768675,29.09090909090909,46.666666666666664,50.0,-3.3333333333333357,31.818181818181817,56.666666666666664
NPU,-10,pgd/eps0.005,pgd,eps0.005,40,110,30,15,3,31,16,15,35,13,20.0,7.047420643610414,45.18593533465045,28.18181818181818,53.333333333333336,50.0,3.3333333333333357,31.818181818181817,43.333333333333336
NPU,-10,pgd/eps0.01,pgd,eps0.01,10,110,30,21,4,19,5,9,19,24,19.047619047619047,7.667440615177301,40.000986539273285,17.272727272727273,16.666666666666664,30.0,-13.333333333333336,17.272727272727273,80.0
NPU,-10,pgd/eps0.01,pgd,eps0.01,20,110,30,21,8,31,11,9,35,18,38.095238095238095,20.750767797982505,59.12170418449848,28.18181818181818,36.666666666666664,30.0,6.666666666666664,31.818181818181817,60.0
NPU,-10,pgd/eps0.01,pgd,eps0.01,30,110,30,21,8,33,15,9,35,17,38.095238095238095,20.750767797982505,59.12170418449848,30.0,50.0,30.0,20.0,31.818181818181817,56.666666666666664
NPU,-10,pgd/eps0.01,pgd,eps0.01,40,110,30,21,8,31,15,9,35,13,38.095238095238095,20.750767797982505,59.12170418449848,28.18181818181818,50.0,30.0,20.0,31.818181818181817,43.333333333333336
NPU,-10,pgd/eps0.03,pgd,eps0.03,10,110,30,28,4,17,4,2,19,24,14.285714285714285,5.698912930701786,31.490173044877334,15.454545454545453,13.333333333333334,6.666666666666667,6.666666666666667,17.272727272727273,80.0
NPU,-10,pgd/eps0.03,pgd,eps0.03,20,110,30,28,5,21,6,2,35,18,17.857142857142858,7.878385829430109,35.591791548591104,19.090909090909093,20.0,6.666666666666667,13.333333333333332,31.818181818181817,60.0
NPU,-10,pgd/eps0.03,pgd,eps0.03,30,110,30,28,9,23,10,2,35,17,32.142857142857146,17.93304754342074,50.66149544436882,20.909090909090907,33.33333333333333,6.666666666666667,26.66666666666666,31.818181818181817,56.666666666666664
NPU,-10,pgd/eps0.03,pgd,eps0.03,40,110,30,28,7,20,8,2,35,13,25.0,12.676334942200782,43.3560252407046,18.181818181818183,26.666666666666668,6.666666666666667,20.0,31.818181818181817,43.333333333333336
NPU,-10,mifgsm/eps0.03_default,mifgsm,eps0.03_default,10,110,30,28,3,20,3,2,19,24,10.714285714285714,3.7117692054799494,27.196225367657078,18.181818181818183,10.0,6.666666666666667,3.333333333333333,17.272727272727273,80.0
NPU,-10,mifgsm/eps0.03_default,mifgsm,eps0.03_default,20,110,30,28,5,21,6,2,35,18,17.857142857142858,7.878385829430109,35.591791548591104,19.090909090909093,20.0,6.666666666666667,13.333333333333332,31.818181818181817,60.0
NPU,-10,mifgsm/eps0.03_default,mifgsm,eps0.03_default,30,110,30,28,9,21,10,2,35,17,32.142857142857146,17.93304754342074,50.66149544436882,19.090909090909093,33.33333333333333,6.666666666666667,26.66666666666666,31.818181818181817,56.666666666666664
NPU,-10,mifgsm/eps0.03_default,mifgsm,eps0.03_default,40,110,30,28,3,17,4,2,35,13,10.714285714285714,3.7117692054799494,27.196225367657078,15.454545454545453,13.333333333333334,6.666666666666667,6.666666666666667,31.818181818181817,43.333333333333336
NPU,-10,difgsm/eps0.03_default,difgsm,eps0.03_default,10,110,30,28,1,13,1,2,19,24,3.571428571428571,0.633235649754188,17.712576118498664,11.818181818181818,3.3333333333333335,6.666666666666667,-3.3333333333333335,17.272727272727273,80.0
NPU,-10,difgsm/eps0.03_default,difgsm,eps0.03_default,20,110,30,28,3,19,4,2,35,18,10.714285714285714,3.7117692054799494,27.196225367657078,17.272727272727273,13.333333333333334,6.666666666666667,6.666666666666667,31.818181818181817,60.0
NPU,-10,difgsm/eps0.03_default,difgsm,eps0.03_default,30,110,30,28,5,22,7,2,35,17,17.857142857142858,7.878385829430109,35.591791548591104,20.0,23.333333333333332,6.666666666666667,16.666666666666664,31.818181818181817,56.666666666666664
NPU,-10,difgsm/eps0.03_default,difgsm,eps0.03_default,40,110,30,28,2,18,4,2,35,13,7.142857142857142,1.9811647447770795,22.645738425917862,16.363636363636363,13.333333333333334,6.666666666666667,6.666666666666667,31.818181818181817,43.333333333333336
NPU,-10,vmifgsm/eps0.03_default,vmifgsm,eps0.03_default,10,110,30,28,4,21,4,2,19,24,14.285714285714285,5.698912930701786,31.490173044877334,19.090909090909093,13.333333333333334,6.666666666666667,6.666666666666667,17.272727272727273,80.0
NPU,-10,vmifgsm/eps0.03_default,vmifgsm,eps0.03_default,20,110,30,28,3,19,4,2,35,18,10.714285714285714,3.7117692054799494,27.196225367657078,17.272727272727273,13.333333333333334,6.666666666666667,6.666666666666667,31.818181818181817,60.0
NPU,-10,vmifgsm/eps0.03_default,vmifgsm,eps0.03_default,30,110,30,28,7,20,8,2,35,17,25.0,12.676334942200782,43.3560252407046,18.181818181818183,26.666666666666668,6.666666666666667,20.0,31.818181818181817,56.666666666666664
NPU,-10,vmifgsm/eps0.03_default,vmifgsm,eps0.03_default,40,110,30,28,6,19,7,2,35,13,21.428571428571427,10.212321701189422,39.53894707927388,17.272727272727273,23.333333333333332,6.666666666666667,16.666666666666664,31.818181818181817,43.333333333333336
NPU,-10,vnifgsm/eps0.03_default,vnifgsm,eps0.03_default,10,110,30,28,3,18,3,2,19,24,10.714285714285714,3.7117692054799494,27.196225367657078,16.363636363636363,10.0,6.666666666666667,3.333333333333333,17.272727272727273,80.0
NPU,-10,vnifgsm/eps0.03_default,vnifgsm,eps0.03_default,20,110,30,28,6,27,7,2,35,18,21.428571428571427,10.212321701189422,39.53894707927388,24.545454545454547,23.333333333333332,6.666666666666667,16.666666666666664,31.818181818181817,60.0
NPU,-10,vnifgsm/eps0.03_default,vnifgsm,eps0.03_default,30,110,30,28,7,20,8,2,35,17,25.0,12.676334942200782,43.3560252407046,18.181818181818183,26.666666666666668,6.666666666666667,20.0,31.818181818181817,56.666666666666664
NPU,-10,vnifgsm/eps0.03_default,vnifgsm,eps0.03_default,40,110,30,28,5,19,6,2,35,13,17.857142857142858,7.878385829430109,35.591791548591104,17.272727272727273,20.0,6.666666666666667,13.333333333333332,31.818181818181817,43.333333333333336
NPU,-10,rfgsm/eps0.03_default,rfgsm,eps0.03_default,10,110,30,29,5,17,5,1,19,24,17.24137931034483,7.597745271479928,34.54880057281511,15.454545454545453,16.666666666666664,3.3333333333333335,13.33333333333333,17.272727272727273,80.0
NPU,-10,rfgsm/eps0.03_default,rfgsm,eps0.03_default,20,110,30,29,5,24,6,1,35,18,17.24137931034483,7.597745271479928,34.54880057281511,21.818181818181817,20.0,3.3333333333333335,16.666666666666668,31.818181818181817,60.0
NPU,-10,rfgsm/eps0.03_default,rfgsm,eps0.03_default,30,110,30,29,6,22,7,1,35,17,20.689655172413794,9.845936515585208,38.39044660825772,20.0,23.333333333333332,3.3333333333333335,20.0,31.818181818181817,56.666666666666664
NPU,-10,rfgsm/eps0.03_default,rfgsm,eps0.03_default,40,110,30,29,5,18,6,1,35,13,17.24137931034483,7.597745271479928,34.54880057281511,16.363636363636363,20.0,3.3333333333333335,16.666666666666668,31.818181818181817,43.333333333333336
NPU,-10,tpgd/eps0.03_default,tpgd,eps0.03_default,10,110,30,25,4,21,5,5,19,24,16.0,6.403347608577989,34.65401398023816,19.090909090909093,16.666666666666664,16.666666666666664,0.0,17.272727272727273,80.0
NPU,-10,tpgd/eps0.03_default,tpgd,eps0.03_default,20,110,30,25,6,28,8,5,35,18,24.0,11.496157730326725,43.43005995523856,25.454545454545453,26.666666666666668,16.666666666666664,10.000000000000004,31.818181818181817,60.0
NPU,-10,tpgd/eps0.03_default,tpgd,eps0.03_default,30,110,30,25,6,23,9,5,35,17,24.0,11.496157730326725,43.43005995523856,20.909090909090907,30.0,16.666666666666664,13.333333333333336,31.818181818181817,56.666666666666664
NPU,-10,tpgd/eps0.03_default,tpgd,eps0.03_default,40,110,30,25,5,20,8,5,35,13,20.0,8.860454100652488,39.131335536538245,18.181818181818183,26.666666666666668,16.666666666666664,10.000000000000004,31.818181818181817,43.333333333333336
NPU,-10,cw/c1_steps20_lr0.01,cw,c1_steps20_lr0.01,10,110,30,26,6,20,6,4,19,24,23.076923076923077,11.033699683676687,42.05192575195679,18.181818181818183,20.0,13.333333333333334,6.666666666666666,17.272727272727273,80.0
NPU,-10,cw/c1_steps20_lr0.01,cw,c1_steps20_lr0.01,20,110,30,26,9,31,11,4,35,18,34.61538461538461,19.412014972852127,53.77977099036699,28.18181818181818,36.666666666666664,13.333333333333334,23.33333333333333,31.818181818181817,60.0
NPU,-10,cw/c1_steps20_lr0.01,cw,c1_steps20_lr0.01,30,110,30,26,10,29,12,4,35,17,38.46153846153847,22.42835951183443,57.46547996057993,26.36363636363636,40.0,13.333333333333334,26.666666666666664,31.818181818181817,56.666666666666664
NPU,-10,cw/c1_steps20_lr0.01,cw,c1_steps20_lr0.01,40,110,30,26,14,31,16,4,35,13,53.84615384615385,35.45763620443012,71.2444173047651,28.18181818181818,53.333333333333336,13.333333333333334,40.0,31.818181818181817,43.333333333333336
NPU,-10,deepfool/package_default,deepfool,package_default,10,110,30,18,4,19,6,12,19,24,22.22222222222222,9.000781913382,45.21502645230549,17.272727272727273,20.0,40.0,-20.0,17.272727272727273,80.0
NPU,-10,deepfool/package_default,deepfool,package_default,20,110,30,18,6,31,12,12,35,18,33.33333333333333,16.27855436366286,56.25093065574964,28.18181818181818,40.0,40.0,0.0,31.818181818181817,60.0
NPU,-10,deepfool/package_default,deepfool,package_default,30,110,30,18,8,31,13,12,35,17,44.44444444444444,24.559231101389127,66.28393057174837,28.18181818181818,43.333333333333336,40.0,3.3333333333333357,31.818181818181817,56.666666666666664
NPU,-10,deepfool/package_default,deepfool,package_default,40,110,30,18,11,31,17,12,35,13,61.111111111111114,38.61866858065617,79.69500807306883,28.18181818181818,56.666666666666664,40.0,16.666666666666664,31.818181818181817,43.333333333333336
NPU,-10,fab/eps0.005,fab,eps0.005,10,110,30,10,4,19,6,20,19,24,40.0,16.817758120350966,68.73304525498135,17.272727272727273,20.0,66.66666666666666,-46.66666666666666,17.272727272727273,80.0
NPU,-10,fab/eps0.005,fab,eps0.005,20,110,30,10,4,34,12,20,35,18,40.0,16.817758120350966,68.73304525498135,30.909090909090907,40.0,66.66666666666666,-26.666666666666657,31.818181818181817,60.0
NPU,-10,fab/eps0.005,fab,eps0.005,30,110,30,10,4,35,13,20,35,17,40.0,16.817758120350966,68.73304525498135,31.818181818181817,43.333333333333336,66.66666666666666,-23.33333333333332,31.818181818181817,56.666666666666664
NPU,-10,fab/eps0.005,fab,eps0.005,40,110,30,10,4,33,17,20,35,13,40.0,16.817758120350966,68.73304525498135,30.0,56.666666666666664,66.66666666666666,-9.999999999999993,31.818181818181817,43.333333333333336
NPU,-10,fab/eps0.01,fab,eps0.01,10,110,30,15,4,20,6,15,19,24,26.666666666666668,10.89727610318281,51.95088965768675,18.181818181818183,20.0,50.0,-30.0,17.272727272727273,80.0
NPU,-10,fab/eps0.01,fab,eps0.01,20,110,30,15,6,32,12,15,35,18,40.0,19.824228082594665,64.2535572434923,29.09090909090909,40.0,50.0,-10.0,31.818181818181817,60.0
NPU,-10,fab/eps0.01,fab,eps0.01,30,110,30,15,6,35,13,15,35,17,40.0,19.824228082594665,64.2535572434923,31.818181818181817,43.333333333333336,50.0,-6.666666666666664,31.818181818181817,56.666666666666664
NPU,-10,fab/eps0.01,fab,eps0.01,40,110,30,15,8,33,17,15,35,13,53.333333333333336,30.11663015105079,75.19077474025354,30.0,56.666666666666664,50.0,6.666666666666664,31.818181818181817,43.333333333333336
NPU,-10,fab/eps0.03,fab,eps0.03,10,110,30,21,5,20,6,9,19,24,23.809523809523807,10.627856389112262,45.09158197234592,18.181818181818183,20.0,30.0,-10.0,17.272727272727273,80.0
NPU,-10,fab/eps0.03,fab,eps0.03,20,110,30,21,8,31,12,9,35,18,38.095238095238095,20.750767797982505,59.12170418449848,28.18181818181818,40.0,30.0,10.0,31.818181818181817,60.0
NPU,-10,fab/eps0.03,fab,eps0.03,30,110,30,21,9,33,13,9,35,17,42.857142857142854,24.469699486521044,63.453783702967534,30.0,43.333333333333336,30.0,13.333333333333336,31.818181818181817,56.666666666666664
NPU,-10,fab/eps0.03,fab,eps0.03,40,110,30,21,12,33,16,9,35,13,57.14285714285714,36.546216297032444,75.53030051347895,30.0,53.333333333333336,30.0,23.333333333333336,31.818181818181817,43.333333333333336
NPU,-10,square/eps0.03_default,square,eps0.03_default,10,110,30,30,3,20,3,0,19,24,10.0,3.4599259959716147,25.621441315266622,18.181818181818183,10.0,0.0,10.0,17.272727272727273,80.0
NPU,-10,square/eps0.03_default,square,eps0.03_default,20,110,30,30,7,22,7,0,35,18,23.333333333333332,11.792239210501233,40.92867233032427,20.0,23.333333333333332,0.0,23.333333333333332,31.818181818181817,60.0
NPU,-10,square/eps0.03_default,square,eps0.03_default,30,110,30,30,8,27,8,0,35,17,26.666666666666668,14.182495553910618,44.44830204431169,24.545454545454547,26.666666666666668,0.0,26.666666666666668,31.818181818181817,56.666666666666664
NPU,-10,square/eps0.03_default,square,eps0.03_default,40,110,30,30,7,22,7,0,35,13,23.333333333333332,11.792239210501233,40.92867233032427,20.0,23.333333333333332,0.0,23.333333333333332,31.818181818181817,43.333333333333336
NPU,-10,apgd/eps0.03_default,apgd,eps0.03_default,10,110,30,29,6,19,6,1,19,24,20.689655172413794,9.845936515585208,38.39044660825772,17.272727272727273,20.0,3.3333333333333335,16.666666666666668,17.272727272727273,80.0
NPU,-10,apgd/eps0.03_default,apgd,eps0.03_default,20,110,30,29,6,21,7,1,35,18,20.689655172413794,9.845936515585208,38.39044660825772,19.090909090909093,23.333333333333332,3.3333333333333335,20.0,31.818181818181817,60.0
NPU,-10,apgd/eps0.03_default,apgd,eps0.03_default,30,110,30,29,8,22,9,1,35,17,27.586206896551722,14.69858133850274,45.71747634443597,20.0,30.0,3.3333333333333335,26.666666666666668,31.818181818181817,56.666666666666664
NPU,-10,apgd/eps0.03_default,apgd,eps0.03_default,40,110,30,29,7,19,8,1,35,13,24.137931034482758,12.218268185062131,42.10795221832869,17.272727272727273,26.666666666666668,3.3333333333333335,23.333333333333336,31.818181818181817,43.333333333333336
NPU,-10,apgdt/eps0.03_default,apgdt,eps0.03_default,10,110,30,29,5,17,5,1,19,24,17.24137931034483,7.597745271479928,34.54880057281511,15.454545454545453,16.666666666666664,3.3333333333333335,13.33333333333333,17.272727272727273,80.0
NPU,-10,apgdt/eps0.03_default,apgdt,eps0.03_default,20,110,30,29,9,24,9,1,35,18,31.03448275862069,17.275424489768067,49.230470472718544,21.818181818181817,30.0,3.3333333333333335,26.666666666666668,31.818181818181817,60.0
NPU,-10,apgdt/eps0.03_default,apgdt,eps0.03_default,30,110,30,29,13,30,13,1,35,17,44.827586206896555,28.41291114874579,62.452332931932375,27.27272727272727,43.333333333333336,3.3333333333333335,40.0,31.818181818181817,56.666666666666664
NPU,-10,apgdt/eps0.03_default,apgdt,eps0.03_default,40,110,30,29,9,24,9,1,35,13,31.03448275862069,17.275424489768067,49.230470472718544,21.818181818181817,30.0,3.3333333333333335,26.666666666666668,31.818181818181817,43.333333333333336
NPU,-10,autoattack/eps0.03_standard,autoattack,eps0.03_standard,10,110,30,29,5,19,5,1,19,24,17.24137931034483,7.597745271479928,34.54880057281511,17.272727272727273,16.666666666666664,3.3333333333333335,13.33333333333333,17.272727272727273,80.0
NPU,-10,autoattack/eps0.03_standard,autoattack,eps0.03_standard,20,110,30,29,7,22,8,1,35,18,24.137931034482758,12.218268185062131,42.10795221832869,20.0,26.666666666666668,3.3333333333333335,23.333333333333336,31.818181818181817,60.0
NPU,-10,autoattack/eps0.03_standard,autoattack,eps0.03_standard,30,110,30,29,8,24,9,1,35,17,27.586206896551722,14.69858133850274,45.71747634443597,21.818181818181817,30.0,3.3333333333333335,26.666666666666668,31.818181818181817,56.666666666666664
NPU,-10,autoattack/eps0.03_standard,autoattack,eps0.03_standard,40,110,30,29,8,26,9,1,35,13,27.586206896551722,14.69858133850274,45.71747634443597,23.636363636363637,30.0,3.3333333333333335,26.666666666666668,31.818181818181817,43.333333333333336
NPU,-10,ead/package_default,ead,package_default,10,110,30,14,4,22,6,16,19,24,28.57142857142857,11.721187910109098,54.64954117248438,20.0,20.0,53.333333333333336,-33.333333333333336,17.272727272727273,80.0
NPU,-10,ead/package_default,ead,package_default,20,110,30,14,6,34,12,16,35,18,42.857142857142854,21.380509930400528,67.40973309713064,30.909090909090907,40.0,53.333333333333336,-13.333333333333336,31.818181818181817,60.0
NPU,-10,ead/package_default,ead,package_default,30,110,30,14,7,33,13,16,35,17,50.0,26.798867919475278,73.20113208052473,30.0,43.333333333333336,53.333333333333336,-10.0,31.818181818181817,56.666666666666664
NPU,-10,ead/package_default,ead,package_default,40,110,30,14,9,33,16,16,35,13,64.28571428571429,38.76400468214042,83.65550926279727,30.0,53.333333333333336,53.333333333333336,0.0,31.818181818181817,43.333333333333336
NPU,-10,ALL/ALL_24,ALL,ALL_24,10,2640,720,569,102,447,119,151,456,576,17.926186291739896,14.992800565058145,21.28975991937595,16.93181818181818,16.52777777777778,20.97222222222222,-4.444444444444443,17.272727272727273,80.0
NPU,-10,ALL/ALL_24,ALL,ALL_24,20,2640,720,569,139,627,205,151,840,432,24.42882249560633,21.077546067139235,28.12307064784796,23.75,28.47222222222222,20.97222222222222,7.5,31.818181818181817,60.0
NPU,-10,ALL/ALL_24,ALL,ALL_24,30,2640,720,569,173,643,255,151,840,408,30.404217926186295,26.76632649810258,34.30493648279827,24.356060606060606,35.41666666666667,20.97222222222222,14.44444444444445,31.818181818181817,56.666666666666664
NPU,-10,ALL/ALL_24,ALL,ALL_24,40,2640,720,569,161,600,260,151,840,312,28.295254833040424,24.749272960938484,32.1323501614046,22.727272727272727,36.11111111111111,20.97222222222222,15.138888888888886,31.818181818181817,43.333333333333336
NPU,-8,fgsm/eps0.005,fgsm,eps0.005,10,110,41,18,8,31,15,23,32,26,44.44444444444444,24.559231101389127,66.28393057174837,28.18181818181818,36.58536585365854,56.09756097560976,-19.512195121951223,29.09090909090909,63.41463414634146
NPU,-8,fgsm/eps0.005,fgsm,eps0.005,20,110,41,18,8,33,15,23,34,26,44.44444444444444,24.559231101389127,66.28393057174837,30.0,36.58536585365854,56.09756097560976,-19.512195121951223,30.909090909090907,63.41463414634146
NPU,-8,fgsm/eps0.005,fgsm,eps0.005,30,110,41,18,8,36,17,23,37,23,44.44444444444444,24.559231101389127,66.28393057174837,32.72727272727273,41.46341463414634,56.09756097560976,-14.63414634146342,33.63636363636363,56.09756097560976
NPU,-8,fgsm/eps0.005,fgsm,eps0.005,40,110,41,18,11,42,25,23,38,16,61.111111111111114,38.61866858065617,79.69500807306883,38.18181818181819,60.97560975609756,56.09756097560976,4.878048780487802,34.54545454545455,39.02439024390244
NPU,-8,fgsm/eps0.01,fgsm,eps0.01,10,110,41,27,8,27,12,14,32,26,29.629629629629626,15.852853317647565,48.48103338083759,24.545454545454547,29.268292682926827,34.146341463414636,-4.878048780487809,29.09090909090909,63.41463414634146
NPU,-8,fgsm/eps0.01,fgsm,eps0.01,20,110,41,27,9,31,14,14,34,26,33.33333333333333,18.64305444359335,52.17558012789452,28.18181818181818,34.146341463414636,34.146341463414636,0.0,30.909090909090907,63.41463414634146
NPU,-8,fgsm/eps0.01,fgsm,eps0.01,30,110,41,27,12,35,17,14,37,23,44.44444444444444,27.585597670072833,62.687280520423116,31.818181818181817,41.46341463414634,34.146341463414636,7.317073170731703,33.63636363636363,56.09756097560976
NPU,-8,fgsm/eps0.01,fgsm,eps0.01,40,110,41,27,13,43,23,14,38,16,48.148148148148145,30.742950649709076,66.01467541378958,39.09090909090909,56.09756097560976,34.146341463414636,21.951219512195124,34.54545454545455,39.02439024390244
NPU,-8,fgsm/eps0.03,fgsm,eps0.03,10,110,41,35,10,26,12,6,32,26,28.57142857142857,16.326363398295566,45.05524806982108,23.636363636363637,29.268292682926827,14.634146341463413,14.634146341463413,29.09090909090909,63.41463414634146
NPU,-8,fgsm/eps0.03,fgsm,eps0.03,20,110,41,35,10,30,12,6,34,26,28.57142857142857,16.326363398295566,45.05524806982108,27.27272727272727,29.268292682926827,14.634146341463413,14.634146341463413,30.909090909090907,63.41463414634146
NPU,-8,fgsm/eps0.03,fgsm,eps0.03,30,110,41,35,10,31,13,6,37,23,28.57142857142857,16.326363398295566,45.05524806982108,28.18181818181818,31.70731707317073,14.634146341463413,17.073170731707318,33.63636363636363,56.09756097560976
NPU,-8,fgsm/eps0.03,fgsm,eps0.03,40,110,41,35,6,26,10,6,38,16,17.142857142857142,8.10252994485672,32.68260763958882,23.636363636363637,24.390243902439025,14.634146341463413,9.756097560975611,34.54545454545455,39.02439024390244
NPU,-8,fgsm/eps0.05,fgsm,eps0.05,10,110,41,39,10,29,12,2,32,26,25.64102564102564,14.568625843452187,41.0819567678415,26.36363636363636,29.268292682926827,4.878048780487805,24.39024390243902,29.09090909090909,63.41463414634146
NPU,-8,fgsm/eps0.05,fgsm,eps0.05,20,110,41,39,9,26,11,2,34,26,23.076923076923077,12.64566242878376,38.33656045738296,23.636363636363637,26.82926829268293,4.878048780487805,21.951219512195124,30.909090909090907,63.41463414634146
NPU,-8,fgsm/eps0.05,fgsm,eps0.05,30,110,41,39,4,17,6,2,37,23,10.256410256410255,4.061265558286986,23.57915870224483,15.454545454545453,14.634146341463413,4.878048780487805,9.756097560975608,33.63636363636363,56.09756097560976
NPU,-8,fgsm/eps0.05,fgsm,eps0.05,40,110,41,39,3,17,5,2,38,16,7.6923076923076925,2.650691407349569,20.32137312805527,15.454545454545453,12.195121951219512,4.878048780487805,7.317073170731708,34.54545454545455,39.02439024390244
NPU,-8,bim/eps0.03_default,bim,eps0.03_default,10,110,41,38,9,24,11,3,32,26,23.684210526315788,12.993561496969509,39.20711916533786,21.818181818181817,26.82926829268293,7.317073170731707,19.512195121951223,29.09090909090909,63.41463414634146
NPU,-8,bim/eps0.03_default,bim,eps0.03_default,20,110,41,38,10,24,12,3,34,26,26.31578947368421,14.971462389701296,42.009150206375324,21.818181818181817,29.268292682926827,7.317073170731707,21.95121951219512,30.909090909090907,63.41463414634146
NPU,-8,bim/eps0.03_default,bim,eps0.03_default,30,110,41,38,10,25,12,3,37,23,26.31578947368421,14.971462389701296,42.009150206375324,22.727272727272727,29.268292682926827,7.317073170731707,21.95121951219512,33.63636363636363,56.09756097560976
NPU,-8,bim/eps0.03_default,bim,eps0.03_default,40,110,41,38,6,19,8,3,38,16,15.789473684210526,7.443762223722684,30.41712263727689,17.272727272727273,19.51219512195122,7.317073170731707,12.195121951219512,34.54545454545455,39.02439024390244
NPU,-8,pgd/eps0.005,pgd,eps0.005,10,110,41,17,7,29,14,24,32,26,41.17647058823529,21.610786039131384,63.994925614484465,26.36363636363636,34.146341463414636,58.536585365853654,-24.390243902439018,29.09090909090909,63.41463414634146
NPU,-8,pgd/eps0.005,pgd,eps0.005,20,110,41,17,6,33,14,24,34,26,35.294117647058826,17.309486143904902,58.700033278788176,30.0,34.146341463414636,58.536585365853654,-24.390243902439018,30.909090909090907,63.41463414634146
NPU,-8,pgd/eps0.005,pgd,eps0.005,30,110,41,17,8,37,18,24,37,23,47.05882352941176,26.164801196088106,69.03710268845052,33.63636363636363,43.90243902439025,58.536585365853654,-14.634146341463406,33.63636363636363,56.09756097560976
NPU,-8,pgd/eps0.005,pgd,eps0.005,40,110,41,17,11,42,26,24,38,16,64.70588235294117,41.299966721211824,82.69051385609511,38.18181818181819,63.41463414634146,58.536585365853654,4.878048780487809,34.54545454545455,39.02439024390244
NPU,-8,pgd/eps0.01,pgd,eps0.01,10,110,41,27,9,27,13,14,32,26,33.33333333333333,18.64305444359335,52.17558012789452,24.545454545454547,31.70731707317073,34.146341463414636,-2.4390243902439046,29.09090909090909,63.41463414634146
NPU,-8,pgd/eps0.01,pgd,eps0.01,20,110,41,27,7,30,13,14,34,26,25.925925925925924,13.170208422866777,44.67893040261568,27.27272727272727,31.70731707317073,34.146341463414636,-2.4390243902439046,30.909090909090907,63.41463414634146
NPU,-8,pgd/eps0.01,pgd,eps0.01,30,110,41,27,9,35,17,14,37,23,33.33333333333333,18.64305444359335,52.17558012789452,31.818181818181817,41.46341463414634,34.146341463414636,7.317073170731703,33.63636363636363,56.09756097560976
NPU,-8,pgd/eps0.01,pgd,eps0.01,40,110,41,27,11,36,19,14,38,16,40.74074074074074,24.514513372857344,59.27361694463591,32.72727272727273,46.34146341463415,34.146341463414636,12.195121951219512,34.54545454545455,39.02439024390244
NPU,-8,pgd/eps0.03,pgd,eps0.03,10,110,41,38,12,28,14,3,32,26,31.57894736842105,19.08442002366664,47.45605643994851,25.454545454545453,34.146341463414636,7.317073170731707,26.82926829268293,29.09090909090909,63.41463414634146
NPU,-8,pgd/eps0.03,pgd,eps0.03,20,110,41,38,9,24,11,3,34,26,23.684210526315788,12.993561496969509,39.20711916533786,21.818181818181817,26.82926829268293,7.317073170731707,19.512195121951223,30.909090909090907,63.41463414634146
NPU,-8,pgd/eps0.03,pgd,eps0.03,30,110,41,38,8,20,10,3,37,23,21.052631578947366,11.07466035209593,36.34608837644217,18.181818181818183,24.390243902439025,7.317073170731707,17.073170731707318,33.63636363636363,56.09756097560976
NPU,-8,pgd/eps0.03,pgd,eps0.03,40,110,41,38,8,20,10,3,38,16,21.052631578947366,11.07466035209593,36.34608837644217,18.181818181818183,24.390243902439025,7.317073170731707,17.073170731707318,34.54545454545455,39.02439024390244
NPU,-8,mifgsm/eps0.03_default,mifgsm,eps0.03_default,10,110,41,39,9,24,11,2,32,26,23.076923076923077,12.64566242878376,38.33656045738296,21.818181818181817,26.82926829268293,4.878048780487805,21.951219512195124,29.09090909090909,63.41463414634146
NPU,-8,mifgsm/eps0.03_default,mifgsm,eps0.03_default,20,110,41,39,11,27,13,2,34,26,28.205128205128204,16.543325013943296,43.77561732247738,24.545454545454547,31.70731707317073,4.878048780487805,26.829268292682926,30.909090909090907,63.41463414634146
NPU,-8,mifgsm/eps0.03_default,mifgsm,eps0.03_default,30,110,41,39,10,27,12,2,37,23,25.64102564102564,14.568625843452187,41.0819567678415,24.545454545454547,29.268292682926827,4.878048780487805,24.39024390243902,33.63636363636363,56.09756097560976
NPU,-8,mifgsm/eps0.03_default,mifgsm,eps0.03_default,40,110,41,39,8,24,10,2,38,16,20.51282051282051,10.779590197911117,35.53427296312862,21.818181818181817,24.390243902439025,4.878048780487805,19.51219512195122,34.54545454545455,39.02439024390244
NPU,-8,difgsm/eps0.03_default,difgsm,eps0.03_default,10,110,41,37,13,28,14,4,32,26,35.13513513513514,21.82540663110087,51.24127048243044,25.454545454545453,34.146341463414636,9.75609756097561,24.390243902439025,29.09090909090909,63.41463414634146
NPU,-8,difgsm/eps0.03_default,difgsm,eps0.03_default,20,110,41,37,10,22,11,4,34,26,27.027027027027028,15.397298246990685,42.97847547392133,20.0,26.82926829268293,9.75609756097561,17.07317073170732,30.909090909090907,63.41463414634146
NPU,-8,difgsm/eps0.03_default,difgsm,eps0.03_default,30,110,41,37,8,21,9,4,37,23,21.62162162162162,11.386376851955585,37.19546127387691,19.090909090909093,21.951219512195124,9.75609756097561,12.195121951219514,33.63636363636363,56.09756097560976
NPU,-8,difgsm/eps0.03_default,difgsm,eps0.03_default,40,110,41,37,6,19,7,4,38,16,16.216216216216218,7.651103235297099,31.136799295455862,17.272727272727273,17.073170731707318,9.75609756097561,7.3170731707317085,34.54545454545455,39.02439024390244
NPU,-8,vmifgsm/eps0.03_default,vmifgsm,eps0.03_default,10,110,41,39,10,26,12,2,32,26,25.64102564102564,14.568625843452187,41.0819567678415,23.636363636363637,29.268292682926827,4.878048780487805,24.39024390243902,29.09090909090909,63.41463414634146
NPU,-8,vmifgsm/eps0.03_default,vmifgsm,eps0.03_default,20,110,41,39,10,25,12,2,34,26,25.64102564102564,14.568625843452187,41.0819567678415,22.727272727272727,29.268292682926827,4.878048780487805,24.39024390243902,30.909090909090907,63.41463414634146
NPU,-8,vmifgsm/eps0.03_default,vmifgsm,eps0.03_default,30,110,41,39,8,22,10,2,37,23,20.51282051282051,10.779590197911117,35.53427296312862,20.0,24.390243902439025,4.878048780487805,19.51219512195122,33.63636363636363,56.09756097560976
NPU,-8,vmifgsm/eps0.03_default,vmifgsm,eps0.03_default,40,110,41,39,8,24,10,2,38,16,20.51282051282051,10.779590197911117,35.53427296312862,21.818181818181817,24.390243902439025,4.878048780487805,19.51219512195122,34.54545454545455,39.02439024390244
NPU,-8,vnifgsm/eps0.03_default,vnifgsm,eps0.03_default,10,110,41,39,9,24,11,2,32,26,23.076923076923077,12.64566242878376,38.33656045738296,21.818181818181817,26.82926829268293,4.878048780487805,21.951219512195124,29.09090909090909,63.41463414634146
NPU,-8,vnifgsm/eps0.03_default,vnifgsm,eps0.03_default,20,110,41,39,10,25,12,2,34,26,25.64102564102564,14.568625843452187,41.0819567678415,22.727272727272727,29.268292682926827,4.878048780487805,24.39024390243902,30.909090909090907,63.41463414634146
NPU,-8,vnifgsm/eps0.03_default,vnifgsm,eps0.03_default,30,110,41,39,8,22,10,2,37,23,20.51282051282051,10.779590197911117,35.53427296312862,20.0,24.390243902439025,4.878048780487805,19.51219512195122,33.63636363636363,56.09756097560976
NPU,-8,vnifgsm/eps0.03_default,vnifgsm,eps0.03_default,40,110,41,39,9,25,11,2,38,16,23.076923076923077,12.64566242878376,38.33656045738296,22.727272727272727,26.82926829268293,4.878048780487805,21.951219512195124,34.54545454545455,39.02439024390244
NPU,-8,rfgsm/eps0.03_default,rfgsm,eps0.03_default,10,110,41,39,9,24,11,2,32,26,23.076923076923077,12.64566242878376,38.33656045738296,21.818181818181817,26.82926829268293,4.878048780487805,21.951219512195124,29.09090909090909,63.41463414634146
NPU,-8,rfgsm/eps0.03_default,rfgsm,eps0.03_default,20,110,41,39,10,25,12,2,34,26,25.64102564102564,14.568625843452187,41.0819567678415,22.727272727272727,29.268292682926827,4.878048780487805,24.39024390243902,30.909090909090907,63.41463414634146
NPU,-8,rfgsm/eps0.03_default,rfgsm,eps0.03_default,30,110,41,39,9,21,11,2,37,23,23.076923076923077,12.64566242878376,38.33656045738296,19.090909090909093,26.82926829268293,4.878048780487805,21.951219512195124,33.63636363636363,56.09756097560976
NPU,-8,rfgsm/eps0.03_default,rfgsm,eps0.03_default,40,110,41,39,5,18,7,2,38,16,12.82051282051282,5.602734948028318,26.706049037630475,16.363636363636363,17.073170731707318,4.878048780487805,12.195121951219512,34.54545454545455,39.02439024390244
NPU,-8,tpgd/eps0.03_default,tpgd,eps0.03_default,10,110,41,23,10,33,16,18,32,26,43.47826086956522,25.634368332198655,63.188950694983035,30.0,39.02439024390244,43.90243902439025,-4.878048780487809,29.09090909090909,63.41463414634146
NPU,-8,tpgd/eps0.03_default,tpgd,eps0.03_default,20,110,41,23,10,31,16,18,34,26,43.47826086956522,25.634368332198655,63.188950694983035,28.18181818181818,39.02439024390244,43.90243902439025,-4.878048780487809,30.909090909090907,63.41463414634146
NPU,-8,tpgd/eps0.03_default,tpgd,eps0.03_default,30,110,41,23,9,34,19,18,37,23,39.130434782608695,22.157377982382144,59.21482039625402,30.909090909090907,46.34146341463415,43.90243902439025,2.439024390243901,33.63636363636363,56.09756097560976
NPU,-8,tpgd/eps0.03_default,tpgd,eps0.03_default,40,110,41,23,6,32,19,18,38,16,26.08695652173913,12.548445889248969,46.47039054375056,29.09090909090909,46.34146341463415,43.90243902439025,2.439024390243901,34.54545454545455,39.02439024390244
NPU,-8,cw/c1_steps20_lr0.01,cw,c1_steps20_lr0.01,10,110,41,34,14,35,16,7,32,26,41.17647058823529,26.365737785688864,57.77869585348072,31.818181818181817,39.02439024390244,17.073170731707318,21.95121951219512,29.09090909090909,63.41463414634146
NPU,-8,cw/c1_steps20_lr0.01,cw,c1_steps20_lr0.01,20,110,41,34,11,32,14,7,34,26,32.35294117647059,19.131451326458574,49.15741595188061,29.09090909090909,34.146341463414636,17.073170731707318,17.073170731707318,30.909090909090907,63.41463414634146
NPU,-8,cw/c1_steps20_lr0.01,cw,c1_steps20_lr0.01,30,110,41,34,15,36,18,7,37,23,44.11764705882353,28.883240215296745,60.546382210816304,32.72727272727273,43.90243902439025,17.073170731707318,26.82926829268293,33.63636363636363,56.09756097560976
NPU,-8,cw/c1_steps20_lr0.01,cw,c1_steps20_lr0.01,40,110,41,34,19,39,22,7,38,16,55.88235294117647,39.453617789183696,71.11675978470325,35.45454545454545,53.65853658536586,17.073170731707318,36.585365853658544,34.54545454545455,39.02439024390244
NPU,-8,deepfool/package_default,deepfool,package_default,10,110,41,25,9,37,16,16,32,26,36.0,20.247656431735635,55.48184539895337,33.63636363636363,39.02439024390244,39.02439024390244,0.0,29.09090909090909,63.41463414634146
NPU,-8,deepfool/package_default,deepfool,package_default,20,110,41,25,9,31,13,16,34,26,36.0,20.247656431735635,55.48184539895337,28.18181818181818,31.70731707317073,39.02439024390244,-7.317073170731707,30.909090909090907,63.41463414634146
NPU,-8,deepfool/package_default,deepfool,package_default,30,110,41,25,11,36,16,16,37,23,44.0,26.66537494700256,62.93298298043557,32.72727272727273,39.02439024390244,39.02439024390244,0.0,33.63636363636363,56.09756097560976
NPU,-8,deepfool/package_default,deepfool,package_default,40,110,41,25,17,42,25,16,38,16,68.0,48.40991373457671,82.79501248310886,38.18181818181819,60.97560975609756,39.02439024390244,21.951219512195124,34.54545454545455,39.02439024390244
NPU,-8,fab/eps0.005,fab,eps0.005,10,110,41,9,3,31,14,32,32,26,33.33333333333333,12.058159868274293,64.58026525009102,28.18181818181818,34.146341463414636,78.04878048780488,-43.90243902439024,29.09090909090909,63.41463414634146
NPU,-8,fab/eps0.005,fab,eps0.005,20,110,41,9,5,34,15,32,34,26,55.55555555555556,26.66473457440297,81.1224570528086,30.909090909090907,36.58536585365854,78.04878048780488,-41.46341463414634,30.909090909090907,63.41463414634146
NPU,-8,fab/eps0.005,fab,eps0.005,30,110,41,9,5,37,18,32,37,23,55.55555555555556,26.66473457440297,81.1224570528086,33.63636363636363,43.90243902439025,78.04878048780488,-34.14634146341463,33.63636363636363,56.09756097560976
NPU,-8,fab/eps0.005,fab,eps0.005,40,110,41,9,7,41,26,32,38,16,77.77777777777779,45.25833436728054,93.67762376877728,37.27272727272727,63.41463414634146,78.04878048780488,-14.634146341463413,34.54545454545455,39.02439024390244
NPU,-8,fab/eps0.01,fab,eps0.01,10,110,41,16,6,32,14,25,32,26,37.5,18.480982554752806,61.3593529020652,29.09090909090909,34.146341463414636,60.97560975609756,-26.829268292682926,29.09090909090909,63.41463414634146
NPU,-8,fab/eps0.01,fab,eps0.01,20,110,41,16,8,31,14,25,34,26,50.0,27.99923761135083,72.00076238864916,28.18181818181818,34.146341463414636,60.97560975609756,-26.829268292682926,30.909090909090907,63.41463414634146
NPU,-8,fab/eps0.01,fab,eps0.01,30,110,41,16,8,35,16,25,37,23,50.0,27.99923761135083,72.00076238864916,31.818181818181817,39.02439024390244,60.97560975609756,-21.951219512195124,33.63636363636363,56.09756097560976
NPU,-8,fab/eps0.01,fab,eps0.01,40,110,41,16,13,40,25,25,38,16,81.25,56.99064013154177,93.40852122641324,36.36363636363637,60.97560975609756,60.97560975609756,0.0,34.54545454545455,39.02439024390244
NPU,-8,fab/eps0.03,fab,eps0.03,10,110,41,21,8,34,15,20,32,26,38.095238095238095,20.750767797982505,59.12170418449848,30.909090909090907,36.58536585365854,48.78048780487805,-12.195121951219512,29.09090909090909,63.41463414634146
NPU,-8,fab/eps0.03,fab,eps0.03,20,110,41,21,10,31,14,20,34,26,47.61904761904761,28.343712296762945,67.63078209973324,28.18181818181818,34.146341463414636,48.78048780487805,-14.634146341463413,30.909090909090907,63.41463414634146
NPU,-8,fab/eps0.03,fab,eps0.03,30,110,41,21,11,39,18,20,37,23,52.38095238095239,32.369217900266754,71.65628770323706,35.45454545454545,43.90243902439025,48.78048780487805,-4.878048780487802,33.63636363636363,56.09756097560976
NPU,-8,fab/eps0.03,fab,eps0.03,40,110,41,21,15,40,24,20,38,16,71.42857142857143,50.0432261771624,86.1863242543718,36.36363636363637,58.536585365853654,48.78048780487805,9.756097560975604,34.54545454545455,39.02439024390244
NPU,-8,square/eps0.03_default,square,eps0.03_default,10,110,41,30,9,29,13,11,32,26,30.0,16.664562643958934,47.876121011660175,26.36363636363636,31.70731707317073,26.82926829268293,4.878048780487802,29.09090909090909,63.41463414634146
NPU,-8,square/eps0.03_default,square,eps0.03_default,20,110,41,30,6,25,11,11,34,26,20.0,9.504978102401235,37.30604738102745,22.727272727272727,26.82926829268293,26.82926829268293,0.0,30.909090909090907,63.41463414634146
NPU,-8,square/eps0.03_default,square,eps0.03_default,30,110,41,30,10,32,15,11,37,23,33.33333333333333,19.230295526846195,51.22027418616973,29.09090909090909,36.58536585365854,26.82926829268293,9.756097560975608,33.63636363636363,56.09756097560976
NPU,-8,square/eps0.03_default,square,eps0.03_default,40,110,41,30,11,33,18,11,38,16,36.666666666666664,21.87370220401768,54.486753566395066,30.0,43.90243902439025,26.82926829268293,17.073170731707318,34.54545454545455,39.02439024390244
NPU,-8,apgd/eps0.03_default,apgd,eps0.03_default,10,110,41,39,12,29,14,2,32,26,30.76923076923077,18.56575344598306,46.4215486155646,26.36363636363636,34.146341463414636,4.878048780487805,29.26829268292683,29.09090909090909,63.41463414634146
NPU,-8,apgd/eps0.03_default,apgd,eps0.03_default,20,110,41,39,9,26,11,2,34,26,23.076923076923077,12.64566242878376,38.33656045738296,23.636363636363637,26.82926829268293,4.878048780487805,21.951219512195124,30.909090909090907,63.41463414634146
NPU,-8,apgd/eps0.03_default,apgd,eps0.03_default,30,110,41,39,11,27,13,2,37,23,28.205128205128204,16.543325013943296,43.77561732247738,24.545454545454547,31.70731707317073,4.878048780487805,26.829268292682926,33.63636363636363,56.09756097560976
NPU,-8,apgd/eps0.03_default,apgd,eps0.03_default,40,110,41,39,9,20,11,2,38,16,23.076923076923077,12.64566242878376,38.33656045738296,18.181818181818183,26.82926829268293,4.878048780487805,21.951219512195124,34.54545454545455,39.02439024390244
NPU,-8,apgdt/eps0.03_default,apgdt,eps0.03_default,10,110,41,37,14,29,15,4,32,26,37.83783783783784,24.06378746389103,53.89985744718005,26.36363636363636,36.58536585365854,9.75609756097561,26.829268292682926,29.09090909090909,63.41463414634146
NPU,-8,apgdt/eps0.03_default,apgdt,eps0.03_default,20,110,41,37,10,28,12,4,34,26,27.027027027027028,15.397298246990685,42.97847547392133,25.454545454545453,29.268292682926827,9.75609756097561,19.512195121951216,30.909090909090907,63.41463414634146
NPU,-8,apgdt/eps0.03_default,apgdt,eps0.03_default,30,110,41,37,12,29,14,4,37,23,32.432432432432435,19.63307782081548,48.53663149517607,26.36363636363636,34.146341463414636,9.75609756097561,24.390243902439025,33.63636363636363,56.09756097560976
NPU,-8,apgdt/eps0.03_default,apgdt,eps0.03_default,40,110,41,37,12,32,15,4,38,16,32.432432432432435,19.63307782081548,48.53663149517607,29.09090909090909,36.58536585365854,9.75609756097561,26.829268292682926,34.54545454545455,39.02439024390244
NPU,-8,autoattack/eps0.03_standard,autoattack,eps0.03_standard,10,110,41,39,12,27,14,2,32,26,30.76923076923077,18.56575344598306,46.4215486155646,24.545454545454547,34.146341463414636,4.878048780487805,29.26829268292683,29.09090909090909,63.41463414634146
NPU,-8,autoattack/eps0.03_standard,autoattack,eps0.03_standard,20,110,41,39,12,28,14,2,34,26,30.76923076923077,18.56575344598306,46.4215486155646,25.454545454545453,34.146341463414636,4.878048780487805,29.26829268292683,30.909090909090907,63.41463414634146
NPU,-8,autoattack/eps0.03_standard,autoattack,eps0.03_standard,30,110,41,39,10,22,12,2,37,23,25.64102564102564,14.568625843452187,41.0819567678415,20.0,29.268292682926827,4.878048780487805,24.39024390243902,33.63636363636363,56.09756097560976
NPU,-8,autoattack/eps0.03_standard,autoattack,eps0.03_standard,40,110,41,39,8,19,10,2,38,16,20.51282051282051,10.779590197911117,35.53427296312862,17.272727272727273,24.390243902439025,4.878048780487805,19.51219512195122,34.54545454545455,39.02439024390244
NPU,-8,ead/package_default,ead,package_default,10,110,41,21,9,36,16,20,32,26,42.857142857142854,24.469699486521044,63.453783702967534,32.72727272727273,39.02439024390244,48.78048780487805,-9.756097560975611,29.09090909090909,63.41463414634146
NPU,-8,ead/package_default,ead,package_default,20,110,41,21,9,33,14,20,34,26,42.857142857142854,24.469699486521044,63.453783702967534,30.0,34.146341463414636,48.78048780487805,-14.634146341463413,30.909090909090907,63.41463414634146
NPU,-8,ead/package_default,ead,package_default,30,110,41,21,11,38,17,20,37,23,52.38095238095239,32.369217900266754,71.65628770323706,34.54545454545455,41.46341463414634,48.78048780487805,-7.31707317073171,33.63636363636363,56.09756097560976
NPU,-8,ead/package_default,ead,package_default,40,110,41,21,16,39,25,20,38,16,76.19047619047619,54.90841802765406,89.37214361088773,35.45454545454545,60.97560975609756,48.78048780487805,12.195121951219512,34.54545454545455,39.02439024390244
NPU,-8,ALL/ALL_24,ALL,ALL_24,10,2640,984,726,229,699,325,258,768,624,31.54269972451791,28.26712362932534,35.012579802213786,26.477272727272727,33.02845528455284,26.21951219512195,6.80894308943089,29.09090909090909,63.41463414634146
NPU,-8,ALL/ALL_24,ALL,ALL_24,20,2640,984,726,218,685,310,258,816,624,30.02754820936639,26.805450634690825,33.45990009346717,25.946969696969695,31.50406504065041,26.21951219512195,5.284552845528459,30.909090909090907,63.41463414634146
NPU,-8,ALL/ALL_24,ALL,ALL_24,30,2640,984,726,225,714,338,258,888,552,30.991735537190085,27.735120448616417,34.448454727147755,27.045454545454543,34.34959349593496,26.21951219512195,8.13008130081301,33.63636363636363,56.09756097560976
NPU,-8,ALL/ALL_24,ALL,ALL_24,40,2640,984,726,238,732,391,258,912,384,32.78236914600551,29.466112800381744,36.279879206651,27.727272727272727,39.735772357723576,26.21951219512195,13.516260162601625,34.54545454545455,39.02439024390244
NPU,-6,fgsm/eps0.005,fgsm,eps0.005,10,110,51,20,6,34,19,31,32,33,30.0,14.547527396899385,51.89767762289793,30.909090909090907,37.254901960784316,60.78431372549019,-23.529411764705877,29.09090909090909,64.70588235294117
NPU,-6,fgsm/eps0.005,fgsm,eps0.005,20,110,51,20,8,34,21,31,34,30,40.0,21.880396741419272,61.342205768479396,30.909090909090907,41.17647058823529,60.78431372549019,-19.607843137254903,30.909090909090907,58.82352941176471
NPU,-6,fgsm/eps0.005,fgsm,eps0.005,30,110,51,20,8,42,26,31,43,21,40.0,21.880396741419272,61.342205768479396,38.18181818181819,50.98039215686274,60.78431372549019,-9.803921568627452,39.09090909090909,41.17647058823529
NPU,-6,fgsm/eps0.005,fgsm,eps0.005,40,110,51,20,10,42,32,31,45,17,50.0,29.92949144298199,70.070508557018,38.18181818181819,62.745098039215684,60.78431372549019,1.9607843137254903,40.909090909090914,33.33333333333333
NPU,-6,fgsm/eps0.01,fgsm,eps0.01,10,110,51,30,9,32,19,21,32,33,30.0,16.664562643958934,47.876121011660175,29.09090909090909,37.254901960784316,41.17647058823529,-3.9215686274509736,29.09090909090909,64.70588235294117
NPU,-6,fgsm/eps0.01,fgsm,eps0.01,20,110,51,30,12,35,22,21,34,30,40.0,24.590394326083402,57.67994750172616,31.818181818181817,43.13725490196079,41.17647058823529,1.9607843137254974,30.909090909090907,58.82352941176471
NPU,-6,fgsm/eps0.01,fgsm,eps0.01,30,110,51,30,14,39,25,21,43,21,46.666666666666664,30.232127224128234,63.857986718474955,35.45454545454545,49.01960784313725,41.17647058823529,7.843137254901961,39.09090909090909,41.17647058823529
NPU,-6,fgsm/eps0.01,fgsm,eps0.01,40,110,51,30,16,43,31,21,45,17,53.333333333333336,36.142013281525045,69.76787277587178,39.09090909090909,60.78431372549019,41.17647058823529,19.607843137254903,40.909090909090914,33.33333333333333
NPU,-6,fgsm/eps0.03,fgsm,eps0.03,10,110,51,43,13,32,18,8,32,33,30.23255813953488,18.601827946182873,45.10564575240983,29.09090909090909,35.294117647058826,15.686274509803921,19.607843137254903,29.09090909090909,64.70588235294117
NPU,-6,fgsm/eps0.03,fgsm,eps0.03,20,110,51,43,13,29,18,8,34,30,30.23255813953488,18.601827946182873,45.10564575240983,26.36363636363636,35.294117647058826,15.686274509803921,19.607843137254903,30.909090909090907,58.82352941176471
NPU,-6,fgsm/eps0.03,fgsm,eps0.03,30,110,51,43,14,32,19,8,43,21,32.55813953488372,20.49311518177982,47.48406749344905,29.09090909090909,37.254901960784316,15.686274509803921,21.568627450980394,39.09090909090909,41.17647058823529
NPU,-6,fgsm/eps0.03,fgsm,eps0.03,40,110,51,43,6,28,13,8,45,17,13.953488372093023,6.555634267713947,27.263876594425685,25.454545454545453,25.49019607843137,15.686274509803921,9.80392156862745,40.909090909090914,33.33333333333333
NPU,-6,fgsm/eps0.05,fgsm,eps0.05,10,110,51,47,14,30,17,4,32,33,29.78723404255319,18.651084151016263,43.9779440463654,27.27272727272727,33.33333333333333,7.8431372549019605,25.490196078431367,29.09090909090909,64.70588235294117
NPU,-6,fgsm/eps0.05,fgsm,eps0.05,20,110,51,47,11,29,15,4,34,30,23.404255319148938,13.603136423924592,37.22453225684077,26.36363636363636,29.411764705882355,7.8431372549019605,21.568627450980394,30.909090909090907,58.82352941176471
NPU,-6,fgsm/eps0.05,fgsm,eps0.05,30,110,51,47,9,23,12,4,43,21,19.148936170212767,10.415815605310119,32.5442800643777,20.909090909090907,23.52941176470588,7.8431372549019605,15.68627450980392,39.09090909090909,41.17647058823529
NPU,-6,fgsm/eps0.05,fgsm,eps0.05,40,110,51,47,6,17,9,4,45,17,12.76595744680851,5.98452278020248,25.174213372869026,15.454545454545453,17.647058823529413,7.8431372549019605,9.803921568627452,40.909090909090914,33.33333333333333
NPU,-6,bim/eps0.03_default,bim,eps0.03_default,10,110,51,49,18,32,19,2,32,33,36.734693877551024,24.664982524781227,50.73318861311014,29.09090909090909,37.254901960784316,3.9215686274509802,33.333333333333336,29.09090909090909,64.70588235294117
NPU,-6,bim/eps0.03_default,bim,eps0.03_default,20,110,51,49,19,31,20,2,34,30,38.775510204081634,26.428814373960495,52.75425351194757,28.18181818181818,39.21568627450981,3.9215686274509802,35.294117647058826,30.909090909090907,58.82352941176471
NPU,-6,bim/eps0.03_default,bim,eps0.03_default,30,110,51,49,18,31,19,2,43,21,36.734693877551024,24.664982524781227,50.73318861311014,28.18181818181818,37.254901960784316,3.9215686274509802,33.333333333333336,39.09090909090909,41.17647058823529
NPU,-6,bim/eps0.03_default,bim,eps0.03_default,40,110,51,49,13,25,14,2,45,17,26.53061224489796,16.211131245149442,40.262556152658355,22.727272727272727,27.450980392156865,3.9215686274509802,23.529411764705884,40.909090909090914,33.33333333333333
NPU,-6,pgd/eps0.005,pgd,eps0.005,10,110,51,22,6,34,19,29,32,33,27.27272727272727,13.150582015814441,48.15212369900198,30.909090909090907,37.254901960784316,56.86274509803921,-19.607843137254896,29.09090909090909,64.70588235294117
NPU,-6,pgd/eps0.005,pgd,eps0.005,20,110,51,22,8,36,21,29,34,30,36.36363636363637,19.732972772607898,57.04865065628195,32.72727272727273,41.17647058823529,56.86274509803921,-15.686274509803923,30.909090909090907,58.82352941176471
NPU,-6,pgd/eps0.005,pgd,eps0.005,30,110,51,22,11,41,27,29,43,21,50.0,30.72180469247956,69.27819530752043,37.27272727272727,52.94117647058824,56.86274509803921,-3.9215686274509736,39.09090909090909,41.17647058823529
NPU,-6,pgd/eps0.005,pgd,eps0.005,40,110,51,22,10,43,33,29,45,17,45.45454545454545,26.920014432004848,65.34052671095844,39.09090909090909,64.70588235294117,56.86274509803921,7.843137254901961,40.909090909090914,33.33333333333333
NPU,-6,pgd/eps0.01,pgd,eps0.01,10,110,51,33,10,34,19,18,32,33,30.303030303030305,17.375347814547222,47.33845397473445,30.909090909090907,37.254901960784316,35.294117647058826,1.9607843137254903,29.09090909090909,64.70588235294117
NPU,-6,pgd/eps0.01,pgd,eps0.01,20,110,51,33,14,37,23,18,34,30,42.42424242424242,27.2353589950299,59.19302630853998,33.63636363636363,45.09803921568628,35.294117647058826,9.803921568627452,30.909090909090907,58.82352941176471
NPU,-6,pgd/eps0.01,pgd,eps0.01,30,110,51,33,15,38,26,18,43,21,45.45454545454545,29.842689125891496,62.014342056250435,34.54545454545455,50.98039215686274,35.294117647058826,15.686274509803916,39.09090909090909,41.17647058823529
NPU,-6,pgd/eps0.01,pgd,eps0.01,40,110,51,33,16,44,30,18,45,17,48.484848484848484,32.503781646924224,64.78189541378975,40.0,58.82352941176471,35.294117647058826,23.529411764705884,40.909090909090914,33.33333333333333
NPU,-6,pgd/eps0.03,pgd,eps0.03,10,110,51,48,16,33,18,3,32,33,33.33333333333333,21.67660137089678,47.46015366752794,30.0,35.294117647058826,5.88235294117647,29.411764705882355,29.09090909090909,64.70588235294117
NPU,-6,pgd/eps0.03,pgd,eps0.03,20,110,51,48,20,33,22,3,34,30,41.66666666666667,28.849459734577014,55.71891778463536,30.0,43.13725490196079,5.88235294117647,37.254901960784316,30.909090909090907,58.82352941176471
NPU,-6,pgd/eps0.03,pgd,eps0.03,30,110,51,48,17,30,19,3,43,21,35.41666666666667,23.433457112685733,49.56120354593591,27.27272727272727,37.254901960784316,5.88235294117647,31.372549019607845,39.09090909090909,41.17647058823529
NPU,-6,pgd/eps0.03,pgd,eps0.03,40,110,51,48,15,27,17,3,45,17,31.25,19.945512167731493,45.33333725049633,24.545454545454547,33.33333333333333,5.88235294117647,27.450980392156858,40.909090909090914,33.33333333333333
NPU,-6,mifgsm/eps0.03_default,mifgsm,eps0.03_default,10,110,51,48,19,33,21,3,32,33,39.58333333333333,27.020626495950573,53.68984540306487,30.0,41.17647058823529,5.88235294117647,35.29411764705882,29.09090909090909,64.70588235294117
NPU,-6,mifgsm/eps0.03_default,mifgsm,eps0.03_default,20,110,51,48,16,29,18,3,34,30,33.33333333333333,21.67660137089678,47.46015366752794,26.36363636363636,35.294117647058826,5.88235294117647,29.411764705882355,30.909090909090907,58.82352941176471
NPU,-6,mifgsm/eps0.03_default,mifgsm,eps0.03_default,30,110,51,48,16,32,18,3,43,21,33.33333333333333,21.67660137089678,47.46015366752794,29.09090909090909,35.294117647058826,5.88235294117647,29.411764705882355,39.09090909090909,41.17647058823529
NPU,-6,mifgsm/eps0.03_default,mifgsm,eps0.03_default,40,110,51,48,13,29,15,3,45,17,27.083333333333332,16.56580356163289,40.99723461620112,26.36363636363636,29.411764705882355,5.88235294117647,23.529411764705884,40.909090909090914,33.33333333333333
NPU,-6,difgsm/eps0.03_default,difgsm,eps0.03_default,10,110,51,43,10,32,17,8,32,33,23.25581395348837,13.153538469244829,37.74480829943941,29.09090909090909,33.33333333333333,15.686274509803921,17.647058823529406,29.09090909090909,64.70588235294117
NPU,-6,difgsm/eps0.03_default,difgsm,eps0.03_default,20,110,51,43,6,20,11,8,34,30,13.953488372093023,6.555634267713947,27.263876594425685,18.181818181818183,21.568627450980394,15.686274509803921,5.882352941176473,30.909090909090907,58.82352941176471
NPU,-6,difgsm/eps0.03_default,difgsm,eps0.03_default,30,110,51,43,7,21,13,8,43,21,16.27906976744186,8.116524502857546,29.972695335918242,19.090909090909093,25.49019607843137,15.686274509803921,9.80392156862745,39.09090909090909,41.17647058823529
NPU,-6,difgsm/eps0.03_default,difgsm,eps0.03_default,40,110,51,43,8,19,13,8,45,17,18.6046511627907,9.74163558010598,32.61729323530596,17.272727272727273,25.49019607843137,15.686274509803921,9.80392156862745,40.909090909090914,33.33333333333333
NPU,-6,vmifgsm/eps0.03_default,vmifgsm,eps0.03_default,10,110,51,48,17,32,19,3,32,33,35.41666666666667,23.433457112685733,49.56120354593591,29.09090909090909,37.254901960784316,5.88235294117647,31.372549019607845,29.09090909090909,64.70588235294117
NPU,-6,vmifgsm/eps0.03_default,vmifgsm,eps0.03_default,20,110,51,48,18,31,20,3,34,30,37.5,25.215072404068117,51.637493874750426,28.18181818181818,39.21568627450981,5.88235294117647,33.333333333333336,30.909090909090907,58.82352941176471
NPU,-6,vmifgsm/eps0.03_default,vmifgsm,eps0.03_default,30,110,51,48,14,28,16,3,43,21,29.166666666666668,18.241416061863376,43.17952773616754,25.454545454545453,31.372549019607842,5.88235294117647,25.49019607843137,39.09090909090909,41.17647058823529
NPU,-6,vmifgsm/eps0.03_default,vmifgsm,eps0.03_default,40,110,51,48,15,28,17,3,45,17,31.25,19.945512167731493,45.33333725049633,25.454545454545453,33.33333333333333,5.88235294117647,27.450980392156858,40.909090909090914,33.33333333333333
NPU,-6,vnifgsm/eps0.03_default,vnifgsm,eps0.03_default,10,110,51,48,18,34,20,3,32,33,37.5,25.215072404068117,51.637493874750426,30.909090909090907,39.21568627450981,5.88235294117647,33.333333333333336,29.09090909090909,64.70588235294117
NPU,-6,vnifgsm/eps0.03_default,vnifgsm,eps0.03_default,20,110,51,48,16,29,18,3,34,30,33.33333333333333,21.67660137089678,47.46015366752794,26.36363636363636,35.294117647058826,5.88235294117647,29.411764705882355,30.909090909090907,58.82352941176471
NPU,-6,vnifgsm/eps0.03_default,vnifgsm,eps0.03_default,30,110,51,48,16,30,18,3,43,21,33.33333333333333,21.67660137089678,47.46015366752794,27.27272727272727,35.294117647058826,5.88235294117647,29.411764705882355,39.09090909090909,41.17647058823529
NPU,-6,vnifgsm/eps0.03_default,vnifgsm,eps0.03_default,40,110,51,48,13,27,15,3,45,17,27.083333333333332,16.56580356163289,40.99723461620112,24.545454545454547,29.411764705882355,5.88235294117647,23.529411764705884,40.909090909090914,33.33333333333333
NPU,-6,rfgsm/eps0.03_default,rfgsm,eps0.03_default,10,110,51,49,19,32,20,2,32,33,38.775510204081634,26.428814373960495,52.75425351194757,29.09090909090909,39.21568627450981,3.9215686274509802,35.294117647058826,29.09090909090909,64.70588235294117
NPU,-6,rfgsm/eps0.03_default,rfgsm,eps0.03_default,20,110,51,49,17,29,18,2,34,30,34.69387755102041,22.92420960931444,48.68906478056021,26.36363636363636,35.294117647058826,3.9215686274509802,31.372549019607845,30.909090909090907,58.82352941176471
NPU,-6,rfgsm/eps0.03_default,rfgsm,eps0.03_default,30,110,51,49,20,35,21,2,43,21,40.816326530612244,28.215034605971052,54.75293002795374,31.818181818181817,41.17647058823529,3.9215686274509802,37.25490196078431,39.09090909090909,41.17647058823529
NPU,-6,rfgsm/eps0.03_default,rfgsm,eps0.03_default,40,110,51,49,16,26,17,2,45,17,32.6530612244898,21.207321329264214,46.62105631259371,23.636363636363637,33.33333333333333,3.9215686274509802,29.411764705882348,40.909090909090914,33.33333333333333
NPU,-6,tpgd/eps0.03_default,tpgd,eps0.03_default,10,110,51,29,10,32,19,22,32,33,34.48275862068966,19.94050874919048,52.655223492844016,29.09090909090909,37.254901960784316,43.13725490196079,-5.882352941176471,29.09090909090909,64.70588235294117
NPU,-6,tpgd/eps0.03_default,tpgd,eps0.03_default,20,110,51,29,7,31,19,22,34,30,24.137931034482758,12.218268185062131,42.10795221832869,28.18181818181818,37.254901960784316,43.13725490196079,-5.882352941176471,30.909090909090907,58.82352941176471
NPU,-6,tpgd/eps0.03_default,tpgd,eps0.03_default,30,110,51,29,9,36,22,22,43,21,31.03448275862069,17.275424489768067,49.230470472718544,32.72727272727273,43.13725490196079,43.13725490196079,0.0,39.09090909090909,41.17647058823529
NPU,-6,tpgd/eps0.03_default,tpgd,eps0.03_default,40,110,51,29,8,38,27,22,45,17,27.586206896551722,14.69858133850274,45.71747634443597,34.54545454545455,52.94117647058824,43.13725490196079,9.803921568627452,40.909090909090914,33.33333333333333
NPU,-6,cw/c1_steps20_lr0.01,cw,c1_steps20_lr0.01,10,110,51,38,12,36,20,13,32,33,31.57894736842105,19.08442002366664,47.45605643994851,32.72727272727273,39.21568627450981,25.49019607843137,13.725490196078436,29.09090909090909,64.70588235294117
NPU,-6,cw/c1_steps20_lr0.01,cw,c1_steps20_lr0.01,20,110,51,38,14,35,22,13,34,30,36.84210526315789,23.384013155413793,52.71632717573988,31.818181818181817,43.13725490196079,25.49019607843137,17.647058823529417,30.909090909090907,58.82352941176471
NPU,-6,cw/c1_steps20_lr0.01,cw,c1_steps20_lr0.01,30,110,51,38,17,39,25,13,43,21,44.73684210526316,30.146165311550888,60.29397082091058,35.45454545454545,49.01960784313725,25.49019607843137,23.52941176470588,39.09090909090909,41.17647058823529
NPU,-6,cw/c1_steps20_lr0.01,cw,c1_steps20_lr0.01,40,110,51,38,21,42,30,13,45,17,55.26315789473685,39.70602917908942,69.85383468844911,38.18181818181819,58.82352941176471,25.49019607843137,33.33333333333334,40.909090909090914,33.33333333333333
NPU,-6,deepfool/package_default,deepfool,package_default,10,110,51,23,8,34,19,28,32,33,34.78260869565217,18.811054636982238,55.11002309310836,30.909090909090907,37.254901960784316,54.90196078431373,-17.647058823529413,29.09090909090909,64.70588235294117
NPU,-6,deepfool/package_default,deepfool,package_default,20,110,51,23,13,35,23,28,34,30,56.52173913043478,36.81104930501695,74.36563166780135,31.818181818181817,45.09803921568628,54.90196078431373,-9.803921568627452,30.909090909090907,58.82352941176471
NPU,-6,deepfool/package_default,deepfool,package_default,30,110,51,23,15,39,28,28,43,21,65.21739130434783,44.88997690689164,81.18894536301777,35.45454545454545,54.90196078431373,54.90196078431373,0.0,39.09090909090909,41.17647058823529
NPU,-6,deepfool/package_default,deepfool,package_default,40,110,51,23,16,43,29,28,45,17,69.56521739130434,49.133870939427396,84.39617197902754,39.09090909090909,56.86274509803921,54.90196078431373,1.9607843137254832,40.909090909090914,33.33333333333333
NPU,-6,fab/eps0.005,fab,eps0.005,10,110,51,9,2,31,17,42,32,33,22.22222222222222,6.322376231222723,54.74166563271946,28.18181818181818,33.33333333333333,82.35294117647058,-49.01960784313725,29.09090909090909,64.70588235294117
NPU,-6,fab/eps0.005,fab,eps0.005,20,110,51,9,5,34,21,42,34,30,55.55555555555556,26.66473457440297,81.1224570528086,30.909090909090907,41.17647058823529,82.35294117647058,-41.17647058823529,30.909090909090907,58.82352941176471
NPU,-6,fab/eps0.005,fab,eps0.005,30,110,51,9,6,41,27,42,43,21,66.66666666666666,35.419734749908976,87.9418401317257,37.27272727272727,52.94117647058824,82.35294117647058,-29.41176470588234,39.09090909090909,41.17647058823529
NPU,-6,fab/eps0.005,fab,eps0.005,40,110,51,9,6,47,34,42,45,17,66.66666666666666,35.419734749908976,87.9418401317257,42.72727272727273,66.66666666666666,82.35294117647058,-15.686274509803923,40.909090909090914,33.33333333333333
NPU,-6,fab/eps0.01,fab,eps0.01,10,110,51,16,4,32,18,35,32,33,25.0,10.181901984237346,49.49876892939864,29.09090909090909,35.294117647058826,68.62745098039215,-33.33333333333333,29.09090909090909,64.70588235294117
NPU,-6,fab/eps0.01,fab,eps0.01,20,110,51,16,9,35,21,35,34,30,56.25,33.17819560677652,76.90163666481448,31.818181818181817,41.17647058823529,68.62745098039215,-27.450980392156865,30.909090909090907,58.82352941176471
NPU,-6,fab/eps0.01,fab,eps0.01,30,110,51,16,10,40,26,35,43,21,62.5,38.64064709793481,81.5190174452472,36.36363636363637,50.98039215686274,68.62745098039215,-17.647058823529413,39.09090909090909,41.17647058823529
NPU,-6,fab/eps0.01,fab,eps0.01,40,110,51,16,12,47,33,35,45,17,75.0,50.50123107060135,89.81809801576264,42.72727272727273,64.70588235294117,68.62745098039215,-3.9215686274509807,40.909090909090914,33.33333333333333
NPU,-6,fab/eps0.03,fab,eps0.03,10,110,51,20,6,32,18,31,32,33,30.0,14.547527396899385,51.89767762289793,29.09090909090909,35.294117647058826,60.78431372549019,-25.490196078431367,29.09090909090909,64.70588235294117
NPU,-6,fab/eps0.03,fab,eps0.03,20,110,51,20,11,36,22,31,34,30,55.00000000000001,34.20820083075997,74.18049791429071,32.72727272727273,43.13725490196079,60.78431372549019,-17.647058823529406,30.909090909090907,58.82352941176471
NPU,-6,fab/eps0.03,fab,eps0.03,30,110,51,20,13,39,26,31,43,21,65.0,43.285051021946465,81.88104521320554,35.45454545454545,50.98039215686274,60.78431372549019,-9.803921568627452,39.09090909090909,41.17647058823529
NPU,-6,fab/eps0.03,fab,eps0.03,40,110,51,20,16,47,32,31,45,17,80.0,58.39782779742401,91.93436467288,42.72727272727273,62.745098039215684,60.78431372549019,1.9607843137254903,40.909090909090914,33.33333333333333
NPU,-6,square/eps0.03_default,square,eps0.03_default,10,110,51,39,13,32,21,12,32,33,33.33333333333333,20.632766106915156,49.02289567975947,29.09090909090909,41.17647058823529,23.52941176470588,17.64705882352941,29.09090909090909,64.70588235294117
NPU,-6,square/eps0.03_default,square,eps0.03_default,20,110,51,39,14,32,21,12,34,30,35.8974358974359,22.741884696491105,51.5821368153105,29.09090909090909,41.17647058823529,23.52941176470588,17.64705882352941,30.909090909090907,58.82352941176471
NPU,-6,square/eps0.03_default,square,eps0.03_default,30,110,51,39,16,34,24,12,43,21,41.02564102564102,27.079089435400483,56.58165152665509,30.909090909090907,47.05882352941176,23.52941176470588,23.52941176470588,39.09090909090909,41.17647058823529
NPU,-6,square/eps0.03_default,square,eps0.03_default,40,110,51,39,15,33,24,12,45,17,38.46153846153847,24.891162547007063,54.10121868992154,30.0,47.05882352941176,23.52941176470588,23.52941176470588,40.909090909090914,33.33333333333333
NPU,-6,apgd/eps0.03_default,apgd,eps0.03_default,10,110,51,49,18,31,19,2,32,33,36.734693877551024,24.664982524781227,50.73318861311014,28.18181818181818,37.254901960784316,3.9215686274509802,33.333333333333336,29.09090909090909,64.70588235294117
NPU,-6,apgd/eps0.03_default,apgd,eps0.03_default,20,110,51,49,18,30,19,2,34,30,36.734693877551024,24.664982524781227,50.73318861311014,27.27272727272727,37.254901960784316,3.9215686274509802,33.333333333333336,30.909090909090907,58.82352941176471
NPU,-6,apgd/eps0.03_default,apgd,eps0.03_default,30,110,51,49,20,32,21,2,43,21,40.816326530612244,28.215034605971052,54.75293002795374,29.09090909090909,41.17647058823529,3.9215686274509802,37.25490196078431,39.09090909090909,41.17647058823529
NPU,-6,apgd/eps0.03_default,apgd,eps0.03_default,40,110,51,49,17,28,18,2,45,17,34.69387755102041,22.92420960931444,48.68906478056021,25.454545454545453,35.294117647058826,3.9215686274509802,31.372549019607845,40.909090909090914,33.33333333333333
NPU,-6,apgdt/eps0.03_default,apgdt,eps0.03_default,10,110,51,48,13,27,16,3,32,33,27.083333333333332,16.56580356163289,40.99723461620112,24.545454545454547,31.372549019607842,5.88235294117647,25.49019607843137,29.09090909090909,64.70588235294117
NPU,-6,apgdt/eps0.03_default,apgdt,eps0.03_default,20,110,51,48,18,32,21,3,34,30,37.5,25.215072404068117,51.637493874750426,29.09090909090909,41.17647058823529,5.88235294117647,35.29411764705882,30.909090909090907,58.82352941176471
NPU,-6,apgdt/eps0.03_default,apgdt,eps0.03_default,30,110,51,48,19,37,22,3,43,21,39.58333333333333,27.020626495950573,53.68984540306487,33.63636363636363,43.13725490196079,5.88235294117647,37.254901960784316,39.09090909090909,41.17647058823529
NPU,-6,apgdt/eps0.03_default,apgdt,eps0.03_default,40,110,51,48,14,35,17,3,45,17,29.166666666666668,18.241416061863376,43.17952773616754,31.818181818181817,33.33333333333333,5.88235294117647,27.450980392156858,40.909090909090914,33.33333333333333
NPU,-6,autoattack/eps0.03_standard,autoattack,eps0.03_standard,10,110,51,49,18,31,19,2,32,33,36.734693877551024,24.664982524781227,50.73318861311014,28.18181818181818,37.254901960784316,3.9215686274509802,33.333333333333336,29.09090909090909,64.70588235294117
NPU,-6,autoattack/eps0.03_standard,autoattack,eps0.03_standard,20,110,51,49,16,29,17,2,34,30,32.6530612244898,21.207321329264214,46.62105631259371,26.36363636363636,33.33333333333333,3.9215686274509802,29.411764705882348,30.909090909090907,58.82352941176471
NPU,-6,autoattack/eps0.03_standard,autoattack,eps0.03_standard,30,110,51,49,17,28,18,2,43,21,34.69387755102041,22.92420960931444,48.68906478056021,25.454545454545453,35.294117647058826,3.9215686274509802,31.372549019607845,39.09090909090909,41.17647058823529
NPU,-6,autoattack/eps0.03_standard,autoattack,eps0.03_standard,40,110,51,49,15,31,16,2,45,17,30.612244897959183,19.51532349314748,44.52815740069374,28.18181818181818,31.372549019607842,3.9215686274509802,27.45098039215686,40.909090909090914,33.33333333333333
NPU,-6,ead/package_default,ead,package_default,10,110,51,21,7,33,19,30,32,33,33.33333333333333,17.194536432683687,54.62692434278971,30.0,37.254901960784316,58.82352941176471,-21.568627450980394,29.09090909090909,64.70588235294117
NPU,-6,ead/package_default,ead,package_default,20,110,51,21,9,33,22,30,34,30,42.857142857142854,24.469699486521044,63.453783702967534,30.0,43.13725490196079,58.82352941176471,-15.686274509803923,30.909090909090907,58.82352941176471
NPU,-6,ead/package_default,ead,package_default,30,110,51,21,13,41,28,30,43,21,61.904761904761905,40.87829581550152,79.2492322020175,37.27272727272727,54.90196078431373,58.82352941176471,-3.9215686274509807,39.09090909090909,41.17647058823529
NPU,-6,ead/package_default,ead,package_default,40,110,51,21,14,44,31,30,45,17,66.66666666666666,45.37307565721029,82.80546356731631,40.0,60.78431372549019,58.82352941176471,1.9607843137254832,40.909090909090914,33.33333333333333
NPU,-6,ALL/ALL_24,ALL,ALL_24,10,2640,1224,869,286,775,450,355,768,792,32.91139240506329,29.86834439675594,36.10486311306026,29.35606060606061,36.76470588235294,29.00326797385621,7.761437908496731,29.09090909090909,64.70588235294117
NPU,-6,ALL/ALL_24,ALL,ALL_24,20,2640,1224,869,312,764,475,355,816,720,35.903337169159954,32.78223842891486,39.14852197480558,28.939393939393938,38.80718954248366,29.00326797385621,9.803921568627452,30.909090909090907,58.82352941176471
NPU,-6,ALL/ALL_24,ALL,ALL_24,30,2640,1224,869,334,828,526,355,1032,504,38.43498273878021,35.25833530861014,41.71343138995233,31.363636363636367,42.97385620915033,29.00326797385621,13.970588235294116,39.09090909090909,41.17647058823529
NPU,-6,ALL/ALL_24,ALL,ALL_24,40,2640,1224,869,311,833,547,355,1080,408,35.78826237054085,32.669913075039865,39.031710678915026,31.553030303030305,44.689542483660134,29.00326797385621,15.686274509803923,40.909090909090914,33.33333333333333
NPU,-4,fgsm/eps0.005,fgsm,eps0.005,10,110,69,17,3,33,28,52,31,42,17.647058823529413,6.19101371254899,41.02992901737578,30.0,40.57971014492754,75.36231884057972,-34.78260869565218,28.18181818181818,60.86956521739131
NPU,-4,fgsm/eps0.005,fgsm,eps0.005,20,110,69,17,3,36,31,52,36,37,17.647058823529413,6.19101371254899,41.02992901737578,32.72727272727273,44.927536231884055,75.36231884057972,-30.434782608695663,32.72727272727273,53.62318840579711
NPU,-4,fgsm/eps0.005,fgsm,eps0.005,30,110,69,17,4,41,36,52,42,32,23.52941176470588,9.55488907167594,47.262245889171595,37.27272727272727,52.17391304347826,75.36231884057972,-23.18840579710146,38.18181818181819,46.3768115942029
NPU,-4,fgsm/eps0.005,fgsm,eps0.005,40,110,69,17,5,46,43,52,48,25,29.411764705882355,13.279793865556403,53.13353332621391,41.81818181818181,62.31884057971014,75.36231884057972,-13.043478260869577,43.63636363636363,36.231884057971016
NPU,-4,fgsm/eps0.01,fgsm,eps0.01,10,110,69,30,6,32,28,39,31,42,20.0,9.504978102401235,37.30604738102745,29.09090909090909,40.57971014492754,56.52173913043478,-15.942028985507243,28.18181818181818,60.86956521739131
NPU,-4,fgsm/eps0.01,fgsm,eps0.01,20,110,69,30,8,35,31,39,36,37,26.666666666666668,14.182495553910618,44.44830204431169,31.818181818181817,44.927536231884055,56.52173913043478,-11.594202898550726,32.72727272727273,53.62318840579711
NPU,-4,fgsm/eps0.01,fgsm,eps0.01,30,110,69,30,8,39,35,39,42,32,26.666666666666668,14.182495553910618,44.44830204431169,35.45454545454545,50.72463768115942,56.52173913043478,-5.79710144927536,38.18181818181819,46.3768115942029
NPU,-4,fgsm/eps0.01,fgsm,eps0.01,40,110,69,30,10,44,40,39,48,25,33.33333333333333,19.230295526846195,51.22027418616973,40.0,57.971014492753625,56.52173913043478,1.4492753623188435,43.63636363636363,36.231884057971016
NPU,-4,fgsm/eps0.03,fgsm,eps0.03,10,110,69,55,16,30,26,14,31,42,29.09090909090909,18.77103701085033,42.14097082034393,27.27272727272727,37.68115942028986,20.28985507246377,17.39130434782609,28.18181818181818,60.86956521739131
NPU,-4,fgsm/eps0.03,fgsm,eps0.03,20,110,69,55,14,29,24,14,36,37,25.454545454545453,15.81197275732498,38.30212339233784,26.36363636363636,34.78260869565217,20.28985507246377,14.492753623188403,32.72727272727273,53.62318840579711
NPU,-4,fgsm/eps0.03,fgsm,eps0.03,30,110,69,55,13,33,25,14,42,32,23.636363636363637,14.366521587457488,36.348618721439614,30.0,36.231884057971016,20.28985507246377,15.942028985507246,38.18181818181819,46.3768115942029
NPU,-4,fgsm/eps0.03,fgsm,eps0.03,40,110,69,55,11,33,23,14,48,25,20.0,11.55209712045974,32.36513150690593,30.0,33.33333333333333,20.28985507246377,13.04347826086956,43.63636363636363,36.231884057971016
NPU,-4,fgsm/eps0.05,fgsm,eps0.05,10,110,69,58,16,29,24,11,31,42,27.586206896551722,17.75220368074619,40.204899628353175,26.36363636363636,34.78260869565217,15.942028985507244,18.84057971014493,28.18181818181818,60.86956521739131
NPU,-4,fgsm/eps0.05,fgsm,eps0.05,20,110,69,58,11,25,19,11,36,37,18.96551724137931,10.934140042567437,30.852618385416307,22.727272727272727,27.536231884057973,15.942028985507244,11.594202898550728,32.72727272727273,53.62318840579711
NPU,-4,fgsm/eps0.05,fgsm,eps0.05,30,110,69,58,7,26,16,11,42,32,12.068965517241379,5.970890244859669,22.879592278231584,23.636363636363637,23.18840579710145,15.942028985507244,7.246376811594205,38.18181818181819,46.3768115942029
NPU,-4,fgsm/eps0.05,fgsm,eps0.05,40,110,69,58,1,19,10,11,48,25,1.7241379310344827,0.3049959884541764,9.141072677298325,17.272727272727273,14.492753623188406,15.942028985507244,-1.4492753623188381,43.63636363636363,36.231884057971016
NPU,-4,bim/eps0.03_default,bim,eps0.03_default,10,110,69,60,20,31,27,9,31,42,33.33333333333333,22.72909421592783,45.9433701333366,28.18181818181818,39.130434782608695,13.043478260869565,26.086956521739133,28.18181818181818,60.86956521739131
NPU,-4,bim/eps0.03_default,bim,eps0.03_default,20,110,69,60,20,32,28,9,36,37,33.33333333333333,22.72909421592783,45.9433701333366,29.09090909090909,40.57971014492754,13.043478260869565,27.536231884057976,32.72727272727273,53.62318840579711
NPU,-4,bim/eps0.03_default,bim,eps0.03_default,30,110,69,60,13,32,21,9,42,32,21.666666666666668,13.122921046407015,33.62026834734252,29.09090909090909,30.434782608695656,13.043478260869565,17.391304347826093,38.18181818181819,46.3768115942029
NPU,-4,bim/eps0.03_default,bim,eps0.03_default,40,110,69,60,15,33,23,9,48,25,25.0,15.77638557841185,37.2323109454848,30.0,33.33333333333333,13.043478260869565,20.289855072463766,43.63636363636363,36.231884057971016
NPU,-4,pgd/eps0.005,pgd,eps0.005,10,110,69,18,3,33,28,51,31,42,16.666666666666664,5.836470400465757,39.222499638359245,30.0,40.57971014492754,73.91304347826086,-33.33333333333332,28.18181818181818,60.86956521739131
NPU,-4,pgd/eps0.005,pgd,eps0.005,20,110,69,18,4,37,31,51,36,37,22.22222222222222,9.000781913382,45.21502645230549,33.63636363636363,44.927536231884055,73.91304347826086,-28.985507246376805,32.72727272727273,53.62318840579711
NPU,-4,pgd/eps0.005,pgd,eps0.005,30,110,69,18,6,41,36,51,42,32,33.33333333333333,16.27855436366286,56.25093065574964,37.27272727272727,52.17391304347826,73.91304347826086,-21.739130434782602,38.18181818181819,46.3768115942029
NPU,-4,pgd/eps0.005,pgd,eps0.005,40,110,69,18,6,47,43,51,48,25,33.33333333333333,16.27855436366286,56.25093065574964,42.72727272727273,62.31884057971014,73.91304347826086,-11.59420289855072,43.63636363636363,36.231884057971016
NPU,-4,pgd/eps0.01,pgd,eps0.01,10,110,69,33,7,30,27,36,31,42,21.21212121212121,10.67588656643618,37.75197758712936,27.27272727272727,39.130434782608695,52.17391304347826,-13.043478260869563,28.18181818181818,60.86956521739131
NPU,-4,pgd/eps0.01,pgd,eps0.01,20,110,69,33,8,32,29,36,36,37,24.242424242424242,12.831561346647295,41.024948685490294,29.09090909090909,42.028985507246375,52.17391304347826,-10.144927536231883,32.72727272727273,53.62318840579711
NPU,-4,pgd/eps0.01,pgd,eps0.01,30,110,69,33,9,38,35,36,42,32,27.27272727272727,15.067272656322814,44.21788325438681,34.54545454545455,50.72463768115942,52.17391304347826,-1.4492753623188364,38.18181818181819,46.3768115942029
NPU,-4,pgd/eps0.01,pgd,eps0.01,40,110,69,33,12,44,40,36,48,25,36.36363636363637,22.186966167959874,53.384127378465905,40.0,57.971014492753625,52.17391304347826,5.797101449275367,43.63636363636363,36.231884057971016
NPU,-4,pgd/eps0.03,pgd,eps0.03,10,110,69,59,20,31,27,10,31,42,33.89830508474576,23.137483598383493,46.62776744551099,28.18181818181818,39.130434782608695,14.492753623188406,24.63768115942029,28.18181818181818,60.86956521739131
NPU,-4,pgd/eps0.03,pgd,eps0.03,20,110,69,59,19,33,28,10,36,37,32.20338983050847,21.687410829652446,44.89523506096778,30.0,40.57971014492754,14.492753623188406,26.086956521739133,32.72727272727273,53.62318840579711
NPU,-4,pgd/eps0.03,pgd,eps0.03,30,110,69,59,16,32,25,10,42,32,27.11864406779661,17.43682499250834,39.5980054382891,29.09090909090909,36.231884057971016,14.492753623188406,21.73913043478261,38.18181818181819,46.3768115942029
NPU,-4,pgd/eps0.03,pgd,eps0.03,40,110,69,59,13,33,23,10,48,25,22.033898305084744,13.354072524323755,34.132942446650894,30.0,33.33333333333333,14.492753623188406,18.840579710144922,43.63636363636363,36.231884057971016
NPU,-4,mifgsm/eps0.03_default,mifgsm,eps0.03_default,10,110,69,59,18,29,25,10,31,42,30.508474576271187,20.253473477602125,43.14656725974384,26.36363636363636,36.231884057971016,14.492753623188406,21.73913043478261,28.18181818181818,60.86956521739131
NPU,-4,mifgsm/eps0.03_default,mifgsm,eps0.03_default,20,110,69,59,14,30,23,10,36,37,23.728813559322035,14.69448625694613,35.97513386730279,27.27272727272727,33.33333333333333,14.492753623188406,18.840579710144922,32.72727272727273,53.62318840579711
NPU,-4,mifgsm/eps0.03_default,mifgsm,eps0.03_default,30,110,69,59,12,31,21,10,42,32,20.33898305084746,12.036154854418065,32.26825496328232,28.18181818181818,30.434782608695656,14.492753623188406,15.94202898550725,38.18181818181819,46.3768115942029
NPU,-4,mifgsm/eps0.03_default,mifgsm,eps0.03_default,40,110,69,59,13,33,22,10,48,25,22.033898305084744,13.354072524323755,34.132942446650894,30.0,31.88405797101449,14.492753623188406,17.391304347826082,43.63636363636363,36.231884057971016
NPU,-4,difgsm/eps0.03_default,difgsm,eps0.03_default,10,110,69,57,19,32,29,12,31,42,33.33333333333333,22.49363598222627,46.27773097722252,29.09090909090909,42.028985507246375,17.391304347826086,24.63768115942029,28.18181818181818,60.86956521739131
NPU,-4,difgsm/eps0.03_default,difgsm,eps0.03_default,20,110,69,57,9,24,19,12,36,37,15.789473684210526,8.535699749316844,27.363421904288582,21.818181818181817,27.536231884057973,17.391304347826086,10.144927536231886,32.72727272727273,53.62318840579711
NPU,-4,difgsm/eps0.03_default,difgsm,eps0.03_default,30,110,69,57,9,23,17,12,42,32,15.789473684210526,8.535699749316844,27.363421904288582,20.909090909090907,24.637681159420293,17.391304347826086,7.246376811594207,38.18181818181819,46.3768115942029
NPU,-4,difgsm/eps0.03_default,difgsm,eps0.03_default,40,110,69,57,7,25,16,12,48,25,12.280701754385964,6.077983003507501,23.24668958892925,22.727272727272727,23.18840579710145,17.391304347826086,5.797101449275363,43.63636363636363,36.231884057971016
NPU,-4,vmifgsm/eps0.03_default,vmifgsm,eps0.03_default,10,110,69,58,17,29,25,11,31,42,29.310344827586203,19.17802782864472,42.01314445667778,26.36363636363636,36.231884057971016,15.942028985507244,20.289855072463773,28.18181818181818,60.86956521739131
NPU,-4,vmifgsm/eps0.03_default,vmifgsm,eps0.03_default,20,110,69,58,17,32,26,11,36,37,29.310344827586203,19.17802782864472,42.01314445667778,29.09090909090909,37.68115942028986,15.942028985507244,21.739130434782616,32.72727272727273,53.62318840579711
NPU,-4,vmifgsm/eps0.03_default,vmifgsm,eps0.03_default,30,110,69,58,11,28,20,11,42,32,18.96551724137931,10.934140042567437,30.852618385416307,25.454545454545453,28.985507246376812,15.942028985507244,13.043478260869568,38.18181818181819,46.3768115942029
NPU,-4,vmifgsm/eps0.03_default,vmifgsm,eps0.03_default,40,110,69,58,13,33,22,11,48,25,22.413793103448278,13.593533332871566,34.66136304755843,30.0,31.88405797101449,15.942028985507244,15.942028985507244,43.63636363636363,36.231884057971016
NPU,-4,vnifgsm/eps0.03_default,vnifgsm,eps0.03_default,10,110,69,59,19,31,28,10,31,42,32.20338983050847,21.687410829652446,44.89523506096778,28.18181818181818,40.57971014492754,14.492753623188406,26.086956521739133,28.18181818181818,60.86956521739131
NPU,-4,vnifgsm/eps0.03_default,vnifgsm,eps0.03_default,20,110,69,59,15,30,24,10,36,37,25.423728813559322,16.05583829520582,37.79638698231735,27.27272727272727,34.78260869565217,14.492753623188406,20.289855072463766,32.72727272727273,53.62318840579711
NPU,-4,vnifgsm/eps0.03_default,vnifgsm,eps0.03_default,30,110,69,59,11,28,20,10,42,32,18.64406779661017,10.742612239043584,30.379192425382524,25.454545454545453,28.985507246376812,14.492753623188406,14.492753623188406,38.18181818181819,46.3768115942029
NPU,-4,vnifgsm/eps0.03_default,vnifgsm,eps0.03_default,40,110,69,59,12,33,22,10,48,25,20.33898305084746,12.036154854418065,32.26825496328232,30.0,31.88405797101449,14.492753623188406,17.391304347826082,43.63636363636363,36.231884057971016
NPU,-4,rfgsm/eps0.03_default,rfgsm,eps0.03_default,10,110,69,60,20,30,25,9,31,42,33.33333333333333,22.72909421592783,45.9433701333366,27.27272727272727,36.231884057971016,13.043478260869565,23.188405797101453,28.18181818181818,60.86956521739131
NPU,-4,rfgsm/eps0.03_default,rfgsm,eps0.03_default,20,110,69,60,15,27,23,9,36,37,25.0,15.77638557841185,37.2323109454848,24.545454545454547,33.33333333333333,13.043478260869565,20.289855072463766,32.72727272727273,53.62318840579711
NPU,-4,rfgsm/eps0.03_default,rfgsm,eps0.03_default,30,110,69,60,14,29,22,9,42,32,23.333333333333332,14.43943161843107,35.436511340392016,26.36363636363636,31.88405797101449,13.043478260869565,18.840579710144922,38.18181818181819,46.3768115942029
NPU,-4,rfgsm/eps0.03_default,rfgsm,eps0.03_default,40,110,69,60,14,34,23,9,48,25,23.333333333333332,14.43943161843107,35.436511340392016,30.909090909090907,33.33333333333333,13.043478260869565,20.289855072463766,43.63636363636363,36.231884057971016
NPU,-4,tpgd/eps0.03_default,tpgd,eps0.03_default,10,110,69,36,13,32,27,33,31,42,36.11111111111111,22.47538679218132,52.42521960916802,29.09090909090909,39.130434782608695,47.82608695652174,-8.695652173913047,28.18181818181818,60.86956521739131
NPU,-4,tpgd/eps0.03_default,tpgd,eps0.03_default,20,110,69,36,11,33,30,33,36,37,30.555555555555557,18.004270282805354,46.85657867908372,30.0,43.47826086956522,47.82608695652174,-4.347826086956523,32.72727272727273,53.62318840579711
NPU,-4,tpgd/eps0.03_default,tpgd,eps0.03_default,30,110,69,36,11,38,35,33,42,32,30.555555555555557,18.004270282805354,46.85657867908372,34.54545454545455,50.72463768115942,47.82608695652174,2.89855072463768,38.18181818181819,46.3768115942029
NPU,-4,tpgd/eps0.03_default,tpgd,eps0.03_default,40,110,69,36,9,40,37,33,48,25,25.0,13.750323839225388,41.07076768320342,36.36363636363637,53.62318840579711,47.82608695652174,5.797101449275367,43.63636363636363,36.231884057971016
NPU,-4,cw/c1_steps20_lr0.01,cw,c1_steps20_lr0.01,10,110,69,50,15,32,27,19,31,42,30.0,19.10338908960936,43.75061227736339,29.09090909090909,39.130434782608695,27.536231884057973,11.594202898550723,28.18181818181818,60.86956521739131
NPU,-4,cw/c1_steps20_lr0.01,cw,c1_steps20_lr0.01,20,110,69,50,18,35,30,19,36,37,36.0,24.138562967182875,49.859237989698045,31.818181818181817,43.47826086956522,27.536231884057973,15.942028985507246,32.72727272727273,53.62318840579711
NPU,-4,cw/c1_steps20_lr0.01,cw,c1_steps20_lr0.01,30,110,69,50,20,38,33,19,42,32,40.0,27.608189786245752,53.81881089724063,34.54545454545455,47.82608695652174,27.536231884057973,20.28985507246377,38.18181818181819,46.3768115942029
NPU,-4,cw/c1_steps20_lr0.01,cw,c1_steps20_lr0.01,40,110,69,50,25,42,38,19,48,25,50.0,36.64428641233285,63.35571358766714,38.18181818181819,55.072463768115945,27.536231884057973,27.536231884057973,43.63636363636363,36.231884057971016
NPU,-4,deepfool/package_default,deepfool,package_default,10,110,69,37,13,31,27,32,31,42,35.13513513513514,21.82540663110087,51.24127048243044,28.18181818181818,39.130434782608695,46.3768115942029,-7.246376811594203,28.18181818181818,60.86956521739131
NPU,-4,deepfool/package_default,deepfool,package_default,20,110,69,37,17,38,33,32,36,37,45.94594594594595,31.038327828457724,61.616220475232645,34.54545454545455,47.82608695652174,46.3768115942029,1.4492753623188435,32.72727272727273,53.62318840579711
NPU,-4,deepfool/package_default,deepfool,package_default,30,110,69,37,19,40,35,32,42,32,51.35135135135135,35.894637225980915,66.55384667278896,36.36363636363637,50.72463768115942,46.3768115942029,4.347826086956523,38.18181818181819,46.3768115942029
NPU,-4,deepfool/package_default,deepfool,package_default,40,110,69,37,22,44,40,32,48,25,59.45945945945946,43.48568313132931,73.65370416005986,40.0,57.971014492753625,46.3768115942029,11.594202898550726,43.63636363636363,36.231884057971016
NPU,-4,fab/eps0.005,fab,eps0.005,10,110,69,8,2,31,27,61,31,42,25.0,7.147768885802764,59.073012089741084,28.18181818181818,39.130434782608695,88.40579710144928,-49.275362318840585,28.18181818181818,60.86956521739131
NPU,-4,fab/eps0.005,fab,eps0.005,20,110,69,8,2,37,32,61,36,37,25.0,7.147768885802764,59.073012089741084,33.63636363636363,46.3768115942029,88.40579710144928,-42.02898550724638,32.72727272727273,53.62318840579711
NPU,-4,fab/eps0.005,fab,eps0.005,30,110,69,8,2,42,36,61,42,32,25.0,7.147768885802764,59.073012089741084,38.18181818181819,52.17391304347826,88.40579710144928,-36.23188405797102,38.18181818181819,46.3768115942029
NPU,-4,fab/eps0.005,fab,eps0.005,40,110,69,8,3,48,43,61,48,25,37.5,13.684175946152106,69.42621454161981,43.63636363636363,62.31884057971014,88.40579710144928,-26.08695652173914,43.63636363636363,36.231884057971016
NPU,-4,fab/eps0.01,fab,eps0.01,10,110,69,18,3,31,27,51,31,42,16.666666666666664,5.836470400465757,39.222499638359245,28.18181818181818,39.130434782608695,73.91304347826086,-34.782608695652165,28.18181818181818,60.86956521739131
NPU,-4,fab/eps0.01,fab,eps0.01,20,110,69,18,7,36,31,51,36,37,38.88888888888889,20.304991926931162,61.381331419343844,32.72727272727273,44.927536231884055,73.91304347826086,-28.985507246376805,32.72727272727273,53.62318840579711
NPU,-4,fab/eps0.01,fab,eps0.01,30,110,69,18,5,41,35,51,42,32,27.77777777777778,12.499569146355475,50.87307754619452,37.27272727272727,50.72463768115942,73.91304347826086,-23.18840579710144,38.18181818181819,46.3768115942029
NPU,-4,fab/eps0.01,fab,eps0.01,40,110,69,18,8,48,43,51,48,25,44.44444444444444,24.559231101389127,66.28393057174837,43.63636363636363,62.31884057971014,73.91304347826086,-11.59420289855072,43.63636363636363,36.231884057971016
NPU,-4,fab/eps0.03,fab,eps0.03,10,110,69,40,13,31,27,29,31,42,32.5,20.084316962661724,47.98254191110201,28.18181818181818,39.130434782608695,42.028985507246375,-2.89855072463768,28.18181818181818,60.86956521739131
NPU,-4,fab/eps0.03,fab,eps0.03,20,110,69,40,19,38,33,29,36,37,47.5,32.935229550181695,62.50289314607027,34.54545454545455,47.82608695652174,42.028985507246375,5.797101449275367,32.72727272727273,53.62318840579711
NPU,-4,fab/eps0.03,fab,eps0.03,30,110,69,40,23,44,38,29,42,32,57.49999999999999,42.194800436059985,71.49083147518411,40.0,55.072463768115945,42.028985507246375,13.04347826086957,38.18181818181819,46.3768115942029
NPU,-4,fab/eps0.03,fab,eps0.03,40,110,69,40,25,47,42,29,48,25,62.5,47.032160054531914,75.7772264642083,42.72727272727273,60.86956521739131,42.028985507246375,18.840579710144937,43.63636363636363,36.231884057971016
NPU,-4,square/eps0.03_default,square,eps0.03_default,10,110,69,51,14,29,26,18,31,42,27.450980392156865,17.11412201054317,40.94691194907873,26.36363636363636,37.68115942028986,26.08695652173913,11.59420289855073,28.18181818181818,60.86956521739131
NPU,-4,square/eps0.03_default,square,eps0.03_default,20,110,69,51,15,32,27,18,36,37,29.411764705882355,18.70856524031203,42.99933533151665,29.09090909090909,39.130434782608695,26.08695652173913,13.043478260869566,32.72727272727273,53.62318840579711
NPU,-4,square/eps0.03_default,square,eps0.03_default,30,110,69,51,17,35,30,18,42,32,33.33333333333333,21.969755762722826,47.03187803351943,31.818181818181817,43.47826086956522,26.08695652173913,17.39130434782609,38.18181818181819,46.3768115942029
NPU,-4,square/eps0.03_default,square,eps0.03_default,40,110,69,51,17,33,27,18,48,25,33.33333333333333,21.969755762722826,47.03187803351943,30.0,39.130434782608695,26.08695652173913,13.043478260869566,43.63636363636363,36.231884057971016
NPU,-4,apgd/eps0.03_default,apgd,eps0.03_default,10,110,69,60,17,30,25,9,31,42,28.333333333333332,18.50667860430859,40.76752504973516,27.27272727272727,36.231884057971016,13.043478260869565,23.188405797101453,28.18181818181818,60.86956521739131
NPU,-4,apgd/eps0.03_default,apgd,eps0.03_default,20,110,69,60,14,28,22,9,36,37,23.333333333333332,14.43943161843107,35.436511340392016,25.454545454545453,31.88405797101449,13.043478260869565,18.840579710144922,32.72727272727273,53.62318840579711
NPU,-4,apgd/eps0.03_default,apgd,eps0.03_default,30,110,69,60,15,31,23,9,42,32,25.0,15.77638557841185,37.2323109454848,28.18181818181818,33.33333333333333,13.043478260869565,20.289855072463766,38.18181818181819,46.3768115942029
NPU,-4,apgd/eps0.03_default,apgd,eps0.03_default,40,110,69,60,13,33,22,9,48,25,21.666666666666668,13.122921046407015,33.62026834734252,30.0,31.88405797101449,13.043478260869565,18.840579710144922,43.63636363636363,36.231884057971016
NPU,-4,apgdt/eps0.03_default,apgdt,eps0.03_default,10,110,69,60,17,29,26,9,31,42,28.333333333333332,18.50667860430859,40.76752504973516,26.36363636363636,37.68115942028986,13.043478260869565,24.637681159420296,28.18181818181818,60.86956521739131
NPU,-4,apgdt/eps0.03_default,apgdt,eps0.03_default,20,110,69,60,15,28,24,9,36,37,25.0,15.77638557841185,37.2323109454848,25.454545454545453,34.78260869565217,13.043478260869565,21.73913043478261,32.72727272727273,53.62318840579711
NPU,-4,apgdt/eps0.03_default,apgdt,eps0.03_default,30,110,69,60,16,30,24,9,42,32,26.666666666666668,17.132496487078853,39.00895360189135,27.27272727272727,34.78260869565217,13.043478260869565,21.73913043478261,38.18181818181819,46.3768115942029
NPU,-4,apgdt/eps0.03_default,apgdt,eps0.03_default,40,110,69,60,16,31,25,9,48,25,26.666666666666668,17.132496487078853,39.00895360189135,28.18181818181818,36.231884057971016,13.043478260869565,23.188405797101453,43.63636363636363,36.231884057971016
NPU,-4,autoattack/eps0.03_standard,autoattack,eps0.03_standard,10,110,69,60,19,30,26,9,31,42,31.666666666666664,21.305705841174333,44.234004943016544,27.27272727272727,37.68115942028986,13.043478260869565,24.637681159420296,28.18181818181818,60.86956521739131
NPU,-4,autoattack/eps0.03_standard,autoattack,eps0.03_standard,20,110,69,60,18,31,26,9,36,37,30.0,19.89801025272689,42.50894696639042,28.18181818181818,37.68115942028986,13.043478260869565,24.637681159420296,32.72727272727273,53.62318840579711
NPU,-4,autoattack/eps0.03_standard,autoattack,eps0.03_standard,30,110,69,60,15,31,23,9,42,32,25.0,15.77638557841185,37.2323109454848,28.18181818181818,33.33333333333333,13.043478260869565,20.289855072463766,38.18181818181819,46.3768115942029
NPU,-4,autoattack/eps0.03_standard,autoattack,eps0.03_standard,40,110,69,60,15,34,24,9,48,25,25.0,15.77638557841185,37.2323109454848,30.909090909090907,34.78260869565217,13.043478260869565,21.73913043478261,43.63636363636363,36.231884057971016
NPU,-4,ead/package_default,ead,package_default,10,110,69,38,16,31,27,31,31,42,42.10526315789473,27.852274811819527,57.80792938687267,28.18181818181818,39.130434782608695,44.927536231884055,-5.79710144927536,28.18181818181818,60.86956521739131
NPU,-4,ead/package_default,ead,package_default,20,110,69,38,19,34,30,31,36,37,50.0,34.849675532860694,65.15032446713931,30.909090909090907,43.47826086956522,44.927536231884055,-1.4492753623188364,32.72727272727273,53.62318840579711
NPU,-4,ead/package_default,ead,package_default,30,110,69,38,21,40,35,31,42,32,55.26315789473685,39.70602917908942,69.85383468844911,36.36363636363637,50.72463768115942,44.927536231884055,5.797101449275367,38.18181818181819,46.3768115942029
NPU,-4,ead/package_default,ead,package_default,40,110,69,38,25,46,41,31,48,25,65.78947368421053,49.891811629074546,78.78777997354105,41.81818181818181,59.42028985507246,44.927536231884055,14.492753623188406,43.63636363636363,36.231884057971016
NPU,-4,ALL/ALL_24,ALL,ALL_24,10,2640,1656,1081,326,737,639,575,744,1008,30.1572617946346,27.49557539318014,32.95948090259613,27.916666666666668,38.58695652173913,34.72222222222222,3.864734299516911,28.18181818181818,60.86956521739131
NPU,-4,ALL/ALL_24,ALL,ALL_24,20,2640,1656,1081,312,772,654,575,864,888,28.862164662349677,26.239557549057718,31.634476780009308,29.242424242424242,39.492753623188406,34.72222222222222,4.770531400966185,32.72727272727273,53.62318840579711
NPU,-4,ALL/ALL_24,ALL,ALL_24,30,2640,1656,1081,297,831,676,575,1008,768,27.474560592044405,24.89679064570489,30.211863004745105,31.477272727272727,40.82125603864734,34.72222222222222,6.09903381642512,38.18181818181819,46.3768115942029
NPU,-4,ALL/ALL_24,ALL,ALL_24,40,2640,1656,1081,310,903,732,575,1152,600,28.677150786308975,26.060341946318218,31.44497495893321,34.20454545454545,44.20289855072464,34.72222222222222,9.480676328502419,43.63636363636363,36.231884057971016
NPU,-2,fgsm/eps0.005,fgsm,eps0.005,10,110,79,9,2,33,28,70,33,51,22.22222222222222,6.322376231222723,54.74166563271946,30.0,35.44303797468354,88.60759493670885,-53.16455696202531,30.0,64.55696202531645
NPU,-2,fgsm/eps0.005,fgsm,eps0.005,20,110,79,9,2,41,36,70,42,43,22.22222222222222,6.322376231222723,54.74166563271946,37.27272727272727,45.56962025316456,88.60759493670885,-43.03797468354429,38.18181818181819,54.43037974683544
NPU,-2,fgsm/eps0.005,fgsm,eps0.005,30,110,79,9,1,48,42,70,51,34,11.11111111111111,1.9890371327130536,43.50062147680601,43.63636363636363,53.16455696202531,88.60759493670885,-35.44303797468354,46.36363636363636,43.037974683544306
NPU,-2,fgsm/eps0.005,fgsm,eps0.005,40,110,79,9,1,58,53,70,63,21,11.11111111111111,1.9890371327130536,43.50062147680601,52.72727272727272,67.08860759493672,88.60759493670885,-21.51898734177213,57.27272727272727,26.582278481012654
NPU,-2,fgsm/eps0.01,fgsm,eps0.01,10,110,79,28,5,32,28,51,33,51,17.857142857142858,7.878385829430109,35.591791548591104,29.09090909090909,35.44303797468354,64.55696202531645,-29.11392405063291,30.0,64.55696202531645
NPU,-2,fgsm/eps0.01,fgsm,eps0.01,20,110,79,28,5,35,31,51,42,43,17.857142857142858,7.878385829430109,35.591791548591104,31.818181818181817,39.24050632911392,64.55696202531645,-25.31645569620253,38.18181818181819,54.43037974683544
NPU,-2,fgsm/eps0.01,fgsm,eps0.01,30,110,79,28,4,41,36,51,51,34,14.285714285714285,5.698912930701786,31.490173044877334,37.27272727272727,45.56962025316456,64.55696202531645,-18.987341772151893,46.36363636363636,43.037974683544306
NPU,-2,fgsm/eps0.01,fgsm,eps0.01,40,110,79,28,6,51,45,51,63,21,21.428571428571427,10.212321701189422,39.53894707927388,46.36363636363636,56.9620253164557,64.55696202531645,-7.59493670886075,57.27272727272727,26.582278481012654
NPU,-2,fgsm/eps0.03,fgsm,eps0.03,10,110,79,49,8,32,28,30,33,51,16.3265306122449,8.512596988208978,29.036606669515237,29.09090909090909,35.44303797468354,37.9746835443038,-2.5316455696202596,30.0,64.55696202531645
NPU,-2,fgsm/eps0.03,fgsm,eps0.03,20,110,79,49,2,27,24,30,42,43,4.081632653061225,1.1265396927928273,13.713283476831107,24.545454545454547,30.37974683544304,37.9746835443038,-7.594936708860761,38.18181818181819,54.43037974683544
NPU,-2,fgsm/eps0.03,fgsm,eps0.03,30,110,79,49,3,30,26,30,51,34,6.122448979591836,2.1039764955529185,16.520743422087726,27.27272727272727,32.91139240506329,37.9746835443038,-5.063291139240512,46.36363636363636,43.037974683544306
NPU,-2,fgsm/eps0.03,fgsm,eps0.03,40,110,79,49,3,33,28,30,63,21,6.122448979591836,2.1039764955529185,16.520743422087726,30.0,35.44303797468354,37.9746835443038,-2.5316455696202596,57.27272727272727,26.582278481012654
NPU,-2,fgsm/eps0.05,fgsm,eps0.05,10,110,79,61,10,30,27,18,33,51,16.39344262295082,9.15591348574295,27.613074324551672,27.27272727272727,34.177215189873415,22.78481012658228,11.392405063291136,30.0,64.55696202531645
NPU,-2,fgsm/eps0.05,fgsm,eps0.05,20,110,79,61,4,25,22,18,42,43,6.557377049180328,2.579328695767287,15.68302140046723,22.727272727272727,27.848101265822784,22.78481012658228,5.063291139240505,38.18181818181819,54.43037974683544
NPU,-2,fgsm/eps0.05,fgsm,eps0.05,30,110,79,61,7,29,25,18,51,34,11.475409836065573,5.67113064337431,21.84453830989026,26.36363636363636,31.645569620253166,22.78481012658228,8.860759493670887,46.36363636363636,43.037974683544306
NPU,-2,fgsm/eps0.05,fgsm,eps0.05,40,110,79,61,4,27,22,18,63,21,6.557377049180328,2.579328695767287,15.68302140046723,24.545454545454547,27.848101265822784,22.78481012658228,5.063291139240505,57.27272727272727,26.582278481012654
NPU,-2,bim/eps0.03_default,bim,eps0.03_default,10,110,79,61,11,31,27,18,33,51,18.0327868852459,10.379034061426573,29.474393367878072,28.18181818181818,34.177215189873415,22.78481012658228,11.392405063291136,30.0,64.55696202531645
NPU,-2,bim/eps0.03_default,bim,eps0.03_default,20,110,79,61,7,27,25,18,42,43,11.475409836065573,5.67113064337431,21.84453830989026,24.545454545454547,31.645569620253166,22.78481012658228,8.860759493670887,38.18181818181819,54.43037974683544
NPU,-2,bim/eps0.03_default,bim,eps0.03_default,30,110,79,61,10,34,28,18,51,34,16.39344262295082,9.15591348574295,27.613074324551672,30.909090909090907,35.44303797468354,22.78481012658228,12.658227848101262,46.36363636363636,43.037974683544306
NPU,-2,bim/eps0.03_default,bim,eps0.03_default,40,110,79,61,7,30,25,18,63,21,11.475409836065573,5.67113064337431,21.84453830989026,27.27272727272727,31.645569620253166,22.78481012658228,8.860759493670887,57.27272727272727,26.582278481012654
NPU,-2,pgd/eps0.005,pgd,eps0.005,10,110,79,11,2,32,28,68,33,51,18.181818181818183,5.136660067100063,47.69861375782448,29.09090909090909,35.44303797468354,86.07594936708861,-50.63291139240507,30.0,64.55696202531645
NPU,-2,pgd/eps0.005,pgd,eps0.005,20,110,79,11,2,40,35,68,42,43,18.181818181818183,5.136660067100063,47.69861375782448,36.36363636363637,44.303797468354425,86.07594936708861,-41.77215189873419,38.18181818181819,54.43037974683544
NPU,-2,pgd/eps0.005,pgd,eps0.005,30,110,79,11,1,47,42,68,51,34,9.090909090909092,1.6231752262825971,37.73646254862038,42.72727272727273,53.16455696202531,86.07594936708861,-32.9113924050633,46.36363636363636,43.037974683544306
NPU,-2,pgd/eps0.005,pgd,eps0.005,40,110,79,11,1,57,52,68,63,21,9.090909090909092,1.6231752262825971,37.73646254862038,51.81818181818182,65.82278481012658,86.07594936708861,-20.253164556962034,57.27272727272727,26.582278481012654
NPU,-2,pgd/eps0.01,pgd,eps0.01,10,110,79,34,7,32,28,45,33,51,20.588235294117645,10.349396022351321,36.79871610821398,29.09090909090909,35.44303797468354,56.9620253164557,-21.51898734177216,30.0,64.55696202531645
NPU,-2,pgd/eps0.01,pgd,eps0.01,20,110,79,34,7,34,30,45,42,43,20.588235294117645,10.349396022351321,36.79871610821398,30.909090909090907,37.9746835443038,56.9620253164557,-18.9873417721519,38.18181818181819,54.43037974683544
NPU,-2,pgd/eps0.01,pgd,eps0.01,30,110,79,34,9,42,37,45,51,34,26.47058823529412,14.601027541553796,43.11746216289845,38.18181818181819,46.835443037974684,56.9620253164557,-10.126582278481017,46.36363636363636,43.037974683544306
NPU,-2,pgd/eps0.01,pgd,eps0.01,40,110,79,34,8,52,46,45,63,21,23.52941176470588,12.436838109244345,39.99646280826443,47.27272727272727,58.22784810126582,56.9620253164557,1.2658227848101191,57.27272727272727,26.582278481012654
NPU,-2,pgd/eps0.03,pgd,eps0.03,10,110,79,59,10,30,28,20,33,51,16.94915254237288,9.475737856337629,28.463461654814214,27.27272727272727,35.44303797468354,25.31645569620253,10.12658227848101,30.0,64.55696202531645
NPU,-2,pgd/eps0.03,pgd,eps0.03,20,110,79,59,6,27,23,20,42,43,10.16949152542373,4.744732651318249,20.46404624673654,24.545454545454547,29.11392405063291,25.31645569620253,3.7974683544303787,38.18181818181819,54.43037974683544
NPU,-2,pgd/eps0.03,pgd,eps0.03,30,110,79,59,7,32,25,20,51,34,11.864406779661017,5.867508277914,22.523875773415053,29.09090909090909,31.645569620253166,25.31645569620253,6.329113924050635,46.36363636363636,43.037974683544306
NPU,-2,pgd/eps0.03,pgd,eps0.03,40,110,79,59,9,35,27,20,63,21,15.254237288135593,8.238371089067362,26.518223268810225,31.818181818181817,34.177215189873415,25.31645569620253,8.860759493670884,57.27272727272727,26.582278481012654
NPU,-2,mifgsm/eps0.03_default,mifgsm,eps0.03_default,10,110,79,59,11,31,27,20,33,51,18.64406779661017,10.742612239043584,30.379192425382524,28.18181818181818,34.177215189873415,25.31645569620253,8.860759493670884,30.0,64.55696202531645
NPU,-2,mifgsm/eps0.03_default,mifgsm,eps0.03_default,20,110,79,59,6,26,24,20,42,43,10.16949152542373,4.744732651318249,20.46404624673654,23.636363636363637,30.37974683544304,25.31645569620253,5.063291139240508,38.18181818181819,54.43037974683544
NPU,-2,mifgsm/eps0.03_default,mifgsm,eps0.03_default,30,110,79,59,6,30,25,20,51,34,10.16949152542373,4.744732651318249,20.46404624673654,27.27272727272727,31.645569620253166,25.31645569620253,6.329113924050635,46.36363636363636,43.037974683544306
NPU,-2,mifgsm/eps0.03_default,mifgsm,eps0.03_default,40,110,79,59,8,33,27,20,63,21,13.559322033898304,7.034090749685569,24.539898454917758,30.0,34.177215189873415,25.31645569620253,8.860759493670884,57.27272727272727,26.582278481012654
NPU,-2,difgsm/eps0.03_default,difgsm,eps0.03_default,10,110,79,53,8,33,28,26,33,51,15.09433962264151,7.852324257781651,27.05450454365954,30.0,35.44303797468354,32.91139240506329,2.5316455696202524,30.0,64.55696202531645
NPU,-2,difgsm/eps0.03_default,difgsm,eps0.03_default,20,110,79,53,3,28,25,26,42,43,5.660377358490567,1.9436308927314183,15.37044893612632,25.454545454545453,31.645569620253166,32.91139240506329,-1.2658227848101227,38.18181818181819,54.43037974683544
NPU,-2,difgsm/eps0.03_default,difgsm,eps0.03_default,30,110,79,53,1,26,22,26,51,34,1.8867924528301887,0.3338367386749398,9.943143501149413,23.636363636363637,27.848101265822784,32.91139240506329,-5.063291139240505,46.36363636363636,43.037974683544306
NPU,-2,difgsm/eps0.03_default,difgsm,eps0.03_default,40,110,79,53,1,28,24,26,63,21,1.8867924528301887,0.3338367386749398,9.943143501149413,25.454545454545453,30.37974683544304,32.91139240506329,-2.531645569620249,57.27272727272727,26.582278481012654
NPU,-2,vmifgsm/eps0.03_default,vmifgsm,eps0.03_default,10,110,79,60,10,29,26,19,33,51,16.666666666666664,9.313077201321033,28.03185149720783,26.36363636363636,32.91139240506329,24.050632911392405,8.860759493670884,30.0,64.55696202531645
NPU,-2,vmifgsm/eps0.03_default,vmifgsm,eps0.03_default,20,110,79,60,6,27,24,19,42,43,10.0,4.664219945723587,20.149694492511045,24.545454545454547,30.37974683544304,24.050632911392405,6.329113924050635,38.18181818181819,54.43037974683544
NPU,-2,vmifgsm/eps0.03_default,vmifgsm,eps0.03_default,30,110,79,60,7,31,26,19,51,34,11.666666666666666,5.767647403450049,22.17902059985814,28.18181818181818,32.91139240506329,24.050632911392405,8.860759493670884,46.36363636363636,43.037974683544306
NPU,-2,vmifgsm/eps0.03_default,vmifgsm,eps0.03_default,40,110,79,60,7,32,26,19,63,21,11.666666666666666,5.767647403450049,22.17902059985814,29.09090909090909,32.91139240506329,24.050632911392405,8.860759493670884,57.27272727272727,26.582278481012654
NPU,-2,vnifgsm/eps0.03_default,vnifgsm,eps0.03_default,10,110,79,60,10,28,26,19,33,51,16.666666666666664,9.313077201321033,28.03185149720783,25.454545454545453,32.91139240506329,24.050632911392405,8.860759493670884,30.0,64.55696202531645
NPU,-2,vnifgsm/eps0.03_default,vnifgsm,eps0.03_default,20,110,79,60,6,25,22,19,42,43,10.0,4.664219945723587,20.149694492511045,22.727272727272727,27.848101265822784,24.050632911392405,3.7974683544303787,38.18181818181819,54.43037974683544
NPU,-2,vnifgsm/eps0.03_default,vnifgsm,eps0.03_default,30,110,79,60,5,28,23,19,51,34,8.333333333333332,3.611992405048589,18.06916846811248,25.454545454545453,29.11392405063291,24.050632911392405,5.063291139240505,46.36363636363636,43.037974683544306
NPU,-2,vnifgsm/eps0.03_default,vnifgsm,eps0.03_default,40,110,79,60,6,30,24,19,63,21,10.0,4.664219945723587,20.149694492511045,27.27272727272727,30.37974683544304,24.050632911392405,6.329113924050635,57.27272727272727,26.582278481012654
NPU,-2,rfgsm/eps0.03_default,rfgsm,eps0.03_default,10,110,79,61,12,32,29,18,33,51,19.672131147540984,11.627688559536848,31.31017848877781,29.09090909090909,36.708860759493675,22.78481012658228,13.924050632911396,30.0,64.55696202531645
NPU,-2,rfgsm/eps0.03_default,rfgsm,eps0.03_default,20,110,79,61,7,27,25,18,42,43,11.475409836065573,5.67113064337431,21.84453830989026,24.545454545454547,31.645569620253166,22.78481012658228,8.860759493670887,38.18181818181819,54.43037974683544
NPU,-2,rfgsm/eps0.03_default,rfgsm,eps0.03_default,30,110,79,61,8,31,26,18,51,34,13.114754098360656,6.797996145868098,23.802112426406495,28.18181818181818,32.91139240506329,22.78481012658228,10.12658227848101,46.36363636363636,43.037974683544306
NPU,-2,rfgsm/eps0.03_default,rfgsm,eps0.03_default,40,110,79,61,8,33,26,18,63,21,13.114754098360656,6.797996145868098,23.802112426406495,30.0,32.91139240506329,22.78481012658228,10.12658227848101,57.27272727272727,26.582278481012654
NPU,-2,tpgd/eps0.03_default,tpgd,eps0.03_default,10,110,79,34,2,33,29,45,33,51,5.88235294117647,1.628231306384245,19.093936889463713,30.0,36.708860759493675,56.9620253164557,-20.253164556962027,30.0,64.55696202531645
NPU,-2,tpgd/eps0.03_default,tpgd,eps0.03_default,20,110,79,34,2,42,36,45,42,43,5.88235294117647,1.628231306384245,19.093936889463713,38.18181818181819,45.56962025316456,56.9620253164557,-11.392405063291143,38.18181818181819,54.43037974683544
NPU,-2,tpgd/eps0.03_default,tpgd,eps0.03_default,30,110,79,34,2,48,41,45,51,34,5.88235294117647,1.628231306384245,19.093936889463713,43.63636363636363,51.89873417721519,56.9620253164557,-5.063291139240512,46.36363636363636,43.037974683544306
NPU,-2,tpgd/eps0.03_default,tpgd,eps0.03_default,40,110,79,34,1,55,46,45,63,21,2.941176470588235,0.521077192559663,14.91590221634482,50.0,58.22784810126582,56.9620253164557,1.2658227848101191,57.27272727272727,26.582278481012654
NPU,-2,cw/c1_steps20_lr0.01,cw,c1_steps20_lr0.01,10,110,79,55,12,32,27,24,33,51,21.818181818181817,12.945897827653214,34.37028664047817,29.09090909090909,34.177215189873415,30.37974683544304,3.797468354430375,30.0,64.55696202531645
NPU,-2,cw/c1_steps20_lr0.01,cw,c1_steps20_lr0.01,20,110,79,55,13,36,30,24,42,43,23.636363636363637,14.366521587457488,36.348618721439614,32.72727272727273,37.9746835443038,30.37974683544304,7.594936708860761,38.18181818181819,54.43037974683544
NPU,-2,cw/c1_steps20_lr0.01,cw,c1_steps20_lr0.01,30,110,79,55,19,41,35,24,51,34,34.54545454545455,23.362533364154046,47.74634198933736,37.27272727272727,44.303797468354425,30.37974683544304,13.924050632911385,46.36363636363636,43.037974683544306
NPU,-2,cw/c1_steps20_lr0.01,cw,c1_steps20_lr0.01,40,110,79,55,20,43,38,24,63,21,36.36363636363637,24.93034934294084,49.577481851316286,39.09090909090909,48.10126582278481,30.37974683544304,17.72151898734177,57.27272727272727,26.582278481012654
NPU,-2,deepfool/package_default,deepfool,package_default,10,110,79,42,14,33,28,37,33,51,33.33333333333333,21.01228076197232,48.447772988333085,30.0,35.44303797468354,46.835443037974684,-11.392405063291143,30.0,64.55696202531645
NPU,-2,deepfool/package_default,deepfool,package_default,20,110,79,42,14,37,32,37,42,43,33.33333333333333,21.01228076197232,48.447772988333085,33.63636363636363,40.50632911392405,46.835443037974684,-6.329113924050631,38.18181818181819,54.43037974683544
NPU,-2,deepfool/package_default,deepfool,package_default,30,110,79,42,20,46,40,37,51,34,47.61904761904761,33.35936447596496,62.27778605979295,41.81818181818181,50.63291139240506,46.835443037974684,3.7974683544303787,46.36363636363636,43.037974683544306
NPU,-2,deepfool/package_default,deepfool,package_default,40,110,79,42,20,47,41,37,63,21,47.61904761904761,33.35936447596496,62.27778605979295,42.72727272727273,51.89873417721519,46.835443037974684,5.063291139240505,57.27272727272727,26.582278481012654
NPU,-2,fab/eps0.005,fab,eps0.005,10,110,79,6,2,33,28,73,33,51,33.33333333333333,9.676933255921682,70.00116786584712,30.0,35.44303797468354,92.40506329113924,-56.9620253164557,30.0,64.55696202531645
NPU,-2,fab/eps0.005,fab,eps0.005,20,110,79,6,2,42,36,73,42,43,33.33333333333333,9.676933255921682,70.00116786584712,38.18181818181819,45.56962025316456,92.40506329113924,-46.835443037974684,38.18181818181819,54.43037974683544
NPU,-2,fab/eps0.005,fab,eps0.005,30,110,79,6,1,50,44,73,51,34,16.666666666666664,3.005258587173032,56.350943656364606,45.45454545454545,55.69620253164557,92.40506329113924,-36.708860759493675,46.36363636363636,43.037974683544306
NPU,-2,fab/eps0.005,fab,eps0.005,40,110,79,6,2,63,57,73,63,21,33.33333333333333,9.676933255921682,70.00116786584712,57.27272727272727,72.15189873417721,92.40506329113924,-20.253164556962034,57.27272727272727,26.582278481012654
NPU,-2,fab/eps0.01,fab,eps0.01,10,110,79,16,4,33,28,63,33,51,25.0,10.181901984237346,49.49876892939864,30.0,35.44303797468354,79.74683544303798,-44.30379746835444,30.0,64.55696202531645
NPU,-2,fab/eps0.01,fab,eps0.01,20,110,79,16,4,39,33,63,42,43,25.0,10.181901984237346,49.49876892939864,35.45454545454545,41.77215189873418,79.74683544303798,-37.9746835443038,38.18181818181819,54.43037974683544
NPU,-2,fab/eps0.01,fab,eps0.01,30,110,79,16,5,46,40,63,51,34,31.25,14.164435051961052,55.596068133265945,41.81818181818181,50.63291139240506,79.74683544303798,-29.113924050632917,46.36363636363636,43.037974683544306
NPU,-2,fab/eps0.01,fab,eps0.01,40,110,79,16,6,58,52,63,63,21,37.5,18.480982554752806,61.3593529020652,52.72727272727272,65.82278481012658,79.74683544303798,-13.924050632911403,57.27272727272727,26.582278481012654
NPU,-2,fab/eps0.03,fab,eps0.03,10,110,79,29,7,33,28,50,33,51,24.137931034482758,12.218268185062131,42.10795221832869,30.0,35.44303797468354,63.29113924050633,-27.84810126582279,30.0,64.55696202531645
NPU,-2,fab/eps0.03,fab,eps0.03,20,110,79,29,8,37,32,50,42,43,27.586206896551722,14.69858133850274,45.71747634443597,33.63636363636363,40.50632911392405,63.29113924050633,-22.78481012658228,38.18181818181819,54.43037974683544
NPU,-2,fab/eps0.03,fab,eps0.03,30,110,79,29,11,44,38,50,51,34,37.93103448275862,22.687795730867343,55.99777379071503,40.0,48.10126582278481,63.29113924050633,-15.189873417721522,46.36363636363636,43.037974683544306
NPU,-2,fab/eps0.03,fab,eps0.03,40,110,79,29,13,50,44,50,63,21,44.827586206896555,28.41291114874579,62.452332931932375,45.45454545454545,55.69620253164557,63.29113924050633,-7.594936708860764,57.27272727272727,26.582278481012654
NPU,-2,square/eps0.03_default,square,eps0.03_default,10,110,79,49,9,31,28,30,33,51,18.367346938775512,9.976228838458358,31.357871567282576,28.18181818181818,35.44303797468354,37.9746835443038,-2.5316455696202596,30.0,64.55696202531645
NPU,-2,square/eps0.03_default,square,eps0.03_default,20,110,79,49,10,37,31,30,42,43,20.408163265306122,11.48172704281381,33.63727011094383,33.63636363636363,39.24050632911392,37.9746835443038,1.2658227848101191,38.18181818181819,54.43037974683544
NPU,-2,square/eps0.03_default,square,eps0.03_default,30,110,79,49,14,40,35,30,51,34,28.57142857142857,17.84943493972417,42.409149206100324,36.36363636363637,44.303797468354425,37.9746835443038,6.329113924050624,46.36363636363636,43.037974683544306
NPU,-2,square/eps0.03_default,square,eps0.03_default,40,110,79,49,17,43,39,30,63,21,34.69387755102041,22.92420960931444,48.68906478056021,39.09090909090909,49.36708860759494,37.9746835443038,11.392405063291136,57.27272727272727,26.582278481012654
NPU,-2,apgd/eps0.03_default,apgd,eps0.03_default,10,110,79,62,12,31,27,17,33,51,19.35483870967742,11.433696420146605,30.85203175170827,28.18181818181818,34.177215189873415,21.518987341772153,12.658227848101262,30.0,64.55696202531645
NPU,-2,apgd/eps0.03_default,apgd,eps0.03_default,20,110,79,62,8,28,25,17,42,43,12.903225806451612,6.685798258498754,23.449556896904518,25.454545454545453,31.645569620253166,21.518987341772153,10.126582278481013,38.18181818181819,54.43037974683544
NPU,-2,apgd/eps0.03_default,apgd,eps0.03_default,30,110,79,62,11,33,28,17,51,34,17.741935483870968,10.20633343436175,29.04180148338023,30.0,35.44303797468354,21.518987341772153,13.924050632911388,46.36363636363636,43.037974683544306
NPU,-2,apgd/eps0.03_default,apgd,eps0.03_default,40,110,79,62,9,32,26,17,63,21,14.516129032258066,7.829323056347006,25.34362535316917,29.09090909090909,32.91139240506329,21.518987341772153,11.392405063291136,57.27272727272727,26.582278481012654
NPU,-2,apgdt/eps0.03_default,apgdt,eps0.03_default,10,110,79,62,13,35,30,17,33,51,20.967741935483872,12.683870286313342,32.63945113965444,31.818181818181817,37.9746835443038,21.518987341772153,16.455696202531648,30.0,64.55696202531645
NPU,-2,apgdt/eps0.03_default,apgdt,eps0.03_default,20,110,79,62,10,31,27,17,42,43,16.129032258064516,9.003972354068436,27.206569309560642,28.18181818181818,34.177215189873415,21.518987341772153,12.658227848101262,38.18181818181819,54.43037974683544
NPU,-2,apgdt/eps0.03_default,apgdt,eps0.03_default,30,110,79,62,11,33,28,17,51,34,17.741935483870968,10.20633343436175,29.04180148338023,30.0,35.44303797468354,21.518987341772153,13.924050632911388,46.36363636363636,43.037974683544306
NPU,-2,apgdt/eps0.03_default,apgdt,eps0.03_default,40,110,79,62,14,35,31,17,63,21,22.58064516129032,13.955057139297955,34.405857540782726,31.818181818181817,39.24050632911392,21.518987341772153,17.721518987341767,57.27272727272727,26.582278481012654
NPU,-2,autoattack/eps0.03_standard,autoattack,eps0.03_standard,10,110,79,62,13,34,29,17,33,51,20.967741935483872,12.683870286313342,32.63945113965444,30.909090909090907,36.708860759493675,21.518987341772153,15.189873417721522,30.0,64.55696202531645
NPU,-2,autoattack/eps0.03_standard,autoattack,eps0.03_standard,20,110,79,62,9,27,26,17,42,43,14.516129032258066,7.829323056347006,25.34362535316917,24.545454545454547,32.91139240506329,21.518987341772153,11.392405063291136,38.18181818181819,54.43037974683544
NPU,-2,autoattack/eps0.03_standard,autoattack,eps0.03_standard,30,110,79,62,9,30,26,17,51,34,14.516129032258066,7.829323056347006,25.34362535316917,27.27272727272727,32.91139240506329,21.518987341772153,11.392405063291136,46.36363636363636,43.037974683544306
NPU,-2,autoattack/eps0.03_standard,autoattack,eps0.03_standard,40,110,79,62,8,30,25,17,63,21,12.903225806451612,6.685798258498754,23.449556896904518,27.27272727272727,31.645569620253166,21.518987341772153,10.126582278481013,57.27272727272727,26.582278481012654
NPU,-2,ead/package_default,ead,package_default,10,110,79,30,11,33,28,49,33,51,36.666666666666664,21.87370220401768,54.486753566395066,30.0,35.44303797468354,62.0253164556962,-26.582278481012658,30.0,64.55696202531645
NPU,-2,ead/package_default,ead,package_default,20,110,79,30,10,37,32,49,42,43,33.33333333333333,19.230295526846195,51.22027418616973,33.63636363636363,40.50632911392405,62.0253164556962,-21.518987341772146,38.18181818181819,54.43037974683544
NPU,-2,ead/package_default,ead,package_default,30,110,79,30,14,45,39,49,51,34,46.666666666666664,30.232127224128234,63.857986718474955,40.909090909090914,49.36708860759494,62.0253164556962,-12.658227848101262,46.36363636363636,43.037974683544306
NPU,-2,ead/package_default,ead,package_default,40,110,79,30,16,47,42,49,63,21,53.333333333333336,36.142013281525045,69.76787277587178,42.72727272727273,53.16455696202531,62.0253164556962,-8.86075949367089,57.27272727272727,26.582278481012654
NPU,-2,ALL/ALL_24,ALL,ALL_24,10,2640,1896,1052,205,766,668,844,792,1224,19.486692015209126,17.205895461424753,21.989529306835948,29.015151515151516,35.232067510548525,44.51476793248945,-9.282700421940923,30.0,64.55696202531645
NPU,-2,ALL/ALL_24,ALL,ALL_24,20,2640,1896,1052,153,782,686,844,1008,1032,14.543726235741444,12.542316257225906,16.80314616819852,29.62121212121212,36.18143459915612,44.51476793248945,-8.333333333333329,38.18181818181819,54.43037974683544
NPU,-2,ALL/ALL_24,ALL,ALL_24,30,2640,1896,1052,186,905,777,844,1224,816,17.680608365019012,15.49398693358832,20.10241313248221,34.28030303030303,40.98101265822785,44.51476793248945,-3.533755274261601,46.36363636363636,43.037974683544306
NPU,-2,ALL/ALL_24,ALL,ALL_24,40,2640,1896,1052,195,1002,866,844,1512,504,18.5361216730038,16.3038549723664,20.99734626842579,37.95454545454545,45.675105485232066,44.51476793248945,1.160337552742618,57.27272727272727,26.582278481012654
NPU,0,fgsm/eps0.005,fgsm,eps0.005,10,110,84,10,1,29,28,74,31,55,10.0,1.7875749515721129,40.41563854975721,26.36363636363636,33.33333333333333,88.09523809523809,-54.76190476190476,28.18181818181818,65.47619047619048
NPU,0,fgsm/eps0.005,fgsm,eps0.005,20,110,84,10,1,44,42,74,48,39,10.0,1.7875749515721129,40.41563854975721,40.0,50.0,88.09523809523809,-38.09523809523809,43.63636363636363,46.42857142857143
NPU,0,fgsm/eps0.005,fgsm,eps0.005,30,110,84,10,0,58,56,74,62,24,0.0,-2.7755575615628914e-15,27.75401687666166,52.72727272727272,66.66666666666666,88.09523809523809,-21.42857142857143,56.36363636363636,28.57142857142857
NPU,0,fgsm/eps0.005,fgsm,eps0.005,40,110,84,10,3,68,66,74,78,8,30.0,10.778928748621183,60.322678002043475,61.81818181818181,78.57142857142857,88.09523809523809,-9.523809523809518,70.9090909090909,9.523809523809524
NPU,0,fgsm/eps0.01,fgsm,eps0.01,10,110,84,27,5,31,29,57,31,55,18.51851851851852,8.18058657428532,36.69905650519175,28.18181818181818,34.523809523809526,67.85714285714286,-33.333333333333336,28.18181818181818,65.47619047619048
NPU,0,fgsm/eps0.01,fgsm,eps0.01,20,110,84,27,5,39,36,57,48,39,18.51851851851852,8.18058657428532,36.69905650519175,35.45454545454545,42.857142857142854,67.85714285714286,-25.000000000000007,43.63636363636363,46.42857142857143
NPU,0,fgsm/eps0.01,fgsm,eps0.01,30,110,84,27,7,55,51,57,62,24,25.925925925925924,13.170208422866777,44.67893040261568,50.0,60.71428571428571,67.85714285714286,-7.142857142857153,56.36363636363636,28.57142857142857
NPU,0,fgsm/eps0.01,fgsm,eps0.01,40,110,84,27,10,62,58,57,78,8,37.03703703703704,21.532287067936856,55.77109537655369,56.36363636363636,69.04761904761905,67.85714285714286,1.1904761904761898,70.9090909090909,9.523809523809524
NPU,0,fgsm/eps0.03,fgsm,eps0.03,10,110,84,56,10,31,28,28,31,55,17.857142857142858,9.999749741344178,29.84143097574895,28.18181818181818,33.33333333333333,33.33333333333333,0.0,28.18181818181818,65.47619047619048
NPU,0,fgsm/eps0.03,fgsm,eps0.03,20,110,84,56,8,32,29,28,48,39,14.285714285714285,7.42070004258528,25.736167420851526,29.09090909090909,34.523809523809526,33.33333333333333,1.190476190476197,43.63636363636363,46.42857142857143
NPU,0,fgsm/eps0.03,fgsm,eps0.03,30,110,84,56,5,33,28,28,62,24,8.928571428571429,3.8741577263088285,19.256239856643496,30.0,33.33333333333333,33.33333333333333,0.0,56.36363636363636,28.57142857142857
NPU,0,fgsm/eps0.03,fgsm,eps0.03,40,110,84,56,5,36,30,28,78,8,8.928571428571429,3.8741577263088285,19.256239856643496,32.72727272727273,35.714285714285715,33.33333333333333,2.3809523809523867,70.9090909090909,9.523809523809524
NPU,0,fgsm/eps0.05,fgsm,eps0.05,10,110,84,66,11,29,27,18,31,55,16.666666666666664,9.569485409199654,27.4308124075743,26.36363636363636,32.142857142857146,21.428571428571427,10.714285714285719,28.18181818181818,65.47619047619048
NPU,0,fgsm/eps0.05,fgsm,eps0.05,20,110,84,66,8,28,25,18,48,39,12.121212121212121,6.271770703368283,22.137658633874846,25.454545454545453,29.761904761904763,21.428571428571427,8.333333333333336,43.63636363636363,46.42857142857143
NPU,0,fgsm/eps0.05,fgsm,eps0.05,30,110,84,66,7,28,24,18,62,24,10.606060606060606,5.233280771918242,20.312525738814617,25.454545454545453,28.57142857142857,21.428571428571427,7.142857142857142,56.36363636363636,28.57142857142857
NPU,0,fgsm/eps0.05,fgsm,eps0.05,40,110,84,66,6,30,24,18,78,8,9.090909090909092,4.233239859139772,18.448943825082814,27.27272727272727,28.57142857142857,21.428571428571427,7.142857142857142,70.9090909090909,9.523809523809524
NPU,0,bim/eps0.03_default,bim,eps0.03_default,10,110,84,64,11,30,28,20,31,55,17.1875,9.87764126731623,28.21344149016591,27.27272727272727,33.33333333333333,23.809523809523807,9.523809523809522,28.18181818181818,65.47619047619048
NPU,0,bim/eps0.03_default,bim,eps0.03_default,20,110,84,64,7,32,26,20,48,39,10.9375,5.400044752683055,20.898863291938536,29.09090909090909,30.952380952380953,23.809523809523807,7.142857142857146,43.63636363636363,46.42857142857143
NPU,0,bim/eps0.03_default,bim,eps0.03_default,30,110,84,64,7,32,26,20,62,24,10.9375,5.400044752683055,20.898863291938536,29.09090909090909,30.952380952380953,23.809523809523807,7.142857142857146,56.36363636363636,28.57142857142857
NPU,0,bim/eps0.03_default,bim,eps0.03_default,40,110,84,64,6,31,25,20,78,8,9.375,4.3677657831287835,18.98309858327767,28.18181818181818,29.761904761904763,23.809523809523807,5.952380952380956,70.9090909090909,9.523809523809524
NPU,0,pgd/eps0.005,pgd,eps0.005,10,110,84,11,1,32,30,73,31,55,9.090909090909092,1.6231752262825971,37.73646254862038,29.09090909090909,35.714285714285715,86.90476190476191,-51.1904761904762,28.18181818181818,65.47619047619048
NPU,0,pgd/eps0.005,pgd,eps0.005,20,110,84,11,1,45,42,73,48,39,9.090909090909092,1.6231752262825971,37.73646254862038,40.909090909090914,50.0,86.90476190476191,-36.90476190476191,43.63636363636363,46.42857142857143
NPU,0,pgd/eps0.005,pgd,eps0.005,30,110,84,11,0,59,56,73,62,24,0.0,2.7755575615628914e-15,25.88400172488141,53.63636363636364,66.66666666666666,86.90476190476191,-20.238095238095255,56.36363636363636,28.57142857142857
NPU,0,pgd/eps0.005,pgd,eps0.005,40,110,84,11,4,70,68,73,78,8,36.36363636363637,15.166223614131383,64.62032231083627,63.63636363636363,80.95238095238095,86.90476190476191,-5.952380952380963,70.9090909090909,9.523809523809524
NPU,0,pgd/eps0.01,pgd,eps0.01,10,110,84,32,6,30,28,52,31,55,18.75,8.889423936162782,35.30949575492244,27.27272727272727,33.33333333333333,61.904761904761905,-28.571428571428577,28.18181818181818,65.47619047619048
NPU,0,pgd/eps0.01,pgd,eps0.01,20,110,84,32,5,40,36,52,48,39,15.625,6.8643191066272164,31.75449255356653,36.36363636363637,42.857142857142854,61.904761904761905,-19.04761904761905,43.63636363636363,46.42857142857143
NPU,0,pgd/eps0.01,pgd,eps0.01,30,110,84,32,8,51,46,52,62,24,25.0,13.25224398262155,42.10689177024663,46.36363636363636,54.761904761904766,61.904761904761905,-7.142857142857139,56.36363636363636,28.57142857142857
NPU,0,pgd/eps0.01,pgd,eps0.01,40,110,84,32,11,61,57,52,78,8,34.375,20.410233354328554,51.68922649121406,55.45454545454545,67.85714285714286,61.904761904761905,5.952380952380956,70.9090909090909,9.523809523809524
NPU,0,pgd/eps0.03,pgd,eps0.03,10,110,84,64,11,31,28,20,31,55,17.1875,9.87764126731623,28.21344149016591,28.18181818181818,33.33333333333333,23.809523809523807,9.523809523809522,28.18181818181818,65.47619047619048
NPU,0,pgd/eps0.03,pgd,eps0.03,20,110,84,64,8,32,26,20,48,39,12.5,6.4721653926208,22.774786330215925,29.09090909090909,30.952380952380953,23.809523809523807,7.142857142857146,43.63636363636363,46.42857142857143
NPU,0,pgd/eps0.03,pgd,eps0.03,30,110,84,64,5,30,24,20,62,24,7.8125,3.383067809543547,17.019752878647772,27.27272727272727,28.57142857142857,23.809523809523807,4.761904761904763,56.36363636363636,28.57142857142857
NPU,0,pgd/eps0.03,pgd,eps0.03,40,110,84,64,4,29,23,20,78,8,6.25,2.457080367479293,14.997696642496889,26.36363636363636,27.380952380952383,23.809523809523807,3.5714285714285765,70.9090909090909,9.523809523809524
NPU,0,mifgsm/eps0.03_default,mifgsm,eps0.03_default,10,110,84,64,10,29,27,20,31,55,15.625,8.714748876961673,26.428290202305327,26.36363636363636,32.142857142857146,23.809523809523807,8.33333333333334,28.18181818181818,65.47619047619048
NPU,0,mifgsm/eps0.03_default,mifgsm,eps0.03_default,20,110,84,64,6,30,25,20,48,39,9.375,4.3677657831287835,18.98309858327767,27.27272727272727,29.761904761904763,23.809523809523807,5.952380952380956,43.63636363636363,46.42857142857143
NPU,0,mifgsm/eps0.03_default,mifgsm,eps0.03_default,30,110,84,64,4,29,23,20,62,24,6.25,2.457080367479293,14.997696642496889,26.36363636363636,27.380952380952383,23.809523809523807,3.5714285714285765,56.36363636363636,28.57142857142857
NPU,0,mifgsm/eps0.03_default,mifgsm,eps0.03_default,40,110,84,64,5,31,25,20,78,8,7.8125,3.383067809543547,17.019752878647772,28.18181818181818,29.761904761904763,23.809523809523807,5.952380952380956,70.9090909090909,9.523809523809524
NPU,0,difgsm/eps0.03_default,difgsm,eps0.03_default,10,110,84,63,10,31,29,21,31,55,15.873015873015872,8.856997432352589,26.811807623181682,28.18181818181818,34.523809523809526,25.0,9.523809523809526,28.18181818181818,65.47619047619048
NPU,0,difgsm/eps0.03_default,difgsm,eps0.03_default,20,110,84,63,3,27,23,21,48,39,4.761904761904762,1.6325872842212417,13.091177556835826,24.545454545454547,27.380952380952383,25.0,2.380952380952383,43.63636363636363,46.42857142857143
NPU,0,difgsm/eps0.03_default,difgsm,eps0.03_default,30,110,84,63,1,27,21,21,62,24,1.5873015873015872,0.28074219075510876,8.45872544616561,24.545454545454547,25.0,25.0,0.0,56.36363636363636,28.57142857142857
NPU,0,difgsm/eps0.03_default,difgsm,eps0.03_default,40,110,84,63,2,28,22,21,78,8,3.1746031746031744,0.874934404029698,10.856681834959193,25.454545454545453,26.190476190476193,25.0,1.1904761904761934,70.9090909090909,9.523809523809524
NPU,0,vmifgsm/eps0.03_default,vmifgsm,eps0.03_default,10,110,84,64,11,30,28,20,31,55,17.1875,9.87764126731623,28.21344149016591,27.27272727272727,33.33333333333333,23.809523809523807,9.523809523809522,28.18181818181818,65.47619047619048
NPU,0,vmifgsm/eps0.03_default,vmifgsm,eps0.03_default,20,110,84,64,8,31,27,20,48,39,12.5,6.4721653926208,22.774786330215925,28.18181818181818,32.142857142857146,23.809523809523807,8.33333333333334,43.63636363636363,46.42857142857143
NPU,0,vmifgsm/eps0.03_default,vmifgsm,eps0.03_default,30,110,84,64,5,30,24,20,62,24,7.8125,3.383067809543547,17.019752878647772,27.27272727272727,28.57142857142857,23.809523809523807,4.761904761904763,56.36363636363636,28.57142857142857
NPU,0,vmifgsm/eps0.03_default,vmifgsm,eps0.03_default,40,110,84,64,4,30,24,20,78,8,6.25,2.457080367479293,14.997696642496889,27.27272727272727,28.57142857142857,23.809523809523807,4.761904761904763,70.9090909090909,9.523809523809524
NPU,0,vnifgsm/eps0.03_default,vnifgsm,eps0.03_default,10,110,84,64,11,31,28,20,31,55,17.1875,9.87764126731623,28.21344149016591,28.18181818181818,33.33333333333333,23.809523809523807,9.523809523809522,28.18181818181818,65.47619047619048
NPU,0,vnifgsm/eps0.03_default,vnifgsm,eps0.03_default,20,110,84,64,7,30,25,20,48,39,10.9375,5.400044752683055,20.898863291938536,27.27272727272727,29.761904761904763,23.809523809523807,5.952380952380956,43.63636363636363,46.42857142857143
NPU,0,vnifgsm/eps0.03_default,vnifgsm,eps0.03_default,30,110,84,64,8,33,27,20,62,24,12.5,6.4721653926208,22.774786330215925,30.0,32.142857142857146,23.809523809523807,8.33333333333334,56.36363636363636,28.57142857142857
NPU,0,vnifgsm/eps0.03_default,vnifgsm,eps0.03_default,40,110,84,64,4,30,24,20,78,8,6.25,2.457080367479293,14.997696642496889,27.27272727272727,28.57142857142857,23.809523809523807,4.761904761904763,70.9090909090909,9.523809523809524
NPU,0,rfgsm/eps0.03_default,rfgsm,eps0.03_default,10,110,84,64,12,31,29,20,31,55,18.75,11.064534880922098,29.974591554775177,28.18181818181818,34.523809523809526,23.809523809523807,10.714285714285719,28.18181818181818,65.47619047619048
NPU,0,rfgsm/eps0.03_default,rfgsm,eps0.03_default,20,110,84,64,7,31,26,20,48,39,10.9375,5.400044752683055,20.898863291938536,28.18181818181818,30.952380952380953,23.809523809523807,7.142857142857146,43.63636363636363,46.42857142857143
NPU,0,rfgsm/eps0.03_default,rfgsm,eps0.03_default,30,110,84,64,7,32,26,20,62,24,10.9375,5.400044752683055,20.898863291938536,29.09090909090909,30.952380952380953,23.809523809523807,7.142857142857146,56.36363636363636,28.57142857142857
NPU,0,rfgsm/eps0.03_default,rfgsm,eps0.03_default,40,110,84,64,6,31,25,20,78,8,9.375,4.3677657831287835,18.98309858327767,28.18181818181818,29.761904761904763,23.809523809523807,5.952380952380956,70.9090909090909,9.523809523809524
NPU,0,tpgd/eps0.03_default,tpgd,eps0.03_default,10,110,84,37,5,32,29,47,31,55,13.513513513513514,5.9132072625076235,27.97772747070557,29.09090909090909,34.523809523809526,55.952380952380956,-21.42857142857143,28.18181818181818,65.47619047619048
NPU,0,tpgd/eps0.03_default,tpgd,eps0.03_default,20,110,84,37,4,45,40,47,48,39,10.81081081081081,4.2851205205062675,24.708846415167162,40.909090909090914,47.61904761904761,55.952380952380956,-8.333333333333343,43.63636363636363,46.42857142857143
NPU,0,tpgd/eps0.03_default,tpgd,eps0.03_default,30,110,84,37,3,51,46,47,62,24,8.108108108108109,2.7960066396321386,21.300992498501532,46.36363636363636,54.761904761904766,55.952380952380956,-1.1904761904761898,56.36363636363636,28.57142857142857
NPU,0,tpgd/eps0.03_default,tpgd,eps0.03_default,40,110,84,37,4,54,49,47,78,8,10.81081081081081,4.2851205205062675,24.708846415167162,49.09090909090909,58.333333333333336,55.952380952380956,2.3809523809523796,70.9090909090909,9.523809523809524
NPU,0,cw/c1_steps20_lr0.01,cw,c1_steps20_lr0.01,10,110,84,52,11,30,28,32,31,55,21.153846153846153,12.244245849448491,34.032365135910084,27.27272727272727,33.33333333333333,38.095238095238095,-4.761904761904766,28.18181818181818,65.47619047619048
NPU,0,cw/c1_steps20_lr0.01,cw,c1_steps20_lr0.01,20,110,84,52,12,35,31,32,48,39,23.076923076923077,13.724127341871611,36.13404291112973,31.818181818181817,36.904761904761905,38.095238095238095,-1.1904761904761898,43.63636363636363,46.42857142857143
NPU,0,cw/c1_steps20_lr0.01,cw,c1_steps20_lr0.01,30,110,84,52,12,38,35,32,62,24,23.076923076923077,13.724127341871611,36.13404291112973,34.54545454545455,41.66666666666667,38.095238095238095,3.5714285714285765,56.36363636363636,28.57142857142857
NPU,0,cw/c1_steps20_lr0.01,cw,c1_steps20_lr0.01,40,110,84,52,25,54,51,32,78,8,48.07692307692308,35.10389470288445,61.31454602947278,49.09090909090909,60.71428571428571,38.095238095238095,22.619047619047613,70.9090909090909,9.523809523809524
NPU,0,deepfool/package_default,deepfool,package_default,10,110,84,44,13,30,27,40,31,55,29.545454545454547,18.155360887243294,44.22047938565727,27.27272727272727,32.142857142857146,47.61904761904761,-15.476190476190467,28.18181818181818,65.47619047619048
NPU,0,deepfool/package_default,deepfool,package_default,20,110,84,44,15,33,30,40,48,39,34.090909090909086,21.875632628639945,48.86113202806049,30.0,35.714285714285715,47.61904761904761,-11.904761904761898,43.63636363636363,46.42857142857143
NPU,0,deepfool/package_default,deepfool,package_default,30,110,84,44,21,42,40,40,62,24,47.72727272727273,33.75475794427176,62.0647798638283,38.18181818181819,47.61904761904761,47.61904761904761,0.0,56.36363636363636,28.57142857142857
NPU,0,deepfool/package_default,deepfool,package_default,40,110,84,44,27,56,53,40,78,8,61.36363636363637,46.623309846201664,74.27900111329802,50.90909090909091,63.095238095238095,47.61904761904761,15.476190476190482,70.9090909090909,9.523809523809524
NPU,0,fab/eps0.005,fab,eps0.005,10,110,84,1,1,31,29,83,31,55,100.0,20.654329147389294,100.0,28.18181818181818,34.523809523809526,98.80952380952381,-64.28571428571428,28.18181818181818,65.47619047619048
NPU,0,fab/eps0.005,fab,eps0.005,20,110,84,1,1,48,45,83,48,39,100.0,20.654329147389294,100.0,43.63636363636363,53.57142857142857,98.80952380952381,-45.23809523809524,43.63636363636363,46.42857142857143
NPU,0,fab/eps0.005,fab,eps0.005,30,110,84,1,0,60,58,83,62,24,0.0,0.0,79.34567085261071,54.54545454545454,69.04761904761905,98.80952380952381,-29.76190476190476,56.36363636363636,28.57142857142857
NPU,0,fab/eps0.005,fab,eps0.005,40,110,84,1,0,76,74,83,78,8,0.0,0.0,79.34567085261071,69.0909090909091,88.09523809523809,98.80952380952381,-10.714285714285722,70.9090909090909,9.523809523809524
NPU,0,fab/eps0.01,fab,eps0.01,10,110,84,12,3,30,28,72,31,55,25.0,8.894003962896138,53.231033912065996,27.27272727272727,33.33333333333333,85.71428571428571,-52.38095238095238,28.18181818181818,65.47619047619048
NPU,0,fab/eps0.01,fab,eps0.01,20,110,84,12,4,47,44,72,48,39,33.33333333333333,13.811783989736135,60.9382412602386,42.72727272727273,52.38095238095239,85.71428571428571,-33.33333333333332,43.63636363636363,46.42857142857143
NPU,0,fab/eps0.01,fab,eps0.01,30,110,84,12,5,58,56,72,62,24,41.66666666666667,19.325746190524658,68.04926643446272,52.72727272727272,66.66666666666666,85.71428571428571,-19.04761904761905,56.36363636363636,28.57142857142857
NPU,0,fab/eps0.01,fab,eps0.01,40,110,84,12,7,73,70,72,78,8,58.333333333333336,31.95073356553728,80.67425380947535,66.36363636363637,83.33333333333334,85.71428571428571,-2.3809523809523654,70.9090909090909,9.523809523809524
NPU,0,fab/eps0.03,fab,eps0.03,10,110,84,32,7,29,27,52,31,55,21.875,11.023696931531854,38.755330790444845,26.36363636363636,32.142857142857146,61.904761904761905,-29.76190476190476,28.18181818181818,65.47619047619048
NPU,0,fab/eps0.03,fab,eps0.03,20,110,84,32,10,34,32,52,48,39,31.25,17.952352116618737,48.56699969803239,30.909090909090907,38.095238095238095,61.904761904761905,-23.80952380952381,43.63636363636363,46.42857142857143
NPU,0,fab/eps0.03,fab,eps0.03,30,110,84,32,14,46,44,52,62,24,43.75,28.165085969443172,60.67469796877387,41.81818181818181,52.38095238095239,61.904761904761905,-9.523809523809518,56.36363636363636,28.57142857142857
NPU,0,fab/eps0.03,fab,eps0.03,40,110,84,32,20,59,56,52,78,8,62.5,45.25410058952512,77.06633153404078,53.63636363636364,66.66666666666666,61.904761904761905,4.761904761904752,70.9090909090909,9.523809523809524
NPU,0,square/eps0.03_default,square,eps0.03_default,10,110,84,52,11,32,30,32,31,55,21.153846153846153,12.244245849448491,34.032365135910084,29.09090909090909,35.714285714285715,38.095238095238095,-2.3809523809523796,28.18181818181818,65.47619047619048
NPU,0,square/eps0.03_default,square,eps0.03_default,20,110,84,52,11,33,32,32,48,39,21.153846153846153,12.244245849448491,34.032365135910084,30.0,38.095238095238095,38.095238095238095,0.0,43.63636363636363,46.42857142857143
NPU,0,square/eps0.03_default,square,eps0.03_default,30,110,84,52,10,33,31,32,62,24,19.230769230769234,10.795930648521072,31.89912106919475,30.0,36.904761904761905,38.095238095238095,-1.1904761904761898,56.36363636363636,28.57142857142857
NPU,0,square/eps0.03_default,square,eps0.03_default,40,110,84,52,16,42,39,32,78,8,30.76923076923077,19.91456239135352,44.269844932218874,38.18181818181819,46.42857142857143,38.095238095238095,8.333333333333336,70.9090909090909,9.523809523809524
NPU,0,apgd/eps0.03_default,apgd,eps0.03_default,10,110,84,64,12,32,30,20,31,55,18.75,11.064534880922098,29.974591554775177,29.09090909090909,35.714285714285715,23.809523809523807,11.904761904761909,28.18181818181818,65.47619047619048
NPU,0,apgd/eps0.03_default,apgd,eps0.03_default,20,110,84,64,7,31,26,20,48,39,10.9375,5.400044752683055,20.898863291938536,28.18181818181818,30.952380952380953,23.809523809523807,7.142857142857146,43.63636363636363,46.42857142857143
NPU,0,apgd/eps0.03_default,apgd,eps0.03_default,30,110,84,64,7,32,26,20,62,24,10.9375,5.400044752683055,20.898863291938536,29.09090909090909,30.952380952380953,23.809523809523807,7.142857142857146,56.36363636363636,28.57142857142857
NPU,0,apgd/eps0.03_default,apgd,eps0.03_default,40,110,84,64,5,31,25,20,78,8,7.8125,3.383067809543547,17.019752878647772,28.18181818181818,29.761904761904763,23.809523809523807,5.952380952380956,70.9090909090909,9.523809523809524
NPU,0,apgdt/eps0.03_default,apgdt,eps0.03_default,10,110,84,65,11,31,29,19,31,55,16.923076923076923,9.721118666132769,27.8166491951604,28.18181818181818,34.523809523809526,22.61904761904762,11.904761904761905,28.18181818181818,65.47619047619048
NPU,0,apgdt/eps0.03_default,apgdt,eps0.03_default,20,110,84,65,7,31,26,19,48,39,10.76923076923077,5.315354431925605,20.601533031468616,28.18181818181818,30.952380952380953,22.61904761904762,8.333333333333332,43.63636363636363,46.42857142857143
NPU,0,apgdt/eps0.03_default,apgdt,eps0.03_default,30,110,84,65,4,28,23,19,62,24,6.153846153846154,2.418866343656222,14.782360821313794,25.454545454545453,27.380952380952383,22.61904761904762,4.761904761904763,56.36363636363636,28.57142857142857
NPU,0,apgdt/eps0.03_default,apgdt,eps0.03_default,40,110,84,65,6,30,25,19,78,8,9.230769230769232,4.299450413746196,18.712216950173293,27.27272727272727,29.761904761904763,22.61904761904762,7.142857142857142,70.9090909090909,9.523809523809524
NPU,0,autoattack/eps0.03_standard,autoattack,eps0.03_standard,10,110,84,65,14,33,31,19,31,55,21.53846153846154,13.286637631048947,32.966790528668426,30.0,36.904761904761905,22.61904761904762,14.285714285714285,28.18181818181818,65.47619047619048
NPU,0,autoattack/eps0.03_standard,autoattack,eps0.03_standard,20,110,84,65,7,29,25,19,48,39,10.76923076923077,5.315354431925605,20.601533031468616,26.36363636363636,29.761904761904763,22.61904761904762,7.142857142857142,43.63636363636363,46.42857142857143
NPU,0,autoattack/eps0.03_standard,autoattack,eps0.03_standard,30,110,84,65,8,33,27,19,62,24,12.307692307692308,6.370391444937325,22.451716117931635,30.0,32.142857142857146,22.61904761904762,9.523809523809526,56.36363636363636,28.57142857142857
NPU,0,autoattack/eps0.03_standard,autoattack,eps0.03_standard,40,110,84,65,7,32,26,19,78,8,10.76923076923077,5.315354431925605,20.601533031468616,29.09090909090909,30.952380952380953,22.61904761904762,8.333333333333332,70.9090909090909,9.523809523809524
NPU,0,ead/package_default,ead,package_default,10,110,84,42,13,31,29,42,31,55,30.952380952380953,19.070926519722732,46.0262777663406,28.18181818181818,34.523809523809526,50.0,-15.476190476190474,28.18181818181818,65.47619047619048
NPU,0,ead/package_default,ead,package_default,20,110,84,42,14,39,36,42,48,39,33.33333333333333,21.01228076197232,48.447772988333085,35.45454545454545,42.857142857142854,50.0,-7.142857142857146,43.63636363636363,46.42857142857143
NPU,0,ead/package_default,ead,package_default,30,110,84,42,17,47,45,42,62,24,40.476190476190474,27.042647671209085,55.505954471822584,42.72727272727273,53.57142857142857,50.0,3.5714285714285694,56.36363636363636,28.57142857142857
NPU,0,ead/package_default,ead,package_default,40,110,84,42,24,58,55,42,78,8,57.14285714285714,42.20597791187447,70.8825704808518,52.72727272727272,65.47619047619048,50.0,15.476190476190482,70.9090909090909,9.523809523809524
NPU,0,ALL/ALL_24,ALL,ALL_24,10,2640,2016,1115,211,736,684,901,744,1320,18.923766816143498,16.732780208177676,21.328157104128202,27.878787878787882,33.92857142857143,44.692460317460316,-10.763888888888886,28.18181818181818,65.47619047619048
NPU,0,ALL/ALL_24,ALL,ALL_24,20,2640,2016,1115,166,846,755,901,1152,936,14.887892376681613,12.919115738312906,17.097787458708016,32.04545454545455,37.45039682539682,44.692460317460316,-7.242063492063494,43.63636363636363,46.42857142857143
NPU,0,ALL/ALL_24,ALL,ALL_24,30,2640,2016,1115,165,965,863,901,1488,576,14.798206278026907,12.834907879305673,17.003239004042253,36.553030303030305,42.807539682539684,44.692460317460316,-1.8849206349206327,56.36363636363636,28.57142857142857
NPU,0,ALL/ALL_24,ALL,ALL_24,40,2640,2016,1115,211,1102,994,901,1872,192,18.923766816143498,16.732780208177676,21.328157104128202,41.74242424242424,49.30555555555556,44.692460317460316,4.613095238095241,70.9090909090909,9.523809523809524
NPU,2,fgsm/eps0.005,fgsm,eps0.005,10,110,86,10,5,35,31,76,35,55,50.0,23.65895936154873,76.34104063845126,31.818181818181817,36.04651162790697,88.37209302325581,-52.32558139534884,31.818181818181817,63.95348837209303
NPU,2,fgsm/eps0.005,fgsm,eps0.005,20,110,86,10,5,63,57,76,63,27,50.0,23.65895936154873,76.34104063845126,57.27272727272727,66.27906976744185,88.37209302325581,-22.09302325581396,57.27272727272727,31.3953488372093
NPU,2,fgsm/eps0.005,fgsm,eps0.005,30,110,86,10,6,75,71,76,76,13,60.0,31.266954745018637,83.18224187964903,68.18181818181817,82.55813953488372,88.37209302325581,-5.813953488372093,69.0909090909091,15.11627906976744
NPU,2,fgsm/eps0.005,fgsm,eps0.005,40,110,86,10,5,78,74,76,81,7,50.0,23.65895936154873,76.34104063845126,70.9090909090909,86.04651162790698,88.37209302325581,-2.3255813953488342,73.63636363636363,8.13953488372093
NPU,2,fgsm/eps0.01,fgsm,eps0.01,10,110,86,19,8,34,30,67,35,55,42.10526315789473,23.14162039203038,63.72444853483989,30.909090909090907,34.883720930232556,77.90697674418605,-43.0232558139535,31.818181818181817,63.95348837209303
NPU,2,fgsm/eps0.01,fgsm,eps0.01,20,110,86,19,9,60,53,67,63,27,47.368421052631575,27.329505487448547,68.29251748817488,54.54545454545454,61.627906976744185,77.90697674418605,-16.279069767441868,57.27272727272727,31.3953488372093
NPU,2,fgsm/eps0.01,fgsm,eps0.01,30,110,86,19,7,70,64,67,76,13,36.84210526315789,19.149272376273842,58.96084250184328,63.63636363636363,74.4186046511628,77.90697674418605,-3.4883720930232585,69.0909090909091,15.11627906976744
NPU,2,fgsm/eps0.01,fgsm,eps0.01,40,110,86,19,5,69,65,67,81,7,26.31578947368421,11.806238339540162,48.791968441070644,62.727272727272734,75.5813953488372,77.90697674418605,-2.3255813953488484,73.63636363636363,8.13953488372093
NPU,2,fgsm/eps0.03,fgsm,eps0.03,10,110,86,54,12,33,29,32,35,55,22.22222222222222,13.195287989578958,34.938926831587814,30.0,33.72093023255814,37.2093023255814,-3.4883720930232585,31.818181818181817,63.95348837209303
NPU,2,fgsm/eps0.03,fgsm,eps0.03,20,110,86,54,6,36,30,32,63,27,11.11111111111111,5.192951817556753,22.19494893207673,32.72727272727273,34.883720930232556,37.2093023255814,-2.3255813953488413,57.27272727272727,31.3953488372093
NPU,2,fgsm/eps0.03,fgsm,eps0.03,30,110,86,54,8,38,34,32,76,13,14.814814814814813,7.702971308229412,26.600367465248496,34.54545454545455,39.53488372093023,37.2093023255814,2.3255813953488342,69.0909090909091,15.11627906976744
NPU,2,fgsm/eps0.03,fgsm,eps0.03,40,110,86,54,6,41,36,32,81,7,11.11111111111111,5.192951817556753,22.19494893207673,37.27272727272727,41.86046511627907,37.2093023255814,4.651162790697676,73.63636363636363,8.13953488372093
NPU,2,fgsm/eps0.05,fgsm,eps0.05,10,110,86,61,11,30,27,25,35,55,18.0327868852459,10.379034061426573,29.474393367878072,27.27272727272727,31.3953488372093,29.069767441860467,2.3255813953488342,31.818181818181817,63.95348837209303
NPU,2,fgsm/eps0.05,fgsm,eps0.05,20,110,86,61,4,30,27,25,63,27,6.557377049180328,2.579328695767287,15.68302140046723,27.27272727272727,31.3953488372093,29.069767441860467,2.3255813953488342,57.27272727272727,31.3953488372093
NPU,2,fgsm/eps0.05,fgsm,eps0.05,30,110,86,61,4,33,28,25,76,13,6.557377049180328,2.579328695767287,15.68302140046723,30.0,32.55813953488372,29.069767441860467,3.488372093023255,69.0909090909091,15.11627906976744
NPU,2,fgsm/eps0.05,fgsm,eps0.05,40,110,86,61,2,31,26,25,81,7,3.278688524590164,0.9037700815687875,11.189700776645692,28.18181818181818,30.23255813953488,29.069767441860467,1.1627906976744136,73.63636363636363,8.13953488372093
NPU,2,bim/eps0.03_default,bim,eps0.03_default,10,110,86,62,13,33,28,24,35,55,20.967741935483872,12.683870286313342,32.63945113965444,30.0,32.55813953488372,27.906976744186046,4.651162790697676,31.818181818181817,63.95348837209303
NPU,2,bim/eps0.03_default,bim,eps0.03_default,20,110,86,62,6,33,28,24,63,27,9.67741935483871,4.51112577973332,19.54904286744415,30.0,32.55813953488372,27.906976744186046,4.651162790697676,57.27272727272727,31.3953488372093
NPU,2,bim/eps0.03_default,bim,eps0.03_default,30,110,86,62,5,34,28,24,76,13,8.064516129032258,3.4937831855833754,17.528792207481192,30.909090909090907,32.55813953488372,27.906976744186046,4.651162790697676,69.0909090909091,15.11627906976744
NPU,2,bim/eps0.03_default,bim,eps0.03_default,40,110,86,62,5,34,29,24,81,7,8.064516129032258,3.4937831855833754,17.528792207481192,30.909090909090907,33.72093023255814,27.906976744186046,5.813953488372093,73.63636363636363,8.13953488372093
NPU,2,pgd/eps0.005,pgd,eps0.005,10,110,86,11,5,35,31,75,35,55,45.45454545454545,21.270957543988047,71.99122443100117,31.818181818181817,36.04651162790697,87.20930232558139,-51.16279069767442,31.818181818181817,63.95348837209303
NPU,2,pgd/eps0.005,pgd,eps0.005,20,110,86,11,5,63,58,75,63,27,45.45454545454545,21.270957543988047,71.99122443100117,57.27272727272727,67.44186046511628,87.20930232558139,-19.767441860465112,57.27272727272727,31.3953488372093
NPU,2,pgd/eps0.005,pgd,eps0.005,30,110,86,11,4,74,69,75,76,13,36.36363636363637,15.166223614131383,64.62032231083627,67.27272727272727,80.23255813953489,87.20930232558139,-6.976744186046503,69.0909090909091,15.11627906976744
NPU,2,pgd/eps0.005,pgd,eps0.005,40,110,86,11,4,76,73,75,81,7,36.36363636363637,15.166223614131383,64.62032231083627,69.0909090909091,84.88372093023256,87.20930232558139,-2.3255813953488342,73.63636363636363,8.13953488372093
NPU,2,pgd/eps0.01,pgd,eps0.01,10,110,86,22,8,34,30,64,35,55,36.36363636363637,19.732972772607898,57.04865065628195,30.909090909090907,34.883720930232556,74.4186046511628,-39.53488372093024,31.818181818181817,63.95348837209303
NPU,2,pgd/eps0.01,pgd,eps0.01,20,110,86,22,10,56,50,64,63,27,45.45454545454545,26.920014432004848,65.34052671095844,50.90909090909091,58.139534883720934,74.4186046511628,-16.27906976744186,57.27272727272727,31.3953488372093
NPU,2,pgd/eps0.01,pgd,eps0.01,30,110,86,22,11,68,61,64,76,13,50.0,30.72180469247956,69.27819530752043,61.81818181818181,70.93023255813954,74.4186046511628,-3.4883720930232585,69.0909090909091,15.11627906976744
NPU,2,pgd/eps0.01,pgd,eps0.01,40,110,86,22,9,72,67,64,81,7,40.909090909090914,23.25555966882038,61.26552261710619,65.45454545454545,77.90697674418605,74.4186046511628,3.4883720930232585,73.63636363636363,8.13953488372093
NPU,2,pgd/eps0.03,pgd,eps0.03,10,110,86,61,13,33,29,25,35,55,21.311475409836063,12.89965277061263,33.12265389671205,30.0,33.72093023255814,29.069767441860467,4.651162790697672,31.818181818181817,63.95348837209303
NPU,2,pgd/eps0.03,pgd,eps0.03,20,110,86,61,5,33,27,25,63,27,8.19672131147541,3.5519042911066308,17.7948854241379,30.0,31.3953488372093,29.069767441860467,2.3255813953488342,57.27272727272727,31.3953488372093
NPU,2,pgd/eps0.03,pgd,eps0.03,30,110,86,61,6,36,31,25,76,13,9.836065573770492,4.586395136730973,19.844834197523582,32.72727272727273,36.04651162790697,29.069767441860467,6.976744186046506,69.0909090909091,15.11627906976744
NPU,2,pgd/eps0.03,pgd,eps0.03,40,110,86,61,6,37,31,25,81,7,9.836065573770492,4.586395136730973,19.844834197523582,33.63636363636363,36.04651162790697,29.069767441860467,6.976744186046506,73.63636363636363,8.13953488372093
NPU,2,mifgsm/eps0.03_default,mifgsm,eps0.03_default,10,110,86,61,13,32,28,25,35,55,21.311475409836063,12.89965277061263,33.12265389671205,29.09090909090909,32.55813953488372,29.069767441860467,3.488372093023255,31.818181818181817,63.95348837209303
NPU,2,mifgsm/eps0.03_default,mifgsm,eps0.03_default,20,110,86,61,5,33,27,25,63,27,8.19672131147541,3.5519042911066308,17.7948854241379,30.0,31.3953488372093,29.069767441860467,2.3255813953488342,57.27272727272727,31.3953488372093
NPU,2,mifgsm/eps0.03_default,mifgsm,eps0.03_default,30,110,86,61,6,36,30,25,76,13,9.836065573770492,4.586395136730973,19.844834197523582,32.72727272727273,34.883720930232556,29.069767441860467,5.813953488372089,69.0909090909091,15.11627906976744
NPU,2,mifgsm/eps0.03_default,mifgsm,eps0.03_default,40,110,86,61,5,35,29,25,81,7,8.19672131147541,3.5519042911066308,17.7948854241379,31.818181818181817,33.72093023255814,29.069767441860467,4.651162790697672,73.63636363636363,8.13953488372093
NPU,2,difgsm/eps0.03_default,difgsm,eps0.03_default,10,110,86,58,11,32,29,28,35,55,18.96551724137931,10.934140042567437,30.852618385416307,29.09090909090909,33.72093023255814,32.55813953488372,1.1627906976744171,31.818181818181817,63.95348837209303
NPU,2,difgsm/eps0.03_default,difgsm,eps0.03_default,20,110,86,58,3,28,22,28,63,27,5.172413793103448,1.7745812831795673,14.139625335019185,25.454545454545453,25.581395348837212,32.55813953488372,-6.97674418604651,57.27272727272727,31.3953488372093
NPU,2,difgsm/eps0.03_default,difgsm,eps0.03_default,30,110,86,58,4,34,28,28,76,13,6.896551724137931,2.714380759816833,16.433894834605045,30.909090909090907,32.55813953488372,32.55813953488372,0.0,69.0909090909091,15.11627906976744
NPU,2,difgsm/eps0.03_default,difgsm,eps0.03_default,40,110,86,58,4,34,29,28,81,7,6.896551724137931,2.714380759816833,16.433894834605045,30.909090909090907,33.72093023255814,32.55813953488372,1.1627906976744171,73.63636363636363,8.13953488372093
NPU,2,vmifgsm/eps0.03_default,vmifgsm,eps0.03_default,10,110,86,62,13,32,28,24,35,55,20.967741935483872,12.683870286313342,32.63945113965444,29.09090909090909,32.55813953488372,27.906976744186046,4.651162790697676,31.818181818181817,63.95348837209303
NPU,2,vmifgsm/eps0.03_default,vmifgsm,eps0.03_default,20,110,86,62,6,35,28,24,63,27,9.67741935483871,4.51112577973332,19.54904286744415,31.818181818181817,32.55813953488372,27.906976744186046,4.651162790697676,57.27272727272727,31.3953488372093
NPU,2,vmifgsm/eps0.03_default,vmifgsm,eps0.03_default,30,110,86,62,6,36,30,24,76,13,9.67741935483871,4.51112577973332,19.54904286744415,32.72727272727273,34.883720930232556,27.906976744186046,6.97674418604651,69.0909090909091,15.11627906976744
NPU,2,vmifgsm/eps0.03_default,vmifgsm,eps0.03_default,40,110,86,62,5,35,29,24,81,7,8.064516129032258,3.4937831855833754,17.528792207481192,31.818181818181817,33.72093023255814,27.906976744186046,5.813953488372093,73.63636363636363,8.13953488372093
NPU,2,vnifgsm/eps0.03_default,vnifgsm,eps0.03_default,10,110,86,62,13,33,29,24,35,55,20.967741935483872,12.683870286313342,32.63945113965444,30.0,33.72093023255814,27.906976744186046,5.813953488372093,31.818181818181817,63.95348837209303
NPU,2,vnifgsm/eps0.03_default,vnifgsm,eps0.03_default,20,110,86,62,6,34,28,24,63,27,9.67741935483871,4.51112577973332,19.54904286744415,30.909090909090907,32.55813953488372,27.906976744186046,4.651162790697676,57.27272727272727,31.3953488372093
NPU,2,vnifgsm/eps0.03_default,vnifgsm,eps0.03_default,30,110,86,62,6,35,29,24,76,13,9.67741935483871,4.51112577973332,19.54904286744415,31.818181818181817,33.72093023255814,27.906976744186046,5.813953488372093,69.0909090909091,15.11627906976744
NPU,2,vnifgsm/eps0.03_default,vnifgsm,eps0.03_default,40,110,86,62,4,33,28,24,81,7,6.451612903225806,2.5372494807644004,15.447732658187267,30.0,32.55813953488372,27.906976744186046,4.651162790697676,73.63636363636363,8.13953488372093
NPU,2,rfgsm/eps0.03_default,rfgsm,eps0.03_default,10,110,86,62,14,33,29,24,35,55,22.58064516129032,13.955057139297955,34.405857540782726,30.0,33.72093023255814,27.906976744186046,5.813953488372093,31.818181818181817,63.95348837209303
NPU,2,rfgsm/eps0.03_default,rfgsm,eps0.03_default,20,110,86,62,5,33,27,24,63,27,8.064516129032258,3.4937831855833754,17.528792207481192,30.0,31.3953488372093,27.906976744186046,3.488372093023255,57.27272727272727,31.3953488372093
NPU,2,rfgsm/eps0.03_default,rfgsm,eps0.03_default,30,110,86,62,7,36,30,24,76,13,11.29032258064516,5.577792691334926,21.51996920995545,32.72727272727273,34.883720930232556,27.906976744186046,6.97674418604651,69.0909090909091,15.11627906976744
NPU,2,rfgsm/eps0.03_default,rfgsm,eps0.03_default,40,110,86,62,5,35,29,24,81,7,8.064516129032258,3.4937831855833754,17.528792207481192,31.818181818181817,33.72093023255814,27.906976744186046,5.813953488372093,73.63636363636363,8.13953488372093
NPU,2,tpgd/eps0.03_default,tpgd,eps0.03_default,10,110,86,38,11,36,31,48,35,55,28.947368421052634,17.003106263656132,44.757438266189766,32.72727272727273,36.04651162790697,55.81395348837209,-19.76744186046512,31.818181818181817,63.95348837209303
NPU,2,tpgd/eps0.03_default,tpgd,eps0.03_default,20,110,86,38,3,46,42,48,63,27,7.894736842105263,2.721410139426493,20.79967892026529,41.81818181818181,48.837209302325576,55.81395348837209,-6.976744186046517,57.27272727272727,31.3953488372093
NPU,2,tpgd/eps0.03_default,tpgd,eps0.03_default,30,110,86,38,4,50,46,48,76,13,10.526315789473683,4.170189793266579,24.130831200194468,45.45454545454545,53.48837209302325,55.81395348837209,-2.3255813953488413,69.0909090909091,15.11627906976744
NPU,2,tpgd/eps0.03_default,tpgd,eps0.03_default,40,110,86,38,4,52,49,48,81,7,10.526315789473683,4.170189793266579,24.130831200194468,47.27272727272727,56.97674418604651,55.81395348837209,1.1627906976744171,73.63636363636363,8.13953488372093
NPU,2,cw/c1_steps20_lr0.01,cw,c1_steps20_lr0.01,10,110,86,52,12,34,30,34,35,55,23.076923076923077,13.724127341871611,36.13404291112973,30.909090909090907,34.883720930232556,39.53488372093023,-4.651162790697676,31.818181818181817,63.95348837209303
NPU,2,cw/c1_steps20_lr0.01,cw,c1_steps20_lr0.01,20,110,86,52,13,45,42,34,63,27,25.0,15.233011761438863,38.20671775920523,40.909090909090914,48.837209302325576,39.53488372093023,9.302325581395344,57.27272727272727,31.3953488372093
NPU,2,cw/c1_steps20_lr0.01,cw,c1_steps20_lr0.01,30,110,86,52,19,51,48,34,76,13,36.53846153846153,24.80051371130184,50.12857141519882,46.36363636363636,55.81395348837209,39.53488372093023,16.27906976744186,69.0909090909091,15.11627906976744
NPU,2,cw/c1_steps20_lr0.01,cw,c1_steps20_lr0.01,40,110,86,52,25,58,55,34,81,7,48.07692307692308,35.10389470288445,61.31454602947278,52.72727272727272,63.95348837209303,39.53488372093023,24.418604651162795,73.63636363636363,8.13953488372093
NPU,2,deepfool/package_default,deepfool,package_default,10,110,86,46,14,34,30,40,35,55,30.434782608695656,19.079670807448903,44.80591874023817,30.909090909090907,34.883720930232556,46.51162790697674,-11.627906976744185,31.818181818181817,63.95348837209303
NPU,2,deepfool/package_default,deepfool,package_default,20,110,86,46,16,44,40,40,63,27,34.78260869565217,22.680806269918055,49.23020782272744,40.0,46.51162790697674,46.51162790697674,0.0,57.27272727272727,31.3953488372093
NPU,2,deepfool/package_default,deepfool,package_default,30,110,86,46,23,52,49,40,76,13,50.0,36.11870167007236,63.88129832992764,47.27272727272727,56.97674418604651,46.51162790697674,10.465116279069768,69.0909090909091,15.11627906976744
NPU,2,deepfool/package_default,deepfool,package_default,40,110,86,46,26,54,53,40,81,7,56.52173913043478,42.24718277662822,69.79095404080941,49.09090909090909,61.627906976744185,46.51162790697674,15.116279069767444,73.63636363636363,8.13953488372093
NPU,2,fab/eps0.005,fab,eps0.005,10,110,86,6,3,35,31,80,35,55,50.0,18.761280689940868,81.23871931005912,31.818181818181817,36.04651162790697,93.02325581395348,-56.97674418604651,31.818181818181817,63.95348837209303
NPU,2,fab/eps0.005,fab,eps0.005,20,110,86,6,3,63,59,80,63,27,50.0,18.761280689940868,81.23871931005912,57.27272727272727,68.6046511627907,93.02325581395348,-24.41860465116278,57.27272727272727,31.3953488372093
NPU,2,fab/eps0.005,fab,eps0.005,30,110,86,6,4,75,72,80,76,13,66.66666666666666,29.998832134152863,90.3230667440783,68.18181818181817,83.72093023255815,93.02325581395348,-9.302325581395337,69.0909090909091,15.11627906976744
NPU,2,fab/eps0.005,fab,eps0.005,40,110,86,6,4,81,79,80,81,7,66.66666666666666,29.998832134152863,90.3230667440783,73.63636363636363,91.86046511627907,93.02325581395348,-1.16279069767441,73.63636363636363,8.13953488372093
NPU,2,fab/eps0.01,fab,eps0.01,10,110,86,14,8,35,31,72,35,55,57.14285714285714,32.59026690286936,78.61949006959948,31.818181818181817,36.04651162790697,83.72093023255815,-47.67441860465117,31.818181818181817,63.95348837209303
NPU,2,fab/eps0.01,fab,eps0.01,20,110,86,14,8,64,59,72,63,27,57.14285714285714,32.59026690286936,78.61949006959948,58.18181818181818,68.6046511627907,83.72093023255815,-15.116279069767444,57.27272727272727,31.3953488372093
NPU,2,fab/eps0.01,fab,eps0.01,30,110,86,14,10,75,71,72,76,13,71.42857142857143,45.35045882751561,88.2788120898909,68.18181818181817,82.55813953488372,83.72093023255815,-1.1627906976744242,69.0909090909091,15.11627906976744
NPU,2,fab/eps0.01,fab,eps0.01,40,110,86,14,10,80,77,72,81,7,71.42857142857143,45.35045882751561,88.2788120898909,72.72727272727273,89.53488372093024,83.72093023255815,5.813953488372093,73.63636363636363,8.13953488372093
NPU,2,fab/eps0.03,fab,eps0.03,10,110,86,39,12,34,30,47,35,55,30.76923076923077,18.56575344598306,46.4215486155646,30.909090909090907,34.883720930232556,54.65116279069767,-19.767441860465112,31.818181818181817,63.95348837209303
NPU,2,fab/eps0.03,fab,eps0.03,20,110,86,39,15,49,44,47,63,27,38.46153846153847,24.891162547007063,54.10121868992154,44.54545454545455,51.162790697674424,54.65116279069767,-3.4883720930232442,57.27272727272727,31.3953488372093
NPU,2,fab/eps0.03,fab,eps0.03,30,110,86,39,22,59,55,47,76,13,56.41025641025641,40.9754234745221,70.69547583829534,53.63636363636364,63.95348837209303,54.65116279069767,9.302325581395358,69.0909090909091,15.11627906976744
NPU,2,fab/eps0.03,fab,eps0.03,40,110,86,39,22,58,56,47,81,7,56.41025641025641,40.9754234745221,70.69547583829534,52.72727272727272,65.11627906976744,54.65116279069767,10.465116279069775,73.63636363636363,8.13953488372093
NPU,2,square/eps0.03_default,square,eps0.03_default,10,110,86,50,10,32,27,36,35,55,20.0,11.243629945973886,33.03737210448524,29.09090909090909,31.3953488372093,41.86046511627907,-10.465116279069772,31.818181818181817,63.95348837209303
NPU,2,square/eps0.03_default,square,eps0.03_default,20,110,86,50,11,37,34,36,63,27,22.0,12.753786224302289,35.24181568945956,33.63636363636363,39.53488372093023,41.86046511627907,-2.3255813953488413,57.27272727272727,31.3953488372093
NPU,2,square/eps0.03_default,square,eps0.03_default,30,110,86,50,11,40,36,36,76,13,22.0,12.753786224302289,35.24181568945956,36.36363636363637,41.86046511627907,41.86046511627907,0.0,69.0909090909091,15.11627906976744
NPU,2,square/eps0.03_default,square,eps0.03_default,40,110,86,50,11,42,38,36,81,7,22.0,12.753786224302289,35.24181568945956,38.18181818181819,44.18604651162791,41.86046511627907,2.3255813953488342,73.63636363636363,8.13953488372093
NPU,2,apgd/eps0.03_default,apgd,eps0.03_default,10,110,86,62,13,31,28,24,35,55,20.967741935483872,12.683870286313342,32.63945113965444,28.18181818181818,32.55813953488372,27.906976744186046,4.651162790697676,31.818181818181817,63.95348837209303
NPU,2,apgd/eps0.03_default,apgd,eps0.03_default,20,110,86,62,6,35,30,24,63,27,9.67741935483871,4.51112577973332,19.54904286744415,31.818181818181817,34.883720930232556,27.906976744186046,6.97674418604651,57.27272727272727,31.3953488372093
NPU,2,apgd/eps0.03_default,apgd,eps0.03_default,30,110,86,62,6,36,30,24,76,13,9.67741935483871,4.51112577973332,19.54904286744415,32.72727272727273,34.883720930232556,27.906976744186046,6.97674418604651,69.0909090909091,15.11627906976744
NPU,2,apgd/eps0.03_default,apgd,eps0.03_default,40,110,86,62,6,35,30,24,81,7,9.67741935483871,4.51112577973332,19.54904286744415,31.818181818181817,34.883720930232556,27.906976744186046,6.97674418604651,73.63636363636363,8.13953488372093
NPU,2,apgdt/eps0.03_default,apgdt,eps0.03_default,10,110,86,65,12,31,27,21,35,55,18.461538461538463,10.888765378062985,29.554222582704913,28.18181818181818,31.3953488372093,24.418604651162788,6.976744186046513,31.818181818181817,63.95348837209303
NPU,2,apgdt/eps0.03_default,apgdt,eps0.03_default,20,110,86,65,6,32,27,21,63,27,9.230769230769232,4.299450413746196,18.712216950173293,29.09090909090909,31.3953488372093,24.418604651162788,6.976744186046513,57.27272727272727,31.3953488372093
NPU,2,apgdt/eps0.03_default,apgdt,eps0.03_default,30,110,86,65,7,34,28,21,76,13,10.76923076923077,5.315354431925605,20.601533031468616,30.909090909090907,32.55813953488372,24.418604651162788,8.139534883720934,69.0909090909091,15.11627906976744
NPU,2,apgdt/eps0.03_default,apgdt,eps0.03_default,40,110,86,65,8,34,29,21,81,7,12.307692307692308,6.370391444937325,22.451716117931635,30.909090909090907,33.72093023255814,24.418604651162788,9.302325581395351,73.63636363636363,8.13953488372093
NPU,2,autoattack/eps0.03_standard,autoattack,eps0.03_standard,10,110,86,65,14,31,28,21,35,55,21.53846153846154,13.286637631048947,32.966790528668426,28.18181818181818,32.55813953488372,24.418604651162788,8.139534883720934,31.818181818181817,63.95348837209303
NPU,2,autoattack/eps0.03_standard,autoattack,eps0.03_standard,20,110,86,65,6,34,26,21,63,27,9.230769230769232,4.299450413746196,18.712216950173293,30.909090909090907,30.23255813953488,24.418604651162788,5.813953488372093,57.27272727272727,31.3953488372093
NPU,2,autoattack/eps0.03_standard,autoattack,eps0.03_standard,30,110,86,65,7,33,28,21,76,13,10.76923076923077,5.315354431925605,20.601533031468616,30.0,32.55813953488372,24.418604651162788,8.139534883720934,69.0909090909091,15.11627906976744
NPU,2,autoattack/eps0.03_standard,autoattack,eps0.03_standard,40,110,86,65,5,30,25,21,81,7,7.6923076923076925,3.330301045885137,16.776146218559614,27.27272727272727,29.069767441860467,24.418604651162788,4.651162790697679,73.63636363636363,8.13953488372093
NPU,2,ead/package_default,ead,package_default,10,110,86,39,11,35,31,47,35,55,28.205128205128204,16.543325013943296,43.77561732247738,31.818181818181817,36.04651162790697,54.65116279069767,-18.604651162790695,31.818181818181817,63.95348837209303
NPU,2,ead/package_default,ead,package_default,20,110,86,39,14,49,44,47,63,27,35.8974358974359,22.741884696491105,51.5821368153105,44.54545454545455,51.162790697674424,54.65116279069767,-3.4883720930232442,57.27272727272727,31.3953488372093
NPU,2,ead/package_default,ead,package_default,30,110,86,39,19,61,57,47,76,13,48.717948717948715,33.86492878313309,63.800891354303424,55.45454545454545,66.27906976744185,54.65116279069767,11.627906976744185,69.0909090909091,15.11627906976744
NPU,2,ead/package_default,ead,package_default,40,110,86,39,25,65,62,47,81,7,64.1025641025641,48.4178631846895,77.2581153035089,59.09090909090909,72.09302325581395,54.65116279069767,17.441860465116278,73.63636363636363,8.13953488372093
NPU,2,ALL/ALL_24,ALL,ALL_24,10,2640,2064,1081,259,797,702,983,840,1320,23.959296947271046,21.509842106791133,26.59318049116234,30.189393939393938,34.01162790697674,47.62596899224806,-13.61434108527132,31.818181818181817,63.95348837209303
NPU,2,ALL/ALL_24,ALL,ALL_24,20,2640,2064,1081,176,1035,909,983,1512,648,16.28122109158187,14.200393662486091,18.60085584711974,39.20454545454545,44.0406976744186,47.62596899224806,-3.5852713178294593,57.27272727272727,31.3953488372093
NPU,2,ALL/ALL_24,ALL,ALL_24,30,2640,2064,1081,212,1171,1053,983,1824,312,19.611470860314522,17.353842839230495,22.084320299056238,44.3560606060606,51.01744186046512,47.62596899224806,3.3914728682170576,69.0909090909091,15.11627906976744
NPU,2,ALL/ALL_24,ALL,ALL_24,40,2640,2064,1081,211,1199,1098,983,1944,168,19.518963922294173,17.265867465137507,21.987936961241424,45.416666666666664,53.19767441860465,47.62596899224806,5.571705426356587,73.63636363636363,8.13953488372093
NPU,4,fgsm/eps0.005,fgsm,eps0.005,10,110,89,10,5,35,33,79,35,56,50.0,23.65895936154873,76.34104063845126,31.818181818181817,37.07865168539326,88.76404494382022,-51.68539325842696,31.818181818181817,62.92134831460674
NPU,4,fgsm/eps0.005,fgsm,eps0.005,20,110,89,10,4,69,67,79,75,17,40.0,16.817758120350966,68.73304525498135,62.727272727272734,75.28089887640449,88.76404494382022,-13.483146067415731,68.18181818181817,19.101123595505616
NPU,4,fgsm/eps0.005,fgsm,eps0.005,30,110,89,10,5,78,77,79,81,9,50.0,23.65895936154873,76.34104063845126,70.9090909090909,86.51685393258427,88.76404494382022,-2.247191011235955,73.63636363636363,10.112359550561797
NPU,4,fgsm/eps0.005,fgsm,eps0.005,40,110,89,10,4,81,79,79,88,3,40.0,16.817758120350966,68.73304525498135,73.63636363636363,88.76404494382022,88.76404494382022,0.0,80.0,3.3707865168539324
NPU,4,fgsm/eps0.01,fgsm,eps0.01,10,110,89,14,8,34,32,75,35,56,57.14285714285714,32.59026690286936,78.61949006959948,30.909090909090907,35.95505617977528,84.26966292134831,-48.31460674157303,31.818181818181817,62.92134831460674
NPU,4,fgsm/eps0.01,fgsm,eps0.01,20,110,89,14,6,65,63,75,75,17,42.857142857142854,21.380509930400528,67.40973309713064,59.09090909090909,70.78651685393258,84.26966292134831,-13.483146067415731,68.18181818181817,19.101123595505616
NPU,4,fgsm/eps0.01,fgsm,eps0.01,30,110,89,14,4,72,69,75,81,9,28.57142857142857,11.721187910109098,54.64954117248438,65.45454545454545,77.52808988764045,84.26966292134831,-6.741573033707866,73.63636363636363,10.112359550561797
NPU,4,fgsm/eps0.01,fgsm,eps0.01,40,110,89,14,4,73,71,75,88,3,28.57142857142857,11.721187910109098,54.64954117248438,66.36363636363637,79.7752808988764,84.26966292134831,-4.49438202247191,80.0,3.3707865168539324
NPU,4,fgsm/eps0.03,fgsm,eps0.03,10,110,89,46,13,33,31,43,35,56,28.26086956521739,17.32404154491407,42.548835730293774,30.0,34.831460674157306,48.31460674157304,-13.483146067415731,31.818181818181817,62.92134831460674
NPU,4,fgsm/eps0.03,fgsm,eps0.03,20,110,89,46,6,41,40,43,75,17,13.043478260869565,6.117757137492025,25.666134230361333,37.27272727272727,44.9438202247191,48.31460674157304,-3.37078651685394,68.18181818181817,19.101123595505616
NPU,4,fgsm/eps0.03,fgsm,eps0.03,30,110,89,46,4,44,42,43,81,9,8.695652173913043,3.4335311876707477,20.32493563522418,40.0,47.19101123595505,48.31460674157304,-1.1235955056179847,73.63636363636363,10.112359550561797
NPU,4,fgsm/eps0.03,fgsm,eps0.03,40,110,89,46,3,48,46,43,88,3,6.521739130434782,2.242745446634356,17.50300910378136,43.63636363636363,51.68539325842697,48.31460674157304,3.370786516853933,80.0,3.3707865168539324
NPU,4,fgsm/eps0.05,fgsm,eps0.05,10,110,89,60,14,32,31,29,35,56,23.333333333333332,14.43943161843107,35.436511340392016,29.09090909090909,34.831460674157306,32.58426966292135,2.247191011235955,31.818181818181817,62.92134831460674
NPU,4,fgsm/eps0.05,fgsm,eps0.05,20,110,89,60,8,36,33,29,75,17,13.333333333333334,6.914026978309641,24.165394590072104,32.72727272727273,37.07865168539326,32.58426966292135,4.49438202247191,68.18181818181817,19.101123595505616
NPU,4,fgsm/eps0.05,fgsm,eps0.05,30,110,89,60,5,34,31,29,81,9,8.333333333333332,3.611992405048589,18.06916846811248,30.909090909090907,34.831460674157306,32.58426966292135,2.247191011235955,73.63636363636363,10.112359550561797
NPU,4,fgsm/eps0.05,fgsm,eps0.05,40,110,89,60,5,36,32,29,88,3,8.333333333333332,3.611992405048589,18.06916846811248,32.72727272727273,35.95505617977528,32.58426966292135,3.370786516853933,80.0,3.3707865168539324
NPU,4,bim/eps0.03_default,bim,eps0.03_default,10,110,89,57,15,34,32,32,35,56,26.31578947368421,16.645642421847707,38.97682641526373,30.909090909090907,35.95505617977528,35.95505617977528,0.0,31.818181818181817,62.92134831460674
NPU,4,bim/eps0.03_default,bim,eps0.03_default,20,110,89,57,6,35,34,32,75,17,10.526315789473683,4.914398953912691,21.123049107939725,31.818181818181817,38.20224719101123,35.95505617977528,2.247191011235948,68.18181818181817,19.101123595505616
NPU,4,bim/eps0.03_default,bim,eps0.03_default,30,110,89,57,5,36,36,32,81,9,8.771929824561402,3.805111076663829,18.945112454604246,32.72727272727273,40.44943820224719,35.95505617977528,4.494382022471903,73.63636363636363,10.112359550561797
NPU,4,bim/eps0.03_default,bim,eps0.03_default,40,110,89,57,5,37,37,32,88,3,8.771929824561402,3.805111076663829,18.945112454604246,33.63636363636363,41.57303370786517,35.95505617977528,5.617977528089888,80.0,3.3707865168539324
NPU,4,pgd/eps0.005,pgd,eps0.005,10,110,89,10,5,35,33,79,35,56,50.0,23.65895936154873,76.34104063845126,31.818181818181817,37.07865168539326,88.76404494382022,-51.68539325842696,31.818181818181817,62.92134831460674
NPU,4,pgd/eps0.005,pgd,eps0.005,20,110,89,10,4,71,69,79,75,17,40.0,16.817758120350966,68.73304525498135,64.54545454545455,77.52808988764045,88.76404494382022,-11.235955056179776,68.18181818181817,19.101123595505616
NPU,4,pgd/eps0.005,pgd,eps0.005,30,110,89,10,5,77,76,79,81,9,50.0,23.65895936154873,76.34104063845126,70.0,85.39325842696628,88.76404494382022,-3.37078651685394,73.63636363636363,10.112359550561797
NPU,4,pgd/eps0.005,pgd,eps0.005,40,110,89,10,5,82,80,79,88,3,50.0,23.65895936154873,76.34104063845126,74.54545454545455,89.8876404494382,88.76404494382022,1.1235955056179705,80.0,3.3707865168539324
NPU,4,pgd/eps0.01,pgd,eps0.01,10,110,89,19,11,33,32,70,35,56,57.89473684210527,36.275551465160106,76.85837960796962,30.0,35.95505617977528,78.65168539325843,-42.69662921348315,31.818181818181817,62.92134831460674
NPU,4,pgd/eps0.01,pgd,eps0.01,20,110,89,19,9,67,65,70,75,17,47.368421052631575,27.329505487448547,68.29251748817488,60.909090909090914,73.03370786516854,78.65168539325843,-5.617977528089895,68.18181818181817,19.101123595505616
NPU,4,pgd/eps0.01,pgd,eps0.01,30,110,89,19,6,70,67,70,81,9,31.57894736842105,15.364171004428599,53.98998982493537,63.63636363636363,75.28089887640449,78.65168539325843,-3.37078651685394,73.63636363636363,10.112359550561797
NPU,4,pgd/eps0.01,pgd,eps0.01,40,110,89,19,8,72,70,70,88,3,42.10526315789473,23.14162039203038,63.72444853483989,65.45454545454545,78.65168539325843,78.65168539325843,0.0,80.0,3.3707865168539324
NPU,4,pgd/eps0.03,pgd,eps0.03,10,110,89,56,14,35,32,33,35,56,25.0,15.516915222973843,37.69289200143193,31.818181818181817,35.95505617977528,37.07865168539326,-1.1235955056179776,31.818181818181817,62.92134831460674
NPU,4,pgd/eps0.03,pgd,eps0.03,20,110,89,56,5,34,34,33,75,17,8.928571428571429,3.8741577263088285,19.256239856643496,30.909090909090907,38.20224719101123,37.07865168539326,1.1235955056179705,68.18181818181817,19.101123595505616
NPU,4,pgd/eps0.03,pgd,eps0.03,30,110,89,56,6,36,36,33,81,9,10.714285714285714,5.003867458119086,21.468686751661398,32.72727272727273,40.44943820224719,37.07865168539326,3.3707865168539257,73.63636363636363,10.112359550561797
NPU,4,pgd/eps0.03,pgd,eps0.03,40,110,89,56,5,36,36,33,88,3,8.928571428571429,3.8741577263088285,19.256239856643496,32.72727272727273,40.44943820224719,37.07865168539326,3.3707865168539257,80.0,3.3707865168539324
NPU,4,mifgsm/eps0.03_default,mifgsm,eps0.03_default,10,110,89,56,12,32,30,33,35,56,21.428571428571427,12.7057803147445,33.81971365600494,29.09090909090909,33.70786516853933,37.07865168539326,-3.370786516853933,31.818181818181817,62.92134831460674
NPU,4,mifgsm/eps0.03_default,mifgsm,eps0.03_default,20,110,89,56,5,35,33,33,75,17,8.928571428571429,3.8741577263088285,19.256239856643496,31.818181818181817,37.07865168539326,37.07865168539326,0.0,68.18181818181817,19.101123595505616
NPU,4,mifgsm/eps0.03_default,mifgsm,eps0.03_default,30,110,89,56,5,37,37,33,81,9,8.928571428571429,3.8741577263088285,19.256239856643496,33.63636363636363,41.57303370786517,37.07865168539326,4.49438202247191,73.63636363636363,10.112359550561797
NPU,4,mifgsm/eps0.03_default,mifgsm,eps0.03_default,40,110,89,56,3,37,36,33,88,3,5.357142857142857,1.838544792866792,14.607539536429218,33.63636363636363,40.44943820224719,37.07865168539326,3.3707865168539257,80.0,3.3707865168539324
NPU,4,difgsm/eps0.03_default,difgsm,eps0.03_default,10,110,89,52,13,33,32,37,35,56,25.0,15.233011761438863,38.20671775920523,30.0,35.95505617977528,41.57303370786517,-5.617977528089888,31.818181818181817,62.92134831460674
NPU,4,difgsm/eps0.03_default,difgsm,eps0.03_default,20,110,89,52,2,29,28,37,75,17,3.8461538461538463,1.0611488322077554,12.981428744365978,26.36363636363636,31.46067415730337,41.57303370786517,-10.112359550561802,68.18181818181817,19.101123595505616
NPU,4,difgsm/eps0.03_default,difgsm,eps0.03_default,30,110,89,52,2,32,31,37,81,9,3.8461538461538463,1.0611488322077554,12.981428744365978,29.09090909090909,34.831460674157306,41.57303370786517,-6.741573033707866,73.63636363636363,10.112359550561797
NPU,4,difgsm/eps0.03_default,difgsm,eps0.03_default,40,110,89,52,3,33,32,37,88,3,5.769230769230769,1.9813812690573196,15.642755575159178,30.0,35.95505617977528,41.57303370786517,-5.617977528089888,80.0,3.3707865168539324
NPU,4,vmifgsm/eps0.03_default,vmifgsm,eps0.03_default,10,110,89,56,13,33,31,33,35,56,23.214285714285715,14.09924724565329,35.76840335192431,30.0,34.831460674157306,37.07865168539326,-2.247191011235955,31.818181818181817,62.92134831460674
NPU,4,vmifgsm/eps0.03_default,vmifgsm,eps0.03_default,20,110,89,56,6,37,35,33,75,17,10.714285714285714,5.003867458119086,21.468686751661398,33.63636363636363,39.325842696629216,37.07865168539326,2.247191011235955,68.18181818181817,19.101123595505616
NPU,4,vmifgsm/eps0.03_default,vmifgsm,eps0.03_default,30,110,89,56,4,38,36,33,81,9,7.142857142857142,2.8125581246379636,16.975682831486203,34.54545454545455,40.44943820224719,37.07865168539326,3.3707865168539257,73.63636363636363,10.112359550561797
NPU,4,vmifgsm/eps0.03_default,vmifgsm,eps0.03_default,40,110,89,56,5,39,38,33,88,3,8.928571428571429,3.8741577263088285,19.256239856643496,35.45454545454545,42.69662921348314,37.07865168539326,5.617977528089881,80.0,3.3707865168539324
NPU,4,vnifgsm/eps0.03_default,vnifgsm,eps0.03_default,10,110,89,54,13,33,31,35,35,56,24.074074074074073,14.644154703850742,36.94777912923824,30.0,34.831460674157306,39.325842696629216,-4.49438202247191,31.818181818181817,62.92134831460674
NPU,4,vnifgsm/eps0.03_default,vnifgsm,eps0.03_default,20,110,89,54,5,36,34,35,75,17,9.25925925925926,4.0200542070567336,19.91012753065453,32.72727272727273,38.20224719101123,39.325842696629216,-1.1235955056179847,68.18181818181817,19.101123595505616
NPU,4,vnifgsm/eps0.03_default,vnifgsm,eps0.03_default,30,110,89,54,4,38,37,35,81,9,7.4074074074074066,2.9181055323684175,17.554357193420632,34.54545454545455,41.57303370786517,39.325842696629216,2.247191011235955,73.63636363636363,10.112359550561797
NPU,4,vnifgsm/eps0.03_default,vnifgsm,eps0.03_default,40,110,89,54,4,39,38,35,88,3,7.4074074074074066,2.9181055323684175,17.554357193420632,35.45454545454545,42.69662921348314,39.325842696629216,3.3707865168539257,80.0,3.3707865168539324
NPU,4,rfgsm/eps0.03_default,rfgsm,eps0.03_default,10,110,89,57,15,35,32,32,35,56,26.31578947368421,16.645642421847707,38.97682641526373,31.818181818181817,35.95505617977528,35.95505617977528,0.0,31.818181818181817,62.92134831460674
NPU,4,rfgsm/eps0.03_default,rfgsm,eps0.03_default,20,110,89,57,8,38,35,32,75,17,14.035087719298245,7.2871892271282865,25.3247078958928,34.54545454545455,39.325842696629216,35.95505617977528,3.370786516853933,68.18181818181817,19.101123595505616
NPU,4,rfgsm/eps0.03_default,rfgsm,eps0.03_default,30,110,89,57,5,36,36,32,81,9,8.771929824561402,3.805111076663829,18.945112454604246,32.72727272727273,40.44943820224719,35.95505617977528,4.494382022471903,73.63636363636363,10.112359550561797
NPU,4,rfgsm/eps0.03_default,rfgsm,eps0.03_default,40,110,89,57,5,36,36,32,88,3,8.771929824561402,3.805111076663829,18.945112454604246,32.72727272727273,40.44943820224719,35.95505617977528,4.494382022471903,80.0,3.3707865168539324
NPU,4,tpgd/eps0.03_default,tpgd,eps0.03_default,10,110,89,33,7,36,31,56,35,56,21.21212121212121,10.67588656643618,37.75197758712936,32.72727272727273,34.831460674157306,62.92134831460674,-28.089887640449433,31.818181818181817,62.92134831460674
NPU,4,tpgd/eps0.03_default,tpgd,eps0.03_default,20,110,89,33,4,56,52,56,75,17,12.121212121212121,4.816083267584231,27.32584325026516,50.90909090909091,58.42696629213483,62.92134831460674,-4.49438202247191,68.18181818181817,19.101123595505616
NPU,4,tpgd/eps0.03_default,tpgd,eps0.03_default,30,110,89,33,3,57,55,56,81,9,9.090909090909092,3.140337104926305,23.572943534351033,51.81818181818182,61.79775280898876,62.92134831460674,-1.1235955056179776,73.63636363636363,10.112359550561797
NPU,4,tpgd/eps0.03_default,tpgd,eps0.03_default,40,110,89,33,2,57,55,56,88,3,6.0606060606060606,1.6780530429070948,19.606581717798193,51.81818181818182,61.79775280898876,62.92134831460674,-1.1235955056179776,80.0,3.3707865168539324
NPU,4,cw/c1_steps20_lr0.01,cw,c1_steps20_lr0.01,10,110,89,52,14,31,31,37,35,56,26.923076923076923,16.768810035825872,40.25247875246099,28.18181818181818,34.831460674157306,41.57303370786517,-6.741573033707866,31.818181818181817,62.92134831460674
NPU,4,cw/c1_steps20_lr0.01,cw,c1_steps20_lr0.01,20,110,89,52,16,45,44,37,75,17,30.76923076923077,19.91456239135352,44.269844932218874,40.909090909090914,49.43820224719101,41.57303370786517,7.865168539325836,68.18181818181817,19.101123595505616
NPU,4,cw/c1_steps20_lr0.01,cw,c1_steps20_lr0.01,30,110,89,52,18,47,46,37,81,9,34.61538461538461,23.150828073938616,48.19669778491929,42.72727272727273,51.68539325842697,41.57303370786517,10.112359550561798,73.63636363636363,10.112359550561797
NPU,4,cw/c1_steps20_lr0.01,cw,c1_steps20_lr0.01,40,110,89,52,19,48,48,37,88,3,36.53846153846153,24.80051371130184,50.12857141519882,43.63636363636363,53.93258426966292,41.57303370786517,12.359550561797747,80.0,3.3707865168539324
NPU,4,deepfool/package_default,deepfool,package_default,10,110,89,44,15,33,33,45,35,56,34.090909090909086,21.875632628639945,48.86113202806049,30.0,37.07865168539326,50.56179775280899,-13.483146067415731,31.818181818181817,62.92134831460674
NPU,4,deepfool/package_default,deepfool,package_default,20,110,89,44,18,48,46,45,75,17,40.909090909090914,27.687643879006828,55.59050735339343,43.63636363636363,51.68539325842697,50.56179775280899,1.1235955056179776,68.18181818181817,19.101123595505616
NPU,4,deepfool/package_default,deepfool,package_default,30,110,89,44,21,50,50,45,81,9,47.72727272727273,33.75475794427176,62.0647798638283,45.45454545454545,56.17977528089888,50.56179775280899,5.617977528089888,73.63636363636363,10.112359550561797
NPU,4,deepfool/package_default,deepfool,package_default,40,110,89,44,20,52,51,45,88,3,45.45454545454545,31.705007786853614,59.9340678293465,47.27272727272727,57.30337078651685,50.56179775280899,6.7415730337078585,80.0,3.3707865168539324
NPU,4,fab/eps0.005,fab,eps0.005,10,110,89,7,5,35,33,82,35,56,71.42857142857143,35.892909014821264,91.77828342909844,31.818181818181817,37.07865168539326,92.13483146067416,-55.0561797752809,31.818181818181817,62.92134831460674
NPU,4,fab/eps0.005,fab,eps0.005,20,110,89,7,4,75,72,82,75,17,57.14285714285714,25.04542304090258,84.17830777373732,68.18181818181817,80.89887640449437,92.13483146067416,-11.23595505617979,68.18181818181817,19.101123595505616
NPU,4,fab/eps0.005,fab,eps0.005,30,110,89,7,4,80,79,82,81,9,57.14285714285714,25.04542304090258,84.17830777373732,72.72727272727273,88.76404494382022,92.13483146067416,-3.37078651685394,73.63636363636363,10.112359550561797
NPU,4,fab/eps0.005,fab,eps0.005,40,110,89,7,6,86,84,82,88,3,85.71428571428571,48.68654966809701,97.43210440510252,78.18181818181819,94.3820224719101,92.13483146067416,2.247191011235941,80.0,3.3707865168539324
NPU,4,fab/eps0.01,fab,eps0.01,10,110,89,11,8,35,33,78,35,56,72.72727272727273,43.43497069897537,90.25411942607853,31.818181818181817,37.07865168539326,87.64044943820225,-50.56179775280899,31.818181818181817,62.92134831460674
NPU,4,fab/eps0.01,fab,eps0.01,20,110,89,11,7,75,72,78,75,17,63.63636363636363,35.37967768916373,84.83377638586862,68.18181818181817,80.89887640449437,87.64044943820225,-6.74157303370788,68.18181818181817,19.101123595505616
NPU,4,fab/eps0.01,fab,eps0.01,30,110,89,11,7,77,76,78,81,9,63.63636363636363,35.37967768916373,84.83377638586862,70.0,85.39325842696628,87.64044943820225,-2.2471910112359694,73.63636363636363,10.112359550561797
NPU,4,fab/eps0.01,fab,eps0.01,40,110,89,11,8,83,81,78,88,3,72.72727272727273,43.43497069897537,90.25411942607853,75.45454545454545,91.01123595505618,87.64044943820225,3.3707865168539257,80.0,3.3707865168539324
NPU,4,fab/eps0.03,fab,eps0.03,10,110,89,30,13,33,33,59,35,56,43.333333333333336,27.37723743061511,60.80299045459127,30.0,37.07865168539326,66.29213483146067,-29.21348314606741,31.818181818181817,62.92134831460674
NPU,4,fab/eps0.03,fab,eps0.03,20,110,89,30,15,63,61,59,75,17,50.0,33.15385122717377,66.84614877282624,57.27272727272727,68.53932584269663,66.29213483146067,2.247191011235955,68.18181818181817,19.101123595505616
NPU,4,fab/eps0.03,fab,eps0.03,30,110,89,30,16,64,63,59,81,9,53.333333333333336,36.142013281525045,69.76787277587178,58.18181818181818,70.78651685393258,66.29213483146067,4.49438202247191,73.63636363636363,10.112359550561797
NPU,4,fab/eps0.03,fab,eps0.03,40,110,89,30,16,67,66,59,88,3,53.333333333333336,36.142013281525045,69.76787277587178,60.909090909090914,74.15730337078652,66.29213483146067,7.86516853932585,80.0,3.3707865168539324
NPU,4,square/eps0.03_default,square,eps0.03_default,10,110,89,41,12,32,31,48,35,56,29.268292682926827,17.60901763305888,44.47975707613973,29.09090909090909,34.831460674157306,53.93258426966292,-19.101123595505612,31.818181818181817,62.92134831460674
NPU,4,square/eps0.03_default,square,eps0.03_default,20,110,89,41,11,45,44,48,75,17,26.82926829268293,15.694805281336684,41.933825276002935,40.909090909090914,49.43820224719101,53.93258426966292,-4.49438202247191,68.18181818181817,19.101123595505616
NPU,4,square/eps0.03_default,square,eps0.03_default,30,110,89,41,14,49,47,48,81,9,34.146341463414636,21.55861736664346,49.450445646273124,44.54545454545455,52.80898876404494,53.93258426966292,-1.1235955056179776,73.63636363636363,10.112359550561797
NPU,4,square/eps0.03_default,square,eps0.03_default,40,110,89,41,19,55,54,48,88,3,46.34146341463415,32.05599911818589,61.253784654025644,50.0,60.67415730337079,53.93258426966292,6.741573033707873,80.0,3.3707865168539324
NPU,4,apgd/eps0.03_default,apgd,eps0.03_default,10,110,89,55,13,35,32,34,35,56,23.636363636363637,14.366521587457488,36.348618721439614,31.818181818181817,35.95505617977528,38.20224719101123,-2.247191011235948,31.818181818181817,62.92134831460674
NPU,4,apgd/eps0.03_default,apgd,eps0.03_default,20,110,89,55,3,38,36,34,75,17,5.454545454545454,1.872287596750008,14.853294304489928,34.54545454545455,40.44943820224719,38.20224719101123,2.247191011235955,68.18181818181817,19.101123595505616
NPU,4,apgd/eps0.03_default,apgd,eps0.03_default,30,110,89,55,3,35,35,34,81,9,5.454545454545454,1.872287596750008,14.853294304489928,31.818181818181817,39.325842696629216,38.20224719101123,1.1235955056179847,73.63636363636363,10.112359550561797
NPU,4,apgd/eps0.03_default,apgd,eps0.03_default,40,110,89,55,2,35,35,34,88,3,3.6363636363636362,1.0029330855724925,12.32369297490173,31.818181818181817,39.325842696629216,38.20224719101123,1.1235955056179847,80.0,3.3707865168539324
NPU,4,apgdt/eps0.03_default,apgdt,eps0.03_default,10,110,89,56,12,32,31,33,35,56,21.428571428571427,12.7057803147445,33.81971365600494,29.09090909090909,34.831460674157306,37.07865168539326,-2.247191011235955,31.818181818181817,62.92134831460674
NPU,4,apgdt/eps0.03_default,apgdt,eps0.03_default,20,110,89,56,6,39,38,33,75,17,10.714285714285714,5.003867458119086,21.468686751661398,35.45454545454545,42.69662921348314,37.07865168539326,5.617977528089881,68.18181818181817,19.101123595505616
NPU,4,apgdt/eps0.03_default,apgdt,eps0.03_default,30,110,89,56,5,38,36,33,81,9,8.928571428571429,3.8741577263088285,19.256239856643496,34.54545454545455,40.44943820224719,37.07865168539326,3.3707865168539257,73.63636363636363,10.112359550561797
NPU,4,apgdt/eps0.03_default,apgdt,eps0.03_default,40,110,89,56,5,38,37,33,88,3,8.928571428571429,3.8741577263088285,19.256239856643496,34.54545454545455,41.57303370786517,37.07865168539326,4.49438202247191,80.0,3.3707865168539324
NPU,4,autoattack/eps0.03_standard,autoattack,eps0.03_standard,10,110,89,60,12,33,31,29,35,56,20.0,11.828389736858965,31.782046091817012,30.0,34.831460674157306,32.58426966292135,2.247191011235955,31.818181818181817,62.92134831460674
NPU,4,autoattack/eps0.03_standard,autoattack,eps0.03_standard,20,110,89,60,4,36,33,29,75,17,6.666666666666667,2.6228274143197923,15.925579893767722,32.72727272727273,37.07865168539326,32.58426966292135,4.49438202247191,68.18181818181817,19.101123595505616
NPU,4,autoattack/eps0.03_standard,autoattack,eps0.03_standard,30,110,89,60,7,36,35,29,81,9,11.666666666666666,5.767647403450049,22.17902059985814,32.72727272727273,39.325842696629216,32.58426966292135,6.741573033707866,73.63636363636363,10.112359550561797
NPU,4,autoattack/eps0.03_standard,autoattack,eps0.03_standard,40,110,89,60,6,36,35,29,88,3,10.0,4.664219945723587,20.149694492511045,32.72727272727273,39.325842696629216,32.58426966292135,6.741573033707866,80.0,3.3707865168539324
NPU,4,ead/package_default,ead,package_default,10,110,89,28,12,36,34,61,35,56,42.857142857142854,26.50829618073122,60.929521014384605,32.72727272727273,38.20224719101123,68.53932584269663,-30.337078651685395,31.818181818181817,62.92134831460674
NPU,4,ead/package_default,ead,package_default,20,110,89,28,14,56,54,61,75,17,50.0,32.63284683244634,67.36715316755367,50.90909090909091,60.67415730337079,68.53932584269663,-7.865168539325836,68.18181818181817,19.101123595505616
NPU,4,ead/package_default,ead,package_default,30,110,89,28,17,60,60,61,81,9,60.71428571428571,42.408726034906294,76.43454817241995,54.54545454545454,67.41573033707866,68.53932584269663,-1.1235955056179705,73.63636363636363,10.112359550561797
NPU,4,ead/package_default,ead,package_default,40,110,89,28,19,65,65,61,88,3,67.85714285714286,49.33850455563118,82.06695245657927,59.09090909090909,73.03370786516854,68.53932584269663,4.49438202247191,80.0,3.3707865168539324
NPU,4,ALL/ALL_24,ALL,ALL_24,10,2640,2136,964,274,808,765,1172,840,1344,28.42323651452282,25.665899539865954,31.35186039109795,30.606060606060602,35.81460674157304,54.8689138576779,-19.054307116104866,31.818181818181817,62.92134831460674
NPU,4,ALL/ALL_24,ALL,ALL_24,20,2640,2136,964,176,1169,1122,1172,1800,408,18.25726141078838,15.946132908170425,20.820379297959175,44.28030303030303,52.52808988764045,54.8689138576779,-2.340823970037455,68.18181818181817,19.101123595505616
NPU,4,ALL/ALL_24,ALL,ALL_24,30,2640,2136,964,175,1221,1193,1172,1944,216,18.153526970954356,15.848166418760012,20.711700402422302,46.25,55.852059925093634,54.8689138576779,0.9831460674157313,73.63636363636363,10.112359550561797
NPU,4,ALL/ALL_24,ALL,ALL_24,40,2640,2136,964,181,1271,1242,1172,2112,72,18.775933609958507,16.436399045134735,21.36334008573131,48.14393939393939,58.14606741573034,54.8689138576779,3.27715355805244,80.0,3.3707865168539324
NPU,6,fgsm/eps0.005,fgsm,eps0.005,10,110,86,6,3,33,29,80,34,57,50.0,18.761280689940868,81.23871931005912,30.0,33.72093023255814,93.02325581395348,-59.302325581395344,30.909090909090907,66.27906976744185
NPU,6,fgsm/eps0.005,fgsm,eps0.005,20,110,86,6,3,68,65,80,76,15,50.0,18.761280689940868,81.23871931005912,61.81818181818181,75.5813953488372,93.02325581395348,-17.441860465116278,69.0909090909091,17.441860465116278
NPU,6,fgsm/eps0.005,fgsm,eps0.005,30,110,86,6,2,75,71,80,78,11,33.33333333333333,9.676933255921682,70.00116786584712,68.18181818181817,82.55813953488372,93.02325581395348,-10.465116279069761,70.9090909090909,12.790697674418606
NPU,6,fgsm/eps0.005,fgsm,eps0.005,40,110,86,6,2,81,77,80,87,3,33.33333333333333,9.676933255921682,70.00116786584712,73.63636363636363,89.53488372093024,93.02325581395348,-3.4883720930232442,79.0909090909091,3.488372093023256
NPU,6,fgsm/eps0.01,fgsm,eps0.01,10,110,86,10,4,33,28,76,34,57,40.0,16.817758120350966,68.73304525498135,30.0,32.55813953488372,88.37209302325581,-55.81395348837209,30.909090909090907,66.27906976744185
NPU,6,fgsm/eps0.01,fgsm,eps0.01,20,110,86,10,5,64,61,76,76,15,50.0,23.65895936154873,76.34104063845126,58.18181818181818,70.93023255813954,88.37209302325581,-17.441860465116278,69.0909090909091,17.441860465116278
NPU,6,fgsm/eps0.01,fgsm,eps0.01,30,110,86,10,3,71,66,76,78,11,30.0,10.778928748621183,60.322678002043475,64.54545454545455,76.74418604651163,88.37209302325581,-11.627906976744185,70.9090909090909,12.790697674418606
NPU,6,fgsm/eps0.01,fgsm,eps0.01,40,110,86,10,1,74,68,76,87,3,10.0,1.7875749515721129,40.41563854975721,67.27272727272727,79.06976744186046,88.37209302325581,-9.302325581395351,79.0909090909091,3.488372093023256
NPU,6,fgsm/eps0.03,fgsm,eps0.03,10,110,86,36,7,31,26,50,34,57,19.444444444444446,9.752972019453349,35.0283620635152,28.18181818181818,30.23255813953488,58.139534883720934,-27.906976744186053,30.909090909090907,66.27906976744185
NPU,6,fgsm/eps0.03,fgsm,eps0.03,20,110,86,36,5,49,45,50,76,15,13.88888888888889,6.081725363115097,28.65985128039319,44.54545454545455,52.32558139534884,58.139534883720934,-5.813953488372093,69.0909090909091,17.441860465116278
NPU,6,fgsm/eps0.03,fgsm,eps0.03,30,110,86,36,5,54,49,50,78,11,13.88888888888889,6.081725363115097,28.65985128039319,49.09090909090909,56.97674418604651,58.139534883720934,-1.1627906976744242,70.9090909090909,12.790697674418606
NPU,6,fgsm/eps0.03,fgsm,eps0.03,40,110,86,36,3,57,51,50,87,3,8.333333333333332,2.87480892712918,21.82701027691885,51.81818181818182,59.30232558139535,58.139534883720934,1.1627906976744171,79.0909090909091,3.488372093023256
NPU,6,fgsm/eps0.05,fgsm,eps0.05,10,110,86,55,7,30,26,31,34,57,12.727272727272727,6.304130417480197,24.017274846822605,27.27272727272727,30.23255813953488,36.04651162790697,-5.813953488372093,30.909090909090907,66.27906976744185
NPU,6,fgsm/eps0.05,fgsm,eps0.05,20,110,86,55,4,38,33,31,76,15,7.2727272727272725,2.864359650368854,17.260178091636796,34.54545454545455,38.372093023255815,36.04651162790697,2.3255813953488413,69.0909090909091,17.441860465116278
NPU,6,fgsm/eps0.05,fgsm,eps0.05,30,110,86,55,5,41,35,31,78,11,9.090909090909092,3.9457573336373923,19.577736249133977,37.27272727272727,40.69767441860465,36.04651162790697,4.651162790697676,70.9090909090909,12.790697674418606
NPU,6,fgsm/eps0.05,fgsm,eps0.05,40,110,86,55,3,40,33,31,87,3,5.454545454545454,1.872287596750008,14.853294304489928,36.36363636363637,38.372093023255815,36.04651162790697,2.3255813953488413,79.0909090909091,3.488372093023256
NPU,6,bim/eps0.03_default,bim,eps0.03_default,10,110,86,50,6,30,25,36,34,57,12.0,5.617523710624646,23.805078886623583,27.27272727272727,29.069767441860467,41.86046511627907,-12.790697674418606,30.909090909090907,66.27906976744185
NPU,6,bim/eps0.03_default,bim,eps0.03_default,20,110,86,50,4,41,36,36,76,15,8.0,3.1549003255790686,18.838502545063704,37.27272727272727,41.86046511627907,41.86046511627907,0.0,69.0909090909091,17.441860465116278
NPU,6,bim/eps0.03_default,bim,eps0.03_default,30,110,86,50,7,43,39,36,78,11,14.000000000000002,6.950745262022862,26.18645719852809,39.09090909090909,45.348837209302324,41.86046511627907,3.4883720930232514,70.9090909090909,12.790697674418606
NPU,6,bim/eps0.03_default,bim,eps0.03_default,40,110,86,50,4,42,37,36,87,3,8.0,3.1549003255790686,18.838502545063704,38.18181818181819,43.02325581395349,41.86046511627907,1.1627906976744171,79.0909090909091,3.488372093023256
NPU,6,pgd/eps0.005,pgd,eps0.005,10,110,86,7,3,34,29,79,34,57,42.857142857142854,15.821692226262684,74.95457695909742,30.909090909090907,33.72093023255814,91.86046511627907,-58.139534883720934,30.909090909090907,66.27906976744185
NPU,6,pgd/eps0.005,pgd,eps0.005,20,110,86,7,2,67,63,79,76,15,28.57142857142857,8.221716570901549,64.10709098517873,60.909090909090914,73.25581395348837,91.86046511627907,-18.604651162790702,69.0909090909091,17.441860465116278
NPU,6,pgd/eps0.005,pgd,eps0.005,30,110,86,7,2,75,71,79,78,11,28.57142857142857,8.221716570901549,64.10709098517873,68.18181818181817,82.55813953488372,91.86046511627907,-9.302325581395351,70.9090909090909,12.790697674418606
NPU,6,pgd/eps0.005,pgd,eps0.005,40,110,86,7,1,79,75,79,87,3,14.285714285714285,2.567895594897479,51.313450331903,71.81818181818181,87.20930232558139,91.86046511627907,-4.651162790697683,79.0909090909091,3.488372093023256
NPU,6,pgd/eps0.01,pgd,eps0.01,10,110,86,13,4,33,28,73,34,57,30.76923076923077,12.680497161618087,57.63111218666236,30.0,32.55813953488372,84.88372093023256,-52.325581395348834,30.909090909090907,66.27906976744185
NPU,6,pgd/eps0.01,pgd,eps0.01,20,110,86,13,5,63,59,73,76,15,38.46153846153847,17.70944658123682,64.47751902773146,57.27272727272727,68.6046511627907,84.88372093023256,-16.279069767441854,69.0909090909091,17.441860465116278
NPU,6,pgd/eps0.01,pgd,eps0.01,30,110,86,13,2,67,63,73,78,11,15.384615384615385,4.325726318273798,42.23517050863101,60.909090909090914,73.25581395348837,84.88372093023256,-11.627906976744185,70.9090909090909,12.790697674418606
NPU,6,pgd/eps0.01,pgd,eps0.01,40,110,86,13,1,73,67,73,87,3,7.6923076923076925,1.3710066379696322,33.31453392824736,66.36363636363637,77.90697674418605,84.88372093023256,-6.976744186046503,79.0909090909091,3.488372093023256
NPU,6,pgd/eps0.03,pgd,eps0.03,10,110,86,52,5,29,24,34,34,57,9.615384615384617,4.177373518341026,20.609881861160993,26.36363636363636,27.906976744186046,39.53488372093023,-11.627906976744185,30.909090909090907,66.27906976744185
NPU,6,pgd/eps0.03,pgd,eps0.03,20,110,86,52,6,42,37,34,76,15,11.538461538461538,5.396895756082726,22.971918891062053,38.18181818181819,43.02325581395349,39.53488372093023,3.4883720930232585,69.0909090909091,17.441860465116278
NPU,6,pgd/eps0.03,pgd,eps0.03,30,110,86,52,7,44,40,34,78,11,13.461538461538462,6.676796994292626,25.27357692049491,40.0,46.51162790697674,39.53488372093023,6.97674418604651,70.9090909090909,12.790697674418606
NPU,6,pgd/eps0.03,pgd,eps0.03,40,110,86,52,5,44,39,34,87,3,9.615384615384617,4.177373518341026,20.609881861160993,40.0,45.348837209302324,39.53488372093023,5.813953488372093,79.0909090909091,3.488372093023256
NPU,6,mifgsm/eps0.03_default,mifgsm,eps0.03_default,10,110,86,50,6,30,25,36,34,57,12.0,5.617523710624646,23.805078886623583,27.27272727272727,29.069767441860467,41.86046511627907,-12.790697674418606,30.909090909090907,66.27906976744185
NPU,6,mifgsm/eps0.03_default,mifgsm,eps0.03_default,20,110,86,50,4,40,36,36,76,15,8.0,3.1549003255790686,18.838502545063704,36.36363636363637,41.86046511627907,41.86046511627907,0.0,69.0909090909091,17.441860465116278
NPU,6,mifgsm/eps0.03_default,mifgsm,eps0.03_default,30,110,86,50,6,44,40,36,78,11,12.0,5.617523710624646,23.805078886623583,40.0,46.51162790697674,41.86046511627907,4.6511627906976685,70.9090909090909,12.790697674418606
NPU,6,mifgsm/eps0.03_default,mifgsm,eps0.03_default,40,110,86,50,8,47,42,36,87,3,16.0,8.337321362087696,28.51448096176598,42.72727272727273,48.837209302325576,41.86046511627907,6.976744186046503,79.0909090909091,3.488372093023256
NPU,6,difgsm/eps0.03_default,difgsm,eps0.03_default,10,110,86,47,7,30,26,39,34,57,14.893617021276595,7.4066260874975045,27.68589657111277,27.27272727272727,30.23255813953488,45.348837209302324,-15.116279069767444,30.909090909090907,66.27906976744185
NPU,6,difgsm/eps0.03_default,difgsm,eps0.03_default,20,110,86,47,2,35,31,39,76,15,4.25531914893617,1.1748029370569721,14.24878719385944,31.818181818181817,36.04651162790697,45.348837209302324,-9.302325581395351,69.0909090909091,17.441860465116278
NPU,6,difgsm/eps0.03_default,difgsm,eps0.03_default,30,110,86,47,1,35,31,39,78,11,2.127659574468085,0.3765671010464995,11.113236524331144,31.818181818181817,36.04651162790697,45.348837209302324,-9.302325581395351,70.9090909090909,12.790697674418606
NPU,6,difgsm/eps0.03_default,difgsm,eps0.03_default,40,110,86,47,3,40,36,39,87,3,6.382978723404255,2.19449870207728,17.162877934377903,36.36363636363637,41.86046511627907,45.348837209302324,-3.4883720930232514,79.0909090909091,3.488372093023256
NPU,6,vmifgsm/eps0.03_default,vmifgsm,eps0.03_default,10,110,86,49,7,31,26,37,34,57,14.285714285714285,7.096333720544585,26.667973189162918,28.18181818181818,30.23255813953488,43.02325581395349,-12.79069767441861,30.909090909090907,66.27906976744185
NPU,6,vmifgsm/eps0.03_default,vmifgsm,eps0.03_default,20,110,86,49,7,44,40,37,76,15,14.285714285714285,7.096333720544585,26.667973189162918,40.0,46.51162790697674,43.02325581395349,3.4883720930232514,69.0909090909091,17.441860465116278
NPU,6,vmifgsm/eps0.03_default,vmifgsm,eps0.03_default,30,110,86,49,5,44,40,37,78,11,10.204081632653061,4.437889248703988,21.756624164970088,40.0,46.51162790697674,43.02325581395349,3.4883720930232514,70.9090909090909,12.790697674418606
NPU,6,vmifgsm/eps0.03_default,vmifgsm,eps0.03_default,40,110,86,49,4,44,39,37,87,3,8.16326530612245,3.2202296241712225,19.189387041486135,40.0,45.348837209302324,43.02325581395349,2.3255813953488342,79.0909090909091,3.488372093023256
NPU,6,vnifgsm/eps0.03_default,vnifgsm,eps0.03_default,10,110,86,49,6,30,25,37,34,57,12.244897959183673,5.734747759809824,24.24466240188096,27.27272727272727,29.069767441860467,43.02325581395349,-13.953488372093023,30.909090909090907,66.27906976744185
NPU,6,vnifgsm/eps0.03_default,vnifgsm,eps0.03_default,20,110,86,49,3,38,34,37,76,15,6.122448979591836,2.1039764955529185,16.520743422087726,34.54545454545455,39.53488372093023,43.02325581395349,-3.4883720930232585,69.0909090909091,17.441860465116278
NPU,6,vnifgsm/eps0.03_default,vnifgsm,eps0.03_default,30,110,86,49,4,43,39,37,78,11,8.16326530612245,3.2202296241712225,19.189387041486135,39.09090909090909,45.348837209302324,43.02325581395349,2.3255813953488342,70.9090909090909,12.790697674418606
NPU,6,vnifgsm/eps0.03_default,vnifgsm,eps0.03_default,40,110,86,49,4,44,39,37,87,3,8.16326530612245,3.2202296241712225,19.189387041486135,40.0,45.348837209302324,43.02325581395349,2.3255813953488342,79.0909090909091,3.488372093023256
NPU,6,rfgsm/eps0.03_default,rfgsm,eps0.03_default,10,110,86,50,7,31,26,36,34,57,14.000000000000002,6.950745262022862,26.18645719852809,28.18181818181818,30.23255813953488,41.86046511627907,-11.627906976744192,30.909090909090907,66.27906976744185
NPU,6,rfgsm/eps0.03_default,rfgsm,eps0.03_default,20,110,86,50,4,40,36,36,76,15,8.0,3.1549003255790686,18.838502545063704,36.36363636363637,41.86046511627907,41.86046511627907,0.0,69.0909090909091,17.441860465116278
NPU,6,rfgsm/eps0.03_default,rfgsm,eps0.03_default,30,110,86,50,6,43,39,36,78,11,12.0,5.617523710624646,23.805078886623583,39.09090909090909,45.348837209302324,41.86046511627907,3.4883720930232514,70.9090909090909,12.790697674418606
NPU,6,rfgsm/eps0.03_default,rfgsm,eps0.03_default,40,110,86,50,3,42,37,36,87,3,6.0,2.0614596364630478,16.217343370877003,38.18181818181819,43.02325581395349,41.86046511627907,1.1627906976744171,79.0909090909091,3.488372093023256
NPU,6,tpgd/eps0.03_default,tpgd,eps0.03_default,10,110,86,30,2,33,28,56,34,57,6.666666666666667,1.847663532769335,21.323817721072093,30.0,32.55813953488372,65.11627906976744,-32.55813953488372,30.909090909090907,66.27906976744185
NPU,6,tpgd/eps0.03_default,tpgd,eps0.03_default,20,110,86,30,2,58,53,56,76,15,6.666666666666667,1.847663532769335,21.323817721072093,52.72727272727272,61.627906976744185,65.11627906976744,-3.4883720930232585,69.0909090909091,17.441860465116278
NPU,6,tpgd/eps0.03_default,tpgd,eps0.03_default,30,110,86,30,3,60,55,56,78,11,10.0,3.4599259959716147,25.621441315266622,54.54545454545454,63.95348837209303,65.11627906976744,-1.1627906976744171,70.9090909090909,12.790697674418606
NPU,6,tpgd/eps0.03_default,tpgd,eps0.03_default,40,110,86,30,2,59,55,56,87,3,6.666666666666667,1.847663532769335,21.323817721072093,53.63636363636364,63.95348837209303,65.11627906976744,-1.1627906976744171,79.0909090909091,3.488372093023256
NPU,6,cw/c1_steps20_lr0.01,cw,c1_steps20_lr0.01,10,110,86,53,9,32,28,33,34,57,16.9811320754717,9.199841772223753,29.22553682373413,29.09090909090909,32.55813953488372,38.372093023255815,-5.813953488372093,30.909090909090907,66.27906976744185
NPU,6,cw/c1_steps20_lr0.01,cw,c1_steps20_lr0.01,20,110,86,53,18,46,43,33,76,15,33.9622641509434,22.686862857429073,47.405463889179025,41.81818181818181,50.0,38.372093023255815,11.627906976744185,69.0909090909091,17.441860465116278
NPU,6,cw/c1_steps20_lr0.01,cw,c1_steps20_lr0.01,30,110,86,53,20,51,46,33,78,11,37.735849056603776,25.936076571733825,51.19334976390768,46.36363636363636,53.48837209302325,38.372093023255815,15.116279069767437,70.9090909090909,12.790697674418606
NPU,6,cw/c1_steps20_lr0.01,cw,c1_steps20_lr0.01,40,110,86,53,19,50,46,33,87,3,35.84905660377358,24.30176984112362,49.30910670000117,45.45454545454545,53.48837209302325,38.372093023255815,15.116279069767437,79.0909090909091,3.488372093023256
NPU,6,deepfool/package_default,deepfool,package_default,10,110,86,40,14,32,28,46,34,57,35.0,22.13433317104915,50.494403006462626,29.09090909090909,32.55813953488372,53.48837209302325,-20.93023255813953,30.909090909090907,66.27906976744185
NPU,6,deepfool/package_default,deepfool,package_default,20,110,86,40,16,45,41,46,76,15,40.0,26.34811061240136,55.404380172606494,40.909090909090914,47.674418604651166,53.48837209302325,-5.813953488372086,69.0909090909091,17.441860465116278
NPU,6,deepfool/package_default,deepfool,package_default,30,110,86,40,15,49,44,46,78,11,37.5,24.22277353579172,52.9678399454681,44.54545454545455,51.162790697674424,53.48837209302325,-2.325581395348827,70.9090909090909,12.790697674418606
NPU,6,deepfool/package_default,deepfool,package_default,40,110,86,40,14,48,43,46,87,3,35.0,22.13433317104915,50.494403006462626,43.63636363636363,50.0,53.48837209302325,-3.4883720930232514,79.0909090909091,3.488372093023256
NPU,6,fab/eps0.005,fab,eps0.005,10,110,86,2,1,34,29,84,34,57,50.0,9.452865480086615,90.54713451991339,30.909090909090907,33.72093023255814,97.67441860465115,-63.95348837209301,30.909090909090907,66.27906976744185
NPU,6,fab/eps0.005,fab,eps0.005,20,110,86,2,2,75,70,84,76,15,100.0,34.23719528896193,100.0,68.18181818181817,81.3953488372093,97.67441860465115,-16.279069767441854,69.0909090909091,17.441860465116278
NPU,6,fab/eps0.005,fab,eps0.005,30,110,86,2,1,78,73,84,78,11,50.0,9.452865480086615,90.54713451991339,70.9090909090909,84.88372093023256,97.67441860465115,-12.790697674418595,70.9090909090909,12.790697674418606
NPU,6,fab/eps0.005,fab,eps0.005,40,110,86,2,1,84,79,84,87,3,50.0,9.452865480086615,90.54713451991339,76.36363636363637,91.86046511627907,97.67441860465115,-5.8139534883720785,79.0909090909091,3.488372093023256
NPU,6,fab/eps0.01,fab,eps0.01,10,110,86,4,3,34,29,82,34,57,75.0,30.06360524426366,95.44139373553637,30.909090909090907,33.72093023255814,95.34883720930233,-61.62790697674419,30.909090909090907,66.27906976744185
NPU,6,fab/eps0.01,fab,eps0.01,20,110,86,4,4,74,69,82,76,15,100.0,51.009997959600085,100.0,67.27272727272727,80.23255813953489,95.34883720930233,-15.116279069767444,69.0909090909091,17.441860465116278
NPU,6,fab/eps0.01,fab,eps0.01,30,110,86,4,3,77,72,82,78,11,75.0,30.06360524426366,95.44139373553637,70.0,83.72093023255815,95.34883720930233,-11.627906976744185,70.9090909090909,12.790697674418606
NPU,6,fab/eps0.01,fab,eps0.01,40,110,86,4,3,82,77,82,87,3,75.0,30.06360524426366,95.44139373553637,74.54545454545455,89.53488372093024,95.34883720930233,-5.813953488372093,79.0909090909091,3.488372093023256
NPU,6,fab/eps0.03,fab,eps0.03,10,110,86,22,6,34,29,64,34,57,27.27272727272727,13.150582015814441,48.15212369900198,30.909090909090907,33.72093023255814,74.4186046511628,-40.697674418604656,30.909090909090907,66.27906976744185
NPU,6,fab/eps0.03,fab,eps0.03,20,110,86,22,14,60,56,64,76,15,63.63636363636363,42.95134934371804,80.26702722739209,54.54545454545454,65.11627906976744,74.4186046511628,-9.302325581395351,69.0909090909091,17.441860465116278
NPU,6,fab/eps0.03,fab,eps0.03,30,110,86,22,11,61,56,64,78,11,50.0,30.72180469247956,69.27819530752043,55.45454545454545,65.11627906976744,74.4186046511628,-9.302325581395351,70.9090909090909,12.790697674418606
NPU,6,fab/eps0.03,fab,eps0.03,40,110,86,22,11,63,59,64,87,3,50.0,30.72180469247956,69.27819530752043,57.27272727272727,68.6046511627907,74.4186046511628,-5.813953488372093,79.0909090909091,3.488372093023256
NPU,6,square/eps0.03_default,square,eps0.03_default,10,110,86,45,9,33,29,41,34,57,20.0,10.896004402509005,33.82325131392944,30.0,33.72093023255814,47.674418604651166,-13.953488372093027,30.909090909090907,66.27906976744185
NPU,6,square/eps0.03_default,square,eps0.03_default,20,110,86,45,7,46,43,41,76,15,15.555555555555555,7.745325311328677,28.784190511248802,41.81818181818181,50.0,47.674418604651166,2.3255813953488342,69.0909090909091,17.441860465116278
NPU,6,square/eps0.03_default,square,eps0.03_default,30,110,86,45,8,44,42,41,78,11,17.77777777777778,9.29427892585383,31.330106843654136,40.0,48.837209302325576,47.674418604651166,1.16279069767441,70.9090909090909,12.790697674418606
NPU,6,square/eps0.03_default,square,eps0.03_default,40,110,86,45,10,47,44,41,87,3,22.22222222222222,12.544551866005632,36.26957379736329,42.72727272727273,51.162790697674424,47.674418604651166,3.4883720930232585,79.0909090909091,3.488372093023256
NPU,6,apgd/eps0.03_default,apgd,eps0.03_default,10,110,86,53,6,30,25,33,34,57,11.320754716981133,5.29295891106867,22.576770301339145,27.27272727272727,29.069767441860467,38.372093023255815,-9.302325581395348,30.909090909090907,66.27906976744185
NPU,6,apgd/eps0.03_default,apgd,eps0.03_default,20,110,86,53,6,43,38,33,76,15,11.320754716981133,5.29295891106867,22.576770301339145,39.09090909090909,44.18604651162791,38.372093023255815,5.813953488372093,69.0909090909091,17.441860465116278
NPU,6,apgd/eps0.03_default,apgd,eps0.03_default,30,110,86,53,7,43,39,33,78,11,13.20754716981132,6.5477702006895715,24.84050880623493,39.09090909090909,45.348837209302324,38.372093023255815,6.97674418604651,70.9090909090909,12.790697674418606
NPU,6,apgd/eps0.03_default,apgd,eps0.03_default,40,110,86,53,5,42,37,33,87,3,9.433962264150944,4.0972037441896845,20.253975673701436,38.18181818181819,43.02325581395349,38.372093023255815,4.651162790697676,79.0909090909091,3.488372093023256
NPU,6,apgdt/eps0.03_default,apgdt,eps0.03_default,10,110,86,53,7,30,26,33,34,57,13.20754716981132,6.5477702006895715,24.84050880623493,27.27272727272727,30.23255813953488,38.372093023255815,-8.139534883720934,30.909090909090907,66.27906976744185
NPU,6,apgdt/eps0.03_default,apgdt,eps0.03_default,20,110,86,53,5,40,36,33,76,15,9.433962264150944,4.0972037441896845,20.253975673701436,36.36363636363637,41.86046511627907,38.372093023255815,3.4883720930232585,69.0909090909091,17.441860465116278
NPU,6,apgdt/eps0.03_default,apgdt,eps0.03_default,30,110,86,53,6,42,38,33,78,11,11.320754716981133,5.29295891106867,22.576770301339145,38.18181818181819,44.18604651162791,38.372093023255815,5.813953488372093,70.9090909090909,12.790697674418606
NPU,6,apgdt/eps0.03_default,apgdt,eps0.03_default,40,110,86,53,3,39,35,33,87,3,5.660377358490567,1.9436308927314183,15.37044893612632,35.45454545454545,40.69767441860465,38.372093023255815,2.3255813953488342,79.0909090909091,3.488372093023256
NPU,6,autoattack/eps0.03_standard,autoattack,eps0.03_standard,10,110,86,55,5,29,24,31,34,57,9.090909090909092,3.9457573336373923,19.577736249133977,26.36363636363636,27.906976744186046,36.04651162790697,-8.139534883720927,30.909090909090907,66.27906976744185
NPU,6,autoattack/eps0.03_standard,autoattack,eps0.03_standard,20,110,86,55,3,37,33,31,76,15,5.454545454545454,1.872287596750008,14.853294304489928,33.63636363636363,38.372093023255815,36.04651162790697,2.3255813953488413,69.0909090909091,17.441860465116278
NPU,6,autoattack/eps0.03_standard,autoattack,eps0.03_standard,30,110,86,55,6,41,37,31,78,11,10.909090909090908,5.096655628305132,21.825793795231956,37.27272727272727,43.02325581395349,36.04651162790697,6.976744186046517,70.9090909090909,12.790697674418606
NPU,6,autoattack/eps0.03_standard,autoattack,eps0.03_standard,40,110,86,55,3,38,34,31,87,3,5.454545454545454,1.872287596750008,14.853294304489928,34.54545454545455,39.53488372093023,36.04651162790697,3.4883720930232585,79.0909090909091,3.488372093023256
NPU,6,ead/package_default,ead,package_default,10,110,86,39,11,34,29,47,34,57,28.205128205128204,16.543325013943296,43.77561732247738,30.909090909090907,33.72093023255814,54.65116279069767,-20.93023255813953,30.909090909090907,66.27906976744185
NPU,6,ead/package_default,ead,package_default,20,110,86,39,22,59,55,47,76,15,56.41025641025641,40.9754234745221,70.69547583829534,53.63636363636364,63.95348837209303,54.65116279069767,9.302325581395358,69.0909090909091,17.441860465116278
NPU,6,ead/package_default,ead,package_default,30,110,86,39,24,64,59,47,78,11,61.53846153846154,45.898781310078476,75.10883745299294,58.18181818181818,68.6046511627907,54.65116279069767,13.953488372093034,70.9090909090909,12.790697674418606
NPU,6,ead/package_default,ead,package_default,40,110,86,39,26,69,64,47,87,3,66.66666666666666,50.97710432024052,79.36723389308484,62.727272727272734,74.4186046511628,54.65116279069767,19.767441860465127,79.0909090909091,3.488372093023256
NPU,6,ALL/ALL_24,ALL,ALL_24,10,2640,2064,870,145,760,647,1194,816,1368,16.666666666666664,14.337861823551096,19.288552849314105,28.78787878787879,31.3468992248062,57.84883720930233,-26.50193798449613,30.909090909090907,66.27906976744185
NPU,6,ALL/ALL_24,ALL,ALL_24,20,2640,2064,870,153,1212,1113,1194,1824,360,17.586206896551722,15.200474496464608,20.25693563370086,45.909090909090914,53.92441860465116,57.84883720930233,-3.924418604651173,69.0909090909091,17.441860465116278
NPU,6,ALL/ALL_24,ALL,ALL_24,30,2640,2064,870,159,1289,1184,1194,1872,264,18.275862068965516,15.84909509549873,20.981561627641945,48.82575757575758,57.36434108527132,57.84883720930233,-0.4844961240310113,70.9090909090909,12.790697674418606
NPU,6,ALL/ALL_24,ALL,ALL_24,40,2640,2064,870,139,1328,1213,1194,2088,72,15.977011494252874,13.692653643238625,18.560514436651374,50.303030303030305,58.76937984496124,57.84883720930233,0.9205426356589115,79.0909090909091,3.488372093023256
NPU,8,fgsm/eps0.005,fgsm,eps0.005,10,110,91,8,3,37,36,83,37,55,37.5,13.684175946152106,69.42621454161981,33.63636363636363,39.56043956043956,91.20879120879121,-51.64835164835165,33.63636363636363,60.43956043956044
NPU,8,fgsm/eps0.005,fgsm,eps0.005,20,110,91,8,3,70,68,83,76,17,37.5,13.684175946152106,69.42621454161981,63.63636363636363,74.72527472527473,91.20879120879121,-16.483516483516482,69.0909090909091,18.681318681318682
NPU,8,fgsm/eps0.005,fgsm,eps0.005,30,110,91,8,1,73,71,83,78,13,12.5,2.241690886329617,47.08948057698615,66.36363636363637,78.02197802197803,91.20879120879121,-13.186813186813183,70.9090909090909,14.285714285714285
NPU,8,fgsm/eps0.005,fgsm,eps0.005,40,110,91,8,2,83,81,83,89,4,25.0,7.147768885802764,59.073012089741084,75.45454545454545,89.01098901098901,91.20879120879121,-2.197802197802204,80.9090909090909,4.395604395604396
NPU,8,fgsm/eps0.01,fgsm,eps0.01,10,110,91,23,11,37,36,68,37,55,47.82608695652174,29.23686953994572,67.03757013578151,33.63636363636363,39.56043956043956,74.72527472527473,-35.16483516483517,33.63636363636363,60.43956043956044
NPU,8,fgsm/eps0.01,fgsm,eps0.01,20,110,91,23,7,60,57,68,76,17,30.434782608695656,15.603828020972454,50.866129060572604,54.54545454545454,62.637362637362635,74.72527472527473,-12.087912087912095,69.0909090909091,18.681318681318682
NPU,8,fgsm/eps0.01,fgsm,eps0.01,30,110,91,23,9,69,65,68,78,13,39.130434782608695,22.157377982382144,59.21482039625402,62.727272727272734,71.42857142857143,74.72527472527473,-3.296703296703299,70.9090909090909,14.285714285714285
NPU,8,fgsm/eps0.01,fgsm,eps0.01,40,110,91,23,9,76,74,68,89,4,39.130434782608695,22.157377982382144,59.21482039625402,69.0909090909091,81.31868131868131,74.72527472527473,6.593406593406584,80.9090909090909,4.395604395604396
NPU,8,fgsm/eps0.03,fgsm,eps0.03,10,110,91,44,11,34,32,47,37,55,25.0,14.574066080685743,39.440849808414946,30.909090909090907,35.16483516483517,51.64835164835166,-16.48351648351649,33.63636363636363,60.43956043956044
NPU,8,fgsm/eps0.03,fgsm,eps0.03,20,110,91,44,3,45,42,47,76,17,6.8181818181818175,2.345897017284013,18.22532133661719,40.909090909090914,46.15384615384615,51.64835164835166,-5.494505494505503,69.0909090909091,18.681318681318682
NPU,8,fgsm/eps0.03,fgsm,eps0.03,30,110,91,44,0,43,41,47,78,13,0.0,6.938893903907228e-16,8.029831778201396,39.09090909090909,45.05494505494506,51.64835164835166,-6.593406593406598,70.9090909090909,14.285714285714285
NPU,8,fgsm/eps0.03,fgsm,eps0.03,40,110,91,44,2,49,47,47,89,4,4.545454545454546,1.2554846366981078,15.135271525303162,44.54545454545455,51.64835164835166,51.64835164835166,0.0,80.9090909090909,4.395604395604396
NPU,8,fgsm/eps0.05,fgsm,eps0.05,10,110,91,56,10,33,32,35,37,55,17.857142857142858,9.999749741344178,29.84143097574895,30.0,35.16483516483517,38.46153846153847,-3.296703296703299,33.63636363636363,60.43956043956044
NPU,8,fgsm/eps0.05,fgsm,eps0.05,20,110,91,56,4,35,33,35,76,17,7.142857142857142,2.8125581246379636,16.975682831486203,31.818181818181817,36.26373626373626,38.46153846153847,-2.197802197802204,69.0909090909091,18.681318681318682
NPU,8,fgsm/eps0.05,fgsm,eps0.05,30,110,91,56,1,34,32,35,78,13,1.7857142857142856,0.31591289644639853,9.445858179193289,30.909090909090907,35.16483516483517,38.46153846153847,-3.296703296703299,70.9090909090909,14.285714285714285
NPU,8,fgsm/eps0.05,fgsm,eps0.05,40,110,91,56,1,37,35,35,89,4,1.7857142857142856,0.31591289644639853,9.445858179193289,33.63636363636363,38.46153846153847,38.46153846153847,0.0,80.9090909090909,4.395604395604396
NPU,8,bim/eps0.03_default,bim,eps0.03_default,10,110,91,56,12,36,35,35,37,55,21.428571428571427,12.7057803147445,33.81971365600494,32.72727272727273,38.46153846153847,38.46153846153847,0.0,33.63636363636363,60.43956043956044
NPU,8,bim/eps0.03_default,bim,eps0.03_default,20,110,91,56,6,42,40,35,76,17,10.714285714285714,5.003867458119086,21.468686751661398,38.18181818181819,43.956043956043956,38.46153846153847,5.494505494505489,69.0909090909091,18.681318681318682
NPU,8,bim/eps0.03_default,bim,eps0.03_default,30,110,91,56,5,41,39,35,78,13,8.928571428571429,3.8741577263088285,19.256239856643496,37.27272727272727,42.857142857142854,38.46153846153847,4.395604395604387,70.9090909090909,14.285714285714285
NPU,8,bim/eps0.03_default,bim,eps0.03_default,40,110,91,56,6,42,40,35,89,4,10.714285714285714,5.003867458119086,21.468686751661398,38.18181818181819,43.956043956043956,38.46153846153847,5.494505494505489,80.9090909090909,4.395604395604396
NPU,8,pgd/eps0.005,pgd,eps0.005,10,110,91,9,3,38,37,82,37,55,33.33333333333333,12.058159868274293,64.58026525009102,34.54545454545455,40.65934065934066,90.10989010989012,-49.45054945054946,33.63636363636363,60.43956043956044
NPU,8,pgd/eps0.005,pgd,eps0.005,20,110,91,9,5,72,69,82,76,17,55.55555555555556,26.66473457440297,81.1224570528086,65.45454545454545,75.82417582417582,90.10989010989012,-14.285714285714292,69.0909090909091,18.681318681318682
NPU,8,pgd/eps0.005,pgd,eps0.005,30,110,91,9,1,74,72,82,78,13,11.11111111111111,1.9890371327130536,43.50062147680601,67.27272727272727,79.12087912087912,90.10989010989012,-10.989010989010993,70.9090909090909,14.285714285714285
NPU,8,pgd/eps0.005,pgd,eps0.005,40,110,91,9,2,81,79,82,89,4,22.22222222222222,6.322376231222723,54.74166563271946,73.63636363636363,86.81318681318682,90.10989010989012,-3.296703296703299,80.9090909090909,4.395604395604396
NPU,8,pgd/eps0.01,pgd,eps0.01,10,110,91,26,11,37,36,65,37,55,42.30769230769231,25.544189902729396,61.05170307888017,33.63636363636363,39.56043956043956,71.42857142857143,-31.86813186813187,33.63636363636363,60.43956043956044
NPU,8,pgd/eps0.01,pgd,eps0.01,20,110,91,26,5,60,57,65,76,17,19.230769230769234,8.506935771788267,37.87663615465,54.54545454545454,62.637362637362635,71.42857142857143,-8.791208791208796,69.0909090909091,18.681318681318682
NPU,8,pgd/eps0.01,pgd,eps0.01,30,110,91,26,7,67,64,65,78,13,26.923076923076923,13.704275525067386,46.083403419761304,60.909090909090914,70.32967032967034,71.42857142857143,-1.098901098901095,70.9090909090909,14.285714285714285
NPU,8,pgd/eps0.01,pgd,eps0.01,40,110,91,26,9,74,71,65,89,4,34.61538461538461,19.412014972852127,53.77977099036699,67.27272727272727,78.02197802197803,71.42857142857143,6.593406593406598,80.9090909090909,4.395604395604396
NPU,8,pgd/eps0.03,pgd,eps0.03,10,110,91,54,13,36,35,37,37,55,24.074074074074073,14.644154703850742,36.94777912923824,32.72727272727273,38.46153846153847,40.65934065934066,-2.19780219780219,33.63636363636363,60.43956043956044
NPU,8,pgd/eps0.03,pgd,eps0.03,20,110,91,54,4,41,40,37,76,17,7.4074074074074066,2.9181055323684175,17.554357193420632,37.27272727272727,43.956043956043956,40.65934065934066,3.296703296703299,69.0909090909091,18.681318681318682
NPU,8,pgd/eps0.03,pgd,eps0.03,30,110,91,54,4,40,39,37,78,13,7.4074074074074066,2.9181055323684175,17.554357193420632,36.36363636363637,42.857142857142854,40.65934065934066,2.197802197802197,70.9090909090909,14.285714285714285
NPU,8,pgd/eps0.03,pgd,eps0.03,40,110,91,54,4,41,40,37,89,4,7.4074074074074066,2.9181055323684175,17.554357193420632,37.27272727272727,43.956043956043956,40.65934065934066,3.296703296703299,80.9090909090909,4.395604395604396
NPU,8,mifgsm/eps0.03_default,mifgsm,eps0.03_default,10,110,91,53,12,35,34,38,37,55,22.641509433962266,13.454499977265527,35.526528002242436,31.818181818181817,37.362637362637365,41.75824175824176,-4.395604395604394,33.63636363636363,60.43956043956044
NPU,8,mifgsm/eps0.03_default,mifgsm,eps0.03_default,20,110,91,53,5,42,40,38,76,17,9.433962264150944,4.0972037441896845,20.253975673701436,38.18181818181819,43.956043956043956,41.75824175824176,2.197802197802197,69.0909090909091,18.681318681318682
NPU,8,mifgsm/eps0.03_default,mifgsm,eps0.03_default,30,110,91,53,3,40,38,38,78,13,5.660377358490567,1.9436308927314183,15.37044893612632,36.36363636363637,41.75824175824176,41.75824175824176,0.0,70.9090909090909,14.285714285714285
NPU,8,mifgsm/eps0.03_default,mifgsm,eps0.03_default,40,110,91,53,4,44,42,38,89,4,7.547169811320755,2.973907359890181,17.858722263484246,40.0,46.15384615384615,41.75824175824176,4.395604395604394,80.9090909090909,4.395604395604396
NPU,8,difgsm/eps0.03_default,difgsm,eps0.03_default,10,110,91,51,9,31,31,40,37,55,17.647058823529413,9.5722957258099,30.254405172778036,28.18181818181818,34.065934065934066,43.956043956043956,-9.89010989010989,33.63636363636363,60.43956043956044
NPU,8,difgsm/eps0.03_default,difgsm,eps0.03_default,20,110,91,51,0,35,33,40,76,17,0.0,0.0,7.004901388726806,31.818181818181817,36.26373626373626,43.956043956043956,-7.692307692307693,69.0909090909091,18.681318681318682
NPU,8,difgsm/eps0.03_default,difgsm,eps0.03_default,30,110,91,51,0,35,33,40,78,13,0.0,0.0,7.004901388726806,31.818181818181817,36.26373626373626,43.956043956043956,-7.692307692307693,70.9090909090909,14.285714285714285
NPU,8,difgsm/eps0.03_default,difgsm,eps0.03_default,40,110,91,51,0,38,36,40,89,4,0.0,0.0,7.004901388726806,34.54545454545455,39.56043956043956,43.956043956043956,-4.395604395604394,80.9090909090909,4.395604395604396
NPU,8,vmifgsm/eps0.03_default,vmifgsm,eps0.03_default,10,110,91,53,11,35,34,38,37,55,20.754716981132077,12.004475729322063,33.45800245566921,31.818181818181817,37.362637362637365,41.75824175824176,-4.395604395604394,33.63636363636363,60.43956043956044
NPU,8,vmifgsm/eps0.03_default,vmifgsm,eps0.03_default,20,110,91,53,5,43,41,38,76,17,9.433962264150944,4.0972037441896845,20.253975673701436,39.09090909090909,45.05494505494506,41.75824175824176,3.296703296703299,69.0909090909091,18.681318681318682
NPU,8,vmifgsm/eps0.03_default,vmifgsm,eps0.03_default,30,110,91,53,3,40,38,38,78,13,5.660377358490567,1.9436308927314183,15.37044893612632,36.36363636363637,41.75824175824176,41.75824175824176,0.0,70.9090909090909,14.285714285714285
NPU,8,vmifgsm/eps0.03_default,vmifgsm,eps0.03_default,40,110,91,53,3,42,40,38,89,4,5.660377358490567,1.9436308927314183,15.37044893612632,38.18181818181819,43.956043956043956,41.75824175824176,2.197802197802197,80.9090909090909,4.395604395604396
NPU,8,vnifgsm/eps0.03_default,vnifgsm,eps0.03_default,10,110,91,53,12,34,34,38,37,55,22.641509433962266,13.454499977265527,35.526528002242436,30.909090909090907,37.362637362637365,41.75824175824176,-4.395604395604394,33.63636363636363,60.43956043956044
NPU,8,vnifgsm/eps0.03_default,vnifgsm,eps0.03_default,20,110,91,53,3,40,38,38,76,17,5.660377358490567,1.9436308927314183,15.37044893612632,36.36363636363637,41.75824175824176,41.75824175824176,0.0,69.0909090909091,18.681318681318682
NPU,8,vnifgsm/eps0.03_default,vnifgsm,eps0.03_default,30,110,91,53,3,40,38,38,78,13,5.660377358490567,1.9436308927314183,15.37044893612632,36.36363636363637,41.75824175824176,41.75824175824176,0.0,70.9090909090909,14.285714285714285
NPU,8,vnifgsm/eps0.03_default,vnifgsm,eps0.03_default,40,110,91,53,4,42,40,38,89,4,7.547169811320755,2.973907359890181,17.858722263484246,38.18181818181819,43.956043956043956,41.75824175824176,2.197802197802197,80.9090909090909,4.395604395604396
NPU,8,rfgsm/eps0.03_default,rfgsm,eps0.03_default,10,110,91,55,12,35,34,36,37,55,21.818181818181817,12.945897827653214,34.37028664047817,31.818181818181817,37.362637362637365,39.56043956043956,-2.197802197802197,33.63636363636363,60.43956043956044
NPU,8,rfgsm/eps0.03_default,rfgsm,eps0.03_default,20,110,91,55,4,41,39,36,76,17,7.2727272727272725,2.864359650368854,17.260178091636796,37.27272727272727,42.857142857142854,39.56043956043956,3.296703296703292,69.0909090909091,18.681318681318682
NPU,8,rfgsm/eps0.03_default,rfgsm,eps0.03_default,30,110,91,55,5,42,40,36,78,13,9.090909090909092,3.9457573336373923,19.577736249133977,38.18181818181819,43.956043956043956,39.56043956043956,4.395604395604394,70.9090909090909,14.285714285714285
NPU,8,rfgsm/eps0.03_default,rfgsm,eps0.03_default,40,110,91,55,5,42,40,36,89,4,9.090909090909092,3.9457573336373923,19.577736249133977,38.18181818181819,43.956043956043956,39.56043956043956,4.395604395604394,80.9090909090909,4.395604395604396
NPU,8,tpgd/eps0.03_default,tpgd,eps0.03_default,10,110,91,32,5,38,37,59,37,55,15.625,6.8643191066272164,31.75449255356653,34.54545454545455,40.65934065934066,64.83516483516483,-24.175824175824175,33.63636363636363,60.43956043956044
NPU,8,tpgd/eps0.03_default,tpgd,eps0.03_default,20,110,91,32,4,60,60,59,76,17,12.5,4.970053844474301,28.068649784827958,54.54545454545454,65.93406593406593,64.83516483516483,1.098901098901095,69.0909090909091,18.681318681318682
NPU,8,tpgd/eps0.03_default,tpgd,eps0.03_default,30,110,91,32,1,57,57,59,78,13,3.125,0.5537717362550945,15.744607800372734,51.81818181818182,62.637362637362635,64.83516483516483,-2.197802197802197,70.9090909090909,14.285714285714285
NPU,8,tpgd/eps0.03_default,tpgd,eps0.03_default,40,110,91,32,1,60,60,59,89,4,3.125,0.5537717362550945,15.744607800372734,54.54545454545454,65.93406593406593,64.83516483516483,1.098901098901095,80.9090909090909,4.395604395604396
NPU,8,cw/c1_steps20_lr0.01,cw,c1_steps20_lr0.01,10,110,91,54,11,35,34,37,37,55,20.37037037037037,11.773934086585381,32.90256172265917,31.818181818181817,37.362637362637365,40.65934065934066,-3.296703296703292,33.63636363636363,60.43956043956044
NPU,8,cw/c1_steps20_lr0.01,cw,c1_steps20_lr0.01,20,110,91,54,13,46,44,37,76,17,24.074074074074073,14.644154703850742,36.94777912923824,41.81818181818181,48.35164835164835,40.65934065934066,7.692307692307693,69.0909090909091,18.681318681318682
NPU,8,cw/c1_steps20_lr0.01,cw,c1_steps20_lr0.01,30,110,91,54,11,44,42,37,78,13,20.37037037037037,11.773934086585381,32.90256172265917,40.0,46.15384615384615,40.65934065934066,5.494505494505496,70.9090909090909,14.285714285714285
NPU,8,cw/c1_steps20_lr0.01,cw,c1_steps20_lr0.01,40,110,91,54,11,44,43,37,89,4,20.37037037037037,11.773934086585381,32.90256172265917,40.0,47.25274725274725,40.65934065934066,6.593406593406591,80.9090909090909,4.395604395604396
NPU,8,deepfool/package_default,deepfool,package_default,10,110,91,47,15,37,36,44,37,55,31.914893617021278,20.39520381739899,46.16761088552146,33.63636363636363,39.56043956043956,48.35164835164835,-8.791208791208788,33.63636363636363,60.43956043956044
NPU,8,deepfool/package_default,deepfool,package_default,20,110,91,47,20,50,48,44,76,17,42.5531914893617,29.51341600182584,56.718331228788465,45.45454545454545,52.74725274725275,48.35164835164835,4.395604395604401,69.0909090909091,18.681318681318682
NPU,8,deepfool/package_default,deepfool,package_default,30,110,91,47,16,47,46,44,78,13,34.04255319148936,22.16726071376219,48.32934049469702,42.72727272727273,50.54945054945055,48.35164835164835,2.197802197802197,70.9090909090909,14.285714285714285
NPU,8,deepfool/package_default,deepfool,package_default,40,110,91,47,22,55,55,44,89,4,46.808510638297875,33.331462168462636,60.767858073229206,50.0,60.43956043956044,48.35164835164835,12.087912087912088,80.9090909090909,4.395604395604396
NPU,8,fab/eps0.005,fab,eps0.005,10,110,91,3,2,37,36,88,37,55,66.66666666666666,20.76549551264879,93.85096847238394,33.63636363636363,39.56043956043956,96.7032967032967,-57.14285714285714,33.63636363636363,60.43956043956044
NPU,8,fab/eps0.005,fab,eps0.005,20,110,91,3,2,76,74,88,76,17,66.66666666666666,20.76549551264879,93.85096847238394,69.0909090909091,81.31868131868131,96.7032967032967,-15.384615384615387,69.0909090909091,18.681318681318682
NPU,8,fab/eps0.005,fab,eps0.005,30,110,91,3,1,76,76,88,78,13,33.33333333333333,6.14903152761605,79.23450448735122,69.0909090909091,83.51648351648352,96.7032967032967,-13.186813186813183,70.9090909090909,14.285714285714285
NPU,8,fab/eps0.005,fab,eps0.005,40,110,91,3,1,86,84,88,89,4,33.33333333333333,6.14903152761605,79.23450448735122,78.18181818181819,92.3076923076923,96.7032967032967,-4.395604395604394,80.9090909090909,4.395604395604396
NPU,8,fab/eps0.01,fab,eps0.01,10,110,91,15,7,37,36,76,37,55,46.666666666666664,24.80922525974644,69.8833698489492,33.63636363636363,39.56043956043956,83.51648351648352,-43.956043956043956,33.63636363636363,60.43956043956044
NPU,8,fab/eps0.01,fab,eps0.01,20,110,91,15,7,74,72,76,76,17,46.666666666666664,24.80922525974644,69.8833698489492,67.27272727272727,79.12087912087912,83.51648351648352,-4.395604395604394,69.0909090909091,18.681318681318682
NPU,8,fab/eps0.01,fab,eps0.01,30,110,91,15,9,76,75,76,78,13,60.0,35.746442756507705,80.17577191740534,69.0909090909091,82.41758241758241,83.51648351648352,-1.0989010989011092,70.9090909090909,14.285714285714285
NPU,8,fab/eps0.01,fab,eps0.01,40,110,91,15,10,84,83,76,89,4,66.66666666666666,41.71312515121298,84.82389930530876,76.36363636363637,91.20879120879121,83.51648351648352,7.692307692307693,80.9090909090909,4.395604395604396
NPU,8,fab/eps0.03,fab,eps0.03,10,110,91,30,11,37,36,61,37,55,36.666666666666664,21.87370220401768,54.486753566395066,33.63636363636363,39.56043956043956,67.03296703296702,-27.47252747252746,33.63636363636363,60.43956043956044
NPU,8,fab/eps0.03,fab,eps0.03,20,110,91,30,10,60,58,61,76,17,33.33333333333333,19.230295526846195,51.22027418616973,54.54545454545454,63.73626373626373,67.03296703296702,-3.296703296703292,69.0909090909091,18.681318681318682
NPU,8,fab/eps0.03,fab,eps0.03,30,110,91,30,14,59,58,61,78,13,46.666666666666664,30.232127224128234,63.857986718474955,53.63636363636364,63.73626373626373,67.03296703296702,-3.296703296703292,70.9090909090909,14.285714285714285
NPU,8,fab/eps0.03,fab,eps0.03,40,110,91,30,16,66,65,61,89,4,53.333333333333336,36.142013281525045,69.76787277587178,60.0,71.42857142857143,67.03296703296702,4.395604395604408,80.9090909090909,4.395604395604396
NPU,8,square/eps0.03_default,square,eps0.03_default,10,110,91,44,12,35,34,47,37,55,27.27272727272727,16.346223395491325,41.849154685509305,31.818181818181817,37.362637362637365,51.64835164835166,-14.285714285714292,33.63636363636363,60.43956043956044
NPU,8,square/eps0.03_default,square,eps0.03_default,20,110,91,44,10,45,44,47,76,17,22.727272727272727,12.841810830185086,36.992642867015675,40.909090909090914,48.35164835164835,51.64835164835166,-3.2967032967033063,69.0909090909091,18.681318681318682
NPU,8,square/eps0.03_default,square,eps0.03_default,30,110,91,44,12,48,48,47,78,13,27.27272727272727,16.346223395491325,41.849154685509305,43.63636363636363,52.74725274725275,51.64835164835166,1.098901098901095,70.9090909090909,14.285714285714285
NPU,8,square/eps0.03_default,square,eps0.03_default,40,110,91,44,12,49,49,47,89,4,27.27272727272727,16.346223395491325,41.849154685509305,44.54545454545455,53.84615384615385,51.64835164835166,2.19780219780219,80.9090909090909,4.395604395604396
NPU,8,apgd/eps0.03_default,apgd,eps0.03_default,10,110,91,57,11,34,33,34,37,55,19.298245614035086,11.132633377760481,31.34093733701362,30.909090909090907,36.26373626373626,37.362637362637365,-1.098901098901102,33.63636363636363,60.43956043956044
NPU,8,apgd/eps0.03_default,apgd,eps0.03_default,20,110,91,57,5,40,39,34,76,17,8.771929824561402,3.805111076663829,18.945112454604246,36.36363636363637,42.857142857142854,37.362637362637365,5.494505494505489,69.0909090909091,18.681318681318682
NPU,8,apgd/eps0.03_default,apgd,eps0.03_default,30,110,91,57,6,41,40,34,78,13,10.526315789473683,4.914398953912691,21.123049107939725,37.27272727272727,43.956043956043956,37.362637362637365,6.593406593406591,70.9090909090909,14.285714285714285
NPU,8,apgd/eps0.03_default,apgd,eps0.03_default,40,110,91,57,7,42,41,34,89,4,12.280701754385964,6.077983003507501,23.24668958892925,38.18181818181819,45.05494505494506,37.362637362637365,7.692307692307693,80.9090909090909,4.395604395604396
NPU,8,apgdt/eps0.03_default,apgdt,eps0.03_default,10,110,91,58,11,34,33,33,37,55,18.96551724137931,10.934140042567437,30.852618385416307,30.909090909090907,36.26373626373626,36.26373626373626,0.0,33.63636363636363,60.43956043956044
NPU,8,apgdt/eps0.03_default,apgdt,eps0.03_default,20,110,91,58,8,43,41,33,76,17,13.793103448275861,7.158401626482185,24.926149872832188,39.09090909090909,45.05494505494506,36.26373626373626,8.791208791208796,69.0909090909091,18.681318681318682
NPU,8,apgdt/eps0.03_default,apgdt,eps0.03_default,30,110,91,58,7,42,40,33,78,13,12.068965517241379,5.970890244859669,22.879592278231584,38.18181818181819,43.956043956043956,36.26373626373626,7.692307692307693,70.9090909090909,14.285714285714285
NPU,8,apgdt/eps0.03_default,apgdt,eps0.03_default,40,110,91,58,10,45,43,33,89,4,17.24137931034483,9.644189395085109,28.908500056675518,40.909090909090914,47.25274725274725,36.26373626373626,10.989010989010985,80.9090909090909,4.395604395604396
NPU,8,autoattack/eps0.03_standard,autoattack,eps0.03_standard,10,110,91,58,11,34,33,33,37,55,18.96551724137931,10.934140042567437,30.852618385416307,30.909090909090907,36.26373626373626,36.26373626373626,0.0,33.63636363636363,60.43956043956044
NPU,8,autoattack/eps0.03_standard,autoattack,eps0.03_standard,20,110,91,58,6,40,38,33,76,17,10.344827586206897,4.828075015859154,20.788338531008968,36.36363636363637,41.75824175824176,36.26373626373626,5.494505494505496,69.0909090909091,18.681318681318682
NPU,8,autoattack/eps0.03_standard,autoattack,eps0.03_standard,30,110,91,58,5,39,37,33,78,13,8.620689655172415,3.7384831933793383,18.643861377265665,35.45454545454545,40.65934065934066,36.26373626373626,4.395604395604394,70.9090909090909,14.285714285714285
NPU,8,autoattack/eps0.03_standard,autoattack,eps0.03_standard,40,110,91,58,6,40,38,33,89,4,10.344827586206897,4.828075015859154,20.788338531008968,36.36363636363637,41.75824175824176,36.26373626373626,5.494505494505496,80.9090909090909,4.395604395604396
NPU,8,ead/package_default,ead,package_default,10,110,91,37,10,36,35,54,37,55,27.027027027027028,15.397298246990685,42.97847547392133,32.72727272727273,38.46153846153847,59.34065934065934,-20.879120879120876,33.63636363636363,60.43956043956044
NPU,8,ead/package_default,ead,package_default,20,110,91,37,19,59,56,54,76,17,51.35135135135135,35.894637225980915,66.55384667278896,53.63636363636364,61.53846153846154,59.34065934065934,2.197802197802197,69.0909090909091,18.681318681318682
NPU,8,ead/package_default,ead,package_default,30,110,91,37,17,61,59,54,78,13,45.94594594594595,31.038327828457724,61.616220475232645,55.45454545454545,64.83516483516483,59.34065934065934,5.494505494505489,70.9090909090909,14.285714285714285
NPU,8,ead/package_default,ead,package_default,40,110,91,37,18,61,61,54,89,4,48.64864864864865,33.446153327211036,64.10536277401908,55.45454545454545,67.03296703296702,59.34065934065934,7.692307692307679,80.9090909090909,4.395604395604396
NPU,8,ALL/ALL_24,ALL,ALL_24,10,2640,2184,976,236,852,829,1208,888,1320,24.18032786885246,21.598626156854767,26.964488534336127,32.27272727272727,37.95787545787546,55.311355311355314,-17.353479853479854,33.63636363636363,60.43956043956044
NPU,8,ALL/ALL_24,ALL,ALL_24,20,2640,2184,976,158,1219,1171,1208,1824,408,16.188524590163937,14.010886493315395,18.63128750705364,46.17424242424242,53.61721611721612,55.311355311355314,-1.694139194139197,69.0909090909091,18.681318681318682
NPU,8,ALL/ALL_24,ALL,ALL_24,30,2640,2184,976,141,1228,1188,1208,1872,312,14.446721311475411,12.38039432153735,16.791831066729486,46.515151515151516,54.395604395604394,55.311355311355314,-0.9157509157509196,70.9090909090909,14.285714285714285
NPU,8,ALL/ALL_24,ALL,ALL_24,40,2640,2184,976,165,1323,1287,1208,2136,96,16.90573770491803,14.685079067141649,19.385897302916526,50.11363636363636,58.92857142857143,55.311355311355314,3.617216117216117,80.9090909090909,4.395604395604396
NPU,10,fgsm/eps0.005,fgsm,eps0.005,10,110,84,10,6,34,29,74,34,55,60.0,31.266954745018637,83.18224187964903,30.909090909090907,34.523809523809526,88.09523809523809,-53.57142857142856,30.909090909090907,65.47619047619048
NPU,10,fgsm/eps0.005,fgsm,eps0.005,20,110,84,10,4,67,60,74,72,17,40.0,16.817758120350966,68.73304525498135,60.909090909090914,71.42857142857143,88.09523809523809,-16.666666666666657,65.45454545454545,20.238095238095237
NPU,10,fgsm/eps0.005,fgsm,eps0.005,30,110,84,10,4,73,69,74,76,10,40.0,16.817758120350966,68.73304525498135,66.36363636363637,82.14285714285714,88.09523809523809,-5.952380952380949,69.0909090909091,11.904761904761903
NPU,10,fgsm/eps0.005,fgsm,eps0.005,40,110,84,10,5,77,73,74,80,6,50.0,23.65895936154873,76.34104063845126,70.0,86.90476190476191,88.09523809523809,-1.1904761904761756,72.72727272727273,7.142857142857142
NPU,10,fgsm/eps0.01,fgsm,eps0.01,10,110,84,22,8,31,27,62,34,55,36.36363636363637,19.732972772607898,57.04865065628195,28.18181818181818,32.142857142857146,73.80952380952381,-41.666666666666664,30.909090909090907,65.47619047619048
NPU,10,fgsm/eps0.01,fgsm,eps0.01,20,110,84,22,5,60,55,62,72,17,22.727272727272727,10.122890794820357,43.44035606295935,54.54545454545454,65.47619047619048,73.80952380952381,-8.333333333333329,65.45454545454545,20.238095238095237
NPU,10,fgsm/eps0.01,fgsm,eps0.01,30,110,84,22,3,62,57,62,76,10,13.636363636363635,4.748917264236269,33.33541187947,56.36363636363636,67.85714285714286,73.80952380952381,-5.952380952380949,69.0909090909091,11.904761904761903
NPU,10,fgsm/eps0.01,fgsm,eps0.01,40,110,84,22,4,66,63,62,80,6,18.181818181818183,7.306766024105121,38.517021976637864,60.0,75.0,73.80952380952381,1.1904761904761898,72.72727272727273,7.142857142857142
NPU,10,fgsm/eps0.03,fgsm,eps0.03,10,110,84,41,8,30,25,43,34,55,19.51219512195122,10.234315749205928,34.01388235255672,27.27272727272727,29.761904761904763,51.19047619047619,-21.428571428571427,30.909090909090907,65.47619047619048
NPU,10,fgsm/eps0.03,fgsm,eps0.03,20,110,84,41,6,48,41,43,72,17,14.634146341463413,6.884154529455409,28.44375526858926,43.63636363636363,48.80952380952381,51.19047619047619,-2.3809523809523796,65.45454545454545,20.238095238095237
NPU,10,fgsm/eps0.03,fgsm,eps0.03,30,110,84,41,6,50,45,43,76,10,14.634146341463413,6.884154529455409,28.44375526858926,45.45454545454545,53.57142857142857,51.19047619047619,2.3809523809523796,69.0909090909091,11.904761904761903
NPU,10,fgsm/eps0.03,fgsm,eps0.03,40,110,84,41,5,49,45,43,80,6,12.195121951219512,5.323257997340825,25.544507648844867,44.54545454545455,53.57142857142857,51.19047619047619,2.3809523809523796,72.72727272727273,7.142857142857142
NPU,10,fgsm/eps0.05,fgsm,eps0.05,10,110,84,53,9,33,26,31,34,55,16.9811320754717,9.199841772223753,29.22553682373413,30.0,30.952380952380953,36.904761904761905,-5.9523809523809526,30.909090909090907,65.47619047619048
NPU,10,fgsm/eps0.05,fgsm,eps0.05,20,110,84,53,5,36,31,31,72,17,9.433962264150944,4.0972037441896845,20.253975673701436,32.72727272727273,36.904761904761905,36.904761904761905,0.0,65.45454545454545,20.238095238095237
NPU,10,fgsm/eps0.05,fgsm,eps0.05,30,110,84,53,5,34,31,31,76,10,9.433962264150944,4.0972037441896845,20.253975673701436,30.909090909090907,36.904761904761905,36.904761904761905,0.0,69.0909090909091,11.904761904761903
NPU,10,fgsm/eps0.05,fgsm,eps0.05,40,110,84,53,4,34,30,31,80,6,7.547169811320755,2.973907359890181,17.858722263484246,30.909090909090907,35.714285714285715,36.904761904761905,-1.1904761904761898,72.72727272727273,7.142857142857142
NPU,10,bim/eps0.03_default,bim,eps0.03_default,10,110,84,45,7,32,27,39,34,55,15.555555555555555,7.745325311328677,28.784190511248802,29.09090909090909,32.142857142857146,46.42857142857143,-14.285714285714285,30.909090909090907,65.47619047619048
NPU,10,bim/eps0.03_default,bim,eps0.03_default,20,110,84,45,5,41,37,39,72,17,11.11111111111111,4.840400437825558,23.499375490890944,37.27272727272727,44.047619047619044,46.42857142857143,-2.3809523809523867,65.45454545454545,20.238095238095237
NPU,10,bim/eps0.03_default,bim,eps0.03_default,30,110,84,45,4,42,39,39,76,10,8.88888888888889,3.5110548134203152,20.733851168365703,38.18181818181819,46.42857142857143,46.42857142857143,0.0,69.0909090909091,11.904761904761903
NPU,10,bim/eps0.03_default,bim,eps0.03_default,40,110,84,45,2,42,38,39,80,6,4.444444444444445,1.2273869040444336,14.827779183880615,38.18181818181819,45.23809523809524,46.42857142857143,-1.1904761904761898,72.72727272727273,7.142857142857142
NPU,10,pgd/eps0.005,pgd,eps0.005,10,110,84,10,6,33,28,74,34,55,60.0,31.266954745018637,83.18224187964903,30.0,33.33333333333333,88.09523809523809,-54.76190476190476,30.909090909090907,65.47619047619048
NPU,10,pgd/eps0.005,pgd,eps0.005,20,110,84,10,5,67,60,74,72,17,50.0,23.65895936154873,76.34104063845126,60.909090909090914,71.42857142857143,88.09523809523809,-16.666666666666657,65.45454545454545,20.238095238095237
NPU,10,pgd/eps0.005,pgd,eps0.005,30,110,84,10,5,73,68,74,76,10,50.0,23.65895936154873,76.34104063845126,66.36363636363637,80.95238095238095,88.09523809523809,-7.142857142857139,69.0909090909091,11.904761904761903
NPU,10,pgd/eps0.005,pgd,eps0.005,40,110,84,10,4,77,73,74,80,6,40.0,16.817758120350966,68.73304525498135,70.0,86.90476190476191,88.09523809523809,-1.1904761904761756,72.72727272727273,7.142857142857142
NPU,10,pgd/eps0.01,pgd,eps0.01,10,110,84,25,7,31,27,59,34,55,28.000000000000004,14.283673837381569,47.5769718965583,28.18181818181818,32.142857142857146,70.23809523809523,-38.09523809523808,30.909090909090907,65.47619047619048
NPU,10,pgd/eps0.01,pgd,eps0.01,20,110,84,25,6,61,55,59,72,17,24.0,11.496157730326725,43.43005995523856,55.45454545454545,65.47619047619048,70.23809523809523,-4.761904761904745,65.45454545454545,20.238095238095237
NPU,10,pgd/eps0.01,pgd,eps0.01,30,110,84,25,5,61,57,59,76,10,20.0,8.860454100652488,39.131335536538245,55.45454545454545,67.85714285714286,70.23809523809523,-2.3809523809523654,69.0909090909091,11.904761904761903
NPU,10,pgd/eps0.01,pgd,eps0.01,40,110,84,25,6,67,63,59,80,6,24.0,11.496157730326725,43.43005995523856,60.909090909090914,75.0,70.23809523809523,4.761904761904773,72.72727272727273,7.142857142857142
NPU,10,pgd/eps0.03,pgd,eps0.03,10,110,84,46,8,34,27,38,34,55,17.391304347826086,9.085683568889253,30.72363234392253,30.909090909090907,32.142857142857146,45.23809523809524,-13.095238095238095,30.909090909090907,65.47619047619048
NPU,10,pgd/eps0.03,pgd,eps0.03,20,110,84,46,7,43,40,38,72,17,15.217391304347828,7.572186234017478,28.224417406315094,39.09090909090909,47.61904761904761,45.23809523809524,2.3809523809523725,65.45454545454545,20.238095238095237
NPU,10,pgd/eps0.03,pgd,eps0.03,30,110,84,46,5,44,41,38,76,10,10.869565217391305,4.733076082742689,23.038103012631456,40.0,48.80952380952381,45.23809523809524,3.5714285714285694,69.0909090909091,11.904761904761903
NPU,10,pgd/eps0.03,pgd,eps0.03,40,110,84,46,3,43,39,38,80,6,6.521739130434782,2.242745446634356,17.50300910378136,39.09090909090909,46.42857142857143,45.23809523809524,1.1904761904761898,72.72727272727273,7.142857142857142
NPU,10,mifgsm/eps0.03_default,mifgsm,eps0.03_default,10,110,84,46,8,32,27,38,34,55,17.391304347826086,9.085683568889253,30.72363234392253,29.09090909090909,32.142857142857146,45.23809523809524,-13.095238095238095,30.909090909090907,65.47619047619048
NPU,10,mifgsm/eps0.03_default,mifgsm,eps0.03_default,20,110,84,46,7,43,39,38,72,17,15.217391304347828,7.572186234017478,28.224417406315094,39.09090909090909,46.42857142857143,45.23809523809524,1.1904761904761898,65.45454545454545,20.238095238095237
NPU,10,mifgsm/eps0.03_default,mifgsm,eps0.03_default,30,110,84,46,3,40,37,38,76,10,6.521739130434782,2.242745446634356,17.50300910378136,36.36363636363637,44.047619047619044,45.23809523809524,-1.190476190476197,69.0909090909091,11.904761904761903
NPU,10,mifgsm/eps0.03_default,mifgsm,eps0.03_default,40,110,84,46,3,43,39,38,80,6,6.521739130434782,2.242745446634356,17.50300910378136,39.09090909090909,46.42857142857143,45.23809523809524,1.1904761904761898,72.72727272727273,7.142857142857142
NPU,10,difgsm/eps0.03_default,difgsm,eps0.03_default,10,110,84,42,7,29,25,42,34,55,16.666666666666664,8.315811295836502,30.604296204774293,26.36363636363636,29.761904761904763,50.0,-20.238095238095237,30.909090909090907,65.47619047619048
NPU,10,difgsm/eps0.03_default,difgsm,eps0.03_default,20,110,84,42,4,38,34,42,72,17,9.523809523809524,3.7661638828312096,22.06539522505333,34.54545454545455,40.476190476190474,50.0,-9.523809523809526,65.45454545454545,20.238095238095237
NPU,10,difgsm/eps0.03_default,difgsm,eps0.03_default,30,110,84,42,3,38,35,42,76,10,7.142857142857142,2.458996355117286,19.009713288525166,34.54545454545455,41.66666666666667,50.0,-8.333333333333329,69.0909090909091,11.904761904761903
NPU,10,difgsm/eps0.03_default,difgsm,eps0.03_default,40,110,84,42,1,37,34,42,80,6,2.380952380952381,0.421529549910029,12.321481165248253,33.63636363636363,40.476190476190474,50.0,-9.523809523809526,72.72727272727273,7.142857142857142
NPU,10,vmifgsm/eps0.03_default,vmifgsm,eps0.03_default,10,110,84,45,7,33,27,39,34,55,15.555555555555555,7.745325311328677,28.784190511248802,30.0,32.142857142857146,46.42857142857143,-14.285714285714285,30.909090909090907,65.47619047619048
NPU,10,vmifgsm/eps0.03_default,vmifgsm,eps0.03_default,20,110,84,45,6,42,39,39,72,17,13.333333333333334,6.25706363434968,26.17758224129731,38.18181818181819,46.42857142857143,46.42857142857143,0.0,65.45454545454545,20.238095238095237
NPU,10,vmifgsm/eps0.03_default,vmifgsm,eps0.03_default,30,110,84,45,5,43,39,39,76,10,11.11111111111111,4.840400437825558,23.499375490890944,39.09090909090909,46.42857142857143,46.42857142857143,0.0,69.0909090909091,11.904761904761903
NPU,10,vmifgsm/eps0.03_default,vmifgsm,eps0.03_default,40,110,84,45,2,42,38,39,80,6,4.444444444444445,1.2273869040444336,14.827779183880615,38.18181818181819,45.23809523809524,46.42857142857143,-1.1904761904761898,72.72727272727273,7.142857142857142
NPU,10,vnifgsm/eps0.03_default,vnifgsm,eps0.03_default,10,110,84,45,7,33,27,39,34,55,15.555555555555555,7.745325311328677,28.784190511248802,30.0,32.142857142857146,46.42857142857143,-14.285714285714285,30.909090909090907,65.47619047619048
NPU,10,vnifgsm/eps0.03_default,vnifgsm,eps0.03_default,20,110,84,45,6,42,38,39,72,17,13.333333333333334,6.25706363434968,26.17758224129731,38.18181818181819,45.23809523809524,46.42857142857143,-1.1904761904761898,65.45454545454545,20.238095238095237
NPU,10,vnifgsm/eps0.03_default,vnifgsm,eps0.03_default,30,110,84,45,4,43,40,39,76,10,8.88888888888889,3.5110548134203152,20.733851168365703,39.09090909090909,47.61904761904761,46.42857142857143,1.1904761904761827,69.0909090909091,11.904761904761903
NPU,10,vnifgsm/eps0.03_default,vnifgsm,eps0.03_default,40,110,84,45,2,43,39,39,80,6,4.444444444444445,1.2273869040444336,14.827779183880615,39.09090909090909,46.42857142857143,46.42857142857143,0.0,72.72727272727273,7.142857142857142
NPU,10,rfgsm/eps0.03_default,rfgsm,eps0.03_default,10,110,84,45,7,32,27,39,34,55,15.555555555555555,7.745325311328677,28.784190511248802,29.09090909090909,32.142857142857146,46.42857142857143,-14.285714285714285,30.909090909090907,65.47619047619048
NPU,10,rfgsm/eps0.03_default,rfgsm,eps0.03_default,20,110,84,45,5,42,38,39,72,17,11.11111111111111,4.840400437825558,23.499375490890944,38.18181818181819,45.23809523809524,46.42857142857143,-1.1904761904761898,65.45454545454545,20.238095238095237
NPU,10,rfgsm/eps0.03_default,rfgsm,eps0.03_default,30,110,84,45,3,40,37,39,76,10,6.666666666666667,2.293161646214709,17.856874388640826,36.36363636363637,44.047619047619044,46.42857142857143,-2.3809523809523867,69.0909090909091,11.904761904761903
NPU,10,rfgsm/eps0.03_default,rfgsm,eps0.03_default,40,110,84,45,1,40,36,39,80,6,2.2222222222222223,0.39334975227575053,11.566946388718813,36.36363636363637,42.857142857142854,46.42857142857143,-3.5714285714285765,72.72727272727273,7.142857142857142
NPU,10,tpgd/eps0.03_default,tpgd,eps0.03_default,10,110,84,29,4,33,28,55,34,55,13.793103448275861,5.497350852047822,30.559357712699324,30.0,33.33333333333333,65.47619047619048,-32.14285714285715,30.909090909090907,65.47619047619048
NPU,10,tpgd/eps0.03_default,tpgd,eps0.03_default,20,110,84,29,1,55,51,55,72,17,3.4482758620689653,0.6113056614032262,17.17589106470025,50.0,60.71428571428571,65.47619047619048,-4.761904761904773,65.45454545454545,20.238095238095237
NPU,10,tpgd/eps0.03_default,tpgd,eps0.03_default,30,110,84,29,1,54,52,55,76,10,3.4482758620689653,0.6113056614032262,17.17589106470025,49.09090909090909,61.904761904761905,65.47619047619048,-3.5714285714285765,69.0909090909091,11.904761904761903
NPU,10,tpgd/eps0.03_default,tpgd,eps0.03_default,40,110,84,29,1,56,53,55,80,6,3.4482758620689653,0.6113056614032262,17.17589106470025,50.90909090909091,63.095238095238095,65.47619047619048,-2.3809523809523867,72.72727272727273,7.142857142857142
NPU,10,cw/c1_steps20_lr0.01,cw,c1_steps20_lr0.01,10,110,84,50,10,31,27,34,34,55,20.0,11.243629945973886,33.03737210448524,28.18181818181818,32.142857142857146,40.476190476190474,-8.333333333333329,30.909090909090907,65.47619047619048
NPU,10,cw/c1_steps20_lr0.01,cw,c1_steps20_lr0.01,20,110,84,50,15,49,44,34,72,17,30.0,19.10338908960936,43.75061227736339,44.54545454545455,52.38095238095239,40.476190476190474,11.904761904761912,65.45454545454545,20.238095238095237
NPU,10,cw/c1_steps20_lr0.01,cw,c1_steps20_lr0.01,30,110,84,50,11,42,40,34,76,10,22.0,12.753786224302289,35.24181568945956,38.18181818181819,47.61904761904761,40.476190476190474,7.142857142857139,69.0909090909091,11.904761904761903
NPU,10,cw/c1_steps20_lr0.01,cw,c1_steps20_lr0.01,40,110,84,50,16,48,46,34,80,6,32.0,20.758044093999402,45.810557136276074,43.63636363636363,54.761904761904766,40.476190476190474,14.285714285714292,72.72727272727273,7.142857142857142
NPU,10,deepfool/package_default,deepfool,package_default,10,110,84,41,12,31,27,43,34,55,29.268292682926827,17.60901763305888,44.47975707613973,28.18181818181818,32.142857142857146,51.19047619047619,-19.047619047619044,30.909090909090907,65.47619047619048
NPU,10,deepfool/package_default,deepfool,package_default,20,110,84,41,16,52,48,43,72,17,39.02439024390244,25.65593521532712,54.27341610130745,47.27272727272727,57.14285714285714,51.19047619047619,5.952380952380949,65.45454545454545,20.238095238095237
NPU,10,deepfool/package_default,deepfool,package_default,30,110,84,41,14,47,46,43,76,10,34.146341463414636,21.55861736664346,49.450445646273124,42.72727272727273,54.761904761904766,51.19047619047619,3.5714285714285765,69.0909090909091,11.904761904761903
NPU,10,deepfool/package_default,deepfool,package_default,40,110,84,41,14,45,44,43,80,6,34.146341463414636,21.55861736664346,49.450445646273124,40.909090909090914,52.38095238095239,51.19047619047619,1.190476190476197,72.72727272727273,7.142857142857142
NPU,10,fab/eps0.005,fab,eps0.005,10,110,84,6,3,34,29,78,34,55,50.0,18.761280689940868,81.23871931005912,30.909090909090907,34.523809523809526,92.85714285714286,-58.333333333333336,30.909090909090907,65.47619047619048
NPU,10,fab/eps0.005,fab,eps0.005,20,110,84,6,3,73,67,78,72,17,50.0,18.761280689940868,81.23871931005912,66.36363636363637,79.76190476190477,92.85714285714286,-13.095238095238088,65.45454545454545,20.238095238095237
NPU,10,fab/eps0.005,fab,eps0.005,30,110,84,6,3,75,73,78,76,10,50.0,18.761280689940868,81.23871931005912,68.18181818181817,86.90476190476191,92.85714285714286,-5.952380952380949,69.0909090909091,11.904761904761903
NPU,10,fab/eps0.005,fab,eps0.005,40,110,84,6,3,78,76,78,80,6,50.0,18.761280689940868,81.23871931005912,70.9090909090909,90.47619047619048,92.85714285714286,-2.3809523809523796,72.72727272727273,7.142857142857142
NPU,10,fab/eps0.01,fab,eps0.01,10,110,84,14,5,34,29,70,34,55,35.714285714285715,16.344490737202737,61.23599531785959,30.909090909090907,34.523809523809526,83.33333333333334,-48.80952380952382,30.909090909090907,65.47619047619048
NPU,10,fab/eps0.01,fab,eps0.01,20,110,84,14,5,71,65,70,72,17,35.714285714285715,16.344490737202737,61.23599531785959,64.54545454545455,77.38095238095238,83.33333333333334,-5.952380952380963,65.45454545454545,20.238095238095237
NPU,10,fab/eps0.01,fab,eps0.01,30,110,84,14,6,70,68,70,76,10,42.857142857142854,21.380509930400528,67.40973309713064,63.63636363636363,80.95238095238095,83.33333333333334,-2.380952380952394,69.0909090909091,11.904761904761903
NPU,10,fab/eps0.01,fab,eps0.01,40,110,84,14,7,74,72,70,80,6,50.0,26.798867919475278,73.20113208052473,67.27272727272727,85.71428571428571,83.33333333333334,2.3809523809523654,72.72727272727273,7.142857142857142
NPU,10,fab/eps0.03,fab,eps0.03,10,110,84,26,7,32,28,58,34,55,26.923076923076923,13.704275525067386,46.083403419761304,29.09090909090909,33.33333333333333,69.04761904761905,-35.71428571428572,30.909090909090907,65.47619047619048
NPU,10,fab/eps0.03,fab,eps0.03,20,110,84,26,9,59,53,58,72,17,34.61538461538461,19.412014972852127,53.77977099036699,53.63636363636364,63.095238095238095,69.04761904761905,-5.952380952380956,65.45454545454545,20.238095238095237
NPU,10,fab/eps0.03,fab,eps0.03,30,110,84,26,10,55,53,58,76,10,38.46153846153847,22.42835951183443,57.46547996057993,50.0,63.095238095238095,69.04761904761905,-5.952380952380956,69.0909090909091,11.904761904761903
NPU,10,fab/eps0.03,fab,eps0.03,40,110,84,26,10,58,57,58,80,6,38.46153846153847,22.42835951183443,57.46547996057993,52.72727272727272,67.85714285714286,69.04761904761905,-1.1904761904761898,72.72727272727273,7.142857142857142
NPU,10,square/eps0.03_default,square,eps0.03_default,10,110,84,36,8,33,28,48,34,55,22.22222222222222,11.716192974839595,38.085019827859085,30.0,33.33333333333333,57.14285714285714,-23.80952380952381,30.909090909090907,65.47619047619048
NPU,10,square/eps0.03_default,square,eps0.03_default,20,110,84,36,7,45,41,48,72,17,19.444444444444446,9.752972019453349,35.0283620635152,40.909090909090914,48.80952380952381,57.14285714285714,-8.333333333333329,65.45454545454545,20.238095238095237
NPU,10,square/eps0.03_default,square,eps0.03_default,30,110,84,36,12,51,49,48,76,10,33.33333333333333,20.214424774586046,49.666302907033156,46.36363636363636,58.333333333333336,57.14285714285714,1.190476190476197,69.0909090909091,11.904761904761903
NPU,10,square/eps0.03_default,square,eps0.03_default,40,110,84,36,8,47,45,48,80,6,22.22222222222222,11.716192974839595,38.085019827859085,42.72727272727273,53.57142857142857,57.14285714285714,-3.5714285714285694,72.72727272727273,7.142857142857142
NPU,10,apgd/eps0.03_default,apgd,eps0.03_default,10,110,84,46,8,33,28,38,34,55,17.391304347826086,9.085683568889253,30.72363234392253,30.0,33.33333333333333,45.23809523809524,-11.904761904761912,30.909090909090907,65.47619047619048
NPU,10,apgd/eps0.03_default,apgd,eps0.03_default,20,110,84,46,6,43,39,38,72,17,13.043478260869565,6.117757137492025,25.666134230361333,39.09090909090909,46.42857142857143,45.23809523809524,1.1904761904761898,65.45454545454545,20.238095238095237
NPU,10,apgd/eps0.03_default,apgd,eps0.03_default,30,110,84,46,3,41,38,38,76,10,6.521739130434782,2.242745446634356,17.50300910378136,37.27272727272727,45.23809523809524,45.23809523809524,0.0,69.0909090909091,11.904761904761903
NPU,10,apgd/eps0.03_default,apgd,eps0.03_default,40,110,84,46,1,41,37,38,80,6,2.1739130434782608,0.38477551112426345,11.335554494333024,37.27272727272727,44.047619047619044,45.23809523809524,-1.190476190476197,72.72727272727273,7.142857142857142
NPU,10,apgdt/eps0.03_default,apgdt,eps0.03_default,10,110,84,50,8,33,28,34,34,55,16.0,8.337321362087696,28.51448096176598,30.0,33.33333333333333,40.476190476190474,-7.142857142857146,30.909090909090907,65.47619047619048
NPU,10,apgdt/eps0.03_default,apgdt,eps0.03_default,20,110,84,50,6,42,37,34,72,17,12.0,5.617523710624646,23.805078886623583,38.18181818181819,44.047619047619044,40.476190476190474,3.5714285714285694,65.45454545454545,20.238095238095237
NPU,10,apgdt/eps0.03_default,apgdt,eps0.03_default,30,110,84,50,3,38,35,34,76,10,6.0,2.0614596364630478,16.217343370877003,34.54545454545455,41.66666666666667,40.476190476190474,1.190476190476197,69.0909090909091,11.904761904761903
NPU,10,apgdt/eps0.03_default,apgdt,eps0.03_default,40,110,84,50,6,41,38,34,80,6,12.0,5.617523710624646,23.805078886623583,37.27272727272727,45.23809523809524,40.476190476190474,4.761904761904766,72.72727272727273,7.142857142857142
NPU,10,autoattack/eps0.03_standard,autoattack,eps0.03_standard,10,110,84,53,10,35,29,31,34,55,18.867924528301888,10.585211943149554,31.358716447325026,31.818181818181817,34.523809523809526,36.904761904761905,-2.3809523809523796,30.909090909090907,65.47619047619048
NPU,10,autoattack/eps0.03_standard,autoattack,eps0.03_standard,20,110,84,53,8,42,37,31,72,17,15.09433962264151,7.852324257781651,27.05450454365954,38.18181818181819,44.047619047619044,36.904761904761905,7.142857142857139,65.45454545454545,20.238095238095237
NPU,10,autoattack/eps0.03_standard,autoattack,eps0.03_standard,30,110,84,53,6,39,36,31,76,10,11.320754716981133,5.29295891106867,22.576770301339145,35.45454545454545,42.857142857142854,36.904761904761905,5.952380952380949,69.0909090909091,11.904761904761903
NPU,10,autoattack/eps0.03_standard,autoattack,eps0.03_standard,40,110,84,53,5,39,35,31,80,6,9.433962264150944,4.0972037441896845,20.253975673701436,35.45454545454545,41.66666666666667,36.904761904761905,4.761904761904766,72.72727272727273,7.142857142857142
NPU,10,ead/package_default,ead,package_default,10,110,84,29,8,30,27,55,34,55,27.586206896551722,14.69858133850274,45.71747634443597,27.27272727272727,32.142857142857146,65.47619047619048,-33.333333333333336,30.909090909090907,65.47619047619048
NPU,10,ead/package_default,ead,package_default,20,110,84,29,14,56,52,55,72,17,48.275862068965516,31.385819330795222,65.56926202943086,50.90909090909091,61.904761904761905,65.47619047619048,-3.5714285714285765,65.45454545454545,20.238095238095237
NPU,10,ead/package_default,ead,package_default,30,110,84,29,16,60,59,55,76,10,55.172413793103445,37.547667068067625,71.5870888512542,54.54545454545454,70.23809523809523,65.47619047619048,4.761904761904745,69.0909090909091,11.904761904761903
NPU,10,ead/package_default,ead,package_default,40,110,84,29,19,66,65,55,80,6,65.51724137931035,47.344776507155984,80.05949125080951,60.0,77.38095238095238,65.47619047619048,11.904761904761898,72.72727272727273,7.142857142857142
NPU,10,ALL/ALL_24,ALL,ALL_24,10,2640,2016,855,178,776,657,1161,816,1320,20.818713450292396,18.230681379166864,23.667801414400664,29.393939393939394,32.589285714285715,57.58928571428571,-24.999999999999993,30.909090909090907,65.47619047619048
NPU,10,ALL/ALL_24,ALL,ALL_24,20,2640,2016,855,161,1217,1101,1161,1728,408,18.83040935672515,16.351391081339422,21.588270900567373,46.09848484848485,54.613095238095234,57.58928571428571,-2.9761904761904745,65.45454545454545,20.238095238095237
NPU,10,ALL/ALL_24,ALL,ALL_24,30,2640,2016,855,140,1215,1144,1161,1824,240,16.374269005847953,14.045251709591373,19.00410221085217,46.02272727272727,56.74603174603175,57.58928571428571,-0.8432539682539613,69.0909090909091,11.904761904761903
NPU,10,ALL/ALL_24,ALL,ALL_24,40,2640,2016,855,132,1253,1178,1161,1920,144,15.43859649122807,13.171734596420018,18.014644824418475,47.46212121212121,58.432539682539684,57.58928571428571,0.8432539682539755,72.72727272727273,7.142857142857142
NPU,12,fgsm/eps0.005,fgsm,eps0.005,10,110,85,9,2,35,33,76,35,52,22.22222222222222,6.322376231222723,54.74166563271946,31.818181818181817,38.82352941176471,89.41176470588236,-50.58823529411765,31.818181818181817,61.1764705882353
NPU,12,fgsm/eps0.005,fgsm,eps0.005,20,110,85,9,2,72,68,76,73,14,22.22222222222222,6.322376231222723,54.74166563271946,65.45454545454545,80.0,89.41176470588236,-9.411764705882362,66.36363636363637,16.470588235294116
NPU,12,fgsm/eps0.005,fgsm,eps0.005,30,110,85,9,2,74,71,76,77,9,22.22222222222222,6.322376231222723,54.74166563271946,67.27272727272727,83.52941176470588,89.41176470588236,-5.882352941176478,70.0,10.588235294117647
NPU,12,fgsm/eps0.005,fgsm,eps0.005,40,110,85,9,2,79,76,76,83,3,22.22222222222222,6.322376231222723,54.74166563271946,71.81818181818181,89.41176470588236,89.41176470588236,0.0,75.45454545454545,3.5294117647058822
NPU,12,fgsm/eps0.01,fgsm,eps0.01,10,110,85,18,7,35,33,67,35,52,38.88888888888889,20.304991926931162,61.381331419343844,31.818181818181817,38.82352941176471,78.82352941176471,-40.0,31.818181818181817,61.1764705882353
NPU,12,fgsm/eps0.01,fgsm,eps0.01,20,110,85,18,7,65,61,67,73,14,38.88888888888889,20.304991926931162,61.381331419343844,59.09090909090909,71.76470588235294,78.82352941176471,-7.058823529411768,66.36363636363637,16.470588235294116
NPU,12,fgsm/eps0.01,fgsm,eps0.01,30,110,85,18,6,66,62,67,77,9,33.33333333333333,16.27855436366286,56.25093065574964,60.0,72.94117647058823,78.82352941176471,-5.882352941176478,70.0,10.588235294117647
NPU,12,fgsm/eps0.01,fgsm,eps0.01,40,110,85,18,5,72,68,67,83,3,27.77777777777778,12.499569146355475,50.87307754619452,65.45454545454545,80.0,78.82352941176471,1.17647058823529,75.45454545454545,3.5294117647058822
NPU,12,fgsm/eps0.03,fgsm,eps0.03,10,110,85,41,13,35,33,44,35,52,31.70731707317073,19.564433205311733,46.98448565574586,31.818181818181817,38.82352941176471,51.76470588235295,-12.941176470588239,31.818181818181817,61.1764705882353
NPU,12,fgsm/eps0.03,fgsm,eps0.03,20,110,85,41,3,47,43,44,73,14,7.317073170731707,2.5197373252564144,19.427740017211292,42.72727272727273,50.588235294117645,51.76470588235295,-1.1764705882353041,66.36363636363637,16.470588235294116
NPU,12,fgsm/eps0.03,fgsm,eps0.03,30,110,85,41,5,51,47,44,77,9,12.195121951219512,5.323257997340825,25.544507648844867,46.36363636363636,55.294117647058826,51.76470588235295,3.529411764705877,70.0,10.588235294117647
NPU,12,fgsm/eps0.03,fgsm,eps0.03,40,110,85,41,5,51,47,44,83,3,12.195121951219512,5.323257997340825,25.544507648844867,46.36363636363636,55.294117647058826,51.76470588235295,3.529411764705877,75.45454545454545,3.5294117647058822
NPU,12,fgsm/eps0.05,fgsm,eps0.05,10,110,85,55,10,30,28,30,35,52,18.181818181818183,10.187561448030712,30.330711338569238,27.27272727272727,32.94117647058823,35.294117647058826,-2.352941176470594,31.818181818181817,61.1764705882353
NPU,12,fgsm/eps0.05,fgsm,eps0.05,20,110,85,55,5,35,30,30,73,14,9.090909090909092,3.9457573336373923,19.577736249133977,31.818181818181817,35.294117647058826,35.294117647058826,0.0,66.36363636363637,16.470588235294116
NPU,12,fgsm/eps0.05,fgsm,eps0.05,30,110,85,55,4,35,32,30,77,9,7.2727272727272725,2.864359650368854,17.260178091636796,31.818181818181817,37.64705882352941,35.294117647058826,2.352941176470587,70.0,10.588235294117647
NPU,12,fgsm/eps0.05,fgsm,eps0.05,40,110,85,55,3,34,31,30,83,3,5.454545454545454,1.872287596750008,14.853294304489928,30.909090909090907,36.470588235294116,35.294117647058826,1.17647058823529,75.45454545454545,3.5294117647058822
NPU,12,bim/eps0.03_default,bim,eps0.03_default,10,110,85,50,13,34,32,35,35,52,26.0,15.871379651367384,39.55342198899992,30.909090909090907,37.64705882352941,41.17647058823529,-3.529411764705877,31.818181818181817,61.1764705882353
NPU,12,bim/eps0.03_default,bim,eps0.03_default,20,110,85,50,9,47,43,35,73,14,18.0,9.77008273245379,30.79631945470261,42.72727272727273,50.588235294117645,41.17647058823529,9.411764705882355,66.36363636363637,16.470588235294116
NPU,12,bim/eps0.03_default,bim,eps0.03_default,30,110,85,50,6,43,39,35,77,9,12.0,5.617523710624646,23.805078886623583,39.09090909090909,45.88235294117647,41.17647058823529,4.705882352941181,70.0,10.588235294117647
NPU,12,bim/eps0.03_default,bim,eps0.03_default,40,110,85,50,5,43,40,35,83,3,10.0,4.347512399157111,21.36049033478839,39.09090909090909,47.05882352941176,41.17647058823529,5.882352941176471,75.45454545454545,3.5294117647058822
NPU,12,pgd/eps0.005,pgd,eps0.005,10,110,85,11,3,35,33,74,35,52,27.27272727272727,9.745880573921466,56.56502930102463,31.818181818181817,38.82352941176471,87.05882352941177,-48.23529411764706,31.818181818181817,61.1764705882353
NPU,12,pgd/eps0.005,pgd,eps0.005,20,110,85,11,4,71,68,74,73,14,36.36363636363637,15.166223614131383,64.62032231083627,64.54545454545455,80.0,87.05882352941177,-7.058823529411768,66.36363636363637,16.470588235294116
NPU,12,pgd/eps0.005,pgd,eps0.005,30,110,85,11,3,73,70,74,77,9,27.27272727272727,9.745880573921466,56.56502930102463,66.36363636363637,82.35294117647058,87.05882352941177,-4.705882352941188,70.0,10.588235294117647
NPU,12,pgd/eps0.005,pgd,eps0.005,40,110,85,11,3,79,76,74,83,3,27.27272727272727,9.745880573921466,56.56502930102463,71.81818181818181,89.41176470588236,87.05882352941177,2.352941176470594,75.45454545454545,3.5294117647058822
NPU,12,pgd/eps0.01,pgd,eps0.01,10,110,85,19,7,34,33,66,35,52,36.84210526315789,19.149272376273842,58.96084250184328,30.909090909090907,38.82352941176471,77.64705882352942,-38.82352941176471,31.818181818181817,61.1764705882353
NPU,12,pgd/eps0.01,pgd,eps0.01,20,110,85,19,6,62,59,66,73,14,31.57894736842105,15.364171004428599,53.98998982493537,56.36363636363636,69.41176470588235,77.64705882352942,-8.235294117647072,66.36363636363637,16.470588235294116
NPU,12,pgd/eps0.01,pgd,eps0.01,30,110,85,19,5,65,61,66,77,9,26.31578947368421,11.806238339540162,48.791968441070644,59.09090909090909,71.76470588235294,77.64705882352942,-5.882352941176478,70.0,10.588235294117647
NPU,12,pgd/eps0.01,pgd,eps0.01,40,110,85,19,4,70,66,66,83,3,21.052631578947366,8.507538491591577,43.33471424026609,63.63636363636363,77.64705882352942,77.64705882352942,0.0,75.45454545454545,3.5294117647058822
NPU,12,pgd/eps0.03,pgd,eps0.03,10,110,85,49,13,34,32,36,35,52,26.53061224489796,16.211131245149442,40.262556152658355,30.909090909090907,37.64705882352941,42.35294117647059,-4.705882352941174,31.818181818181817,61.1764705882353
NPU,12,pgd/eps0.03,pgd,eps0.03,20,110,85,49,9,49,45,36,73,14,18.367346938775512,9.976228838458358,31.357871567282576,44.54545454545455,52.94117647058824,42.35294117647059,10.588235294117652,66.36363636363637,16.470588235294116
NPU,12,pgd/eps0.03,pgd,eps0.03,30,110,85,49,4,42,38,36,77,9,8.16326530612245,3.2202296241712225,19.189387041486135,38.18181818181819,44.70588235294118,42.35294117647059,2.352941176470594,70.0,10.588235294117647
NPU,12,pgd/eps0.03,pgd,eps0.03,40,110,85,49,5,44,40,36,83,3,10.204081632653061,4.437889248703988,21.756624164970088,40.0,47.05882352941176,42.35294117647059,4.705882352941174,75.45454545454545,3.5294117647058822
NPU,12,mifgsm/eps0.03_default,mifgsm,eps0.03_default,10,110,85,48,14,35,33,37,35,52,29.166666666666668,18.241416061863376,43.17952773616754,31.818181818181817,38.82352941176471,43.529411764705884,-4.705882352941174,31.818181818181817,61.1764705882353
NPU,12,mifgsm/eps0.03_default,mifgsm,eps0.03_default,20,110,85,48,5,44,40,37,73,14,10.416666666666668,4.532105090117825,22.16768812614093,40.0,47.05882352941176,43.529411764705884,3.529411764705877,66.36363636363637,16.470588235294116
NPU,12,mifgsm/eps0.03_default,mifgsm,eps0.03_default,30,110,85,48,5,45,41,37,77,9,10.416666666666668,4.532105090117825,22.16768812614093,40.909090909090914,48.23529411764706,43.529411764705884,4.705882352941174,70.0,10.588235294117647
NPU,12,mifgsm/eps0.03_default,mifgsm,eps0.03_default,40,110,85,48,2,42,38,37,83,3,4.166666666666666,1.1501652078965612,13.975911147771471,38.18181818181819,44.70588235294118,43.529411764705884,1.176470588235297,75.45454545454545,3.5294117647058822
NPU,12,difgsm/eps0.03_default,difgsm,eps0.03_default,10,110,85,49,10,32,30,36,35,52,20.408163265306122,11.48172704281381,33.63727011094383,29.09090909090909,35.294117647058826,42.35294117647059,-7.058823529411761,31.818181818181817,61.1764705882353
NPU,12,difgsm/eps0.03_default,difgsm,eps0.03_default,20,110,85,49,2,35,32,36,73,14,4.081632653061225,1.1265396927928273,13.713283476831107,31.818181818181817,37.64705882352941,42.35294117647059,-4.705882352941174,66.36363636363637,16.470588235294116
NPU,12,difgsm/eps0.03_default,difgsm,eps0.03_default,30,110,85,49,2,38,34,36,77,9,4.081632653061225,1.1265396927928273,13.713283476831107,34.54545454545455,40.0,42.35294117647059,-2.352941176470587,70.0,10.588235294117647
NPU,12,difgsm/eps0.03_default,difgsm,eps0.03_default,40,110,85,49,3,40,36,36,83,3,6.122448979591836,2.1039764955529185,16.520743422087726,36.36363636363637,42.35294117647059,42.35294117647059,0.0,75.45454545454545,3.5294117647058822
NPU,12,vmifgsm/eps0.03_default,vmifgsm,eps0.03_default,10,110,85,49,13,34,32,36,35,52,26.53061224489796,16.211131245149442,40.262556152658355,30.909090909090907,37.64705882352941,42.35294117647059,-4.705882352941174,31.818181818181817,61.1764705882353
NPU,12,vmifgsm/eps0.03_default,vmifgsm,eps0.03_default,20,110,85,49,5,42,38,36,73,14,10.204081632653061,4.437889248703988,21.756624164970088,38.18181818181819,44.70588235294118,42.35294117647059,2.352941176470594,66.36363636363637,16.470588235294116
NPU,12,vmifgsm/eps0.03_default,vmifgsm,eps0.03_default,30,110,85,49,5,42,38,36,77,9,10.204081632653061,4.437889248703988,21.756624164970088,38.18181818181819,44.70588235294118,42.35294117647059,2.352941176470594,70.0,10.588235294117647
NPU,12,vmifgsm/eps0.03_default,vmifgsm,eps0.03_default,40,110,85,49,2,41,37,36,83,3,4.081632653061225,1.1265396927928273,13.713283476831107,37.27272727272727,43.529411764705884,42.35294117647059,1.176470588235297,75.45454545454545,3.5294117647058822
NPU,12,vnifgsm/eps0.03_default,vnifgsm,eps0.03_default,10,110,85,52,14,34,32,33,35,52,26.923076923076923,16.768810035825872,40.25247875246099,30.909090909090907,37.64705882352941,38.82352941176471,-1.176470588235297,31.818181818181817,61.1764705882353
NPU,12,vnifgsm/eps0.03_default,vnifgsm,eps0.03_default,20,110,85,52,5,42,38,33,73,14,9.615384615384617,4.177373518341026,20.609881861160993,38.18181818181819,44.70588235294118,38.82352941176471,5.882352941176471,66.36363636363637,16.470588235294116
NPU,12,vnifgsm/eps0.03_default,vnifgsm,eps0.03_default,30,110,85,52,5,41,37,33,77,9,9.615384615384617,4.177373518341026,20.609881861160993,37.27272727272727,43.529411764705884,38.82352941176471,4.705882352941174,70.0,10.588235294117647
NPU,12,vnifgsm/eps0.03_default,vnifgsm,eps0.03_default,40,110,85,52,2,37,34,33,83,3,3.8461538461538463,1.0611488322077554,12.981428744365978,33.63636363636363,40.0,38.82352941176471,1.17647058823529,75.45454545454545,3.5294117647058822
NPU,12,rfgsm/eps0.03_default,rfgsm,eps0.03_default,10,110,85,50,13,34,32,35,35,52,26.0,15.871379651367384,39.55342198899992,30.909090909090907,37.64705882352941,41.17647058823529,-3.529411764705877,31.818181818181817,61.1764705882353
NPU,12,rfgsm/eps0.03_default,rfgsm,eps0.03_default,20,110,85,50,10,49,45,35,73,14,20.0,11.243629945973886,33.03737210448524,44.54545454545455,52.94117647058824,41.17647058823529,11.76470588235295,66.36363636363637,16.470588235294116
NPU,12,rfgsm/eps0.03_default,rfgsm,eps0.03_default,30,110,85,50,7,46,42,35,77,9,14.000000000000002,6.950745262022862,26.18645719852809,41.81818181818181,49.411764705882355,41.17647058823529,8.235294117647065,70.0,10.588235294117647
NPU,12,rfgsm/eps0.03_default,rfgsm,eps0.03_default,40,110,85,50,5,43,40,35,83,3,10.0,4.347512399157111,21.36049033478839,39.09090909090909,47.05882352941176,41.17647058823529,5.882352941176471,75.45454545454545,3.5294117647058822
NPU,12,tpgd/eps0.03_default,tpgd,eps0.03_default,10,110,85,30,8,36,34,55,35,52,26.666666666666668,14.182495553910618,44.44830204431169,32.72727272727273,40.0,64.70588235294117,-24.705882352941174,31.818181818181817,61.1764705882353
NPU,12,tpgd/eps0.03_default,tpgd,eps0.03_default,20,110,85,30,5,61,58,55,73,14,16.666666666666664,7.336434240351683,33.564705185680175,55.45454545454545,68.23529411764706,64.70588235294117,3.529411764705884,66.36363636363637,16.470588235294116
NPU,12,tpgd/eps0.03_default,tpgd,eps0.03_default,30,110,85,30,4,60,57,55,77,9,13.333333333333334,5.309569424218104,29.681683944416946,54.54545454545454,67.05882352941175,64.70588235294117,2.35294117647058,70.0,10.588235294117647
NPU,12,tpgd/eps0.03_default,tpgd,eps0.03_default,40,110,85,30,3,60,57,55,83,3,10.0,3.4599259959716147,25.621441315266622,54.54545454545454,67.05882352941175,64.70588235294117,2.35294117647058,75.45454545454545,3.5294117647058822
NPU,12,cw/c1_steps20_lr0.01,cw,c1_steps20_lr0.01,10,110,85,50,13,32,31,35,35,52,26.0,15.871379651367384,39.55342198899992,29.09090909090909,36.470588235294116,41.17647058823529,-4.705882352941174,31.818181818181817,61.1764705882353
NPU,12,cw/c1_steps20_lr0.01,cw,c1_steps20_lr0.01,20,110,85,50,20,53,49,35,73,14,40.0,27.608189786245752,53.81881089724063,48.18181818181818,57.647058823529406,41.17647058823529,16.470588235294116,66.36363636363637,16.470588235294116
NPU,12,cw/c1_steps20_lr0.01,cw,c1_steps20_lr0.01,30,110,85,50,20,53,50,35,77,9,40.0,27.608189786245752,53.81881089724063,48.18181818181818,58.82352941176471,41.17647058823529,17.64705882352942,70.0,10.588235294117647
NPU,12,cw/c1_steps20_lr0.01,cw,c1_steps20_lr0.01,40,110,85,50,18,52,49,35,83,3,36.0,24.138562967182875,49.859237989698045,47.27272727272727,57.647058823529406,41.17647058823529,16.470588235294116,75.45454545454545,3.5294117647058822
NPU,12,deepfool/package_default,deepfool,package_default,10,110,85,45,16,33,32,40,35,52,35.55555555555556,23.21889135690405,50.16445398804781,30.0,37.64705882352941,47.05882352941176,-9.411764705882348,31.818181818181817,61.1764705882353
NPU,12,deepfool/package_default,deepfool,package_default,20,110,85,45,17,49,46,40,73,14,37.77777777777778,25.107885298349863,52.37032999353246,44.54545454545455,54.11764705882353,47.05882352941176,7.058823529411768,66.36363636363637,16.470588235294116
NPU,12,deepfool/package_default,deepfool,package_default,30,110,85,45,21,50,49,40,77,9,46.666666666666664,32.934903942014735,60.92279113758954,45.45454545454545,57.647058823529406,47.05882352941176,10.588235294117645,70.0,10.588235294117647
NPU,12,deepfool/package_default,deepfool,package_default,40,110,85,45,19,49,48,40,83,3,42.22222222222222,28.96848798168781,56.699467204055495,44.54545454545455,56.470588235294116,47.05882352941176,9.411764705882355,75.45454545454545,3.5294117647058822
NPU,12,fab/eps0.005,fab,eps0.005,10,110,85,4,2,35,33,81,35,52,50.0,15.003570882017147,84.99642911798286,31.818181818181817,38.82352941176471,95.29411764705881,-56.4705882352941,31.818181818181817,61.1764705882353
NPU,12,fab/eps0.005,fab,eps0.005,20,110,85,4,1,72,70,81,73,14,25.0,4.558606264463622,69.93639475573634,65.45454545454545,82.35294117647058,95.29411764705881,-12.941176470588232,66.36363636363637,16.470588235294116
NPU,12,fab/eps0.005,fab,eps0.005,30,110,85,4,2,76,74,81,77,9,50.0,15.003570882017147,84.99642911798286,69.0909090909091,87.05882352941177,95.29411764705881,-8.235294117647044,70.0,10.588235294117647
NPU,12,fab/eps0.005,fab,eps0.005,40,110,85,4,2,81,79,81,83,3,50.0,15.003570882017147,84.99642911798286,73.63636363636363,92.94117647058823,95.29411764705881,-2.35294117647058,75.45454545454545,3.5294117647058822
NPU,12,fab/eps0.01,fab,eps0.01,10,110,85,11,6,35,33,74,35,52,54.54545454545454,28.008775568998818,78.72904245601195,31.818181818181817,38.82352941176471,87.05882352941177,-48.23529411764706,31.818181818181817,61.1764705882353
NPU,12,fab/eps0.01,fab,eps0.01,20,110,85,11,4,71,68,74,73,14,36.36363636363637,15.166223614131383,64.62032231083627,64.54545454545455,80.0,87.05882352941177,-7.058823529411768,66.36363636363637,16.470588235294116
NPU,12,fab/eps0.01,fab,eps0.01,30,110,85,11,6,74,72,74,77,9,54.54545454545454,28.008775568998818,78.72904245601195,67.27272727272727,84.70588235294117,87.05882352941177,-2.352941176470594,70.0,10.588235294117647
NPU,12,fab/eps0.01,fab,eps0.01,40,110,85,11,5,77,75,74,83,3,45.45454545454545,21.270957543988047,71.99122443100117,70.0,88.23529411764706,87.05882352941177,1.17647058823529,75.45454545454545,3.5294117647058822
NPU,12,fab/eps0.03,fab,eps0.03,10,110,85,26,11,34,33,59,35,52,42.30769230769231,25.544189902729396,61.05170307888017,30.909090909090907,38.82352941176471,69.41176470588235,-30.588235294117638,31.818181818181817,61.1764705882353
NPU,12,fab/eps0.03,fab,eps0.03,20,110,85,26,13,58,55,59,73,14,50.0,32.06030631500207,67.93969368499792,52.72727272727272,64.70588235294117,69.41176470588235,-4.705882352941174,66.36363636363637,16.470588235294116
NPU,12,fab/eps0.03,fab,eps0.03,30,110,85,26,15,59,58,59,77,9,57.692307692307686,38.94829692111983,74.4558100972706,53.63636363636364,68.23529411764706,69.41176470588235,-1.17647058823529,70.0,10.588235294117647
NPU,12,fab/eps0.03,fab,eps0.03,40,110,85,26,13,59,57,59,83,3,50.0,32.06030631500207,67.93969368499792,53.63636363636364,67.05882352941175,69.41176470588235,-2.352941176470594,75.45454545454545,3.5294117647058822
NPU,12,square/eps0.03_default,square,eps0.03_default,10,110,85,41,11,34,33,44,35,52,26.82926829268293,15.694805281336684,41.933825276002935,30.909090909090907,38.82352941176471,51.76470588235295,-12.941176470588239,31.818181818181817,61.1764705882353
NPU,12,square/eps0.03_default,square,eps0.03_default,20,110,85,41,12,49,47,44,73,14,29.268292682926827,17.60901763305888,44.47975707613973,44.54545454545455,55.294117647058826,51.76470588235295,3.529411764705877,66.36363636363637,16.470588235294116
NPU,12,square/eps0.03_default,square,eps0.03_default,30,110,85,41,11,48,47,44,77,9,26.82926829268293,15.694805281336684,41.933825276002935,43.63636363636363,55.294117647058826,51.76470588235295,3.529411764705877,70.0,10.588235294117647
NPU,12,square/eps0.03_default,square,eps0.03_default,40,110,85,41,10,51,48,44,83,3,24.390243902439025,13.824855751022433,39.343630654458195,46.36363636363636,56.470588235294116,51.76470588235295,4.705882352941167,75.45454545454545,3.5294117647058822
NPU,12,apgd/eps0.03_default,apgd,eps0.03_default,10,110,85,51,11,34,32,34,35,52,21.568627450980394,12.493811244188556,34.62662287881296,30.909090909090907,37.64705882352941,40.0,-2.352941176470587,31.818181818181817,61.1764705882353
NPU,12,apgd/eps0.03_default,apgd,eps0.03_default,20,110,85,51,6,44,40,34,73,14,11.76470588235294,5.504998764172768,23.381102297794786,40.0,47.05882352941176,40.0,7.058823529411761,66.36363636363637,16.470588235294116
NPU,12,apgd/eps0.03_default,apgd,eps0.03_default,30,110,85,51,4,42,38,34,77,9,7.8431372549019605,3.0921696126931506,18.50019822486082,38.18181818181819,44.70588235294118,40.0,4.705882352941181,70.0,10.588235294117647
NPU,12,apgd/eps0.03_default,apgd,eps0.03_default,40,110,85,51,4,42,38,34,83,3,7.8431372549019605,3.0921696126931506,18.50019822486082,38.18181818181819,44.70588235294118,40.0,4.705882352941181,75.45454545454545,3.5294117647058822
NPU,12,apgdt/eps0.03_default,apgdt,eps0.03_default,10,110,85,51,12,35,33,34,35,52,23.52941176470588,14.004812598862518,36.76248813634578,31.818181818181817,38.82352941176471,40.0,-1.17647058823529,31.818181818181817,61.1764705882353
NPU,12,apgdt/eps0.03_default,apgdt,eps0.03_default,20,110,85,51,8,45,41,34,73,14,15.686274509803921,8.169125888021325,28.010708398359817,40.909090909090914,48.23529411764706,40.0,8.235294117647058,66.36363636363637,16.470588235294116
NPU,12,apgdt/eps0.03_default,apgdt,eps0.03_default,30,110,85,51,6,42,39,34,77,9,11.76470588235294,5.504998764172768,23.381102297794786,38.18181818181819,45.88235294117647,40.0,5.882352941176471,70.0,10.588235294117647
NPU,12,apgdt/eps0.03_default,apgdt,eps0.03_default,40,110,85,51,6,43,40,34,83,3,11.76470588235294,5.504998764172768,23.381102297794786,39.09090909090909,47.05882352941176,40.0,7.058823529411761,75.45454545454545,3.5294117647058822
NPU,12,autoattack/eps0.03_standard,autoattack,eps0.03_standard,10,110,85,52,12,35,33,33,35,52,23.076923076923077,13.724127341871611,36.13404291112973,31.818181818181817,38.82352941176471,38.82352941176471,0.0,31.818181818181817,61.1764705882353
NPU,12,autoattack/eps0.03_standard,autoattack,eps0.03_standard,20,110,85,52,7,43,39,33,73,14,13.461538461538462,6.676796994292626,25.27357692049491,39.09090909090909,45.88235294117647,38.82352941176471,7.058823529411761,66.36363636363637,16.470588235294116
NPU,12,autoattack/eps0.03_standard,autoattack,eps0.03_standard,30,110,85,52,8,44,40,33,77,9,15.384615384615385,8.007589590882647,27.52434359154765,40.0,47.05882352941176,38.82352941176471,8.23529411764705,70.0,10.588235294117647
NPU,12,autoattack/eps0.03_standard,autoattack,eps0.03_standard,40,110,85,52,4,40,36,33,83,3,7.6923076923076925,3.031885429734589,18.173810682124667,36.36363636363637,42.35294117647059,38.82352941176471,3.529411764705877,75.45454545454545,3.5294117647058822
NPU,12,ead/package_default,ead,package_default,10,110,85,38,11,32,31,47,35,52,28.947368421052634,17.003106263656132,44.757438266189766,29.09090909090909,36.470588235294116,55.294117647058826,-18.82352941176471,31.818181818181817,61.1764705882353
NPU,12,ead/package_default,ead,package_default,20,110,85,38,21,61,58,47,73,14,55.26315789473685,39.70602917908942,69.85383468844911,55.45454545454545,68.23529411764706,55.294117647058826,12.941176470588232,66.36363636363637,16.470588235294116
NPU,12,ead/package_default,ead,package_default,30,110,85,38,27,65,64,47,77,9,71.05263157894737,55.242561733810234,82.99689373634386,59.09090909090909,75.29411764705883,55.294117647058826,20.0,70.0,10.588235294117647
NPU,12,ead/package_default,ead,package_default,40,110,85,38,25,66,65,47,83,3,65.78947368421053,49.891811629074546,78.78777997354105,60.0,76.47058823529412,55.294117647058826,21.17647058823529,75.45454545454545,3.5294117647058822
NPU,12,ALL/ALL_24,ALL,ALL_24,10,2640,2040,899,245,816,774,1141,840,1248,27.252502780867633,24.443240564828734,30.25534665135627,30.909090909090907,37.94117647058823,55.931372549019606,-17.990196078431374,31.818181818181817,61.1764705882353
NPU,12,ALL/ALL_24,ALL,ALL_24,20,2640,2040,899,186,1266,1181,1141,1752,336,20.689655172413794,18.169070325656406,23.459671637496378,47.95454545454545,57.892156862745104,55.931372549019606,1.9607843137254974,66.36363636363637,16.470588235294116
NPU,12,ALL/ALL_24,ALL,ALL_24,30,2640,2040,899,183,1274,1200,1141,1848,216,20.355951056729698,17.852588432819726,23.111585127636502,48.25757575757576,58.82352941176471,55.931372549019606,2.8921568627451038,70.0,10.588235294117647
NPU,12,ALL/ALL_24,ALL,ALL_24,40,2640,2040,899,155,1295,1221,1141,1992,72,17.24137931034483,14.912815595669567,19.848719539618838,49.053030303030305,59.85294117647059,55.931372549019606,3.9215686274509807,75.45454545454545,3.5294117647058822
NPU,14,fgsm/eps0.005,fgsm,eps0.005,10,110,86,5,2,29,28,81,30,57,40.0,11.76182311592533,76.9280067791163,26.36363636363636,32.55813953488372,94.18604651162791,-61.627906976744185,27.27272727272727,66.27906976744185
NPU,14,fgsm/eps0.005,fgsm,eps0.005,20,110,86,5,2,72,70,81,77,12,40.0,11.76182311592533,76.9280067791163,65.45454545454545,81.3953488372093,94.18604651162791,-12.79069767441861,70.0,13.953488372093023
NPU,14,fgsm/eps0.005,fgsm,eps0.005,30,110,86,5,1,76,74,81,77,9,20.0,3.6223160969787447,62.44717358814613,69.0909090909091,86.04651162790698,94.18604651162791,-8.139534883720927,70.0,10.465116279069768
NPU,14,fgsm/eps0.005,fgsm,eps0.005,40,110,86,5,0,83,80,81,85,2,0.0,-2.7755575615628914e-15,43.4491494752081,75.45454545454545,93.02325581395348,94.18604651162791,-1.1627906976744242,77.27272727272727,2.3255813953488373
NPU,14,fgsm/eps0.01,fgsm,eps0.01,10,110,86,10,3,29,28,76,30,57,30.0,10.778928748621183,60.322678002043475,26.36363636363636,32.55813953488372,88.37209302325581,-55.81395348837209,27.27272727272727,66.27906976744185
NPU,14,fgsm/eps0.01,fgsm,eps0.01,20,110,86,10,1,62,60,76,77,12,10.0,1.7875749515721129,40.41563854975721,56.36363636363636,69.76744186046511,88.37209302325581,-18.604651162790702,70.0,13.953488372093023
NPU,14,fgsm/eps0.01,fgsm,eps0.01,30,110,86,10,1,72,70,76,77,9,10.0,1.7875749515721129,40.41563854975721,65.45454545454545,81.3953488372093,88.37209302325581,-6.976744186046517,70.0,10.465116279069768
NPU,14,fgsm/eps0.01,fgsm,eps0.01,40,110,86,10,1,76,73,76,85,2,10.0,1.7875749515721129,40.41563854975721,69.0909090909091,84.88372093023256,88.37209302325581,-3.4883720930232585,77.27272727272727,2.3255813953488373
NPU,14,fgsm/eps0.03,fgsm,eps0.03,10,110,86,37,7,31,28,49,30,57,18.91891891891892,9.479858757337126,34.2050115709556,28.18181818181818,32.55813953488372,56.97674418604651,-24.418604651162788,27.27272727272727,66.27906976744185
NPU,14,fgsm/eps0.03,fgsm,eps0.03,20,110,86,37,5,47,45,49,77,12,13.513513513513514,5.9132072625076235,27.97772747070557,42.72727272727273,52.32558139534884,56.97674418604651,-4.6511627906976685,70.0,13.953488372093023
NPU,14,fgsm/eps0.03,fgsm,eps0.03,30,110,86,37,4,47,45,49,77,9,10.81081081081081,4.2851205205062675,24.708846415167162,42.72727272727273,52.32558139534884,56.97674418604651,-4.6511627906976685,70.0,10.465116279069768
NPU,14,fgsm/eps0.03,fgsm,eps0.03,40,110,86,37,5,52,50,49,85,2,13.513513513513514,5.9132072625076235,27.97772747070557,47.27272727272727,58.139534883720934,56.97674418604651,1.1627906976744242,77.27272727272727,2.3255813953488373
NPU,14,fgsm/eps0.05,fgsm,eps0.05,10,110,86,53,7,31,28,33,30,57,13.20754716981132,6.5477702006895715,24.84050880623493,28.18181818181818,32.55813953488372,38.372093023255815,-5.813953488372093,27.27272727272727,66.27906976744185
NPU,14,fgsm/eps0.05,fgsm,eps0.05,20,110,86,53,4,37,34,33,77,12,7.547169811320755,2.973907359890181,17.858722263484246,33.63636363636363,39.53488372093023,38.372093023255815,1.1627906976744171,70.0,13.953488372093023
NPU,14,fgsm/eps0.05,fgsm,eps0.05,30,110,86,53,4,38,36,33,77,9,7.547169811320755,2.973907359890181,17.858722263484246,34.54545454545455,41.86046511627907,38.372093023255815,3.4883720930232585,70.0,10.465116279069768
NPU,14,fgsm/eps0.05,fgsm,eps0.05,40,110,86,53,2,34,32,33,85,2,3.7735849056603774,1.0410068833819266,12.754523150959116,30.909090909090907,37.2093023255814,38.372093023255815,-1.1627906976744171,77.27272727272727,2.3255813953488373
NPU,14,bim/eps0.03_default,bim,eps0.03_default,10,110,86,52,7,30,27,34,30,57,13.461538461538462,6.676796994292626,25.27357692049491,27.27272727272727,31.3953488372093,39.53488372093023,-8.13953488372093,27.27272727272727,66.27906976744185
NPU,14,bim/eps0.03_default,bim,eps0.03_default,20,110,86,52,6,41,39,34,77,12,11.538461538461538,5.396895756082726,22.971918891062053,37.27272727272727,45.348837209302324,39.53488372093023,5.813953488372093,70.0,13.953488372093023
NPU,14,bim/eps0.03_default,bim,eps0.03_default,30,110,86,52,4,39,37,34,77,9,7.6923076923076925,3.031885429734589,18.173810682124667,35.45454545454545,43.02325581395349,39.53488372093023,3.4883720930232585,70.0,10.465116279069768
NPU,14,bim/eps0.03_default,bim,eps0.03_default,40,110,86,52,6,43,40,34,85,2,11.538461538461538,5.396895756082726,22.971918891062053,39.09090909090909,46.51162790697674,39.53488372093023,6.97674418604651,77.27272727272727,2.3255813953488373
NPU,14,pgd/eps0.005,pgd,eps0.005,10,110,86,5,2,29,28,81,30,57,40.0,11.76182311592533,76.9280067791163,26.36363636363636,32.55813953488372,94.18604651162791,-61.627906976744185,27.27272727272727,66.27906976744185
NPU,14,pgd/eps0.005,pgd,eps0.005,20,110,86,5,2,72,70,81,77,12,40.0,11.76182311592533,76.9280067791163,65.45454545454545,81.3953488372093,94.18604651162791,-12.79069767441861,70.0,13.953488372093023
NPU,14,pgd/eps0.005,pgd,eps0.005,30,110,86,5,1,77,74,81,77,9,20.0,3.6223160969787447,62.44717358814613,70.0,86.04651162790698,94.18604651162791,-8.139534883720927,70.0,10.465116279069768
NPU,14,pgd/eps0.005,pgd,eps0.005,40,110,86,5,0,82,79,81,85,2,0.0,-2.7755575615628914e-15,43.4491494752081,74.54545454545455,91.86046511627907,94.18604651162791,-2.3255813953488342,77.27272727272727,2.3255813953488373
NPU,14,pgd/eps0.01,pgd,eps0.01,10,110,86,14,3,29,28,72,30,57,21.428571428571427,7.571248336916369,47.589723773208284,26.36363636363636,32.55813953488372,83.72093023255815,-51.162790697674424,27.27272727272727,66.27906976744185
NPU,14,pgd/eps0.01,pgd,eps0.01,20,110,86,14,3,64,62,72,77,12,21.428571428571427,7.571248336916369,47.589723773208284,58.18181818181818,72.09302325581395,83.72093023255815,-11.6279069767442,70.0,13.953488372093023
NPU,14,pgd/eps0.01,pgd,eps0.01,30,110,86,14,3,69,67,72,77,9,21.428571428571427,7.571248336916369,47.589723773208284,62.727272727272734,77.90697674418605,83.72093023255815,-5.813953488372093,70.0,10.465116279069768
NPU,14,pgd/eps0.01,pgd,eps0.01,40,110,86,14,2,73,70,72,85,2,14.285714285714285,4.009307373792118,39.941907763863696,66.36363636363637,81.3953488372093,83.72093023255815,-2.3255813953488484,77.27272727272727,2.3255813953488373
NPU,14,pgd/eps0.03,pgd,eps0.03,10,110,86,49,6,28,26,37,30,57,12.244897959183673,5.734747759809824,24.24466240188096,25.454545454545453,30.23255813953488,43.02325581395349,-12.79069767441861,27.27272727272727,66.27906976744185
NPU,14,pgd/eps0.03,pgd,eps0.03,20,110,86,49,3,40,38,37,77,12,6.122448979591836,2.1039764955529185,16.520743422087726,36.36363636363637,44.18604651162791,43.02325581395349,1.1627906976744171,70.0,13.953488372093023
NPU,14,pgd/eps0.03,pgd,eps0.03,30,110,86,49,3,41,39,37,77,9,6.122448979591836,2.1039764955529185,16.520743422087726,37.27272727272727,45.348837209302324,43.02325581395349,2.3255813953488342,70.0,10.465116279069768
NPU,14,pgd/eps0.03,pgd,eps0.03,40,110,86,49,4,44,41,37,85,2,8.16326530612245,3.2202296241712225,19.189387041486135,40.0,47.674418604651166,43.02325581395349,4.651162790697676,77.27272727272727,2.3255813953488373
NPU,14,mifgsm/eps0.03_default,mifgsm,eps0.03_default,10,110,86,48,7,29,27,38,30,57,14.583333333333334,7.248157413793963,27.167447042858605,26.36363636363636,31.3953488372093,44.18604651162791,-12.790697674418606,27.27272727272727,66.27906976744185
NPU,14,mifgsm/eps0.03_default,mifgsm,eps0.03_default,20,110,86,48,4,40,38,38,77,12,8.333333333333332,3.288322434995555,19.55356516106629,36.36363636363637,44.18604651162791,44.18604651162791,0.0,70.0,13.953488372093023
NPU,14,mifgsm/eps0.03_default,mifgsm,eps0.03_default,30,110,86,48,7,45,43,38,77,9,14.583333333333334,7.248157413793963,27.167447042858605,40.909090909090914,50.0,44.18604651162791,5.813953488372093,70.0,10.465116279069768
NPU,14,mifgsm/eps0.03_default,mifgsm,eps0.03_default,40,110,86,48,4,44,41,38,85,2,8.333333333333332,3.288322434995555,19.55356516106629,40.0,47.674418604651166,44.18604651162791,3.4883720930232585,77.27272727272727,2.3255813953488373
NPU,14,difgsm/eps0.03_default,difgsm,eps0.03_default,10,110,86,45,8,32,28,41,30,57,17.77777777777778,9.29427892585383,31.330106843654136,29.09090909090909,32.55813953488372,47.674418604651166,-15.116279069767444,27.27272727272727,66.27906976744185
NPU,14,difgsm/eps0.03_default,difgsm,eps0.03_default,20,110,86,45,3,38,35,41,77,12,6.666666666666667,2.293161646214709,17.856874388640826,34.54545454545455,40.69767441860465,47.674418604651166,-6.976744186046517,70.0,13.953488372093023
NPU,14,difgsm/eps0.03_default,difgsm,eps0.03_default,30,110,86,45,1,39,36,41,77,9,2.2222222222222223,0.39334975227575053,11.566946388718813,35.45454545454545,41.86046511627907,47.674418604651166,-5.813953488372093,70.0,10.465116279069768
NPU,14,difgsm/eps0.03_default,difgsm,eps0.03_default,40,110,86,45,2,41,38,41,85,2,4.444444444444445,1.2273869040444336,14.827779183880615,37.27272727272727,44.18604651162791,47.674418604651166,-3.4883720930232585,77.27272727272727,2.3255813953488373
NPU,14,vmifgsm/eps0.03_default,vmifgsm,eps0.03_default,10,110,86,50,8,31,28,36,30,57,16.0,8.337321362087696,28.51448096176598,28.18181818181818,32.55813953488372,41.86046511627907,-9.302325581395351,27.27272727272727,66.27906976744185
NPU,14,vmifgsm/eps0.03_default,vmifgsm,eps0.03_default,20,110,86,50,5,41,39,36,77,12,10.0,4.347512399157111,21.36049033478839,37.27272727272727,45.348837209302324,41.86046511627907,3.4883720930232514,70.0,13.953488372093023
NPU,14,vmifgsm/eps0.03_default,vmifgsm,eps0.03_default,30,110,86,50,5,43,40,36,77,9,10.0,4.347512399157111,21.36049033478839,39.09090909090909,46.51162790697674,41.86046511627907,4.6511627906976685,70.0,10.465116279069768
NPU,14,vmifgsm/eps0.03_default,vmifgsm,eps0.03_default,40,110,86,50,5,43,40,36,85,2,10.0,4.347512399157111,21.36049033478839,39.09090909090909,46.51162790697674,41.86046511627907,4.6511627906976685,77.27272727272727,2.3255813953488373
NPU,14,vnifgsm/eps0.03_default,vnifgsm,eps0.03_default,10,110,86,49,10,32,30,37,30,57,20.408163265306122,11.48172704281381,33.63727011094383,29.09090909090909,34.883720930232556,43.02325581395349,-8.139534883720934,27.27272727272727,66.27906976744185
NPU,14,vnifgsm/eps0.03_default,vnifgsm,eps0.03_default,20,110,86,49,3,39,37,37,77,12,6.122448979591836,2.1039764955529185,16.520743422087726,35.45454545454545,43.02325581395349,43.02325581395349,0.0,70.0,13.953488372093023
NPU,14,vnifgsm/eps0.03_default,vnifgsm,eps0.03_default,30,110,86,49,1,38,36,37,77,9,2.0408163265306123,0.3611579538530696,10.693768467754147,34.54545454545455,41.86046511627907,43.02325581395349,-1.1627906976744171,70.0,10.465116279069768
NPU,14,vnifgsm/eps0.03_default,vnifgsm,eps0.03_default,40,110,86,49,3,42,39,37,85,2,6.122448979591836,2.1039764955529185,16.520743422087726,38.18181818181819,45.348837209302324,43.02325581395349,2.3255813953488342,77.27272727272727,2.3255813953488373
NPU,14,rfgsm/eps0.03_default,rfgsm,eps0.03_default,10,110,86,52,9,32,29,34,30,57,17.307692307692307,9.382368756467779,29.731123693605277,29.09090909090909,33.72093023255814,39.53488372093023,-5.813953488372093,27.27272727272727,66.27906976744185
NPU,14,rfgsm/eps0.03_default,rfgsm,eps0.03_default,20,110,86,52,4,39,37,34,77,12,7.6923076923076925,3.031885429734589,18.173810682124667,35.45454545454545,43.02325581395349,39.53488372093023,3.4883720930232585,70.0,13.953488372093023
NPU,14,rfgsm/eps0.03_default,rfgsm,eps0.03_default,30,110,86,52,5,41,39,34,77,9,9.615384615384617,4.177373518341026,20.609881861160993,37.27272727272727,45.348837209302324,39.53488372093023,5.813953488372093,70.0,10.465116279069768
NPU,14,rfgsm/eps0.03_default,rfgsm,eps0.03_default,40,110,86,52,6,43,40,34,85,2,11.538461538461538,5.396895756082726,22.971918891062053,39.09090909090909,46.51162790697674,39.53488372093023,6.97674418604651,77.27272727272727,2.3255813953488373
NPU,14,tpgd/eps0.03_default,tpgd,eps0.03_default,10,110,86,36,5,31,27,50,30,57,13.88888888888889,6.081725363115097,28.65985128039319,28.18181818181818,31.3953488372093,58.139534883720934,-26.744186046511633,27.27272727272727,66.27906976744185
NPU,14,tpgd/eps0.03_default,tpgd,eps0.03_default,20,110,86,36,2,52,49,50,77,12,5.555555555555555,1.5369663767066846,18.144974107611212,47.27272727272727,56.97674418604651,58.139534883720934,-1.1627906976744242,70.0,13.953488372093023
NPU,14,tpgd/eps0.03_default,tpgd,eps0.03_default,30,110,86,36,3,53,50,50,77,9,8.333333333333332,2.87480892712918,21.82701027691885,48.18181818181818,58.139534883720934,58.139534883720934,0.0,70.0,10.465116279069768
NPU,14,tpgd/eps0.03_default,tpgd,eps0.03_default,40,110,86,36,1,52,49,50,85,2,2.7777777777777777,0.4920280295569679,14.170033735030799,47.27272727272727,56.97674418604651,58.139534883720934,-1.1627906976744242,77.27272727272727,2.3255813953488373
NPU,14,cw/c1_steps20_lr0.01,cw,c1_steps20_lr0.01,10,110,86,51,8,27,26,35,30,57,15.686274509803921,8.169125888021325,28.010708398359817,24.545454545454547,30.23255813953488,40.69767441860465,-10.465116279069768,27.27272727272727,66.27906976744185
NPU,14,cw/c1_steps20_lr0.01,cw,c1_steps20_lr0.01,20,110,86,51,17,51,49,35,77,12,33.33333333333333,21.969755762722826,47.03187803351943,46.36363636363636,56.97674418604651,40.69767441860465,16.27906976744186,70.0,13.953488372093023
NPU,14,cw/c1_steps20_lr0.01,cw,c1_steps20_lr0.01,30,110,86,51,19,53,51,35,77,9,37.254901960784316,25.32032972099011,50.97503729966575,48.18181818181818,59.30232558139535,40.69767441860465,18.604651162790702,70.0,10.465116279069768
NPU,14,cw/c1_steps20_lr0.01,cw,c1_steps20_lr0.01,40,110,86,51,17,52,50,35,85,2,33.33333333333333,21.969755762722826,47.03187803351943,47.27272727272727,58.139534883720934,40.69767441860465,17.441860465116285,77.27272727272727,2.3255813953488373
NPU,14,deepfool/package_default,deepfool,package_default,10,110,86,34,11,30,29,52,30,57,32.35294117647059,19.131451326458574,49.15741595188061,27.27272727272727,33.72093023255814,60.46511627906976,-26.744186046511622,27.27272727272727,66.27906976744185
NPU,14,deepfool/package_default,deepfool,package_default,20,110,86,34,14,50,47,52,77,12,41.17647058823529,26.365737785688864,57.77869585348072,45.45454545454545,54.65116279069767,60.46511627906976,-5.813953488372093,70.0,13.953488372093023
NPU,14,deepfool/package_default,deepfool,package_default,30,110,86,34,15,56,53,52,77,9,44.11764705882353,28.883240215296745,60.546382210816304,50.90909090909091,61.627906976744185,60.46511627906976,1.1627906976744242,70.0,10.465116279069768
NPU,14,deepfool/package_default,deepfool,package_default,40,110,86,34,14,60,57,52,85,2,41.17647058823529,26.365737785688864,57.77869585348072,54.54545454545454,66.27906976744185,60.46511627906976,5.813953488372093,77.27272727272727,2.3255813953488373
NPU,14,fab/eps0.005,fab,eps0.005,10,110,86,4,2,30,29,82,30,57,50.0,15.003570882017147,84.99642911798286,27.27272727272727,33.72093023255814,95.34883720930233,-61.62790697674419,27.27272727272727,66.27906976744185
NPU,14,fab/eps0.005,fab,eps0.005,20,110,86,4,3,77,74,82,77,12,75.0,30.06360524426366,95.44139373553637,70.0,86.04651162790698,95.34883720930233,-9.302325581395351,70.0,13.953488372093023
NPU,14,fab/eps0.005,fab,eps0.005,30,110,86,4,3,78,77,82,77,9,75.0,30.06360524426366,95.44139373553637,70.9090909090909,89.53488372093024,95.34883720930233,-5.813953488372093,70.0,10.465116279069768
NPU,14,fab/eps0.005,fab,eps0.005,40,110,86,4,1,82,81,82,85,2,25.0,4.558606264463622,69.93639475573634,74.54545454545455,94.18604651162791,95.34883720930233,-1.1627906976744242,77.27272727272727,2.3255813953488373
NPU,14,fab/eps0.01,fab,eps0.01,10,110,86,5,3,29,28,81,30,57,60.0,23.07199322088371,88.23817688407468,26.36363636363636,32.55813953488372,94.18604651162791,-61.627906976744185,27.27272727272727,66.27906976744185
NPU,14,fab/eps0.01,fab,eps0.01,20,110,86,5,4,73,70,81,77,12,80.0,37.55282641185388,96.37768390302125,66.36363636363637,81.3953488372093,94.18604651162791,-12.79069767441861,70.0,13.953488372093023
NPU,14,fab/eps0.01,fab,eps0.01,30,110,86,5,4,78,76,81,77,9,80.0,37.55282641185388,96.37768390302125,70.9090909090909,88.37209302325581,94.18604651162791,-5.813953488372093,70.0,10.465116279069768
NPU,14,fab/eps0.01,fab,eps0.01,40,110,86,5,2,81,79,81,85,2,40.0,11.76182311592533,76.9280067791163,73.63636363636363,91.86046511627907,94.18604651162791,-2.3255813953488342,77.27272727272727,2.3255813953488373
NPU,14,fab/eps0.03,fab,eps0.03,10,110,86,21,8,29,28,65,30,57,38.095238095238095,20.750767797982505,59.12170418449848,26.36363636363636,32.55813953488372,75.5813953488372,-43.02325581395348,27.27272727272727,66.27906976744185
NPU,14,fab/eps0.03,fab,eps0.03,20,110,86,21,10,60,58,65,77,12,47.61904761904761,28.343712296762945,67.63078209973324,54.54545454545454,67.44186046511628,75.5813953488372,-8.139534883720927,70.0,13.953488372093023
NPU,14,fab/eps0.03,fab,eps0.03,30,110,86,21,11,64,62,65,77,9,52.38095238095239,32.369217900266754,71.65628770323706,58.18181818181818,72.09302325581395,75.5813953488372,-3.4883720930232585,70.0,10.465116279069768
NPU,14,fab/eps0.03,fab,eps0.03,40,110,86,21,12,69,67,65,85,2,57.14285714285714,36.546216297032444,75.53030051347895,62.727272727272734,77.90697674418605,75.5813953488372,2.3255813953488484,77.27272727272727,2.3255813953488373
NPU,14,square/eps0.03_default,square,eps0.03_default,10,110,86,38,8,33,29,48,30,57,21.052631578947366,11.07466035209593,36.34608837644217,30.0,33.72093023255814,55.81395348837209,-22.093023255813954,27.27272727272727,66.27906976744185
NPU,14,square/eps0.03_default,square,eps0.03_default,20,110,86,38,11,50,48,48,77,12,28.947368421052634,17.003106263656132,44.757438266189766,45.45454545454545,55.81395348837209,55.81395348837209,0.0,70.0,13.953488372093023
NPU,14,square/eps0.03_default,square,eps0.03_default,30,110,86,38,8,47,45,48,77,9,21.052631578947366,11.07466035209593,36.34608837644217,42.72727272727273,52.32558139534884,55.81395348837209,-3.4883720930232514,70.0,10.465116279069768
NPU,14,square/eps0.03_default,square,eps0.03_default,40,110,86,38,10,49,47,48,85,2,26.31578947368421,14.971462389701296,42.009150206375324,44.54545454545455,54.65116279069767,55.81395348837209,-1.1627906976744242,77.27272727272727,2.3255813953488373
NPU,14,apgd/eps0.03_default,apgd,eps0.03_default,10,110,86,51,8,30,28,35,30,57,15.686274509803921,8.169125888021325,28.010708398359817,27.27272727272727,32.55813953488372,40.69767441860465,-8.139534883720927,27.27272727272727,66.27906976744185
NPU,14,apgd/eps0.03_default,apgd,eps0.03_default,20,110,86,51,5,42,40,35,77,12,9.803921568627452,4.260744495307697,20.97848995445307,38.18181818181819,46.51162790697674,40.69767441860465,5.813953488372093,70.0,13.953488372093023
NPU,14,apgd/eps0.03_default,apgd,eps0.03_default,30,110,86,51,2,39,37,35,77,9,3.9215686274509802,1.0820856268751204,13.216548986265266,35.45454545454545,43.02325581395349,40.69767441860465,2.3255813953488413,70.0,10.465116279069768
NPU,14,apgd/eps0.03_default,apgd,eps0.03_default,40,110,86,51,3,40,38,35,85,2,5.88235294117647,2.0206272864052077,15.924873938941971,36.36363636363637,44.18604651162791,40.69767441860465,3.4883720930232585,77.27272727272727,2.3255813953488373
NPU,14,apgdt/eps0.03_default,apgdt,eps0.03_default,10,110,86,51,9,32,29,35,30,57,17.647058823529413,9.5722957258099,30.254405172778036,29.09090909090909,33.72093023255814,40.69767441860465,-6.97674418604651,27.27272727272727,66.27906976744185
NPU,14,apgdt/eps0.03_default,apgdt,eps0.03_default,20,110,86,51,6,40,38,35,77,12,11.76470588235294,5.504998764172768,23.381102297794786,36.36363636363637,44.18604651162791,40.69767441860465,3.4883720930232585,70.0,13.953488372093023
NPU,14,apgdt/eps0.03_default,apgdt,eps0.03_default,30,110,86,51,3,38,36,35,77,9,5.88235294117647,2.0206272864052077,15.924873938941971,34.54545454545455,41.86046511627907,40.69767441860465,1.1627906976744242,70.0,10.465116279069768
NPU,14,apgdt/eps0.03_default,apgdt,eps0.03_default,40,110,86,51,7,43,40,35,85,2,13.725490196078432,6.811015331542726,25.721952342631628,39.09090909090909,46.51162790697674,40.69767441860465,5.813953488372093,77.27272727272727,2.3255813953488373
NPU,14,autoattack/eps0.03_standard,autoattack,eps0.03_standard,10,110,86,52,8,29,28,34,30,57,15.384615384615385,8.007589590882647,27.52434359154765,26.36363636363636,32.55813953488372,39.53488372093023,-6.97674418604651,27.27272727272727,66.27906976744185
NPU,14,autoattack/eps0.03_standard,autoattack,eps0.03_standard,20,110,86,52,6,42,40,34,77,12,11.538461538461538,5.396895756082726,22.971918891062053,38.18181818181819,46.51162790697674,39.53488372093023,6.97674418604651,70.0,13.953488372093023
NPU,14,autoattack/eps0.03_standard,autoattack,eps0.03_standard,30,110,86,52,2,37,34,34,77,9,3.8461538461538463,1.0611488322077554,12.981428744365978,33.63636363636363,39.53488372093023,39.53488372093023,0.0,70.0,10.465116279069768
NPU,14,autoattack/eps0.03_standard,autoattack,eps0.03_standard,40,110,86,52,4,39,37,34,85,2,7.6923076923076925,3.031885429734589,18.173810682124667,35.45454545454545,43.02325581395349,39.53488372093023,3.4883720930232585,77.27272727272727,2.3255813953488373
NPU,14,ead/package_default,ead,package_default,10,110,86,34,10,31,30,52,30,57,29.411764705882355,16.83445260993195,46.16922588146376,28.18181818181818,34.883720930232556,60.46511627906976,-25.581395348837205,27.27272727272727,66.27906976744185
NPU,14,ead/package_default,ead,package_default,20,110,86,34,19,59,57,52,77,12,55.88235294117647,39.453617789183696,71.11675978470325,53.63636363636364,66.27906976744185,60.46511627906976,5.813953488372093,70.0,13.953488372093023
NPU,14,ead/package_default,ead,package_default,30,110,86,34,15,56,55,52,77,9,44.11764705882353,28.883240215296745,60.546382210816304,50.90909090909091,63.95348837209303,60.46511627906976,3.4883720930232656,70.0,10.465116279069768
NPU,14,ead/package_default,ead,package_default,40,110,86,34,20,67,66,52,85,2,58.82352941176471,42.22130414651927,73.63426221431114,60.909090909090914,76.74418604651163,60.46511627906976,16.279069767441868,77.27272727272727,2.3255813953488373
NPU,14,ALL/ALL_24,ALL,ALL_24,10,2640,2064,846,159,723,674,1218,720,1368,18.79432624113475,16.305004152454067,21.565770824906423,27.386363636363637,32.65503875968992,59.01162790697675,-26.356589147286826,27.27272727272727,66.27906976744185
NPU,14,ALL/ALL_24,ALL,ALL_24,20,2640,2064,846,142,1228,1174,1218,1848,288,16.78486997635934,14.417794823838726,19.452234602821488,46.515151515151516,56.87984496124031,59.01162790697675,-2.1317829457364397,70.0,13.953488372093023
NPU,14,ALL/ALL_24,ALL,ALL_24,30,2640,2064,846,125,1264,1212,1218,1848,216,14.775413711583923,12.54350523785122,17.325778638108723,47.878787878787875,58.720930232558146,59.01162790697675,-0.2906976744186025,70.0,10.465116279069768
NPU,14,ALL/ALL_24,ALL,ALL_24,40,2640,2064,846,131,1334,1274,1218,2040,48,15.484633569739954,13.203422597173759,18.07788912020981,50.530303030303024,61.724806201550386,59.01162790697675,2.7131782945736376,77.27272727272727,2.3255813953488373
NPU,16,fgsm/eps0.005,fgsm,eps0.005,10,110,84,8,5,34,31,76,33,54,62.5,30.573785458380186,86.3158240538479,30.909090909090907,36.904761904761905,90.47619047619048,-53.57142857142858,30.0,64.28571428571429
NPU,16,fgsm/eps0.005,fgsm,eps0.005,20,110,84,8,5,74,70,76,77,11,62.5,30.573785458380186,86.3158240538479,67.27272727272727,83.33333333333334,90.47619047619048,-7.142857142857139,70.0,13.095238095238097
NPU,16,fgsm/eps0.005,fgsm,eps0.005,30,110,84,8,4,78,73,76,80,7,50.0,21.521252682444185,78.47874731755581,70.9090909090909,86.90476190476191,90.47619047619048,-3.5714285714285694,72.72727272727273,8.333333333333332
NPU,16,fgsm/eps0.005,fgsm,eps0.005,40,110,84,8,5,80,79,76,84,1,62.5,30.573785458380186,86.3158240538479,72.72727272727273,94.04761904761905,90.47619047619048,3.5714285714285694,76.36363636363637,1.1904761904761905
NPU,16,fgsm/eps0.01,fgsm,eps0.01,10,110,84,15,8,31,28,69,33,54,53.333333333333336,30.11663015105079,75.19077474025354,28.18181818181818,33.33333333333333,82.14285714285714,-48.80952380952381,30.0,64.28571428571429
NPU,16,fgsm/eps0.01,fgsm,eps0.01,20,110,84,15,7,71,67,69,77,11,46.666666666666664,24.80922525974644,69.8833698489492,64.54545454545455,79.76190476190477,82.14285714285714,-2.3809523809523654,70.0,13.095238095238097
NPU,16,fgsm/eps0.01,fgsm,eps0.01,30,110,84,15,7,72,68,69,80,7,46.666666666666664,24.80922525974644,69.8833698489492,65.45454545454545,80.95238095238095,82.14285714285714,-1.1904761904761898,72.72727272727273,8.333333333333332
NPU,16,fgsm/eps0.01,fgsm,eps0.01,40,110,84,15,3,73,70,69,84,1,20.0,7.047420643610414,45.18593533465045,66.36363636363637,83.33333333333334,82.14285714285714,1.190476190476204,76.36363636363637,1.1904761904761905
NPU,16,fgsm/eps0.03,fgsm,eps0.03,10,110,84,40,10,30,28,44,33,54,25.0,14.186967895549518,40.194259066970105,27.27272727272727,33.33333333333333,52.38095238095239,-19.047619047619058,30.0,64.28571428571429
NPU,16,fgsm/eps0.03,fgsm,eps0.03,20,110,84,40,4,45,42,44,77,11,10.0,3.957888759557486,23.052074380473897,40.909090909090914,50.0,52.38095238095239,-2.3809523809523867,70.0,13.095238095238097
NPU,16,fgsm/eps0.03,fgsm,eps0.03,30,110,84,40,6,51,47,44,80,7,15.0,7.061091708507434,29.072626039020026,46.36363636363636,55.952380952380956,52.38095238095239,3.5714285714285694,72.72727272727273,8.333333333333332
NPU,16,fgsm/eps0.03,fgsm,eps0.03,40,110,84,40,4,48,46,44,84,1,10.0,3.957888759557486,23.052074380473897,43.63636363636363,54.761904761904766,52.38095238095239,2.3809523809523796,76.36363636363637,1.1904761904761905
NPU,16,fgsm/eps0.05,fgsm,eps0.05,10,110,84,49,9,29,28,35,33,54,18.367346938775512,9.976228838458358,31.357871567282576,26.36363636363636,33.33333333333333,41.66666666666667,-8.333333333333343,30.0,64.28571428571429
NPU,16,fgsm/eps0.05,fgsm,eps0.05,20,110,84,49,3,38,34,35,77,11,6.122448979591836,2.1039764955529185,16.520743422087726,34.54545454545455,40.476190476190474,41.66666666666667,-1.190476190476197,70.0,13.095238095238097
NPU,16,fgsm/eps0.05,fgsm,eps0.05,30,110,84,49,5,38,35,35,80,7,10.204081632653061,4.437889248703988,21.756624164970088,34.54545454545455,41.66666666666667,41.66666666666667,0.0,72.72727272727273,8.333333333333332
NPU,16,fgsm/eps0.05,fgsm,eps0.05,40,110,84,49,0,34,31,35,84,1,0.0,0.0,7.270029673590504,30.909090909090907,36.904761904761905,41.66666666666667,-4.761904761904766,76.36363636363637,1.1904761904761905
NPU,16,bim/eps0.03_default,bim,eps0.03_default,10,110,84,48,11,32,29,36,33,54,22.916666666666664,13.307691028989044,36.53953590845116,29.09090909090909,34.523809523809526,42.857142857142854,-8.333333333333329,30.0,64.28571428571429
NPU,16,bim/eps0.03_default,bim,eps0.03_default,20,110,84,48,4,43,39,36,77,11,8.333333333333332,3.288322434995555,19.55356516106629,39.09090909090909,46.42857142857143,42.857142857142854,3.5714285714285765,70.0,13.095238095238097
NPU,16,bim/eps0.03_default,bim,eps0.03_default,30,110,84,48,1,40,37,36,80,7,2.083333333333333,0.3687015979399688,10.899469137531158,36.36363636363637,44.047619047619044,42.857142857142854,1.1904761904761898,72.72727272727273,8.333333333333332
NPU,16,bim/eps0.03_default,bim,eps0.03_default,40,110,84,48,3,41,39,36,84,1,6.25,2.1482843131227227,16.83569766274222,37.27272727272727,46.42857142857143,42.857142857142854,3.5714285714285765,76.36363636363637,1.1904761904761905
NPU,16,pgd/eps0.005,pgd,eps0.005,10,110,84,8,5,34,31,76,33,54,62.5,30.573785458380186,86.3158240538479,30.909090909090907,36.904761904761905,90.47619047619048,-53.57142857142858,30.0,64.28571428571429
NPU,16,pgd/eps0.005,pgd,eps0.005,20,110,84,8,5,74,70,76,77,11,62.5,30.573785458380186,86.3158240538479,67.27272727272727,83.33333333333334,90.47619047619048,-7.142857142857139,70.0,13.095238095238097
NPU,16,pgd/eps0.005,pgd,eps0.005,30,110,84,8,4,77,73,76,80,7,50.0,21.521252682444185,78.47874731755581,70.0,86.90476190476191,90.47619047619048,-3.5714285714285694,72.72727272727273,8.333333333333332
NPU,16,pgd/eps0.005,pgd,eps0.005,40,110,84,8,5,80,79,76,84,1,62.5,30.573785458380186,86.3158240538479,72.72727272727273,94.04761904761905,90.47619047619048,3.5714285714285694,76.36363636363637,1.1904761904761905
NPU,16,pgd/eps0.01,pgd,eps0.01,10,110,84,17,8,31,28,67,33,54,47.05882352941176,26.164801196088106,69.03710268845052,28.18181818181818,33.33333333333333,79.76190476190477,-46.428571428571445,30.0,64.28571428571429
NPU,16,pgd/eps0.01,pgd,eps0.01,20,110,84,17,9,71,67,67,77,11,52.94117647058824,30.962897311549487,73.8351988039119,64.54545454545455,79.76190476190477,79.76190476190477,0.0,70.0,13.095238095238097
NPU,16,pgd/eps0.01,pgd,eps0.01,30,110,84,17,10,75,70,67,80,7,58.82352941176471,36.00507438551554,78.38921396086862,68.18181818181817,83.33333333333334,79.76190476190477,3.5714285714285694,72.72727272727273,8.333333333333332
NPU,16,pgd/eps0.01,pgd,eps0.01,40,110,84,17,6,74,72,67,84,1,35.294117647058826,17.309486143904902,58.700033278788176,67.27272727272727,85.71428571428571,79.76190476190477,5.952380952380935,76.36363636363637,1.1904761904761905
NPU,16,pgd/eps0.03,pgd,eps0.03,10,110,84,47,10,31,28,37,33,54,21.27659574468085,11.989580124247315,34.904302050979275,28.18181818181818,33.33333333333333,44.047619047619044,-10.714285714285715,30.0,64.28571428571429
NPU,16,pgd/eps0.03,pgd,eps0.03,20,110,84,47,6,45,41,37,77,11,12.76595744680851,5.98452278020248,25.174213372869026,40.909090909090914,48.80952380952381,44.047619047619044,4.761904761904766,70.0,13.095238095238097
NPU,16,pgd/eps0.03,pgd,eps0.03,30,110,84,47,3,40,38,37,80,7,6.382978723404255,2.19449870207728,17.162877934377903,36.36363636363637,45.23809523809524,44.047619047619044,1.190476190476197,72.72727272727273,8.333333333333332
NPU,16,pgd/eps0.03,pgd,eps0.03,40,110,84,47,2,40,38,37,84,1,4.25531914893617,1.1748029370569721,14.24878719385944,36.36363636363637,45.23809523809524,44.047619047619044,1.190476190476197,76.36363636363637,1.1904761904761905
NPU,16,mifgsm/eps0.03_default,mifgsm,eps0.03_default,10,110,84,47,10,30,28,37,33,54,21.27659574468085,11.989580124247315,34.904302050979275,27.27272727272727,33.33333333333333,44.047619047619044,-10.714285714285715,30.0,64.28571428571429
NPU,16,mifgsm/eps0.03_default,mifgsm,eps0.03_default,20,110,84,47,5,44,40,37,77,11,10.638297872340425,4.630409955519942,22.594539692012788,40.0,47.61904761904761,44.047619047619044,3.5714285714285694,70.0,13.095238095238097
NPU,16,mifgsm/eps0.03_default,mifgsm,eps0.03_default,30,110,84,47,2,40,37,37,80,7,4.25531914893617,1.1748029370569721,14.24878719385944,36.36363636363637,44.047619047619044,44.047619047619044,0.0,72.72727272727273,8.333333333333332
NPU,16,mifgsm/eps0.03_default,mifgsm,eps0.03_default,40,110,84,47,0,39,36,37,84,1,0.0,6.938893903907228e-16,7.55601711983887,35.45454545454545,42.857142857142854,44.047619047619044,-1.1904761904761898,76.36363636363637,1.1904761904761905
NPU,16,difgsm/eps0.03_default,difgsm,eps0.03_default,10,110,84,45,10,30,28,39,33,54,22.22222222222222,12.544551866005632,36.26957379736329,27.27272727272727,33.33333333333333,46.42857142857143,-13.095238095238102,30.0,64.28571428571429
NPU,16,difgsm/eps0.03_default,difgsm,eps0.03_default,20,110,84,45,2,38,34,39,77,11,4.444444444444445,1.2273869040444336,14.827779183880615,34.54545454545455,40.476190476190474,46.42857142857143,-5.952380952380956,70.0,13.095238095238097
NPU,16,difgsm/eps0.03_default,difgsm,eps0.03_default,30,110,84,45,1,37,35,39,80,7,2.2222222222222223,0.39334975227575053,11.566946388718813,33.63636363636363,41.66666666666667,46.42857142857143,-4.761904761904759,72.72727272727273,8.333333333333332
NPU,16,difgsm/eps0.03_default,difgsm,eps0.03_default,40,110,84,45,2,38,36,39,84,1,4.444444444444445,1.2273869040444336,14.827779183880615,34.54545454545455,42.857142857142854,46.42857142857143,-3.5714285714285765,76.36363636363637,1.1904761904761905
NPU,16,vmifgsm/eps0.03_default,vmifgsm,eps0.03_default,10,110,84,47,11,32,29,37,33,54,23.404255319148938,13.603136423924592,37.22453225684077,29.09090909090909,34.523809523809526,44.047619047619044,-9.523809523809518,30.0,64.28571428571429
NPU,16,vmifgsm/eps0.03_default,vmifgsm,eps0.03_default,20,110,84,47,3,42,38,37,77,11,6.382978723404255,2.19449870207728,17.162877934377903,38.18181818181819,45.23809523809524,44.047619047619044,1.190476190476197,70.0,13.095238095238097
NPU,16,vmifgsm/eps0.03_default,vmifgsm,eps0.03_default,30,110,84,47,1,39,36,37,80,7,2.127659574468085,0.3765671010464995,11.113236524331144,35.45454545454545,42.857142857142854,44.047619047619044,-1.1904761904761898,72.72727272727273,8.333333333333332
NPU,16,vmifgsm/eps0.03_default,vmifgsm,eps0.03_default,40,110,84,47,0,39,36,37,84,1,0.0,6.938893903907228e-16,7.55601711983887,35.45454545454545,42.857142857142854,44.047619047619044,-1.1904761904761898,76.36363636363637,1.1904761904761905
NPU,16,vnifgsm/eps0.03_default,vnifgsm,eps0.03_default,10,110,84,46,11,32,29,38,33,54,23.91304347826087,13.912036561131396,37.93541616911803,29.09090909090909,34.523809523809526,45.23809523809524,-10.714285714285715,30.0,64.28571428571429
NPU,16,vnifgsm/eps0.03_default,vnifgsm,eps0.03_default,20,110,84,46,3,40,36,38,77,11,6.521739130434782,2.242745446634356,17.50300910378136,36.36363636363637,42.857142857142854,45.23809523809524,-2.3809523809523867,70.0,13.095238095238097
NPU,16,vnifgsm/eps0.03_default,vnifgsm,eps0.03_default,30,110,84,46,2,41,37,38,80,7,4.3478260869565215,1.200519358883083,14.53252291905342,37.27272727272727,44.047619047619044,45.23809523809524,-1.190476190476197,72.72727272727273,8.333333333333332
NPU,16,vnifgsm/eps0.03_default,vnifgsm,eps0.03_default,40,110,84,46,0,38,36,38,84,1,0.0,-6.938893903907228e-16,7.707617732978073,34.54545454545455,42.857142857142854,45.23809523809524,-2.3809523809523867,76.36363636363637,1.1904761904761905
NPU,16,rfgsm/eps0.03_default,rfgsm,eps0.03_default,10,110,84,48,10,30,28,36,33,54,20.833333333333336,11.730147795889813,34.25917352135348,27.27272727272727,33.33333333333333,42.857142857142854,-9.523809523809526,30.0,64.28571428571429
NPU,16,rfgsm/eps0.03_default,rfgsm,eps0.03_default,20,110,84,48,3,41,37,36,77,11,6.25,2.1482843131227227,16.83569766274222,37.27272727272727,44.047619047619044,42.857142857142854,1.1904761904761898,70.0,13.095238095238097
NPU,16,rfgsm/eps0.03_default,rfgsm,eps0.03_default,30,110,84,48,1,40,37,36,80,7,2.083333333333333,0.3687015979399688,10.899469137531158,36.36363636363637,44.047619047619044,42.857142857142854,1.1904761904761898,72.72727272727273,8.333333333333332
NPU,16,rfgsm/eps0.03_default,rfgsm,eps0.03_default,40,110,84,48,0,39,36,36,84,1,0.0,0.0,7.41026511527422,35.45454545454545,42.857142857142854,42.857142857142854,0.0,76.36363636363637,1.1904761904761905
NPU,16,tpgd/eps0.03_default,tpgd,eps0.03_default,10,110,84,31,6,35,32,53,33,54,19.35483870967742,9.186883586347633,36.280603555459855,31.818181818181817,38.095238095238095,63.095238095238095,-25.0,30.0,64.28571428571429
NPU,16,tpgd/eps0.03_default,tpgd,eps0.03_default,20,110,84,31,3,57,53,53,77,11,9.67741935483871,3.346403609464399,24.900289998177037,51.81818181818182,63.095238095238095,63.095238095238095,0.0,70.0,13.095238095238097
NPU,16,tpgd/eps0.03_default,tpgd,eps0.03_default,30,110,84,31,2,55,52,53,80,7,6.451612903225806,1.7874407775063148,20.718988318746433,50.0,61.904761904761905,63.095238095238095,-1.1904761904761898,72.72727272727273,8.333333333333332
NPU,16,tpgd/eps0.03_default,tpgd,eps0.03_default,40,110,84,31,2,58,55,53,84,1,6.451612903225806,1.7874407775063148,20.718988318746433,52.72727272727272,65.47619047619048,63.095238095238095,2.3809523809523867,76.36363636363637,1.1904761904761905
NPU,16,cw/c1_steps20_lr0.01,cw,c1_steps20_lr0.01,10,110,84,56,11,29,27,28,33,54,19.642857142857142,11.338480016444107,31.84485732747718,26.36363636363636,32.142857142857146,33.33333333333333,-1.1904761904761827,30.0,64.28571428571429
NPU,16,cw/c1_steps20_lr0.01,cw,c1_steps20_lr0.01,20,110,84,56,22,47,45,28,77,11,39.285714285714285,27.580225617512845,52.3668346215182,42.72727272727273,53.57142857142857,33.33333333333333,20.23809523809524,70.0,13.095238095238097
NPU,16,cw/c1_steps20_lr0.01,cw,c1_steps20_lr0.01,30,110,84,56,25,51,49,28,80,7,44.642857142857146,32.386516251299405,57.58701386821612,46.36363636363636,58.333333333333336,33.33333333333333,25.000000000000007,72.72727272727273,8.333333333333332
NPU,16,cw/c1_steps20_lr0.01,cw,c1_steps20_lr0.01,40,110,84,56,25,50,48,28,84,1,44.642857142857146,32.386516251299405,57.58701386821612,45.45454545454545,57.14285714285714,33.33333333333333,23.80952380952381,76.36363636363637,1.1904761904761905
NPU,16,deepfool/package_default,deepfool,package_default,10,110,84,44,14,30,28,40,33,54,31.818181818181817,19.99912993167356,46.55717253312693,27.27272727272727,33.33333333333333,47.61904761904761,-14.285714285714285,30.0,64.28571428571429
NPU,16,deepfool/package_default,deepfool,package_default,20,110,84,44,18,51,47,40,77,11,40.909090909090914,27.687643879006828,55.59050735339343,46.36363636363636,55.952380952380956,47.61904761904761,8.333333333333343,70.0,13.095238095238097
NPU,16,deepfool/package_default,deepfool,package_default,30,110,84,44,22,54,53,40,80,7,50.0,35.83152109593147,64.16847890406852,49.09090909090909,63.095238095238095,47.61904761904761,15.476190476190482,72.72727272727273,8.333333333333332
NPU,16,deepfool/package_default,deepfool,package_default,40,110,84,44,26,60,59,40,84,1,59.09090909090909,44.40949264660657,72.31235612099317,54.54545454545454,70.23809523809523,47.61904761904761,22.619047619047613,76.36363636363637,1.1904761904761905
NPU,16,fab/eps0.005,fab,eps0.005,10,110,84,6,4,33,30,78,33,54,66.66666666666666,29.998832134152863,90.3230667440783,30.0,35.714285714285715,92.85714285714286,-57.142857142857146,30.0,64.28571428571429
NPU,16,fab/eps0.005,fab,eps0.005,20,110,84,6,4,76,72,78,77,11,66.66666666666666,29.998832134152863,90.3230667440783,69.0909090909091,85.71428571428571,92.85714285714286,-7.142857142857153,70.0,13.095238095238097
NPU,16,fab/eps0.005,fab,eps0.005,30,110,84,6,5,79,76,78,80,7,83.33333333333334,43.649056343635394,96.99474141282697,71.81818181818181,90.47619047619048,92.85714285714286,-2.3809523809523796,72.72727272727273,8.333333333333332
NPU,16,fab/eps0.005,fab,eps0.005,40,110,84,6,6,82,81,78,84,1,100.0,60.96569663469354,99.99999999999999,74.54545454545455,96.42857142857143,92.85714285714286,3.5714285714285694,76.36363636363637,1.1904761904761905
NPU,16,fab/eps0.01,fab,eps0.01,10,110,84,11,8,33,30,73,33,54,72.72727272727273,43.43497069897537,90.25411942607853,30.0,35.714285714285715,86.90476190476191,-51.1904761904762,30.0,64.28571428571429
NPU,16,fab/eps0.01,fab,eps0.01,20,110,84,11,8,75,71,73,77,11,72.72727272727273,43.43497069897537,90.25411942607853,68.18181818181817,84.52380952380952,86.90476190476191,-2.380952380952394,70.0,13.095238095238097
NPU,16,fab/eps0.01,fab,eps0.01,30,110,84,11,9,79,76,73,80,7,81.81818181818183,52.30138624217553,94.86333993289995,71.81818181818181,90.47619047619048,86.90476190476191,3.5714285714285694,72.72727272727273,8.333333333333332
NPU,16,fab/eps0.01,fab,eps0.01,40,110,84,11,10,80,79,73,84,1,90.9090909090909,62.26353745137963,98.3768247737174,72.72727272727273,94.04761904761905,86.90476190476191,7.142857142857139,76.36363636363637,1.1904761904761905
NPU,16,fab/eps0.03,fab,eps0.03,10,110,84,31,10,32,29,53,33,54,32.25806451612903,18.569230747313036,49.85931444004918,29.09090909090909,34.523809523809526,63.095238095238095,-28.57142857142857,30.0,64.28571428571429
NPU,16,fab/eps0.03,fab,eps0.03,20,110,84,31,13,60,56,53,77,11,41.935483870967744,26.415303073549257,59.23403564797902,54.54545454545454,66.66666666666666,63.095238095238095,3.5714285714285623,70.0,13.095238095238097
NPU,16,fab/eps0.03,fab,eps0.03,30,110,84,31,20,66,63,53,80,7,64.51612903225806,46.9476380428149,78.88355225843418,60.0,75.0,63.095238095238095,11.904761904761905,72.72727272727273,8.333333333333332
NPU,16,fab/eps0.03,fab,eps0.03,40,110,84,31,24,66,65,53,84,1,77.41935483870968,60.187239941302614,88.60500840550121,60.0,77.38095238095238,63.095238095238095,14.285714285714285,76.36363636363637,1.1904761904761905
NPU,16,square/eps0.03_default,square,eps0.03_default,10,110,84,39,10,29,28,45,33,54,25.64102564102564,14.568625843452187,41.0819567678415,26.36363636363636,33.33333333333333,53.57142857142857,-20.23809523809524,30.0,64.28571428571429
NPU,16,square/eps0.03_default,square,eps0.03_default,20,110,84,39,13,50,48,45,77,11,33.33333333333333,20.632766106915156,49.02289567975947,45.45454545454545,57.14285714285714,53.57142857142857,3.5714285714285694,70.0,13.095238095238097
NPU,16,square/eps0.03_default,square,eps0.03_default,30,110,84,39,12,50,48,45,80,7,30.76923076923077,18.56575344598306,46.4215486155646,45.45454545454545,57.14285714285714,53.57142857142857,3.5714285714285694,72.72727272727273,8.333333333333332
NPU,16,square/eps0.03_default,square,eps0.03_default,40,110,84,39,11,50,48,45,84,1,28.205128205128204,16.543325013943296,43.77561732247738,45.45454545454545,57.14285714285714,53.57142857142857,3.5714285714285694,76.36363636363637,1.1904761904761905
NPU,16,apgd/eps0.03_default,apgd,eps0.03_default,10,110,84,48,10,30,28,36,33,54,20.833333333333336,11.730147795889813,34.25917352135348,27.27272727272727,33.33333333333333,42.857142857142854,-9.523809523809526,30.0,64.28571428571429
NPU,16,apgd/eps0.03_default,apgd,eps0.03_default,20,110,84,48,3,42,39,36,77,11,6.25,2.1482843131227227,16.83569766274222,38.18181818181819,46.42857142857143,42.857142857142854,3.5714285714285765,70.0,13.095238095238097
NPU,16,apgd/eps0.03_default,apgd,eps0.03_default,30,110,84,48,2,41,38,36,80,7,4.166666666666666,1.1501652078965612,13.975911147771471,37.27272727272727,45.23809523809524,42.857142857142854,2.3809523809523867,72.72727272727273,8.333333333333332
NPU,16,apgd/eps0.03_default,apgd,eps0.03_default,40,110,84,48,0,38,36,36,84,1,0.0,0.0,7.41026511527422,34.54545454545455,42.857142857142854,42.857142857142854,0.0,76.36363636363637,1.1904761904761905
NPU,16,apgdt/eps0.03_default,apgdt,eps0.03_default,10,110,84,49,11,33,29,35,33,54,22.448979591836736,13.02483771472861,35.87905618704574,30.0,34.523809523809526,41.66666666666667,-7.142857142857146,30.0,64.28571428571429
NPU,16,apgdt/eps0.03_default,apgdt,eps0.03_default,20,110,84,49,4,41,39,35,77,11,8.16326530612245,3.2202296241712225,19.189387041486135,37.27272727272727,46.42857142857143,41.66666666666667,4.761904761904759,70.0,13.095238095238097
NPU,16,apgdt/eps0.03_default,apgdt,eps0.03_default,30,110,84,49,3,40,38,35,80,7,6.122448979591836,2.1039764955529185,16.520743422087726,36.36363636363637,45.23809523809524,41.66666666666667,3.5714285714285694,72.72727272727273,8.333333333333332
NPU,16,apgdt/eps0.03_default,apgdt,eps0.03_default,40,110,84,49,5,42,40,35,84,1,10.204081632653061,4.437889248703988,21.756624164970088,38.18181818181819,47.61904761904761,41.66666666666667,5.952380952380942,76.36363636363637,1.1904761904761905
NPU,16,autoattack/eps0.03_standard,autoattack,eps0.03_standard,10,110,84,50,9,29,27,34,33,54,18.0,9.77008273245379,30.79631945470261,26.36363636363636,32.142857142857146,40.476190476190474,-8.333333333333329,30.0,64.28571428571429
NPU,16,autoattack/eps0.03_standard,autoattack,eps0.03_standard,20,110,84,50,6,43,39,34,77,11,12.0,5.617523710624646,23.805078886623583,39.09090909090909,46.42857142857143,40.476190476190474,5.952380952380956,70.0,13.095238095238097
NPU,16,autoattack/eps0.03_standard,autoattack,eps0.03_standard,30,110,84,50,3,39,36,34,80,7,6.0,2.0614596364630478,16.217343370877003,35.45454545454545,42.857142857142854,40.476190476190474,2.3809523809523796,72.72727272727273,8.333333333333332
NPU,16,autoattack/eps0.03_standard,autoattack,eps0.03_standard,40,110,84,50,4,39,37,34,84,1,8.0,3.1549003255790686,18.838502545063704,35.45454545454545,44.047619047619044,40.476190476190474,3.5714285714285694,76.36363636363637,1.1904761904761905
NPU,16,ead/package_default,ead,package_default,10,110,84,34,11,30,28,50,33,54,32.35294117647059,19.131451326458574,49.15741595188061,27.27272727272727,33.33333333333333,59.523809523809526,-26.190476190476197,30.0,64.28571428571429
NPU,16,ead/package_default,ead,package_default,20,110,84,34,19,57,54,50,77,11,55.88235294117647,39.453617789183696,71.11675978470325,51.81818181818182,64.28571428571429,59.523809523809526,4.761904761904766,70.0,13.095238095238097
NPU,16,ead/package_default,ead,package_default,30,110,84,34,21,60,58,50,80,7,61.76470588235294,45.040719999382674,76.10003514839121,54.54545454545454,69.04761904761905,59.523809523809526,9.523809523809526,72.72727272727273,8.333333333333332
NPU,16,ead/package_default,ead,package_default,40,110,84,34,21,62,61,50,84,1,61.76470588235294,45.040719999382674,76.10003514839121,56.36363636363636,72.61904761904762,59.523809523809526,13.095238095238095,76.36363636363637,1.1904761904761905
NPU,16,ALL/ALL_24,ALL,ALL_24,10,2640,2016,864,222,749,689,1152,792,1296,25.694444444444443,22.89290449070569,28.711167035711107,28.371212121212118,34.176587301587304,57.14285714285714,-22.966269841269835,30.0,64.28571428571429
NPU,16,ALL/ALL_24,ALL,ALL_24,20,2640,2016,864,172,1265,1178,1152,1848,264,19.90740740740741,17.380597471766386,22.700633941892512,47.91666666666667,58.432539682539684,57.14285714285714,1.2896825396825449,70.0,13.095238095238097
NPU,16,ALL/ALL_24,ALL,ALL_24,30,2640,2016,864,171,1282,1210,1152,1920,168,19.791666666666664,17.27115686806558,22.57961774333815,48.56060606060606,60.019841269841265,57.14285714285714,2.8769841269841265,72.72727272727273,8.333333333333332
NPU,16,ALL/ALL_24,ALL,ALL_24,40,2640,2016,864,164,1290,1243,1152,2016,24,18.98148148148148,16.50606412804582,21.731512867571812,48.86363636363637,61.65674603174603,57.14285714285714,4.513888888888893,76.36363636363637,1.1904761904761905
NPU,18,fgsm/eps0.005,fgsm,eps0.005,10,110,90,4,1,36,35,86,36,55,25.0,4.558606264463622,69.93639475573634,32.72727272727273,38.88888888888889,95.55555555555556,-56.666666666666664,32.72727272727273,61.111111111111114
NPU,18,fgsm/eps0.005,fgsm,eps0.005,20,110,90,4,1,77,75,86,75,15,25.0,4.558606264463622,69.93639475573634,70.0,83.33333333333334,95.55555555555556,-12.222222222222214,68.18181818181817,16.666666666666664
NPU,18,fgsm/eps0.005,fgsm,eps0.005,30,110,90,4,1,78,78,86,78,12,25.0,4.558606264463622,69.93639475573634,70.9090909090909,86.66666666666667,95.55555555555556,-8.888888888888886,70.9090909090909,13.333333333333334
NPU,18,fgsm/eps0.005,fgsm,eps0.005,40,110,90,4,1,84,83,86,85,5,25.0,4.558606264463622,69.93639475573634,76.36363636363637,92.22222222222223,95.55555555555556,-3.3333333333333286,77.27272727272727,5.555555555555555
NPU,18,fgsm/eps0.01,fgsm,eps0.01,10,110,90,11,5,33,32,79,36,55,45.45454545454545,21.270957543988047,71.99122443100117,30.0,35.55555555555556,87.77777777777777,-52.222222222222214,32.72727272727273,61.111111111111114
NPU,18,fgsm/eps0.01,fgsm,eps0.01,20,110,90,11,6,72,69,79,75,15,54.54545454545454,28.008775568998818,78.72904245601195,65.45454545454545,76.66666666666667,87.77777777777777,-11.1111111111111,68.18181818181817,16.666666666666664
NPU,18,fgsm/eps0.01,fgsm,eps0.01,30,110,90,11,6,76,74,79,78,12,54.54545454545454,28.008775568998818,78.72904245601195,69.0909090909091,82.22222222222221,87.77777777777777,-5.555555555555557,70.9090909090909,13.333333333333334
NPU,18,fgsm/eps0.01,fgsm,eps0.01,40,110,90,11,4,80,76,79,85,5,36.36363636363637,15.166223614131383,64.62032231083627,72.72727272727273,84.44444444444444,87.77777777777777,-3.3333333333333286,77.27272727272727,5.555555555555555
NPU,18,fgsm/eps0.03,fgsm,eps0.03,10,110,90,41,10,31,30,49,36,55,24.390243902439025,13.824855751022433,39.343630654458195,28.18181818181818,33.33333333333333,54.44444444444444,-21.111111111111114,32.72727272727273,61.111111111111114
NPU,18,fgsm/eps0.03,fgsm,eps0.03,20,110,90,41,5,50,47,49,75,15,12.195121951219512,5.323257997340825,25.544507648844867,45.45454545454545,52.22222222222223,54.44444444444444,-2.2222222222222143,68.18181818181817,16.666666666666664
NPU,18,fgsm/eps0.03,fgsm,eps0.03,30,110,90,41,1,48,45,49,78,12,2.4390243902439024,0.43184202707164804,12.595347011678088,43.63636363636363,50.0,54.44444444444444,-4.444444444444443,70.9090909090909,13.333333333333334
NPU,18,fgsm/eps0.03,fgsm,eps0.03,40,110,90,41,1,51,48,49,85,5,2.4390243902439024,0.43184202707164804,12.595347011678088,46.36363636363636,53.333333333333336,54.44444444444444,-1.1111111111111072,77.27272727272727,5.555555555555555
NPU,18,fgsm/eps0.05,fgsm,eps0.05,10,110,90,58,10,31,30,32,36,55,17.24137931034483,9.644189395085109,28.908500056675518,28.18181818181818,33.33333333333333,35.55555555555556,-2.2222222222222285,32.72727272727273,61.111111111111114
NPU,18,fgsm/eps0.05,fgsm,eps0.05,20,110,90,58,4,34,32,32,75,15,6.896551724137931,2.714380759816833,16.433894834605045,30.909090909090907,35.55555555555556,35.55555555555556,0.0,68.18181818181817,16.666666666666664
NPU,18,fgsm/eps0.05,fgsm,eps0.05,30,110,90,58,3,33,31,32,78,12,5.172413793103448,1.7745812831795673,14.139625335019185,30.0,34.44444444444444,35.55555555555556,-1.1111111111111143,70.9090909090909,13.333333333333334
NPU,18,fgsm/eps0.05,fgsm,eps0.05,40,110,90,58,0,33,30,32,85,5,0.0,0.0,6.211999689529376,30.0,33.33333333333333,35.55555555555556,-2.2222222222222285,77.27272727272727,5.555555555555555
NPU,18,bim/eps0.03_default,bim,eps0.03_default,10,110,90,55,12,33,32,35,36,55,21.818181818181817,12.945897827653214,34.37028664047817,30.0,35.55555555555556,38.88888888888889,-3.3333333333333357,32.72727272727273,61.111111111111114
NPU,18,bim/eps0.03_default,bim,eps0.03_default,20,110,90,55,10,46,43,35,75,15,18.181818181818183,10.187561448030712,30.330711338569238,41.81818181818181,47.77777777777778,38.88888888888889,8.888888888888886,68.18181818181817,16.666666666666664
NPU,18,bim/eps0.03_default,bim,eps0.03_default,30,110,90,55,6,43,40,35,78,12,10.909090909090908,5.096655628305132,21.825793795231956,39.09090909090909,44.44444444444444,38.88888888888889,5.55555555555555,70.9090909090909,13.333333333333334
NPU,18,bim/eps0.03_default,bim,eps0.03_default,40,110,90,55,4,41,38,35,85,5,7.2727272727272725,2.864359650368854,17.260178091636796,37.27272727272727,42.22222222222222,38.88888888888889,3.3333333333333286,77.27272727272727,5.555555555555555
NPU,18,pgd/eps0.005,pgd,eps0.005,10,110,90,4,1,36,35,86,36,55,25.0,4.558606264463622,69.93639475573634,32.72727272727273,38.88888888888889,95.55555555555556,-56.666666666666664,32.72727272727273,61.111111111111114
NPU,18,pgd/eps0.005,pgd,eps0.005,20,110,90,4,1,75,73,86,75,15,25.0,4.558606264463622,69.93639475573634,68.18181818181817,81.11111111111111,95.55555555555556,-14.444444444444443,68.18181818181817,16.666666666666664
NPU,18,pgd/eps0.005,pgd,eps0.005,30,110,90,4,1,77,77,86,78,12,25.0,4.558606264463622,69.93639475573634,70.0,85.55555555555556,95.55555555555556,-10.0,70.9090909090909,13.333333333333334
NPU,18,pgd/eps0.005,pgd,eps0.005,40,110,90,4,1,85,84,86,85,5,25.0,4.558606264463622,69.93639475573634,77.27272727272727,93.33333333333333,95.55555555555556,-2.2222222222222285,77.27272727272727,5.555555555555555
NPU,18,pgd/eps0.01,pgd,eps0.01,10,110,90,18,8,34,33,72,36,55,44.44444444444444,24.559231101389127,66.28393057174837,30.909090909090907,36.666666666666664,80.0,-43.333333333333336,32.72727272727273,61.111111111111114
NPU,18,pgd/eps0.01,pgd,eps0.01,20,110,90,18,10,72,69,72,75,15,55.55555555555556,33.716069428251636,75.44076889861088,65.45454545454545,76.66666666666667,80.0,-3.3333333333333286,68.18181818181817,16.666666666666664
NPU,18,pgd/eps0.01,pgd,eps0.01,30,110,90,18,10,75,72,72,78,12,55.55555555555556,33.716069428251636,75.44076889861088,68.18181818181817,80.0,80.0,0.0,70.9090909090909,13.333333333333334
NPU,18,pgd/eps0.01,pgd,eps0.01,40,110,90,18,10,79,75,72,85,5,55.55555555555556,33.716069428251636,75.44076889861088,71.81818181818181,83.33333333333334,80.0,3.333333333333343,77.27272727272727,5.555555555555555
NPU,18,pgd/eps0.03,pgd,eps0.03,10,110,90,53,13,34,33,37,36,55,24.528301886792452,14.932762711854577,37.56681506217008,30.909090909090907,36.666666666666664,41.11111111111111,-4.444444444444443,32.72727272727273,61.111111111111114
NPU,18,pgd/eps0.03,pgd,eps0.03,20,110,90,53,8,47,44,37,75,15,15.09433962264151,7.852324257781651,27.05450454365954,42.72727272727273,48.888888888888886,41.11111111111111,7.777777777777779,68.18181818181817,16.666666666666664
NPU,18,pgd/eps0.03,pgd,eps0.03,30,110,90,53,6,45,41,37,78,12,11.320754716981133,5.29295891106867,22.576770301339145,40.909090909090914,45.55555555555556,41.11111111111111,4.44444444444445,70.9090909090909,13.333333333333334
NPU,18,pgd/eps0.03,pgd,eps0.03,40,110,90,53,4,42,38,37,85,5,7.547169811320755,2.973907359890181,17.858722263484246,38.18181818181819,42.22222222222222,41.11111111111111,1.1111111111111143,77.27272727272727,5.555555555555555
NPU,18,mifgsm/eps0.03_default,mifgsm,eps0.03_default,10,110,90,55,12,32,31,35,36,55,21.818181818181817,12.945897827653214,34.37028664047817,29.09090909090909,34.44444444444444,38.88888888888889,-4.44444444444445,32.72727272727273,61.111111111111114
NPU,18,mifgsm/eps0.03_default,mifgsm,eps0.03_default,20,110,90,55,10,46,43,35,75,15,18.181818181818183,10.187561448030712,30.330711338569238,41.81818181818181,47.77777777777778,38.88888888888889,8.888888888888886,68.18181818181817,16.666666666666664
NPU,18,mifgsm/eps0.03_default,mifgsm,eps0.03_default,30,110,90,55,8,45,42,35,78,12,14.545454545454545,7.559199016771778,26.16116208829674,40.909090909090914,46.666666666666664,38.88888888888889,7.7777777777777715,70.9090909090909,13.333333333333334
NPU,18,mifgsm/eps0.03_default,mifgsm,eps0.03_default,40,110,90,55,6,43,40,35,85,5,10.909090909090908,5.096655628305132,21.825793795231956,39.09090909090909,44.44444444444444,38.88888888888889,5.55555555555555,77.27272727272727,5.555555555555555
NPU,18,difgsm/eps0.03_default,difgsm,eps0.03_default,10,110,90,49,9,31,29,41,36,55,18.367346938775512,9.976228838458358,31.357871567282576,28.18181818181818,32.22222222222222,45.55555555555556,-13.333333333333336,32.72727272727273,61.111111111111114
NPU,18,difgsm/eps0.03_default,difgsm,eps0.03_default,20,110,90,49,4,38,35,41,75,15,8.16326530612245,3.2202296241712225,19.189387041486135,34.54545454545455,38.88888888888889,45.55555555555556,-6.666666666666664,68.18181818181817,16.666666666666664
NPU,18,difgsm/eps0.03_default,difgsm,eps0.03_default,30,110,90,49,2,40,37,41,78,12,4.081632653061225,1.1265396927928273,13.713283476831107,36.36363636363637,41.11111111111111,45.55555555555556,-4.44444444444445,70.9090909090909,13.333333333333334
NPU,18,difgsm/eps0.03_default,difgsm,eps0.03_default,40,110,90,49,2,41,38,41,85,5,4.081632653061225,1.1265396927928273,13.713283476831107,37.27272727272727,42.22222222222222,45.55555555555556,-3.3333333333333357,77.27272727272727,5.555555555555555
NPU,18,vmifgsm/eps0.03_default,vmifgsm,eps0.03_default,10,110,90,54,12,32,31,36,36,55,22.22222222222222,13.195287989578958,34.938926831587814,29.09090909090909,34.44444444444444,40.0,-5.555555555555557,32.72727272727273,61.111111111111114
NPU,18,vmifgsm/eps0.03_default,vmifgsm,eps0.03_default,20,110,90,54,6,43,40,36,75,15,11.11111111111111,5.192951817556753,22.19494893207673,39.09090909090909,44.44444444444444,40.0,4.444444444444443,68.18181818181817,16.666666666666664
NPU,18,vmifgsm/eps0.03_default,vmifgsm,eps0.03_default,30,110,90,54,6,44,41,36,78,12,11.11111111111111,5.192951817556753,22.19494893207673,40.0,45.55555555555556,40.0,5.555555555555557,70.9090909090909,13.333333333333334
NPU,18,vmifgsm/eps0.03_default,vmifgsm,eps0.03_default,40,110,90,54,4,42,39,36,85,5,7.4074074074074066,2.9181055323684175,17.554357193420632,38.18181818181819,43.333333333333336,40.0,3.3333333333333357,77.27272727272727,5.555555555555555
NPU,18,vnifgsm/eps0.03_default,vnifgsm,eps0.03_default,10,110,90,53,12,33,32,37,36,55,22.641509433962266,13.454499977265527,35.526528002242436,30.0,35.55555555555556,41.11111111111111,-5.55555555555555,32.72727272727273,61.111111111111114
NPU,18,vnifgsm/eps0.03_default,vnifgsm,eps0.03_default,20,110,90,53,6,45,42,37,75,15,11.320754716981133,5.29295891106867,22.576770301339145,40.909090909090914,46.666666666666664,41.11111111111111,5.555555555555557,68.18181818181817,16.666666666666664
NPU,18,vnifgsm/eps0.03_default,vnifgsm,eps0.03_default,30,110,90,53,4,42,39,37,78,12,7.547169811320755,2.973907359890181,17.858722263484246,38.18181818181819,43.333333333333336,41.11111111111111,2.2222222222222285,70.9090909090909,13.333333333333334
NPU,18,vnifgsm/eps0.03_default,vnifgsm,eps0.03_default,40,110,90,53,2,40,37,37,85,5,3.7735849056603774,1.0410068833819266,12.754523150959116,36.36363636363637,41.11111111111111,41.11111111111111,0.0,77.27272727272727,5.555555555555555
NPU,18,rfgsm/eps0.03_default,rfgsm,eps0.03_default,10,110,90,56,13,34,33,34,36,55,23.214285714285715,14.09924724565329,35.76840335192431,30.909090909090907,36.666666666666664,37.77777777777778,-1.1111111111111143,32.72727272727273,61.111111111111114
NPU,18,rfgsm/eps0.03_default,rfgsm,eps0.03_default,20,110,90,56,7,42,39,34,75,15,12.5,6.188990138969254,23.625720697639395,38.18181818181819,43.333333333333336,37.77777777777778,5.555555555555557,68.18181818181817,16.666666666666664
NPU,18,rfgsm/eps0.03_default,rfgsm,eps0.03_default,30,110,90,56,5,41,38,34,78,12,8.928571428571429,3.8741577263088285,19.256239856643496,37.27272727272727,42.22222222222222,37.77777777777778,4.444444444444443,70.9090909090909,13.333333333333334
NPU,18,rfgsm/eps0.03_default,rfgsm,eps0.03_default,40,110,90,56,5,42,39,34,85,5,8.928571428571429,3.8741577263088285,19.256239856643496,38.18181818181819,43.333333333333336,37.77777777777778,5.555555555555557,77.27272727272727,5.555555555555555
NPU,18,tpgd/eps0.03_default,tpgd,eps0.03_default,10,110,90,34,6,32,31,56,36,55,17.647058823529413,8.348855603569685,33.514067740052155,29.09090909090909,34.44444444444444,62.22222222222222,-27.77777777777778,32.72727272727273,61.111111111111114
NPU,18,tpgd/eps0.03_default,tpgd,eps0.03_default,20,110,90,34,2,59,56,56,75,15,5.88235294117647,1.628231306384245,19.093936889463713,53.63636363636364,62.22222222222222,62.22222222222222,0.0,68.18181818181817,16.666666666666664
NPU,18,tpgd/eps0.03_default,tpgd,eps0.03_default,30,110,90,34,4,62,59,56,78,12,11.76470588235294,4.6713709734361215,26.621174796298774,56.36363636363636,65.55555555555556,62.22222222222222,3.3333333333333357,70.9090909090909,13.333333333333334
NPU,18,tpgd/eps0.03_default,tpgd,eps0.03_default,40,110,90,34,3,61,58,56,85,5,8.823529411764707,3.046539030431013,22.96081795236041,55.45454545454545,64.44444444444444,62.22222222222222,2.2222222222222214,77.27272727272727,5.555555555555555
NPU,18,cw/c1_steps20_lr0.01,cw,c1_steps20_lr0.01,10,110,90,54,12,30,29,36,36,55,22.22222222222222,13.195287989578958,34.938926831587814,27.27272727272727,32.22222222222222,40.0,-7.777777777777779,32.72727272727273,61.111111111111114
NPU,18,cw/c1_steps20_lr0.01,cw,c1_steps20_lr0.01,20,110,90,54,21,52,50,36,75,15,38.88888888888889,27.041742509975048,52.21194341849167,47.27272727272727,55.55555555555556,40.0,15.555555555555557,68.18181818181817,16.666666666666664
NPU,18,cw/c1_steps20_lr0.01,cw,c1_steps20_lr0.01,30,110,90,54,20,50,49,36,78,12,37.03703703703704,25.423189707625504,50.37277720891898,45.45454545454545,54.44444444444444,40.0,14.444444444444443,70.9090909090909,13.333333333333334
NPU,18,cw/c1_steps20_lr0.01,cw,c1_steps20_lr0.01,40,110,90,54,19,49,47,36,85,5,35.18518518518518,23.82283172242002,48.51541618220226,44.54545454545455,52.22222222222223,40.0,12.222222222222229,77.27272727272727,5.555555555555555
NPU,18,deepfool/package_default,deepfool,package_default,10,110,90,43,14,33,32,47,36,55,32.55813953488372,20.49311518177982,47.48406749344905,30.0,35.55555555555556,52.22222222222223,-16.66666666666667,32.72727272727273,61.111111111111114
NPU,18,deepfool/package_default,deepfool,package_default,20,110,90,43,19,50,48,47,75,15,44.18604651162791,30.43308562392133,58.89264193448829,45.45454545454545,53.333333333333336,52.22222222222223,1.1111111111111072,68.18181818181817,16.666666666666664
NPU,18,deepfool/package_default,deepfool,package_default,30,110,90,43,19,50,49,47,78,12,44.18604651162791,30.43308562392133,58.89264193448829,45.45454545454545,54.44444444444444,52.22222222222223,2.2222222222222143,70.9090909090909,13.333333333333334
NPU,18,deepfool/package_default,deepfool,package_default,40,110,90,43,20,51,51,47,85,5,46.51162790697674,32.51082626391856,61.084610271127225,46.36363636363636,56.666666666666664,52.22222222222223,4.444444444444436,77.27272727272727,5.555555555555555
NPU,18,fab/eps0.005,fab,eps0.005,10,110,90,3,0,36,35,87,36,55,0.0,0.0,56.15060804490177,32.72727272727273,38.88888888888889,96.66666666666667,-57.77777777777778,32.72727272727273,61.111111111111114
NPU,18,fab/eps0.005,fab,eps0.005,20,110,90,3,0,77,75,87,75,15,0.0,0.0,56.15060804490177,70.0,83.33333333333334,96.66666666666667,-13.333333333333329,68.18181818181817,16.666666666666664
NPU,18,fab/eps0.005,fab,eps0.005,30,110,90,3,0,78,78,87,78,12,0.0,0.0,56.15060804490177,70.9090909090909,86.66666666666667,96.66666666666667,-10.0,70.9090909090909,13.333333333333334
NPU,18,fab/eps0.005,fab,eps0.005,40,110,90,3,0,83,83,87,85,5,0.0,0.0,56.15060804490177,75.45454545454545,92.22222222222223,96.66666666666667,-4.444444444444443,77.27272727272727,5.555555555555555
NPU,18,fab/eps0.01,fab,eps0.01,10,110,90,13,6,35,34,77,36,55,46.15384615384615,23.205754301488142,70.85656756816796,31.818181818181817,37.77777777777778,85.55555555555556,-47.77777777777778,32.72727272727273,61.111111111111114
NPU,18,fab/eps0.01,fab,eps0.01,20,110,90,13,8,75,73,77,75,15,61.53846153846154,35.52248097226855,82.2905534187632,68.18181818181817,81.11111111111111,85.55555555555556,-4.444444444444443,68.18181818181817,16.666666666666664
NPU,18,fab/eps0.01,fab,eps0.01,30,110,90,13,8,76,76,77,78,12,61.53846153846154,35.52248097226855,82.2905534187632,69.0909090909091,84.44444444444444,85.55555555555556,-1.1111111111111143,70.9090909090909,13.333333333333334
NPU,18,fab/eps0.01,fab,eps0.01,40,110,90,13,9,83,83,77,85,5,69.23076923076923,42.36888781333764,87.31950283838191,75.45454545454545,92.22222222222223,85.55555555555556,6.666666666666671,77.27272727272727,5.555555555555555
NPU,18,fab/eps0.03,fab,eps0.03,10,110,90,28,10,35,34,62,36,55,35.714285714285715,20.705611972458875,54.17002241777278,31.818181818181817,37.77777777777778,68.88888888888889,-31.111111111111107,32.72727272727273,61.111111111111114
NPU,18,fab/eps0.03,fab,eps0.03,20,110,90,28,13,63,61,62,75,15,46.42857142857143,29.531303739659588,64.18760485789832,57.27272727272727,67.77777777777779,68.88888888888889,-1.1111111111111,68.18181818181817,16.666666666666664
NPU,18,fab/eps0.03,fab,eps0.03,30,110,90,28,14,61,61,62,78,12,50.0,32.63284683244634,67.36715316755367,55.45454545454545,67.77777777777779,68.88888888888889,-1.1111111111111,70.9090909090909,13.333333333333334
NPU,18,fab/eps0.03,fab,eps0.03,40,110,90,28,15,68,68,62,85,5,53.57142857142857,35.81239514210167,70.46869626034041,61.81818181818181,75.55555555555556,68.88888888888889,6.666666666666671,77.27272727272727,5.555555555555555
NPU,18,square/eps0.03_default,square,eps0.03_default,10,110,90,40,9,35,34,50,36,55,22.5,12.31595325467853,37.503396404093046,31.818181818181817,37.77777777777778,55.55555555555556,-17.77777777777778,32.72727272727273,61.111111111111114
NPU,18,square/eps0.03_default,square,eps0.03_default,20,110,90,40,13,53,52,50,75,15,32.5,20.084316962661724,47.98254191110201,48.18181818181818,57.77777777777777,55.55555555555556,2.2222222222222143,68.18181818181817,16.666666666666664
NPU,18,square/eps0.03_default,square,eps0.03_default,30,110,90,40,12,52,51,50,78,12,30.0,18.074670915695297,45.4303106543204,47.27272727272727,56.666666666666664,55.55555555555556,1.1111111111111072,70.9090909090909,13.333333333333334
NPU,18,square/eps0.03_default,square,eps0.03_default,40,110,90,40,14,54,53,50,85,5,35.0,22.13433317104915,50.494403006462626,49.09090909090909,58.88888888888889,55.55555555555556,3.3333333333333357,77.27272727272727,5.555555555555555
NPU,18,apgd/eps0.03_default,apgd,eps0.03_default,10,110,90,53,13,36,35,37,36,55,24.528301886792452,14.932762711854577,37.56681506217008,32.72727272727273,38.88888888888889,41.11111111111111,-2.2222222222222143,32.72727272727273,61.111111111111114
NPU,18,apgd/eps0.03_default,apgd,eps0.03_default,20,110,90,53,3,43,40,37,75,15,5.660377358490567,1.9436308927314183,15.37044893612632,39.09090909090909,44.44444444444444,41.11111111111111,3.3333333333333357,68.18181818181817,16.666666666666664
NPU,18,apgd/eps0.03_default,apgd,eps0.03_default,30,110,90,53,3,43,40,37,78,12,5.660377358490567,1.9436308927314183,15.37044893612632,39.09090909090909,44.44444444444444,41.11111111111111,3.3333333333333357,70.9090909090909,13.333333333333334
NPU,18,apgd/eps0.03_default,apgd,eps0.03_default,40,110,90,53,4,44,41,37,85,5,7.547169811320755,2.973907359890181,17.858722263484246,40.0,45.55555555555556,41.11111111111111,4.44444444444445,77.27272727272727,5.555555555555555
NPU,18,apgdt/eps0.03_default,apgdt,eps0.03_default,10,110,90,52,9,33,32,38,36,55,17.307692307692307,9.382368756467779,29.731123693605277,30.0,35.55555555555556,42.22222222222222,-6.666666666666664,32.72727272727273,61.111111111111114
NPU,18,apgdt/eps0.03_default,apgdt,eps0.03_default,20,110,90,52,7,48,45,38,75,15,13.461538461538462,6.676796994292626,25.27357692049491,43.63636363636363,50.0,42.22222222222222,7.777777777777779,68.18181818181817,16.666666666666664
NPU,18,apgdt/eps0.03_default,apgdt,eps0.03_default,30,110,90,52,4,45,42,38,78,12,7.6923076923076925,3.031885429734589,18.173810682124667,40.909090909090914,46.666666666666664,42.22222222222222,4.444444444444443,70.9090909090909,13.333333333333334
NPU,18,apgdt/eps0.03_default,apgdt,eps0.03_default,40,110,90,52,5,47,43,38,85,5,9.615384615384617,4.177373518341026,20.609881861160993,42.72727272727273,47.77777777777778,42.22222222222222,5.555555555555557,77.27272727272727,5.555555555555555
NPU,18,autoattack/eps0.03_standard,autoattack,eps0.03_standard,10,110,90,54,12,35,34,36,36,55,22.22222222222222,13.195287989578958,34.938926831587814,31.818181818181817,37.77777777777778,40.0,-2.2222222222222214,32.72727272727273,61.111111111111114
NPU,18,autoattack/eps0.03_standard,autoattack,eps0.03_standard,20,110,90,54,3,42,39,36,75,15,5.555555555555555,1.9072922503838907,15.107451463482944,38.18181818181819,43.333333333333336,40.0,3.3333333333333357,68.18181818181817,16.666666666666664
NPU,18,autoattack/eps0.03_standard,autoattack,eps0.03_standard,30,110,90,54,2,41,38,36,78,12,3.7037037037037033,1.0216153585413057,12.535409343403314,37.27272727272727,42.22222222222222,40.0,2.2222222222222214,70.9090909090909,13.333333333333334
NPU,18,autoattack/eps0.03_standard,autoattack,eps0.03_standard,40,110,90,54,3,41,38,36,85,5,5.555555555555555,1.9072922503838907,15.107451463482944,37.27272727272727,42.22222222222222,40.0,2.2222222222222214,77.27272727272727,5.555555555555555
NPU,18,ead/package_default,ead,package_default,10,110,90,37,10,32,31,53,36,55,27.027027027027028,15.397298246990685,42.97847547392133,29.09090909090909,34.44444444444444,58.88888888888889,-24.44444444444445,32.72727272727273,61.111111111111114
NPU,18,ead/package_default,ead,package_default,20,110,90,37,22,59,57,53,75,15,59.45945945945946,43.48568313132931,73.65370416005986,53.63636363636364,63.33333333333333,58.88888888888889,4.444444444444436,68.18181818181817,16.666666666666664
NPU,18,ead/package_default,ead,package_default,30,110,90,37,24,66,65,53,78,12,64.86486486486487,48.75872951756956,78.17459336889914,60.0,72.22222222222221,58.88888888888889,13.333333333333321,70.9090909090909,13.333333333333334
NPU,18,ead/package_default,ead,package_default,40,110,90,37,26,70,68,53,85,5,70.27027027027027,54.21656082795643,82.5106976535918,63.63636363636363,75.55555555555556,58.88888888888889,16.666666666666664,77.27272727272727,5.555555555555555
NPU,18,ALL/ALL_24,ALL,ALL_24,10,2640,2160,922,219,802,777,1238,864,1320,23.752711496746205,21.118157255958415,26.60508179486842,30.37878787878788,35.97222222222222,57.31481481481482,-21.342592592592595,32.72727272727273,61.111111111111114
NPU,18,ALL/ALL_24,ALL,ALL_24,20,2640,2160,922,189,1308,1247,1238,1800,360,20.498915401301517,18.018047699336652,23.22460115117946,49.54545454545455,57.73148148148148,57.31481481481482,0.4166666666666643,68.18181818181817,16.666666666666664
NPU,18,ALL/ALL_24,ALL,ALL_24,30,2640,2160,922,169,1311,1263,1238,1872,288,18.329718004338392,15.96538103793423,20.956874345708062,49.65909090909091,58.47222222222223,57.31481481481482,1.1574074074074119,70.9090909090909,13.333333333333334
NPU,18,ALL/ALL_24,ALL,ALL_24,40,2640,2160,922,162,1354,1298,1238,2040,120,17.570498915401302,15.249929505825257,20.1601881644112,51.287878787878796,60.092592592592595,57.31481481481482,2.7777777777777786,77.27272727272727,5.555555555555555
