backend,modulation,profile,attack,attack_profile,topk,n,n_clean_correct,n_attack_success,n_recovered,n_defended_correct,n_retained,n_retained_nodef,n_clean_topk_correct,n_clean_degraded,recovery_pct,recovery_ci95_lo_pct,recovery_ci95_hi_pct,defended_acc_pct,retention_pct,retention_nodef_pct,retention_gain_pp,clean_topk_acc_pct,clean_degradation_pct
CPU,8PSK,fgsm/eps0.005,fgsm,eps0.005,10,200,106,10,0,47,0,96,48,106,0.0,-2.7755575615628914e-15,27.75401687666166,23.5,0.0,90.56603773584906,-90.56603773584906,24.0,100.0
CPU,8PSK,fgsm/eps0.005,fgsm,eps0.005,20,200,106,10,0,80,50,96,94,45,0.0,-2.7755575615628914e-15,27.75401687666166,40.0,47.16981132075472,90.56603773584906,-43.39622641509435,47.0,42.45283018867924
CPU,8PSK,fgsm/eps0.005,fgsm,eps0.005,30,200,106,10,0,86,69,96,101,29,0.0,-2.7755575615628914e-15,27.75401687666166,43.0,65.09433962264151,90.56603773584906,-25.47169811320755,50.5,27.358490566037734
CPU,8PSK,fgsm/eps0.005,fgsm,eps0.005,40,200,106,10,0,82,77,96,92,20,0.0,-2.7755575615628914e-15,27.75401687666166,41.0,72.64150943396226,90.56603773584906,-17.92452830188681,46.0,18.867924528301888
CPU,8PSK,fgsm/eps0.01,fgsm,eps0.01,10,200,106,23,0,42,0,83,48,106,0.0,-1.3877787807814457e-15,14.312112541726274,21.0,0.0,78.30188679245283,-78.30188679245283,24.0,100.0
CPU,8PSK,fgsm/eps0.01,fgsm,eps0.01,20,200,106,23,0,67,43,83,94,45,0.0,-1.3877787807814457e-15,14.312112541726274,33.5,40.56603773584906,78.30188679245283,-37.735849056603776,47.0,42.45283018867924
CPU,8PSK,fgsm/eps0.01,fgsm,eps0.01,30,200,106,23,0,67,54,83,101,29,0.0,-1.3877787807814457e-15,14.312112541726274,33.5,50.943396226415096,78.30188679245283,-27.358490566037737,50.5,27.358490566037734
CPU,8PSK,fgsm/eps0.01,fgsm,eps0.01,40,200,106,23,1,70,66,83,92,20,4.3478260869565215,0.7716466962126745,20.991586494059142,35.0,62.264150943396224,78.30188679245283,-16.03773584905661,46.0,18.867924528301888
CPU,8PSK,fgsm/eps0.03,fgsm,eps0.03,10,200,106,86,0,22,0,20,48,106,0.0,0.0,4.2759701519118085,11.0,0.0,18.867924528301888,-18.867924528301888,24.0,100.0
CPU,8PSK,fgsm/eps0.03,fgsm,eps0.03,20,200,106,86,0,17,4,20,94,45,0.0,0.0,4.2759701519118085,8.5,3.7735849056603774,18.867924528301888,-15.09433962264151,47.0,42.45283018867924
CPU,8PSK,fgsm/eps0.03,fgsm,eps0.03,30,200,106,86,0,12,6,20,101,29,0.0,0.0,4.2759701519118085,6.0,5.660377358490567,18.867924528301888,-13.20754716981132,50.5,27.358490566037734
CPU,8PSK,fgsm/eps0.03,fgsm,eps0.03,40,200,106,86,0,20,13,20,92,20,0.0,0.0,4.2759701519118085,10.0,12.264150943396226,18.867924528301888,-6.603773584905662,46.0,18.867924528301888
CPU,8PSK,fgsm/eps0.05,fgsm,eps0.05,10,200,106,103,1,15,1,3,48,106,0.9708737864077669,0.17158473082714565,5.295948514650271,7.5,0.9433962264150944,2.8301886792452833,-1.886792452830189,24.0,100.0
CPU,8PSK,fgsm/eps0.05,fgsm,eps0.05,20,200,106,103,0,10,1,3,94,45,0.0,0.0,3.5956032107343954,5.0,0.9433962264150944,2.8301886792452833,-1.886792452830189,47.0,42.45283018867924
CPU,8PSK,fgsm/eps0.05,fgsm,eps0.05,30,200,106,103,0,6,1,3,101,29,0.0,0.0,3.5956032107343954,3.0,0.9433962264150944,2.8301886792452833,-1.886792452830189,50.5,27.358490566037734
CPU,8PSK,fgsm/eps0.05,fgsm,eps0.05,40,200,106,103,0,8,1,3,92,20,0.0,0.0,3.5956032107343954,4.0,0.9433962264150944,2.8301886792452833,-1.886792452830189,46.0,18.867924528301888
CPU,8PSK,bim/eps0.03_default,bim,eps0.03_default,10,200,106,105,0,14,0,1,48,106,0.0,0.0,3.5295328256842966,7.000000000000001,0.0,0.9433962264150944,-0.9433962264150944,24.0,100.0
CPU,8PSK,bim/eps0.03_default,bim,eps0.03_default,20,200,106,105,1,11,1,1,94,45,0.9523809523809524,0.16831259050527936,5.198752943261222,5.5,0.9433962264150944,0.9433962264150944,0.0,47.0,42.45283018867924
CPU,8PSK,bim/eps0.03_default,bim,eps0.03_default,30,200,106,105,0,3,0,1,101,29,0.0,0.0,3.5295328256842966,1.5,0.0,0.9433962264150944,-0.9433962264150944,50.5,27.358490566037734
CPU,8PSK,bim/eps0.03_default,bim,eps0.03_default,40,200,106,105,0,7,0,1,92,20,0.0,0.0,3.5295328256842966,3.5000000000000004,0.0,0.9433962264150944,-0.9433962264150944,46.0,18.867924528301888
CPU,8PSK,pgd/eps0.005,pgd,eps0.005,10,200,106,12,0,48,0,94,48,106,0.0,0.0,24.25007574992425,24.0,0.0,88.67924528301887,-88.67924528301887,24.0,100.0
CPU,8PSK,pgd/eps0.005,pgd,eps0.005,20,200,106,12,0,78,50,94,94,45,0.0,0.0,24.25007574992425,39.0,47.16981132075472,88.67924528301887,-41.509433962264154,47.0,42.45283018867924
CPU,8PSK,pgd/eps0.005,pgd,eps0.005,30,200,106,12,0,86,69,94,101,29,0.0,0.0,24.25007574992425,43.0,65.09433962264151,88.67924528301887,-23.58490566037736,50.5,27.358490566037734
CPU,8PSK,pgd/eps0.005,pgd,eps0.005,40,200,106,12,0,83,77,94,92,20,0.0,0.0,24.25007574992425,41.5,72.64150943396226,88.67924528301887,-16.037735849056617,46.0,18.867924528301888
CPU,8PSK,pgd/eps0.01,pgd,eps0.01,10,200,106,28,0,38,0,78,48,106,0.0,0.0,12.064720365810762,19.0,0.0,73.58490566037736,-73.58490566037736,24.0,100.0
CPU,8PSK,pgd/eps0.01,pgd,eps0.01,20,200,106,28,0,65,43,78,94,45,0.0,0.0,12.064720365810762,32.5,40.56603773584906,73.58490566037736,-33.0188679245283,47.0,42.45283018867924
CPU,8PSK,pgd/eps0.01,pgd,eps0.01,30,200,106,28,0,65,53,78,101,29,0.0,0.0,12.064720365810762,32.5,50.0,73.58490566037736,-23.58490566037736,50.5,27.358490566037734
CPU,8PSK,pgd/eps0.01,pgd,eps0.01,40,200,106,28,1,66,64,78,92,20,3.571428571428571,0.633235649754188,17.712576118498664,33.0,60.37735849056604,73.58490566037736,-13.20754716981132,46.0,18.867924528301888
CPU,8PSK,pgd/eps0.03,pgd,eps0.03,10,200,106,103,1,13,1,3,48,106,0.9708737864077669,0.17158473082714565,5.295948514650271,6.5,0.9433962264150944,2.8301886792452833,-1.886792452830189,24.0,100.0
CPU,8PSK,pgd/eps0.03,pgd,eps0.03,20,200,106,103,2,10,3,3,94,45,1.9417475728155338,0.5341113332198465,6.805351947000593,5.0,2.8301886792452833,2.8301886792452833,0.0,47.0,42.45283018867924
CPU,8PSK,pgd/eps0.03,pgd,eps0.03,30,200,106,103,1,4,1,3,101,29,0.9708737864077669,0.17158473082714565,5.295948514650271,2.0,0.9433962264150944,2.8301886792452833,-1.886792452830189,50.5,27.358490566037734
CPU,8PSK,pgd/eps0.03,pgd,eps0.03,40,200,106,103,0,9,1,3,92,20,0.0,0.0,3.5956032107343954,4.5,0.9433962264150944,2.8301886792452833,-1.886792452830189,46.0,18.867924528301888
CPU,8PSK,mifgsm/eps0.03_default,mifgsm,eps0.03_default,10,200,106,104,0,16,0,2,48,106,0.0,0.0,3.5622616875120547,8.0,0.0,1.8867924528301887,-1.8867924528301887,24.0,100.0
CPU,8PSK,mifgsm/eps0.03_default,mifgsm,eps0.03_default,20,200,106,104,1,12,2,2,94,45,0.9615384615384616,0.16993291044208914,5.246900667694733,6.0,1.8867924528301887,1.8867924528301887,0.0,47.0,42.45283018867924
CPU,8PSK,mifgsm/eps0.03_default,mifgsm,eps0.03_default,30,200,106,104,0,5,0,2,101,29,0.0,0.0,3.5622616875120547,2.5,0.0,1.8867924528301887,-1.8867924528301887,50.5,27.358490566037734
CPU,8PSK,mifgsm/eps0.03_default,mifgsm,eps0.03_default,40,200,106,104,1,8,2,2,92,20,0.9615384615384616,0.16993291044208914,5.246900667694733,4.0,1.8867924528301887,1.8867924528301887,0.0,46.0,18.867924528301888
CPU,8PSK,difgsm/eps0.03_default,difgsm,eps0.03_default,10,200,106,101,0,15,0,5,48,106,0.0,-3.469446951953614e-16,3.6641943655953355,7.5,0.0,4.716981132075472,-4.716981132075472,24.0,100.0
CPU,8PSK,difgsm/eps0.03_default,difgsm,eps0.03_default,20,200,106,101,0,10,1,5,94,45,0.0,-3.469446951953614e-16,3.6641943655953355,5.0,0.9433962264150944,4.716981132075472,-3.7735849056603774,47.0,42.45283018867924
CPU,8PSK,difgsm/eps0.03_default,difgsm,eps0.03_default,30,200,106,101,0,5,1,5,101,29,0.0,-3.469446951953614e-16,3.6641943655953355,2.5,0.9433962264150944,4.716981132075472,-3.7735849056603774,50.5,27.358490566037734
CPU,8PSK,difgsm/eps0.03_default,difgsm,eps0.03_default,40,200,106,101,0,7,1,5,92,20,0.0,-3.469446951953614e-16,3.6641943655953355,3.5000000000000004,0.9433962264150944,4.716981132075472,-3.7735849056603774,46.0,18.867924528301888
CPU,8PSK,vmifgsm/eps0.03_default,vmifgsm,eps0.03_default,10,200,106,104,1,16,1,2,48,106,0.9615384615384616,0.16993291044208914,5.246900667694733,8.0,0.9433962264150944,1.8867924528301887,-0.9433962264150944,24.0,100.0
CPU,8PSK,vmifgsm/eps0.03_default,vmifgsm,eps0.03_default,20,200,106,104,2,13,3,2,94,45,1.9230769230769231,0.528960072405658,6.742445396355932,6.5,2.8301886792452833,1.8867924528301887,0.9433962264150946,47.0,42.45283018867924
CPU,8PSK,vmifgsm/eps0.03_default,vmifgsm,eps0.03_default,30,200,106,104,0,5,0,2,101,29,0.0,0.0,3.5622616875120547,2.5,0.0,1.8867924528301887,-1.8867924528301887,50.5,27.358490566037734
CPU,8PSK,vmifgsm/eps0.03_default,vmifgsm,eps0.03_default,40,200,106,104,0,11,2,2,92,20,0.0,0.0,3.5622616875120547,5.5,1.8867924528301887,1.8867924528301887,0.0,46.0,18.867924528301888
CPU,8PSK,vnifgsm/eps0.03_default,vnifgsm,eps0.03_default,10,200,106,104,1,13,1,2,48,106,0.9615384615384616,0.16993291044208914,5.246900667694733,6.5,0.9433962264150944,1.8867924528301887,-0.9433962264150944,24.0,100.0
CPU,8PSK,vnifgsm/eps0.03_default,vnifgsm,eps0.03_default,20,200,106,104,2,10,3,2,94,45,1.9230769230769231,0.528960072405658,6.742445396355932,5.0,2.8301886792452833,1.8867924528301887,0.9433962264150946,47.0,42.45283018867924
CPU,8PSK,vnifgsm/eps0.03_default,vnifgsm,eps0.03_default,30,200,106,104,0,5,1,2,101,29,0.0,0.0,3.5622616875120547,2.5,0.9433962264150944,1.8867924528301887,-0.9433962264150944,50.5,27.358490566037734
CPU,8PSK,vnifgsm/eps0.03_default,vnifgsm,eps0.03_default,40,200,106,104,0,6,1,2,92,20,0.0,0.0,3.5622616875120547,3.0,0.9433962264150944,1.8867924528301887,-0.9433962264150944,46.0,18.867924528301888
CPU,8PSK,rfgsm/eps0.03_default,rfgsm,eps0.03_default,10,200,106,105,1,14,1,1,48,106,0.9523809523809524,0.16831259050527936,5.198752943261222,7.000000000000001,0.9433962264150944,0.9433962264150944,0.0,24.0,100.0
CPU,8PSK,rfgsm/eps0.03_default,rfgsm,eps0.03_default,20,200,106,105,2,12,2,1,94,45,1.9047619047619049,0.5239072265250375,6.680691015323665,6.0,1.8867924528301887,0.9433962264150944,0.9433962264150944,47.0,42.45283018867924
CPU,8PSK,rfgsm/eps0.03_default,rfgsm,eps0.03_default,30,200,106,105,0,3,0,1,101,29,0.0,0.0,3.5295328256842966,1.5,0.0,0.9433962264150944,-0.9433962264150944,50.5,27.358490566037734
CPU,8PSK,rfgsm/eps0.03_default,rfgsm,eps0.03_default,40,200,106,105,0,9,0,1,92,20,0.0,0.0,3.5295328256842966,4.5,0.0,0.9433962264150944,-0.9433962264150944,46.0,18.867924528301888
CPU,8PSK,tpgd/eps0.03_default,tpgd,eps0.03_default,10,200,106,56,1,27,1,50,48,106,1.7857142857142856,0.31591289644639853,9.445858179193289,13.5,0.9433962264150944,47.16981132075472,-46.22641509433962,24.0,100.0
CPU,8PSK,tpgd/eps0.03_default,tpgd,eps0.03_default,20,200,106,56,0,55,36,50,94,45,0.0,0.0,6.419614448811528,27.500000000000004,33.9622641509434,47.16981132075472,-13.20754716981132,47.0,42.45283018867924
CPU,8PSK,tpgd/eps0.03_default,tpgd,eps0.03_default,30,200,106,56,0,62,47,50,101,29,0.0,0.0,6.419614448811528,31.0,44.339622641509436,47.16981132075472,-2.830188679245282,50.5,27.358490566037734
CPU,8PSK,tpgd/eps0.03_default,tpgd,eps0.03_default,40,200,106,56,0,57,48,50,92,20,0.0,0.0,6.419614448811528,28.499999999999996,45.28301886792453,47.16981132075472,-1.8867924528301856,46.0,18.867924528301888
CPU,8PSK,cw/c1_steps20_lr0.01,cw,c1_steps20_lr0.01,10,200,106,106,0,32,0,0,48,106,0.0,-3.469446951953614e-16,3.4973998922084166,16.0,0.0,0.0,0.0,24.0,100.0
CPU,8PSK,cw/c1_steps20_lr0.01,cw,c1_steps20_lr0.01,20,200,106,106,6,17,6,0,94,45,5.660377358490567,2.6197262538493487,11.802496292071323,8.5,5.660377358490567,0.0,5.660377358490567,47.0,42.45283018867924
CPU,8PSK,cw/c1_steps20_lr0.01,cw,c1_steps20_lr0.01,30,200,106,106,3,7,3,0,101,29,2.8301886792452833,0.9671108644619022,7.992700354602642,3.5000000000000004,2.8301886792452833,0.0,2.8301886792452833,50.5,27.358490566037734
CPU,8PSK,cw/c1_steps20_lr0.01,cw,c1_steps20_lr0.01,40,200,106,106,4,5,4,0,92,20,3.7735849056603774,1.4770608109942172,9.303554183689036,2.5,3.7735849056603774,0.0,3.7735849056603774,46.0,18.867924528301888
CPU,8PSK,deepfool/package_default,deepfool,package_default,10,200,106,106,0,37,0,0,48,106,0.0,-3.469446951953614e-16,3.4973998922084166,18.5,0.0,0.0,0.0,24.0,100.0
CPU,8PSK,deepfool/package_default,deepfool,package_default,20,200,106,106,11,28,11,0,94,45,10.377358490566039,5.893898061424893,17.632343362589324,14.000000000000002,10.377358490566039,0.0,10.377358490566039,47.0,42.45283018867924
CPU,8PSK,deepfool/package_default,deepfool,package_default,30,200,106,106,16,19,16,0,101,29,15.09433962264151,9.509777313557981,23.120482988549778,9.5,15.09433962264151,0.0,15.09433962264151,50.5,27.358490566037734
CPU,8PSK,deepfool/package_default,deepfool,package_default,40,200,106,106,15,16,15,0,92,20,14.150943396226415,8.766959878366439,22.042496648122608,8.0,14.150943396226415,0.0,14.150943396226415,46.0,18.867924528301888
CPU,8PSK,fab/eps0.005,fab,eps0.005,10,200,106,13,0,49,0,93,48,106,0.0,0.0,22.810184305529166,24.5,0.0,87.73584905660378,-87.73584905660378,24.0,100.0
CPU,8PSK,fab/eps0.005,fab,eps0.005,20,200,106,13,0,94,61,93,94,45,0.0,0.0,22.810184305529166,47.0,57.54716981132076,87.73584905660378,-30.188679245283026,47.0,42.45283018867924
CPU,8PSK,fab/eps0.005,fab,eps0.005,30,200,106,13,0,100,77,93,101,29,0.0,0.0,22.810184305529166,50.0,72.64150943396226,87.73584905660378,-15.094339622641527,50.5,27.358490566037734
CPU,8PSK,fab/eps0.005,fab,eps0.005,40,200,106,13,0,90,84,93,92,20,0.0,0.0,22.810184305529166,45.0,79.24528301886792,87.73584905660378,-8.49056603773586,46.0,18.867924528301888
CPU,8PSK,fab/eps0.01,fab,eps0.01,10,200,106,30,0,44,0,76,48,106,0.0,-1.3877787807814457e-15,11.3517091390478,22.0,0.0,71.69811320754717,-71.69811320754717,24.0,100.0
CPU,8PSK,fab/eps0.01,fab,eps0.01,20,200,106,30,0,85,58,76,94,45,0.0,-1.3877787807814457e-15,11.3517091390478,42.5,54.71698113207547,71.69811320754717,-16.9811320754717,47.0,42.45283018867924
CPU,8PSK,fab/eps0.01,fab,eps0.01,30,200,106,30,1,93,72,76,101,29,3.3333333333333335,0.590843799485738,16.670751396958874,46.5,67.9245283018868,71.69811320754717,-3.773584905660371,50.5,27.358490566037734
CPU,8PSK,fab/eps0.01,fab,eps0.01,40,200,106,30,2,82,76,76,92,20,6.666666666666667,1.847663532769335,21.323817721072093,41.0,71.69811320754717,71.69811320754717,0.0,46.0,18.867924528301888
CPU,8PSK,fab/eps0.03,fab,eps0.03,10,200,106,103,0,37,0,3,48,106,0.0,0.0,3.5956032107343954,18.5,0.0,2.8301886792452833,-2.8301886792452833,24.0,100.0
CPU,8PSK,fab/eps0.03,fab,eps0.03,20,200,106,103,11,32,14,3,94,45,10.679611650485436,6.068671335514591,18.11816225739304,16.0,13.20754716981132,2.8301886792452833,10.377358490566037,47.0,42.45283018867924
CPU,8PSK,fab/eps0.03,fab,eps0.03,30,200,106,103,15,26,18,3,101,29,14.563106796116504,9.028388487703763,22.646165244175954,13.0,16.9811320754717,2.8301886792452833,14.150943396226415,50.5,27.358490566037734
CPU,8PSK,fab/eps0.03,fab,eps0.03,40,200,106,103,20,25,23,3,92,20,19.41747572815534,12.936210686118581,28.097993219476248,12.5,21.69811320754717,2.8301886792452833,18.867924528301888,46.0,18.867924528301888
CPU,8PSK,square/eps0.03_default,square,eps0.03_default,10,200,106,105,0,14,0,1,48,106,0.0,0.0,3.5295328256842966,7.000000000000001,0.0,0.9433962264150944,-0.9433962264150944,24.0,100.0
CPU,8PSK,square/eps0.03_default,square,eps0.03_default,20,200,106,105,3,13,4,1,94,45,2.857142857142857,0.9763662138955603,8.065764736035346,6.5,3.7735849056603774,0.9433962264150944,2.830188679245283,47.0,42.45283018867924
CPU,8PSK,square/eps0.03_default,square,eps0.03_default,30,200,106,105,3,10,4,1,101,29,2.857142857142857,0.9763662138955603,8.065764736035346,5.0,3.7735849056603774,0.9433962264150944,2.830188679245283,50.5,27.358490566037734
CPU,8PSK,square/eps0.03_default,square,eps0.03_default,40,200,106,105,8,11,9,1,92,20,7.6190476190476195,3.9110184060470288,14.318776084294898,5.5,8.49056603773585,0.9433962264150944,7.547169811320755,46.0,18.867924528301888
CPU,8PSK,apgd/eps0.03_default,apgd,eps0.03_default,10,200,106,105,0,12,0,1,48,106,0.0,0.0,3.5295328256842966,6.0,0.0,0.9433962264150944,-0.9433962264150944,24.0,100.0
CPU,8PSK,apgd/eps0.03_default,apgd,eps0.03_default,20,200,106,105,1,8,2,1,94,45,0.9523809523809524,0.16831259050527936,5.198752943261222,4.0,1.8867924528301887,0.9433962264150944,0.9433962264150944,47.0,42.45283018867924
CPU,8PSK,apgd/eps0.03_default,apgd,eps0.03_default,30,200,106,105,0,4,1,1,101,29,0.0,0.0,3.5295328256842966,2.0,0.9433962264150944,0.9433962264150944,0.0,50.5,27.358490566037734
CPU,8PSK,apgd/eps0.03_default,apgd,eps0.03_default,40,200,106,105,1,8,2,1,92,20,0.9523809523809524,0.16831259050527936,5.198752943261222,4.0,1.8867924528301887,0.9433962264150944,0.9433962264150944,46.0,18.867924528301888
CPU,8PSK,apgdt/eps0.03_default,apgdt,eps0.03_default,10,200,106,104,0,20,0,2,48,106,0.0,0.0,3.5622616875120547,10.0,0.0,1.8867924528301887,-1.8867924528301887,24.0,100.0
CPU,8PSK,apgdt/eps0.03_default,apgdt,eps0.03_default,20,200,106,104,0,14,2,2,94,45,0.0,0.0,3.5622616875120547,7.000000000000001,1.8867924528301887,1.8867924528301887,0.0,47.0,42.45283018867924
CPU,8PSK,apgdt/eps0.03_default,apgdt,eps0.03_default,30,200,106,104,1,6,3,2,101,29,0.9615384615384616,0.16993291044208914,5.246900667694733,3.0,2.8301886792452833,1.8867924528301887,0.9433962264150946,50.5,27.358490566037734
CPU,8PSK,apgdt/eps0.03_default,apgdt,eps0.03_default,40,200,106,104,0,7,2,2,92,20,0.0,0.0,3.5622616875120547,3.5000000000000004,1.8867924528301887,1.8867924528301887,0.0,46.0,18.867924528301888
CPU,8PSK,autoattack/eps0.03_standard,autoattack,eps0.03_standard,10,200,106,105,1,10,1,1,48,106,0.9523809523809524,0.16831259050527936,5.198752943261222,5.0,0.9433962264150944,0.9433962264150944,0.0,24.0,100.0
CPU,8PSK,autoattack/eps0.03_standard,autoattack,eps0.03_standard,20,200,106,105,1,7,2,1,94,45,0.9523809523809524,0.16831259050527936,5.198752943261222,3.5000000000000004,1.8867924528301887,0.9433962264150944,0.9433962264150944,47.0,42.45283018867924
CPU,8PSK,autoattack/eps0.03_standard,autoattack,eps0.03_standard,30,200,106,105,0,4,1,1,101,29,0.0,0.0,3.5295328256842966,2.0,0.9433962264150944,0.9433962264150944,0.0,50.5,27.358490566037734
CPU,8PSK,autoattack/eps0.03_standard,autoattack,eps0.03_standard,40,200,106,105,0,7,1,1,92,20,0.0,0.0,3.5295328256842966,3.5000000000000004,0.9433962264150944,0.9433962264150944,0.0,46.0,18.867924528301888
CPU,8PSK,ead/package_default,ead,package_default,10,200,106,106,0,43,0,0,48,106,0.0,-3.469446951953614e-16,3.4973998922084166,21.5,0.0,0.0,0.0,24.0,100.0
CPU,8PSK,ead/package_default,ead,package_default,20,200,106,106,18,42,18,0,94,45,16.9811320754717,11.0198735828486,25.251994270496574,21.0,16.9811320754717,0.0,16.9811320754717,47.0,42.45283018867924
CPU,8PSK,ead/package_default,ead,package_default,30,200,106,106,16,25,16,0,101,29,15.09433962264151,9.509777313557981,23.120482988549778,12.5,15.09433962264151,0.0,15.09433962264151,50.5,27.358490566037734
CPU,8PSK,ead/package_default,ead,package_default,40,200,106,106,22,24,22,0,92,20,20.754716981132077,14.124543675119416,29.4305392807006,12.0,20.754716981132077,0.0,20.754716981132077,46.0,18.867924528301888
CPU,8PSK,ALL/ALL_24,ALL,ALL_24,10,4800,2544,1927,7,638,7,617,1152,2544,0.3632589517384536,0.17607140352611522,0.7479608940999564,13.291666666666666,0.2751572327044025,24.25314465408805,-23.97798742138365,24.0,100.0
CPU,8PSK,ALL/ALL_24,ALL,ALL_24,20,4800,2544,1927,61,790,420,617,2256,1080,3.1655422937208098,2.4722371683185815,4.045210974501628,16.458333333333332,16.50943396226415,24.25314465408805,-7.7437106918239,47.0,42.45283018867924
CPU,8PSK,ALL/ALL_24,ALL,ALL_24,30,4800,2544,1927,56,708,513,617,2424,696,2.9060716139076286,2.244674742197106,3.7548645260680904,14.75,20.16509433962264,24.25314465408805,-4.088050314465409,50.5,27.358490566037734
CPU,8PSK,ALL/ALL_24,ALL,ALL_24,40,4800,2544,1927,75,718,591,617,2208,480,3.8920601971977167,3.1162478535698535,4.851345138004391,14.958333333333334,23.2311320754717,24.25314465408805,-1.0220125786163514,46.0,18.867924528301888
CPU,AM-DSB,fgsm/eps0.005,fgsm,eps0.005,10,200,130,27,22,144,115,103,146,7,81.48148148148148,63.30094349480825,91.81941342571469,72.0,88.46153846153845,79.23076923076923,9.230769230769226,73.0,5.384615384615385
CPU,AM-DSB,fgsm/eps0.005,fgsm,eps0.005,20,200,130,27,21,152,121,103,146,7,77.77777777777779,59.24270453692919,89.39290451059105,76.0,93.07692307692308,79.23076923076923,13.846153846153854,73.0,5.384615384615385
CPU,AM-DSB,fgsm/eps0.005,fgsm,eps0.005,30,200,130,27,18,137,115,103,140,7,66.66666666666666,47.82441987210548,81.35694555640664,68.5,88.46153846153845,79.23076923076923,9.230769230769226,70.0,5.384615384615385
CPU,AM-DSB,fgsm/eps0.005,fgsm,eps0.005,40,200,130,27,16,133,113,103,136,8,59.25925925925925,40.72638305536409,75.48548662714265,66.5,86.92307692307692,79.23076923076923,7.692307692307693,68.0,6.153846153846154
CPU,AM-DSB,fgsm/eps0.01,fgsm,eps0.01,10,200,130,49,33,140,104,81,146,7,67.3469387755102,53.37894368740628,78.79267867073578,70.0,80.0,62.30769230769231,17.692307692307693,73.0,5.384615384615385
CPU,AM-DSB,fgsm/eps0.01,fgsm,eps0.01,20,200,130,49,32,140,107,81,146,7,65.3061224489796,51.31093521943979,77.07579039068555,70.0,82.3076923076923,62.30769230769231,20.0,73.0,5.384615384615385
CPU,AM-DSB,fgsm/eps0.01,fgsm,eps0.01,30,200,130,49,25,127,102,81,140,7,51.02040816326531,37.467331533409215,64.42511684059913,63.5,78.46153846153847,62.30769230769231,16.15384615384616,70.0,5.384615384615385
CPU,AM-DSB,fgsm/eps0.01,fgsm,eps0.01,40,200,130,49,28,131,106,81,136,8,57.14285714285714,43.27024751701555,69.97689110104294,65.5,81.53846153846153,62.30769230769231,19.230769230769226,68.0,6.153846153846154
CPU,AM-DSB,fgsm/eps0.03,fgsm,eps0.03,10,200,130,106,43,107,67,24,146,7,40.56603773584906,31.707336690335403,50.0846255534775,53.5,51.53846153846153,18.461538461538463,33.076923076923066,73.0,5.384615384615385
CPU,AM-DSB,fgsm/eps0.03,fgsm,eps0.03,20,200,130,106,35,90,57,24,146,7,33.0188679245283,24.79785534130129,42.427676697561935,45.0,43.84615384615385,18.461538461538463,25.384615384615383,73.0,5.384615384615385
CPU,AM-DSB,fgsm/eps0.03,fgsm,eps0.03,30,200,130,106,30,81,52,24,140,7,28.30188679245283,20.602338401321436,37.519174759448234,40.5,40.0,18.461538461538463,21.538461538461537,70.0,5.384615384615385
CPU,AM-DSB,fgsm/eps0.03,fgsm,eps0.03,40,200,130,106,28,78,49,24,136,8,26.41509433962264,18.953748624976914,35.52615698455535,39.0,37.69230769230769,18.461538461538463,19.23076923076923,68.0,6.153846153846154
CPU,AM-DSB,fgsm/eps0.05,fgsm,eps0.05,10,200,130,115,29,81,42,15,146,7,25.217391304347824,18.169823689536532,33.86717345624406,40.5,32.30769230769231,11.538461538461538,20.769230769230766,73.0,5.384615384615385
CPU,AM-DSB,fgsm/eps0.05,fgsm,eps0.05,20,200,130,115,21,63,31,15,146,7,18.26086956521739,12.265283002248902,26.308415096733274,31.5,23.846153846153847,11.538461538461538,12.307692307692308,73.0,5.384615384615385
CPU,AM-DSB,fgsm/eps0.05,fgsm,eps0.05,30,200,130,115,15,54,27,15,140,7,13.043478260869565,8.06631332262491,20.409910491258447,27.0,20.76923076923077,11.538461538461538,9.230769230769232,70.0,5.384615384615385
CPU,AM-DSB,fgsm/eps0.05,fgsm,eps0.05,40,200,130,115,9,44,21,15,136,8,7.82608695652174,4.171723449969325,14.207026078815208,22.0,16.153846153846153,11.538461538461538,4.615384615384615,68.0,6.153846153846154
CPU,AM-DSB,bim/eps0.03_default,bim,eps0.03_default,10,200,130,129,51,94,52,1,146,7,39.53488372093023,31.517599672393644,48.157441880854726,47.0,40.0,0.7692307692307693,39.23076923076923,73.0,5.384615384615385
CPU,AM-DSB,bim/eps0.03_default,bim,eps0.03_default,20,200,130,129,34,67,35,1,146,7,26.356589147286826,19.517141661242047,34.56350777387467,33.5,26.923076923076923,0.7692307692307693,26.153846153846153,73.0,5.384615384615385
CPU,AM-DSB,bim/eps0.03_default,bim,eps0.03_default,30,200,130,129,23,53,24,1,140,7,17.829457364341085,12.184608409727598,25.334963772480386,26.5,18.461538461538463,0.7692307692307693,17.692307692307693,70.0,5.384615384615385
CPU,AM-DSB,bim/eps0.03_default,bim,eps0.03_default,40,200,130,129,19,48,20,1,136,8,14.728682170542637,9.636372229935539,21.86099004212382,24.0,15.384615384615385,0.7692307692307693,14.615384615384615,68.0,6.153846153846154
CPU,AM-DSB,pgd/eps0.005,pgd,eps0.005,10,200,130,29,23,143,115,101,146,7,79.3103448275862,61.60955339174228,90.15406348441479,71.5,88.46153846153845,77.6923076923077,10.76923076923076,73.0,5.384615384615385
CPU,AM-DSB,pgd/eps0.005,pgd,eps0.005,20,200,130,29,23,152,121,101,146,7,79.3103448275862,61.60955339174228,90.15406348441479,76.0,93.07692307692308,77.6923076923077,15.384615384615387,73.0,5.384615384615385
CPU,AM-DSB,pgd/eps0.005,pgd,eps0.005,30,200,130,29,20,137,114,101,140,7,68.96551724137932,50.76952952728146,82.72457551023193,68.5,87.6923076923077,77.6923076923077,10.0,70.0,5.384615384615385
CPU,AM-DSB,pgd/eps0.005,pgd,eps0.005,40,200,130,29,19,135,114,101,136,8,65.51724137931035,47.344776507155984,80.05949125080951,67.5,87.6923076923077,77.6923076923077,10.0,68.0,6.153846153846154
CPU,AM-DSB,pgd/eps0.01,pgd,eps0.01,10,200,130,58,36,139,102,72,146,7,62.06896551724138,49.20257173616557,73.4359110973963,69.5,78.46153846153847,55.38461538461539,23.07692307692308,73.0,5.384615384615385
CPU,AM-DSB,pgd/eps0.01,pgd,eps0.01,20,200,130,58,34,136,103,72,146,7,58.620689655172406,45.79817755925391,70.37216732186171,68.0,79.23076923076923,55.38461538461539,23.84615384615384,73.0,5.384615384615385
CPU,AM-DSB,pgd/eps0.01,pgd,eps0.01,30,200,130,58,33,128,103,72,140,7,56.896551724137936,44.117876705727426,68.81839919916509,64.0,79.23076923076923,55.38461538461539,23.84615384615384,70.0,5.384615384615385
CPU,AM-DSB,pgd/eps0.01,pgd,eps0.01,40,200,130,58,30,125,100,72,136,8,51.724137931034484,39.16204342921343,64.0720255470097,62.5,76.92307692307693,55.38461538461539,21.538461538461547,68.0,6.153846153846154
CPU,AM-DSB,pgd/eps0.03,pgd,eps0.03,10,200,130,129,53,100,54,1,146,7,41.08527131782946,32.972597909620056,49.713548598702644,50.0,41.53846153846154,0.7692307692307693,40.769230769230774,73.0,5.384615384615385
CPU,AM-DSB,pgd/eps0.03,pgd,eps0.03,20,200,130,129,34,67,35,1,146,7,26.356589147286826,19.517141661242047,34.56350777387467,33.5,26.923076923076923,0.7692307692307693,26.153846153846153,73.0,5.384615384615385
CPU,AM-DSB,pgd/eps0.03,pgd,eps0.03,30,200,130,129,26,57,27,1,140,7,20.155038759689923,14.14184699384659,27.894382620972863,28.499999999999996,20.76923076923077,0.7692307692307693,20.0,70.0,5.384615384615385
CPU,AM-DSB,pgd/eps0.03,pgd,eps0.03,40,200,130,129,22,50,23,1,136,8,17.05426356589147,11.54052491723278,24.473494787438042,25.0,17.692307692307693,0.7692307692307693,16.923076923076923,68.0,6.153846153846154
CPU,AM-DSB,mifgsm/eps0.03_default,mifgsm,eps0.03_default,10,200,130,127,50,99,53,3,146,7,39.37007874015748,31.304739392858366,48.059621788906455,49.5,40.76923076923077,2.307692307692308,38.46153846153846,73.0,5.384615384615385
CPU,AM-DSB,mifgsm/eps0.03_default,mifgsm,eps0.03_default,20,200,130,127,35,69,38,3,146,7,27.559055118110237,20.533541637424722,35.90233196852323,34.5,29.230769230769234,2.307692307692308,26.923076923076927,73.0,5.384615384615385
CPU,AM-DSB,mifgsm/eps0.03_default,mifgsm,eps0.03_default,30,200,130,127,28,61,31,3,140,7,22.04724409448819,15.71714310515395,30.01876963207947,30.5,23.846153846153847,2.307692307692308,21.53846153846154,70.0,5.384615384615385
CPU,AM-DSB,mifgsm/eps0.03_default,mifgsm,eps0.03_default,40,200,130,127,16,50,19,3,136,8,12.598425196850393,7.905567165747273,19.487555510832657,25.0,14.615384615384617,2.307692307692308,12.307692307692308,68.0,6.153846153846154
CPU,AM-DSB,difgsm/eps0.03_default,difgsm,eps0.03_default,10,200,130,127,44,92,47,3,146,7,34.645669291338585,26.930515852286867,43.262450299151205,46.0,36.15384615384615,2.307692307692308,33.84615384615385,73.0,5.384615384615385
CPU,AM-DSB,difgsm/eps0.03_default,difgsm,eps0.03_default,20,200,130,127,30,57,33,3,146,7,23.62204724409449,17.07719989921642,31.71584451479258,28.499999999999996,25.384615384615383,2.307692307692308,23.076923076923077,73.0,5.384615384615385
CPU,AM-DSB,difgsm/eps0.03_default,difgsm,eps0.03_default,30,200,130,127,27,52,30,3,140,7,21.25984251968504,15.042374107946094,29.16497279089954,26.0,23.076923076923077,2.307692307692308,20.76923076923077,70.0,5.384615384615385
CPU,AM-DSB,difgsm/eps0.03_default,difgsm,eps0.03_default,40,200,130,127,20,40,23,3,136,8,15.748031496062993,10.431731296129932,23.075654734001162,20.0,17.692307692307693,2.307692307692308,15.384615384615385,68.0,6.153846153846154
CPU,AM-DSB,vmifgsm/eps0.03_default,vmifgsm,eps0.03_default,10,200,130,128,50,97,51,2,146,7,39.0625,31.046881571207507,47.71551208906361,48.5,39.23076923076923,1.5384615384615385,37.69230769230769,73.0,5.384615384615385
CPU,AM-DSB,vmifgsm/eps0.03_default,vmifgsm,eps0.03_default,20,200,130,128,30,62,32,2,146,7,23.4375,16.939254101487965,31.48370193059903,31.0,24.615384615384617,1.5384615384615385,23.076923076923077,73.0,5.384615384615385
CPU,AM-DSB,vmifgsm/eps0.03_default,vmifgsm,eps0.03_default,30,200,130,128,23,55,25,2,140,7,17.96875,12.282372833083032,25.521780029139514,27.500000000000004,19.230769230769234,1.5384615384615385,17.692307692307693,70.0,5.384615384615385
CPU,AM-DSB,vmifgsm/eps0.03_default,vmifgsm,eps0.03_default,40,200,130,128,19,49,21,2,136,8,14.84375,9.713386823483509,22.022878513102214,24.5,16.153846153846153,1.5384615384615385,14.615384615384615,68.0,6.153846153846154
CPU,AM-DSB,vnifgsm/eps0.03_default,vnifgsm,eps0.03_default,10,200,130,127,40,84,43,3,146,7,31.496062992125985,24.061637478558414,40.0170653193285,42.0,33.07692307692307,2.307692307692308,30.769230769230766,73.0,5.384615384615385
CPU,AM-DSB,vnifgsm/eps0.03_default,vnifgsm,eps0.03_default,20,200,130,127,29,63,32,3,146,7,22.83464566929134,16.395460040058442,30.869018535562777,31.5,24.615384615384617,2.307692307692308,22.30769230769231,73.0,5.384615384615385
CPU,AM-DSB,vnifgsm/eps0.03_default,vnifgsm,eps0.03_default,30,200,130,127,23,54,26,3,140,7,18.11023622047244,12.381720937688437,25.711362607606038,27.0,20.0,2.307692307692308,17.692307692307693,70.0,5.384615384615385
CPU,AM-DSB,vnifgsm/eps0.03_default,vnifgsm,eps0.03_default,40,200,130,127,13,46,16,3,136,8,10.236220472440944,6.080098151681606,16.727327009734946,23.0,12.307692307692308,2.307692307692308,10.0,68.0,6.153846153846154
CPU,AM-DSB,rfgsm/eps0.03_default,rfgsm,eps0.03_default,10,200,130,128,47,96,49,2,146,7,36.71875,28.868321179915,45.34315683612849,48.0,37.69230769230769,1.5384615384615385,36.15384615384615,73.0,5.384615384615385
CPU,AM-DSB,rfgsm/eps0.03_default,rfgsm,eps0.03_default,20,200,130,128,30,65,32,2,146,7,23.4375,16.939254101487965,31.48370193059903,32.5,24.615384615384617,1.5384615384615385,23.076923076923077,73.0,5.384615384615385
CPU,AM-DSB,rfgsm/eps0.03_default,rfgsm,eps0.03_default,30,200,130,128,28,59,30,2,140,7,21.875,15.59042491230976,29.798587356958816,29.5,23.076923076923077,1.5384615384615385,21.538461538461537,70.0,5.384615384615385
CPU,AM-DSB,rfgsm/eps0.03_default,rfgsm,eps0.03_default,40,200,130,128,23,52,25,2,136,8,17.96875,12.282372833083032,25.521780029139514,26.0,19.230769230769234,1.5384615384615385,17.692307692307693,68.0,6.153846153846154
CPU,AM-DSB,tpgd/eps0.03_default,tpgd,eps0.03_default,10,200,130,77,30,117,81,53,146,7,38.961038961038966,28.8420845322659,50.12913820454289,58.5,62.30769230769231,40.76923076923077,21.53846153846154,73.0,5.384615384615385
CPU,AM-DSB,tpgd/eps0.03_default,tpgd,eps0.03_default,20,200,130,77,21,100,73,53,146,7,27.27272727272727,18.584355540118842,38.12110303566392,50.0,56.15384615384615,40.76923076923077,15.384615384615387,73.0,5.384615384615385
CPU,AM-DSB,tpgd/eps0.03_default,tpgd,eps0.03_default,30,200,130,77,19,94,71,53,140,7,24.675324675324674,16.403948228457534,35.353562755986125,47.0,54.61538461538461,40.76923076923077,13.846153846153847,70.0,5.384615384615385
CPU,AM-DSB,tpgd/eps0.03_default,tpgd,eps0.03_default,40,200,130,77,11,86,63,53,136,8,14.285714285714285,8.168247823927464,23.79747279515974,43.0,48.46153846153846,40.76923076923077,7.692307692307693,68.0,6.153846153846154
CPU,AM-DSB,cw/c1_steps20_lr0.01,cw,c1_steps20_lr0.01,10,200,130,129,99,136,100,1,146,7,76.74418604651163,68.74508458439789,83.19647589063405,68.0,76.92307692307693,0.7692307692307693,76.15384615384616,73.0,5.384615384615385
CPU,AM-DSB,cw/c1_steps20_lr0.01,cw,c1_steps20_lr0.01,20,200,130,129,103,135,103,1,146,7,79.84496124031007,72.10561737902714,85.8581530061534,67.5,79.23076923076923,0.7692307692307693,78.46153846153845,73.0,5.384615384615385
CPU,AM-DSB,cw/c1_steps20_lr0.01,cw,c1_steps20_lr0.01,30,200,130,129,105,130,105,1,140,7,81.3953488372093,73.8078609728424,87.16701436741245,65.0,80.76923076923077,0.7692307692307693,80.0,70.0,5.384615384615385
CPU,AM-DSB,cw/c1_steps20_lr0.01,cw,c1_steps20_lr0.01,40,200,130,129,101,128,101,1,136,8,78.29457364341084,70.41840313317832,84.53426229692789,64.0,77.6923076923077,0.7692307692307693,76.92307692307692,68.0,6.153846153846154
CPU,AM-DSB,deepfool/package_default,deepfool,package_default,10,200,130,129,89,120,89,1,146,7,68.9922480620155,60.55840198319886,76.32763371646149,60.0,68.46153846153847,0.7692307692307693,67.6923076923077,73.0,5.384615384615385
CPU,AM-DSB,deepfool/package_default,deepfool,package_default,20,200,130,129,94,124,94,1,146,7,72.86821705426357,64.61672067459713,79.797077412749,62.0,72.3076923076923,0.7692307692307693,71.53846153846153,73.0,5.384615384615385
CPU,AM-DSB,deepfool/package_default,deepfool,package_default,30,200,130,129,92,116,92,1,140,7,71.31782945736434,62.98547953851542,78.4172135937564,57.99999999999999,70.76923076923077,0.7692307692307693,70.0,70.0,5.384615384615385
CPU,AM-DSB,deepfool/package_default,deepfool,package_default,40,200,130,129,95,124,96,1,136,8,73.64341085271317,65.43649222612532,80.48285833875795,62.0,73.84615384615385,0.7692307692307693,73.07692307692308,68.0,6.153846153846154
CPU,AM-DSB,fab/eps0.005,fab,eps0.005,10,200,130,29,23,146,121,101,146,7,79.3103448275862,61.60955339174228,90.15406348441479,73.0,93.07692307692308,77.6923076923077,15.384615384615387,73.0,5.384615384615385
CPU,AM-DSB,fab/eps0.005,fab,eps0.005,20,200,130,29,24,149,122,101,146,7,82.75862068965517,65.45119942718487,92.40225472852008,74.5,93.84615384615384,77.6923076923077,16.153846153846146,73.0,5.384615384615385
CPU,AM-DSB,fab/eps0.005,fab,eps0.005,30,200,130,29,23,141,122,101,140,7,79.3103448275862,61.60955339174228,90.15406348441479,70.5,93.84615384615384,77.6923076923077,16.153846153846146,70.0,5.384615384615385
CPU,AM-DSB,fab/eps0.005,fab,eps0.005,40,200,130,29,23,139,120,101,136,8,79.3103448275862,61.60955339174228,90.15406348441479,69.5,92.3076923076923,77.6923076923077,14.615384615384613,68.0,6.153846153846154
CPU,AM-DSB,fab/eps0.01,fab,eps0.01,10,200,130,58,41,141,113,72,146,7,70.6896551724138,57.986855543322214,80.82197217135527,70.5,86.92307692307692,55.38461538461539,31.538461538461533,73.0,5.384615384615385
CPU,AM-DSB,fab/eps0.01,fab,eps0.01,20,200,130,58,47,149,119,72,146,7,81.03448275862068,69.14738161458368,89.06585995743256,74.5,91.53846153846153,55.38461538461539,36.153846153846146,73.0,5.384615384615385
CPU,AM-DSB,fab/eps0.01,fab,eps0.01,30,200,130,58,44,138,116,72,140,7,75.86206896551724,63.46977437031315,85.04126027303373,69.0,89.23076923076924,55.38461538461539,33.846153846153854,70.0,5.384615384615385
CPU,AM-DSB,fab/eps0.01,fab,eps0.01,40,200,130,58,45,140,117,72,136,8,77.58620689655173,65.33863695244156,86.40646666712843,70.0,90.0,55.38461538461539,34.61538461538461,68.0,6.153846153846154
CPU,AM-DSB,fab/eps0.03,fab,eps0.03,10,200,130,125,92,129,97,5,146,7,73.6,65.25239824707842,80.54026499212381,64.5,74.61538461538461,3.8461538461538463,70.76923076923077,73.0,5.384615384615385
CPU,AM-DSB,fab/eps0.03,fab,eps0.03,20,200,130,125,101,137,106,5,146,7,80.80000000000001,73.01875145656831,86.74455480476344,68.5,81.53846153846153,3.8461538461538463,77.6923076923077,73.0,5.384615384615385
CPU,AM-DSB,fab/eps0.03,fab,eps0.03,30,200,130,125,103,132,108,5,140,7,82.39999999999999,74.78757357145997,88.08032002812276,66.0,83.07692307692308,3.8461538461538463,79.23076923076924,70.0,5.384615384615385
CPU,AM-DSB,fab/eps0.03,fab,eps0.03,40,200,130,125,106,136,111,5,136,8,84.8,77.47677991353889,90.04799469342036,68.0,85.38461538461539,3.8461538461538463,81.53846153846155,68.0,6.153846153846154
CPU,AM-DSB,square/eps0.03_default,square,eps0.03_default,10,200,130,130,66,109,66,0,146,7,50.76923076923077,42.27720687160384,59.217096842637474,54.50000000000001,50.76923076923077,0.0,50.76923076923077,73.0,5.384615384615385
CPU,AM-DSB,square/eps0.03_default,square,eps0.03_default,20,200,130,130,57,92,57,0,146,7,43.84615384615385,35.61441424577135,52.431156040298156,46.0,43.84615384615385,0.0,43.84615384615385,73.0,5.384615384615385
CPU,AM-DSB,square/eps0.03_default,square,eps0.03_default,30,200,130,130,64,89,64,0,140,7,49.23076923076923,40.782903157362526,57.72279312839616,44.5,49.23076923076923,0.0,49.23076923076923,70.0,5.384615384615385
CPU,AM-DSB,square/eps0.03_default,square,eps0.03_default,40,200,130,130,66,84,66,0,136,8,50.76923076923077,42.27720687160384,59.217096842637474,42.0,50.76923076923077,0.0,50.76923076923077,68.0,6.153846153846154
CPU,AM-DSB,apgd/eps0.03_default,apgd,eps0.03_default,10,200,130,130,51,97,51,0,146,7,39.23076923076923,31.262000510014055,47.81774749060757,48.5,39.23076923076923,0.0,39.23076923076923,73.0,5.384615384615385
CPU,AM-DSB,apgd/eps0.03_default,apgd,eps0.03_default,20,200,130,130,37,67,37,0,146,7,28.46153846153846,21.41010882972002,36.74938717152324,33.5,28.46153846153846,0.0,28.46153846153846,73.0,5.384615384615385
CPU,AM-DSB,apgd/eps0.03_default,apgd,eps0.03_default,30,200,130,130,26,52,26,0,140,7,20.0,14.0298557361553,27.692299408433524,26.0,20.0,0.0,20.0,70.0,5.384615384615385
CPU,AM-DSB,apgd/eps0.03_default,apgd,eps0.03_default,40,200,130,130,20,45,20,0,136,8,15.384615384615385,10.1853111526678,22.57102170647315,22.5,15.384615384615385,0.0,15.384615384615385,68.0,6.153846153846154
CPU,AM-DSB,apgdt/eps0.03_default,apgdt,eps0.03_default,10,200,130,130,59,102,59,0,146,7,45.38461538461539,37.08129621217377,53.95288150237836,51.0,45.38461538461539,0.0,45.38461538461539,73.0,5.384615384615385
CPU,AM-DSB,apgdt/eps0.03_default,apgdt,eps0.03_default,20,200,130,130,38,76,38,0,146,7,29.230769230769234,22.098338444253134,37.555461271231444,38.0,29.230769230769234,0.0,29.230769230769234,73.0,5.384615384615385
CPU,AM-DSB,apgdt/eps0.03_default,apgdt,eps0.03_default,30,200,130,130,36,68,36,0,140,7,27.692307692307693,20.72450335350356,35.94068893349839,34.0,27.692307692307693,0.0,27.692307692307693,70.0,5.384615384615385
CPU,AM-DSB,apgdt/eps0.03_default,apgdt,eps0.03_default,40,200,130,130,24,59,24,0,136,8,18.461538461538463,12.731550896860321,26.001996819245882,29.5,18.461538461538463,0.0,18.461538461538463,68.0,6.153846153846154
CPU,AM-DSB,autoattack/eps0.03_standard,autoattack,eps0.03_standard,10,200,130,130,54,100,54,0,146,7,41.53846153846154,33.42905969843901,50.133599444906565,50.0,41.53846153846154,0.0,41.53846153846154,73.0,5.384615384615385
CPU,AM-DSB,autoattack/eps0.03_standard,autoattack,eps0.03_standard,20,200,130,130,34,64,34,0,146,7,26.153846153846157,19.36142678389344,34.31515807462589,32.0,26.153846153846157,0.0,26.153846153846157,73.0,5.384615384615385
CPU,AM-DSB,autoattack/eps0.03_standard,autoattack,eps0.03_standard,30,200,130,130,30,57,30,0,140,7,23.076923076923077,16.6699568283682,31.029413173185876,28.499999999999996,23.076923076923077,0.0,23.076923076923077,70.0,5.384615384615385
CPU,AM-DSB,autoattack/eps0.03_standard,autoattack,eps0.03_standard,40,200,130,130,22,48,22,0,136,8,16.923076923076923,11.449479772228962,24.295460515394616,24.0,16.923076923076923,0.0,16.923076923076923,68.0,6.153846153846154
CPU,AM-DSB,ead/package_default,ead,package_default,10,200,130,130,116,144,116,0,146,7,89.23076923076924,82.73356350476297,93.47592592154395,72.0,89.23076923076924,0.0,89.23076923076924,73.0,5.384615384615385
CPU,AM-DSB,ead/package_default,ead,package_default,20,200,130,130,123,151,123,0,146,7,94.61538461538461,89.30207780247349,97.36753762352261,75.5,94.61538461538461,0.0,94.61538461538461,73.0,5.384615384615385
CPU,AM-DSB,ead/package_default,ead,package_default,30,200,130,130,115,138,115,0,140,7,88.46153846153845,81.83348986168332,92.88169585038227,69.0,88.46153846153845,0.0,88.46153846153845,70.0,5.384615384615385
CPU,AM-DSB,ead/package_default,ead,package_default,40,200,130,130,113,138,113,0,136,8,86.92307692307692,80.05390115950878,91.67267712407418,69.0,86.92307692307692,0.0,86.92307692307692,68.0,6.153846153846154
CPU,AM-DSB,ALL/ALL_24,ALL,ALL_24,10,4800,3120,2476,1241,2757,1841,644,3504,168,50.12116316639742,48.153031033660135,52.08891990385136,57.4375,59.006410256410255,20.64102564102564,38.36538461538461,73.0,5.384615384615385
CPU,AM-DSB,ALL/ALL_24,ALL,ALL_24,20,4800,3120,2476,1067,2427,1683,644,3504,168,43.09369951534733,41.15528217864889,45.05351438319604,50.5625,53.942307692307686,20.64102564102564,33.301282051282044,73.0,5.384615384615385
CPU,AM-DSB,ALL/ALL_24,ALL,ALL_24,30,4800,3120,2476,976,2210,1591,644,3360,168,39.4184168012924,37.511364068718585,41.358254055277726,46.041666666666664,50.99358974358974,20.64102564102564,30.3525641025641,70.0,5.384615384615385
CPU,AM-DSB,ALL/ALL_24,ALL,ALL_24,40,4800,3120,2476,888,2108,1503,644,3264,192,35.864297253634895,33.998402131943685,37.773988491715514,43.916666666666664,48.17307692307693,20.64102564102564,27.532051282051288,68.0,6.153846153846154
CPU,AM-SSB,fgsm/eps0.005,fgsm,eps0.005,10,200,186,20,0,0,0,166,0,186,0.0,-1.3877787807814457e-15,16.113012549493323,0.0,0.0,89.24731182795699,-89.24731182795699,0.0,100.0
CPU,AM-SSB,fgsm/eps0.005,fgsm,eps0.005,20,200,186,20,0,0,0,166,0,186,0.0,-1.3877787807814457e-15,16.113012549493323,0.0,0.0,89.24731182795699,-89.24731182795699,0.0,100.0
CPU,AM-SSB,fgsm/eps0.005,fgsm,eps0.005,30,200,186,20,5,51,49,166,49,139,25.0,11.186005278940309,46.87050099580636,25.5,26.344086021505376,89.24731182795699,-62.903225806451616,24.5,74.73118279569893
CPU,AM-SSB,fgsm/eps0.005,fgsm,eps0.005,40,200,186,20,9,143,137,166,148,42,45.0,25.819502085709296,65.79179916924002,71.5,73.65591397849462,89.24731182795699,-15.591397849462368,74.0,22.58064516129032
CPU,AM-SSB,fgsm/eps0.01,fgsm,eps0.01,10,200,186,43,0,0,0,143,0,186,0.0,0.0,8.201257002322722,0.0,0.0,76.88172043010752,-76.88172043010752,0.0,100.0
CPU,AM-SSB,fgsm/eps0.01,fgsm,eps0.01,20,200,186,43,0,3,3,143,0,186,0.0,0.0,8.201257002322722,1.5,1.6129032258064515,76.88172043010752,-75.26881720430107,0.0,100.0
CPU,AM-SSB,fgsm/eps0.01,fgsm,eps0.01,30,200,186,43,8,53,49,143,49,139,18.6046511627907,9.74163558010598,32.61729323530596,26.5,26.344086021505376,76.88172043010752,-50.537634408602145,24.5,74.73118279569893
CPU,AM-SSB,fgsm/eps0.01,fgsm,eps0.01,40,200,186,43,22,145,136,143,148,42,51.162790697674424,36.75206376607408,65.38279072224398,72.5,73.11827956989248,76.88172043010752,-3.7634408602150415,74.0,22.58064516129032
CPU,AM-SSB,fgsm/eps0.03,fgsm,eps0.03,10,200,186,138,0,0,0,48,0,186,0.0,0.0,2.708373284001308,0.0,0.0,25.806451612903224,-25.806451612903224,0.0,100.0
CPU,AM-SSB,fgsm/eps0.03,fgsm,eps0.03,20,200,186,138,4,7,7,48,0,186,2.898550724637681,1.1328232574981005,7.215644328879945,3.5000000000000004,3.763440860215054,25.806451612903224,-22.04301075268817,0.0,100.0
CPU,AM-SSB,fgsm/eps0.03,fgsm,eps0.03,30,200,186,138,27,45,42,48,49,139,19.565217391304348,13.809096832293067,26.969912992751212,22.5,22.58064516129032,25.806451612903224,-3.225806451612904,24.5,74.73118279569893
CPU,AM-SSB,fgsm/eps0.03,fgsm,eps0.03,40,200,186,138,32,75,67,48,148,42,23.18840579710145,16.931213470916084,30.89791423209911,37.5,36.02150537634409,25.806451612903224,10.215053763440864,74.0,22.58064516129032
CPU,AM-SSB,fgsm/eps0.05,fgsm,eps0.05,10,200,186,180,0,0,0,6,0,186,0.0,0.0,2.089624981505818,0.0,0.0,3.225806451612903,-3.225806451612903,0.0,100.0
CPU,AM-SSB,fgsm/eps0.05,fgsm,eps0.05,20,200,186,180,4,4,4,6,0,186,2.2222222222222223,0.8674783101630955,5.573718894386907,2.0,2.1505376344086025,3.225806451612903,-1.0752688172043006,0.0,100.0
CPU,AM-SSB,fgsm/eps0.05,fgsm,eps0.05,30,200,186,180,17,19,17,6,49,139,9.444444444444445,5.980332990894455,14.603473938549152,9.5,9.13978494623656,3.225806451612903,5.913978494623657,24.5,74.73118279569893
CPU,AM-SSB,fgsm/eps0.05,fgsm,eps0.05,40,200,186,180,21,32,25,6,148,42,11.666666666666666,7.758508751636231,17.176870400851563,16.0,13.440860215053762,3.225806451612903,10.21505376344086,74.0,22.58064516129032
CPU,AM-SSB,bim/eps0.03_default,bim,eps0.03_default,10,200,186,181,0,0,0,5,0,186,0.0,0.0,2.078320031854301,0.0,0.0,2.6881720430107525,-2.6881720430107525,0.0,100.0
CPU,AM-SSB,bim/eps0.03_default,bim,eps0.03_default,20,200,186,181,3,3,3,5,0,186,1.6574585635359116,0.5652492493845508,4.75909332285027,1.5,1.6129032258064515,2.6881720430107525,-1.075268817204301,0.0,100.0
CPU,AM-SSB,bim/eps0.03_default,bim,eps0.03_default,30,200,186,181,21,23,22,5,49,139,11.602209944751381,7.714910481098844,17.085567333419096,11.5,11.827956989247312,2.6881720430107525,9.13978494623656,24.5,74.73118279569893
CPU,AM-SSB,bim/eps0.03_default,bim,eps0.03_default,40,200,186,181,34,41,38,5,148,42,18.784530386740332,13.765164482981987,25.101411006518216,20.5,20.43010752688172,2.6881720430107525,17.741935483870968,74.0,22.58064516129032
CPU,AM-SSB,pgd/eps0.005,pgd,eps0.005,10,200,186,27,0,0,0,159,0,186,0.0,6.938893903907228e-16,12.455903714463581,0.0,0.0,85.48387096774194,-85.48387096774194,0.0,100.0
CPU,AM-SSB,pgd/eps0.005,pgd,eps0.005,20,200,186,27,0,0,0,159,0,186,0.0,6.938893903907228e-16,12.455903714463581,0.0,0.0,85.48387096774194,-85.48387096774194,0.0,100.0
CPU,AM-SSB,pgd/eps0.005,pgd,eps0.005,30,200,186,27,7,52,50,159,49,139,25.925925925925924,13.170208422866777,44.67893040261568,26.0,26.881720430107524,85.48387096774194,-58.602150537634415,24.5,74.73118279569893
CPU,AM-SSB,pgd/eps0.005,pgd,eps0.005,40,200,186,27,14,143,138,159,148,42,51.85185185185185,33.98532458621043,69.25704935029093,71.5,74.19354838709677,85.48387096774194,-11.290322580645167,74.0,22.58064516129032
CPU,AM-SSB,pgd/eps0.01,pgd,eps0.01,10,200,186,61,0,0,0,125,0,186,0.0,0.0,5.924591620194442,0.0,0.0,67.20430107526882,-67.20430107526882,0.0,100.0
CPU,AM-SSB,pgd/eps0.01,pgd,eps0.01,20,200,186,61,0,1,1,125,0,186,0.0,0.0,5.924591620194442,0.5,0.5376344086021506,67.20430107526882,-66.66666666666667,0.0,100.0
CPU,AM-SSB,pgd/eps0.01,pgd,eps0.01,30,200,186,61,12,51,48,125,49,139,19.672131147540984,11.627688559536848,31.31017848877781,25.5,25.806451612903224,67.20430107526882,-41.39784946236559,24.5,74.73118279569893
CPU,AM-SSB,pgd/eps0.01,pgd,eps0.01,40,200,186,61,34,133,128,125,148,42,55.73770491803278,43.30314670045551,67.49239196607955,66.5,68.81720430107528,67.20430107526882,1.6129032258064626,74.0,22.58064516129032
CPU,AM-SSB,pgd/eps0.03,pgd,eps0.03,10,200,186,181,0,0,0,5,0,186,0.0,0.0,2.078320031854301,0.0,0.0,2.6881720430107525,-2.6881720430107525,0.0,100.0
CPU,AM-SSB,pgd/eps0.03,pgd,eps0.03,20,200,186,181,2,2,2,5,0,186,1.1049723756906076,0.3035418046948204,3.938793254079827,1.0,1.0752688172043012,2.6881720430107525,-1.6129032258064513,0.0,100.0
CPU,AM-SSB,pgd/eps0.03,pgd,eps0.03,30,200,186,181,20,21,20,5,49,139,11.049723756906078,7.267654040581858,16.45081626047591,10.5,10.75268817204301,2.6881720430107525,8.064516129032258,24.5,74.73118279569893
CPU,AM-SSB,pgd/eps0.03,pgd,eps0.03,40,200,186,181,40,47,43,5,148,42,22.099447513812155,16.669672197528214,28.68894837273302,23.5,23.118279569892472,2.6881720430107525,20.43010752688172,74.0,22.58064516129032
CPU,AM-SSB,mifgsm/eps0.03_default,mifgsm,eps0.03_default,10,200,186,178,0,0,0,8,0,186,0.0,0.0,2.1126078961029817,0.0,0.0,4.301075268817205,-4.301075268817205,0.0,100.0
CPU,AM-SSB,mifgsm/eps0.03_default,mifgsm,eps0.03_default,20,200,186,178,3,3,3,8,0,186,1.6853932584269662,0.5748030604952471,4.837379850345837,1.5,1.6129032258064515,4.301075268817205,-2.6881720430107534,0.0,100.0
CPU,AM-SSB,mifgsm/eps0.03_default,mifgsm,eps0.03_default,30,200,186,178,21,22,21,8,49,139,11.797752808988763,7.8472012782889315,17.362431720980762,11.0,11.29032258064516,4.301075268817205,6.989247311827955,24.5,74.73118279569893
CPU,AM-SSB,mifgsm/eps0.03_default,mifgsm,eps0.03_default,40,200,186,178,33,42,37,8,148,42,18.53932584269663,13.51653296223386,24.891400095988246,21.0,19.892473118279568,4.301075268817205,15.591397849462364,74.0,22.58064516129032
CPU,AM-SSB,difgsm/eps0.03_default,difgsm,eps0.03_default,10,200,186,163,0,0,0,23,0,186,0.0,0.0,2.3025432506041654,0.0,0.0,12.365591397849462,-12.365591397849462,0.0,100.0
CPU,AM-SSB,difgsm/eps0.03_default,difgsm,eps0.03_default,20,200,186,163,0,1,1,23,0,186,0.0,0.0,2.3025432506041654,0.5,0.5376344086021506,12.365591397849462,-11.827956989247312,0.0,100.0
CPU,AM-SSB,difgsm/eps0.03_default,difgsm,eps0.03_default,30,200,186,163,14,16,16,23,49,139,8.588957055214724,5.185053226177582,13.899875232911757,8.0,8.60215053763441,12.365591397849462,-3.763440860215052,24.5,74.73118279569893
CPU,AM-SSB,difgsm/eps0.03_default,difgsm,eps0.03_default,40,200,186,163,21,30,30,23,148,42,12.883435582822086,8.58313831091429,18.89298275241764,15.0,16.129032258064516,12.365591397849462,3.763440860215054,74.0,22.58064516129032
CPU,AM-SSB,vmifgsm/eps0.03_default,vmifgsm,eps0.03_default,10,200,186,180,0,0,0,6,0,186,0.0,0.0,2.089624981505818,0.0,0.0,3.225806451612903,-3.225806451612903,0.0,100.0
CPU,AM-SSB,vmifgsm/eps0.03_default,vmifgsm,eps0.03_default,20,200,186,180,2,2,2,6,0,186,1.1111111111111112,0.3052310908307383,3.960180002197173,1.0,1.0752688172043012,3.225806451612903,-2.150537634408602,0.0,100.0
CPU,AM-SSB,vmifgsm/eps0.03_default,vmifgsm,eps0.03_default,30,200,186,180,25,27,25,6,49,139,13.88888888888889,9.587681186655765,19.699270188876216,13.5,13.440860215053762,3.225806451612903,10.21505376344086,24.5,74.73118279569893
CPU,AM-SSB,vmifgsm/eps0.03_default,vmifgsm,eps0.03_default,40,200,186,180,32,40,36,6,148,42,17.77777777777778,12.883516055139099,24.01868671072021,20.0,19.35483870967742,3.225806451612903,16.129032258064516,74.0,22.58064516129032
CPU,AM-SSB,vnifgsm/eps0.03_default,vnifgsm,eps0.03_default,10,200,186,182,0,0,0,4,0,186,0.0,0.0,2.0671367444102935,0.0,0.0,2.1505376344086025,-2.1505376344086025,0.0,100.0
CPU,AM-SSB,vnifgsm/eps0.03_default,vnifgsm,eps0.03_default,20,200,186,182,2,2,2,4,0,186,1.098901098901099,0.3018711142406538,3.9176362511716114,1.0,1.0752688172043012,2.1505376344086025,-1.0752688172043012,0.0,100.0
CPU,AM-SSB,vnifgsm/eps0.03_default,vnifgsm,eps0.03_default,30,200,186,182,23,24,24,4,49,139,12.637362637362637,8.570445082845138,18.24895380308783,12.0,12.903225806451612,2.1505376344086025,10.75268817204301,24.5,74.73118279569893
CPU,AM-SSB,vnifgsm/eps0.03_default,vnifgsm,eps0.03_default,40,200,186,182,37,42,39,4,148,42,20.32967032967033,15.124320253294627,26.761672979652147,21.0,20.967741935483872,2.1505376344086025,18.817204301075268,74.0,22.58064516129032
CPU,AM-SSB,rfgsm/eps0.03_default,rfgsm,eps0.03_default,10,200,186,180,0,0,0,6,0,186,0.0,0.0,2.089624981505818,0.0,0.0,3.225806451612903,-3.225806451612903,0.0,100.0
CPU,AM-SSB,rfgsm/eps0.03_default,rfgsm,eps0.03_default,20,200,186,180,2,2,2,6,0,186,1.1111111111111112,0.3052310908307383,3.960180002197173,1.0,1.0752688172043012,3.225806451612903,-2.150537634408602,0.0,100.0
CPU,AM-SSB,rfgsm/eps0.03_default,rfgsm,eps0.03_default,30,200,186,180,21,21,21,6,49,139,11.666666666666666,7.758508751636231,17.176870400851563,10.5,11.29032258064516,3.225806451612903,8.064516129032256,24.5,74.73118279569893
CPU,AM-SSB,rfgsm/eps0.03_default,rfgsm,eps0.03_default,40,200,186,180,36,42,39,6,148,42,20.0,14.810790208917995,26.4429847799855,21.0,20.967741935483872,3.225806451612903,17.741935483870968,74.0,22.58064516129032
CPU,AM-SSB,tpgd/eps0.03_default,tpgd,eps0.03_default,10,200,186,119,0,0,0,67,0,186,0.0,3.469446951953614e-16,3.1272793581327494,0.0,0.0,36.02150537634409,-36.02150537634409,0.0,100.0
CPU,AM-SSB,tpgd/eps0.03_default,tpgd,eps0.03_default,20,200,186,119,1,1,1,67,0,186,0.8403361344537815,0.14849048183694993,4.606901828259955,0.5,0.5376344086021506,36.02150537634409,-35.483870967741936,0.0,100.0
CPU,AM-SSB,tpgd/eps0.03_default,tpgd,eps0.03_default,30,200,186,119,13,18,18,67,49,139,10.92436974789916,6.496179454072629,17.796568279594144,9.0,9.67741935483871,36.02150537634409,-26.344086021505376,24.5,74.73118279569893
CPU,AM-SSB,tpgd/eps0.03_default,tpgd,eps0.03_default,40,200,186,119,19,58,57,67,148,42,15.966386554621847,10.466269961883354,23.59515548356835,28.999999999999996,30.64516129032258,36.02150537634409,-5.376344086021508,74.0,22.58064516129032
CPU,AM-SSB,cw/c1_steps20_lr0.01,cw,c1_steps20_lr0.01,10,200,186,186,0,0,0,0,0,186,0.0,0.0,2.0235817650083017,0.0,0.0,0.0,0.0,0.0,100.0
CPU,AM-SSB,cw/c1_steps20_lr0.01,cw,c1_steps20_lr0.01,20,200,186,186,2,2,2,0,0,186,1.0752688172043012,0.2953683004673396,3.8352332115300314,1.0,1.0752688172043012,0.0,1.0752688172043012,0.0,100.0
CPU,AM-SSB,cw/c1_steps20_lr0.01,cw,c1_steps20_lr0.01,30,200,186,186,46,48,46,0,49,139,24.731182795698924,19.083770318821607,31.401265626935288,24.0,24.731182795698924,0.0,24.731182795698924,24.5,74.73118279569893
CPU,AM-SSB,cw/c1_steps20_lr0.01,cw,c1_steps20_lr0.01,40,200,186,186,110,113,110,0,148,42,59.13978494623656,51.95959708502647,65.95007076438061,56.49999999999999,59.13978494623656,0.0,59.13978494623656,74.0,22.58064516129032
CPU,AM-SSB,deepfool/package_default,deepfool,package_default,10,200,186,185,0,0,0,1,0,186,0.0,0.0,2.034297527663396,0.0,0.0,0.5376344086021506,-0.5376344086021506,0.0,100.0
CPU,AM-SSB,deepfool/package_default,deepfool,package_default,20,200,186,185,4,4,4,1,0,186,2.1621621621621623,0.8439451064916212,5.4267071226782235,2.0,2.1505376344086025,0.5376344086021506,1.612903225806452,0.0,100.0
CPU,AM-SSB,deepfool/package_default,deepfool,package_default,30,200,186,185,45,47,45,1,49,139,24.324324324324326,18.705036154552587,30.98825176505835,23.5,24.193548387096776,0.5376344086021506,23.655913978494624,24.5,74.73118279569893
CPU,AM-SSB,deepfool/package_default,deepfool,package_default,40,200,186,185,98,103,99,1,148,42,52.972972972972975,45.79341434244307,60.031573372128285,51.5,53.2258064516129,0.5376344086021506,52.688172043010745,74.0,22.58064516129032
CPU,AM-SSB,fab/eps0.005,fab,eps0.005,10,200,186,28,0,0,0,158,0,186,0.0,0.0,12.064720365810762,0.0,0.0,84.94623655913979,-84.94623655913979,0.0,100.0
CPU,AM-SSB,fab/eps0.005,fab,eps0.005,20,200,186,28,0,0,0,158,0,186,0.0,0.0,12.064720365810762,0.0,0.0,84.94623655913979,-84.94623655913979,0.0,100.0
CPU,AM-SSB,fab/eps0.005,fab,eps0.005,30,200,186,28,5,47,45,158,49,139,17.857142857142858,7.878385829430109,35.591791548591104,23.5,24.193548387096776,84.94623655913979,-60.752688172043015,24.5,74.73118279569893
CPU,AM-SSB,fab/eps0.005,fab,eps0.005,40,200,186,28,17,147,143,158,148,42,60.71428571428571,42.408726034906294,76.43454817241995,73.5,76.88172043010752,84.94623655913979,-8.06451612903227,74.0,22.58064516129032
CPU,AM-SSB,fab/eps0.01,fab,eps0.01,10,200,186,64,0,0,0,122,0,186,0.0,0.0,5.662602297115633,0.0,0.0,65.59139784946237,-65.59139784946237,0.0,100.0
CPU,AM-SSB,fab/eps0.01,fab,eps0.01,20,200,186,64,0,0,0,122,0,186,0.0,0.0,5.662602297115633,0.0,0.0,65.59139784946237,-65.59139784946237,0.0,100.0
CPU,AM-SSB,fab/eps0.01,fab,eps0.01,30,200,186,64,13,42,40,122,49,139,20.3125,12.273302562695813,31.71386755121659,21.0,21.50537634408602,65.59139784946237,-44.08602150537635,24.5,74.73118279569893
CPU,AM-SSB,fab/eps0.01,fab,eps0.01,40,200,186,64,40,144,140,122,148,42,62.5,50.25015331382642,73.33419611189468,72.0,75.26881720430107,65.59139784946237,9.677419354838705,74.0,22.58064516129032
CPU,AM-SSB,fab/eps0.03,fab,eps0.03,10,200,186,184,0,0,0,2,0,186,0.0,-1.734723475976807e-16,2.0451273839234756,0.0,0.0,1.0752688172043012,-1.0752688172043012,0.0,100.0
CPU,AM-SSB,fab/eps0.03,fab,eps0.03,20,200,186,184,3,3,3,2,0,186,1.6304347826086956,0.5560078367178842,4.683300175990696,1.5,1.6129032258064515,1.0752688172043012,0.5376344086021503,0.0,100.0
CPU,AM-SSB,fab/eps0.03,fab,eps0.03,30,200,186,184,43,45,43,2,49,139,23.369565217391305,17.837912499229237,29.9904705639474,22.5,23.118279569892472,1.0752688172043012,22.043010752688172,24.5,74.73118279569893
CPU,AM-SSB,fab/eps0.03,fab,eps0.03,40,200,186,184,110,116,112,2,148,42,59.78260869565217,52.56748408061128,66.59759969209934,57.99999999999999,60.215053763440864,1.0752688172043012,59.13978494623656,74.0,22.58064516129032
CPU,AM-SSB,square/eps0.03_default,square,eps0.03_default,10,200,186,180,0,0,0,6,0,186,0.0,0.0,2.089624981505818,0.0,0.0,3.225806451612903,-3.225806451612903,0.0,100.0
CPU,AM-SSB,square/eps0.03_default,square,eps0.03_default,20,200,186,180,1,1,1,6,0,186,0.5555555555555556,0.09813408130013804,3.0793839559667266,0.5,0.5376344086021506,3.225806451612903,-2.6881720430107525,0.0,100.0
CPU,AM-SSB,square/eps0.03_default,square,eps0.03_default,30,200,186,180,23,24,24,6,49,139,12.777777777777777,8.667435764393652,18.443729499616232,12.0,12.903225806451612,3.225806451612903,9.677419354838708,24.5,74.73118279569893
CPU,AM-SSB,square/eps0.03_default,square,eps0.03_default,40,200,186,180,49,58,54,6,148,42,27.22222222222222,21.246399571150317,34.149985142646784,28.999999999999996,29.03225806451613,3.225806451612903,25.806451612903228,74.0,22.58064516129032
CPU,AM-SSB,apgd/eps0.03_default,apgd,eps0.03_default,10,200,186,183,0,0,0,3,0,186,0.0,0.0,2.0560731657189835,0.0,0.0,1.6129032258064515,-1.6129032258064515,0.0,100.0
CPU,AM-SSB,apgd/eps0.03_default,apgd,eps0.03_default,20,200,186,183,1,1,1,3,0,186,0.546448087431694,0.09652423746200223,3.0299743581398344,0.5,0.5376344086021506,1.6129032258064515,-1.075268817204301,0.0,100.0
CPU,AM-SSB,apgd/eps0.03_default,apgd,eps0.03_default,30,200,186,183,28,29,28,3,49,139,15.300546448087433,10.802980904437412,21.225004298001444,14.499999999999998,15.053763440860216,1.6129032258064515,13.440860215053764,24.5,74.73118279569893
CPU,AM-SSB,apgd/eps0.03_default,apgd,eps0.03_default,40,200,186,183,40,46,42,3,148,42,21.85792349726776,16.48230160814119,28.3907887528919,23.0,22.58064516129032,1.6129032258064515,20.96774193548387,74.0,22.58064516129032
CPU,AM-SSB,apgdt/eps0.03_default,apgdt,eps0.03_default,10,200,186,186,0,0,0,0,0,186,0.0,0.0,2.0235817650083017,0.0,0.0,0.0,0.0,0.0,100.0
CPU,AM-SSB,apgdt/eps0.03_default,apgdt,eps0.03_default,20,200,186,186,1,1,1,0,0,186,0.5376344086021506,0.09496635866061437,2.982125279842222,0.5,0.5376344086021506,0.0,0.5376344086021506,0.0,100.0
CPU,AM-SSB,apgdt/eps0.03_default,apgdt,eps0.03_default,30,200,186,186,37,39,37,0,49,139,19.892473118279568,14.79053218747689,26.212914896829187,19.5,19.892473118279568,0.0,19.892473118279568,24.5,74.73118279569893
CPU,AM-SSB,apgdt/eps0.03_default,apgdt,eps0.03_default,40,200,186,186,77,81,77,0,148,42,41.39784946236559,34.5631796589216,48.580662365165864,40.5,41.39784946236559,0.0,41.39784946236559,74.0,22.58064516129032
CPU,AM-SSB,autoattack/eps0.03_standard,autoattack,eps0.03_standard,10,200,186,186,0,0,0,0,0,186,0.0,0.0,2.0235817650083017,0.0,0.0,0.0,0.0,0.0,100.0
CPU,AM-SSB,autoattack/eps0.03_standard,autoattack,eps0.03_standard,20,200,186,186,2,2,2,0,0,186,1.0752688172043012,0.2953683004673396,3.8352332115300314,1.0,1.0752688172043012,0.0,1.0752688172043012,0.0,100.0
CPU,AM-SSB,autoattack/eps0.03_standard,autoattack,eps0.03_standard,30,200,186,186,25,25,25,0,49,139,13.440860215053762,9.272482029439132,19.088846572932532,12.5,13.440860215053762,0.0,13.440860215053762,24.5,74.73118279569893
CPU,AM-SSB,autoattack/eps0.03_standard,autoattack,eps0.03_standard,40,200,186,186,36,39,36,0,148,42,19.35483870967742,14.320755615321529,25.629181595490014,19.5,19.35483870967742,0.0,19.35483870967742,74.0,22.58064516129032
CPU,AM-SSB,ead/package_default,ead,package_default,10,200,186,186,0,0,0,0,0,186,0.0,0.0,2.0235817650083017,0.0,0.0,0.0,0.0,0.0,100.0
CPU,AM-SSB,ead/package_default,ead,package_default,20,200,186,186,3,3,3,0,0,186,1.6129032258064515,0.5500129644394957,4.63409842105241,1.5,1.6129032258064515,0.0,1.6129032258064515,0.0,100.0
CPU,AM-SSB,ead/package_default,ead,package_default,30,200,186,186,48,50,48,0,49,139,25.806451612903224,20.05225953549188,32.539796157254074,25.0,25.806451612903224,0.0,25.806451612903224,24.5,74.73118279569893
CPU,AM-SSB,ead/package_default,ead,package_default,40,200,186,186,120,124,120,0,148,42,64.51612903225806,57.40976414684602,71.0350024375064,62.0,64.51612903225806,0.0,64.51612903225806,74.0,22.58064516129032
CPU,AM-SSB,ALL/ALL_24,ALL,ALL_24,10,4800,4464,3401,0,0,0,1063,0,4464,0.0,0.0,0.11282756883609503,0.0,0.0,23.812724014336915,-23.812724014336915,0.0,100.0
CPU,AM-SSB,ALL/ALL_24,ALL,ALL_24,20,4800,4464,3401,40,48,48,1063,0,4464,1.176124669214937,0.8649149515958376,1.597507969928617,1.0,1.0752688172043012,23.812724014336915,-22.737455197132615,0.0,100.0
CPU,AM-SSB,ALL/ALL_24,ALL,ALL_24,30,4800,4464,3401,547,839,803,1063,1176,3336,16.08350485151426,14.887160428007284,17.356383588842135,17.479166666666668,17.988351254480285,23.812724014336915,-5.8243727598566295,24.5,74.73118279569893
CPU,AM-SSB,ALL/ALL_24,ALL,ALL_24,40,4800,4464,3401,1081,1984,1883,1063,3552,1008,31.78476918553367,30.241110075106604,33.36953190013241,41.333333333333336,42.18189964157706,23.812724014336915,18.369175627240146,74.0,22.58064516129032
CPU,BPSK,fgsm/eps0.005,fgsm,eps0.005,10,200,119,9,0,2,2,110,1,118,0.0,0.0,29.91527535509594,1.0,1.680672268907563,92.43697478991596,-90.75630252100841,0.5,99.15966386554622
CPU,BPSK,fgsm/eps0.005,fgsm,eps0.005,20,200,119,9,0,88,88,110,89,31,0.0,0.0,29.91527535509594,44.0,73.94957983193278,92.43697478991596,-18.487394957983184,44.5,26.05042016806723
CPU,BPSK,fgsm/eps0.005,fgsm,eps0.005,30,200,119,9,0,95,93,110,97,24,0.0,0.0,29.91527535509594,47.5,78.15126050420169,92.43697478991596,-14.285714285714278,48.5,20.168067226890756
CPU,BPSK,fgsm/eps0.005,fgsm,eps0.005,40,200,119,9,0,98,98,110,104,15,0.0,0.0,29.91527535509594,49.0,82.35294117647058,92.43697478991596,-10.084033613445385,52.0,12.605042016806722
CPU,BPSK,fgsm/eps0.01,fgsm,eps0.01,10,200,119,17,1,2,2,102,1,118,5.88235294117647,1.046013064516424,26.9825452035628,1.0,1.680672268907563,85.71428571428571,-84.03361344537815,0.5,99.15966386554622
CPU,BPSK,fgsm/eps0.01,fgsm,eps0.01,20,200,119,17,0,85,84,102,89,31,0.0,0.0,18.432366037156456,42.5,70.58823529411765,85.71428571428571,-15.126050420168056,44.5,26.05042016806723
CPU,BPSK,fgsm/eps0.01,fgsm,eps0.01,30,200,119,17,0,91,88,102,97,24,0.0,0.0,18.432366037156456,45.5,73.94957983193278,85.71428571428571,-11.764705882352928,48.5,20.168067226890756
CPU,BPSK,fgsm/eps0.01,fgsm,eps0.01,40,200,119,17,1,90,90,102,104,15,5.88235294117647,1.046013064516424,26.9825452035628,45.0,75.63025210084034,85.71428571428571,-10.08403361344537,52.0,12.605042016806722
CPU,BPSK,fgsm/eps0.03,fgsm,eps0.03,10,200,119,52,1,1,1,67,1,118,1.9230769230769231,0.3402720409065523,10.120746268024423,0.5,0.8403361344537815,56.30252100840336,-55.46218487394958,0.5,99.15966386554622
CPU,BPSK,fgsm/eps0.03,fgsm,eps0.03,20,200,119,52,1,63,61,67,89,31,1.9230769230769231,0.3402720409065523,10.120746268024423,31.5,51.26050420168067,56.30252100840336,-5.0420168067226925,44.5,26.05042016806723
CPU,BPSK,fgsm/eps0.03,fgsm,eps0.03,30,200,119,52,0,68,63,67,97,24,0.0,0.0,6.879459041288214,34.0,52.94117647058824,56.30252100840336,-3.361344537815121,48.5,20.168067226890756
CPU,BPSK,fgsm/eps0.03,fgsm,eps0.03,40,200,119,52,0,67,62,67,104,15,0.0,0.0,6.879459041288214,33.5,52.10084033613446,56.30252100840336,-4.2016806722689,52.0,12.605042016806722
CPU,BPSK,fgsm/eps0.05,fgsm,eps0.05,10,200,119,74,0,0,0,45,1,118,0.0,0.0,4.9351503566216515,0.0,0.0,37.81512605042017,-37.81512605042017,0.5,99.15966386554622
CPU,BPSK,fgsm/eps0.05,fgsm,eps0.05,20,200,119,74,0,40,40,45,89,31,0.0,0.0,4.9351503566216515,20.0,33.61344537815126,37.81512605042017,-4.201680672268907,44.5,26.05042016806723
CPU,BPSK,fgsm/eps0.05,fgsm,eps0.05,30,200,119,74,0,50,43,45,97,24,0.0,0.0,4.9351503566216515,25.0,36.134453781512605,37.81512605042017,-1.6806722689075642,48.5,20.168067226890756
CPU,BPSK,fgsm/eps0.05,fgsm,eps0.05,40,200,119,74,1,52,44,45,104,15,1.3513513513513513,0.23894018749393217,7.265530429759565,26.0,36.97478991596639,37.81512605042017,-0.8403361344537785,52.0,12.605042016806722
CPU,BPSK,bim/eps0.03_default,bim,eps0.03_default,10,200,119,70,1,1,1,49,1,118,1.4285714285714286,0.25261814032348645,7.658369703926908,0.5,0.8403361344537815,41.17647058823529,-40.33613445378151,0.5,99.15966386554622
CPU,BPSK,bim/eps0.03_default,bim,eps0.03_default,20,200,119,70,6,53,53,49,89,31,8.571428571428571,3.9876126540328363,17.465876977827794,26.5,44.537815126050425,41.17647058823529,3.3613445378151354,44.5,26.05042016806723
CPU,BPSK,bim/eps0.03_default,bim,eps0.03_default,30,200,119,70,5,53,52,49,97,24,7.142857142857142,3.089376151029351,15.65561312330923,26.5,43.69747899159664,41.17647058823529,2.52100840336135,48.5,20.168067226890756
CPU,BPSK,bim/eps0.03_default,bim,eps0.03_default,40,200,119,70,4,57,50,49,104,15,5.714285714285714,2.2443415847410173,13.792147332075519,28.499999999999996,42.016806722689076,41.17647058823529,0.8403361344537856,52.0,12.605042016806722
CPU,BPSK,pgd/eps0.005,pgd,eps0.005,10,200,119,11,0,2,2,108,1,118,0.0,2.7755575615628914e-15,25.88400172488141,1.0,1.680672268907563,90.75630252100841,-89.07563025210085,0.5,99.15966386554622
CPU,BPSK,pgd/eps0.005,pgd,eps0.005,20,200,119,11,0,88,88,108,89,31,0.0,2.7755575615628914e-15,25.88400172488141,44.0,73.94957983193278,90.75630252100841,-16.806722689075627,44.5,26.05042016806723
CPU,BPSK,pgd/eps0.005,pgd,eps0.005,30,200,119,11,0,95,93,108,97,24,0.0,2.7755575615628914e-15,25.88400172488141,47.5,78.15126050420169,90.75630252100841,-12.60504201680672,48.5,20.168067226890756
CPU,BPSK,pgd/eps0.005,pgd,eps0.005,40,200,119,11,0,100,100,108,104,15,0.0,2.7755575615628914e-15,25.88400172488141,50.0,84.03361344537815,90.75630252100841,-6.722689075630257,52.0,12.605042016806722
CPU,BPSK,pgd/eps0.01,pgd,eps0.01,10,200,119,20,1,2,2,99,1,118,5.0,0.8881219432873135,23.613589351256675,1.0,1.680672268907563,83.19327731092437,-81.51260504201682,0.5,99.15966386554622
CPU,BPSK,pgd/eps0.01,pgd,eps0.01,20,200,119,20,0,84,83,99,89,31,0.0,-1.3877787807814457e-15,16.113012549493323,42.0,69.74789915966386,83.19327731092437,-13.445378151260513,44.5,26.05042016806723
CPU,BPSK,pgd/eps0.01,pgd,eps0.01,30,200,119,20,0,88,87,99,97,24,0.0,-1.3877787807814457e-15,16.113012549493323,44.0,73.10924369747899,83.19327731092437,-10.084033613445385,48.5,20.168067226890756
CPU,BPSK,pgd/eps0.01,pgd,eps0.01,40,200,119,20,1,91,91,99,104,15,5.0,0.8881219432873135,23.613589351256675,45.5,76.47058823529412,83.19327731092437,-6.722689075630257,52.0,12.605042016806722
CPU,BPSK,pgd/eps0.03,pgd,eps0.03,10,200,119,69,1,1,1,50,1,118,1.4492753623188406,0.25628586443303747,7.7633073350573625,0.5,0.8403361344537815,42.016806722689076,-41.1764705882353,0.5,99.15966386554622
CPU,BPSK,pgd/eps0.03,pgd,eps0.03,20,200,119,69,4,53,52,50,89,31,5.797101449275362,2.2772020303367495,13.979442524423167,26.5,43.69747899159664,42.016806722689076,1.6806722689075642,44.5,26.05042016806723
CPU,BPSK,pgd/eps0.03,pgd,eps0.03,30,200,119,69,3,56,51,50,97,24,4.3478260869565215,1.4895633850267167,12.021397384643361,28.000000000000004,42.857142857142854,42.016806722689076,0.8403361344537785,48.5,20.168067226890756
CPU,BPSK,pgd/eps0.03,pgd,eps0.03,40,200,119,69,2,57,50,50,104,15,2.898550724637681,0.7985035233144928,9.966773461265745,28.499999999999996,42.016806722689076,42.016806722689076,0.0,52.0,12.605042016806722
CPU,BPSK,mifgsm/eps0.03_default,mifgsm,eps0.03_default,10,200,119,67,1,1,1,52,1,118,1.4925373134328357,0.2639503757676784,7.98205197313466,0.5,0.8403361344537815,43.69747899159664,-42.85714285714286,0.5,99.15966386554622
CPU,BPSK,mifgsm/eps0.03_default,mifgsm,eps0.03_default,20,200,119,67,3,55,54,52,89,31,4.477611940298507,1.5343696938151803,12.35803251053932,27.500000000000004,45.378151260504204,43.69747899159664,1.6806722689075642,44.5,26.05042016806723
CPU,BPSK,mifgsm/eps0.03_default,mifgsm,eps0.03_default,30,200,119,67,2,55,53,52,97,24,2.9850746268656714,0.8224522347453904,10.246750041883029,27.500000000000004,44.537815126050425,43.69747899159664,0.8403361344537856,48.5,20.168067226890756
CPU,BPSK,mifgsm/eps0.03_default,mifgsm,eps0.03_default,40,200,119,67,1,58,52,52,104,15,1.4925373134328357,0.2639503757676784,7.98205197313466,28.999999999999996,43.69747899159664,43.69747899159664,0.0,52.0,12.605042016806722
CPU,BPSK,difgsm/eps0.03_default,difgsm,eps0.03_default,10,200,119,63,1,1,1,56,1,118,1.5873015873015872,0.28074219075510876,8.45872544616561,0.5,0.8403361344537815,47.05882352941176,-46.21848739495798,0.5,99.15966386554622
CPU,BPSK,difgsm/eps0.03_default,difgsm,eps0.03_default,20,200,119,63,3,41,41,56,89,31,4.761904761904762,1.6325872842212417,13.091177556835826,20.5,34.45378151260504,47.05882352941176,-12.60504201680672,44.5,26.05042016806723
CPU,BPSK,difgsm/eps0.03_default,difgsm,eps0.03_default,30,200,119,63,0,46,46,56,97,24,0.0,-3.469446951953614e-16,5.747319034852547,23.0,38.655462184873954,47.05882352941176,-8.403361344537807,48.5,20.168067226890756
CPU,BPSK,difgsm/eps0.03_default,difgsm,eps0.03_default,40,200,119,63,1,53,49,56,104,15,1.5873015873015872,0.28074219075510876,8.45872544616561,26.5,41.17647058823529,47.05882352941176,-5.882352941176471,52.0,12.605042016806722
CPU,BPSK,vmifgsm/eps0.03_default,vmifgsm,eps0.03_default,10,200,119,67,1,1,1,52,1,118,1.4925373134328357,0.2639503757676784,7.98205197313466,0.5,0.8403361344537815,43.69747899159664,-42.85714285714286,0.5,99.15966386554622
CPU,BPSK,vmifgsm/eps0.03_default,vmifgsm,eps0.03_default,20,200,119,67,3,54,54,52,89,31,4.477611940298507,1.5343696938151803,12.35803251053932,27.0,45.378151260504204,43.69747899159664,1.6806722689075642,44.5,26.05042016806723
CPU,BPSK,vmifgsm/eps0.03_default,vmifgsm,eps0.03_default,30,200,119,67,3,56,53,52,97,24,4.477611940298507,1.5343696938151803,12.35803251053932,28.000000000000004,44.537815126050425,43.69747899159664,0.8403361344537856,48.5,20.168067226890756
CPU,BPSK,vmifgsm/eps0.03_default,vmifgsm,eps0.03_default,40,200,119,67,1,58,52,52,104,15,1.4925373134328357,0.2639503757676784,7.98205197313466,28.999999999999996,43.69747899159664,43.69747899159664,0.0,52.0,12.605042016806722
CPU,BPSK,vnifgsm/eps0.03_default,vnifgsm,eps0.03_default,10,200,119,68,2,2,2,51,1,118,2.941176470588235,0.8103009605045342,10.104823424253043,1.0,1.680672268907563,42.857142857142854,-41.17647058823529,0.5,99.15966386554622
CPU,BPSK,vnifgsm/eps0.03_default,vnifgsm,eps0.03_default,20,200,119,68,5,53,53,51,89,31,7.352941176470589,3.181437515487155,16.0853939581994,26.5,44.537815126050425,42.857142857142854,1.6806722689075713,44.5,26.05042016806723
CPU,BPSK,vnifgsm/eps0.03_default,vnifgsm,eps0.03_default,30,200,119,68,2,55,50,51,97,24,2.941176470588235,0.8103009605045342,10.104823424253043,27.500000000000004,42.016806722689076,42.857142857142854,-0.8403361344537785,48.5,20.168067226890756
CPU,BPSK,vnifgsm/eps0.03_default,vnifgsm,eps0.03_default,40,200,119,68,4,61,52,51,104,15,5.88235294117647,2.3110391480533066,14.171889962656925,30.5,43.69747899159664,42.857142857142854,0.8403361344537856,52.0,12.605042016806722
CPU,BPSK,rfgsm/eps0.03_default,rfgsm,eps0.03_default,10,200,119,69,1,1,1,50,1,118,1.4492753623188406,0.25628586443303747,7.7633073350573625,0.5,0.8403361344537815,42.016806722689076,-41.1764705882353,0.5,99.15966386554622
CPU,BPSK,rfgsm/eps0.03_default,rfgsm,eps0.03_default,20,200,119,69,5,54,54,50,89,31,7.246376811594203,3.1347309217669053,15.867597418082852,27.0,45.378151260504204,42.016806722689076,3.3613445378151283,44.5,26.05042016806723
CPU,BPSK,rfgsm/eps0.03_default,rfgsm,eps0.03_default,30,200,119,69,5,53,52,50,97,24,7.246376811594203,3.1347309217669053,15.867597418082852,26.5,43.69747899159664,42.016806722689076,1.6806722689075642,48.5,20.168067226890756
CPU,BPSK,rfgsm/eps0.03_default,rfgsm,eps0.03_default,40,200,119,69,1,55,49,50,104,15,1.4492753623188406,0.25628586443303747,7.7633073350573625,27.500000000000004,41.17647058823529,42.016806722689076,-0.8403361344537856,52.0,12.605042016806722
CPU,BPSK,tpgd/eps0.03_default,tpgd,eps0.03_default,10,200,119,40,0,1,1,79,1,118,0.0,-6.938893903907228e-16,8.762453925039232,0.5,0.8403361344537815,66.38655462184873,-65.54621848739495,0.5,99.15966386554622
CPU,BPSK,tpgd/eps0.03_default,tpgd,eps0.03_default,20,200,119,40,4,68,68,79,89,31,10.0,3.957888759557486,23.052074380473897,34.0,57.14285714285714,66.38655462184873,-9.243697478991592,44.5,26.05042016806723
CPU,BPSK,tpgd/eps0.03_default,tpgd,eps0.03_default,30,200,119,40,2,73,72,79,97,24,5.0,1.3820377146101097,16.5041708179252,36.5,60.50420168067227,66.38655462184873,-5.882352941176464,48.5,20.168067226890756
CPU,BPSK,tpgd/eps0.03_default,tpgd,eps0.03_default,40,200,119,40,2,80,75,79,104,15,5.0,1.3820377146101097,16.5041708179252,40.0,63.02521008403361,66.38655462184873,-3.361344537815121,52.0,12.605042016806722
CPU,BPSK,cw/c1_steps20_lr0.01,cw,c1_steps20_lr0.01,10,200,119,55,2,2,2,64,1,118,3.6363636363636362,1.0029330855724925,12.32369297490173,1.0,1.680672268907563,53.78151260504202,-52.10084033613445,0.5,99.15966386554622
CPU,BPSK,cw/c1_steps20_lr0.01,cw,c1_steps20_lr0.01,20,200,119,55,7,71,71,64,89,31,12.727272727272727,6.304130417480197,24.017274846822605,35.5,59.66386554621849,53.78151260504202,5.882352941176471,44.5,26.05042016806723
CPU,BPSK,cw/c1_steps20_lr0.01,cw,c1_steps20_lr0.01,30,200,119,55,7,72,71,64,97,24,12.727272727272727,6.304130417480197,24.017274846822605,36.0,59.66386554621849,53.78151260504202,5.882352941176471,48.5,20.168067226890756
CPU,BPSK,cw/c1_steps20_lr0.01,cw,c1_steps20_lr0.01,40,200,119,55,9,73,73,64,104,15,16.363636363636363,8.855320558522452,28.263996387311785,36.5,61.34453781512605,53.78151260504202,7.563025210084035,52.0,12.605042016806722
CPU,BPSK,deepfool/package_default,deepfool,package_default,10,200,119,115,2,2,2,4,1,118,1.7391304347826086,0.4782252146707556,6.120137648165153,1.0,1.680672268907563,3.361344537815126,-1.680672268907563,0.5,99.15966386554622
CPU,BPSK,deepfool/package_default,deepfool,package_default,20,200,119,115,40,44,42,4,89,31,34.78260869565217,26.697228641216704,43.85180469391173,22.0,35.294117647058826,3.361344537815126,31.9327731092437,44.5,26.05042016806723
CPU,BPSK,deepfool/package_default,deepfool,package_default,30,200,119,115,41,45,43,4,97,24,35.65217391304348,27.491933468680518,44.74001224729771,22.5,36.134453781512605,3.361344537815126,32.773109243697476,48.5,20.168067226890756
CPU,BPSK,deepfool/package_default,deepfool,package_default,40,200,119,115,43,46,46,4,104,15,37.391304347826086,29.090239459918777,46.507531017759064,23.0,38.655462184873954,3.361344537815126,35.294117647058826,52.0,12.605042016806722
CPU,BPSK,fab/eps0.005,fab,eps0.005,10,200,119,12,0,1,1,107,1,118,0.0,0.0,24.25007574992425,0.5,0.8403361344537815,89.91596638655463,-89.07563025210085,0.5,99.15966386554622
CPU,BPSK,fab/eps0.005,fab,eps0.005,20,200,119,12,0,89,88,107,89,31,0.0,0.0,24.25007574992425,44.5,73.94957983193278,89.91596638655463,-15.966386554621849,44.5,26.05042016806723
CPU,BPSK,fab/eps0.005,fab,eps0.005,30,200,119,12,0,97,95,107,97,24,0.0,0.0,24.25007574992425,48.5,79.83193277310924,89.91596638655463,-10.084033613445385,48.5,20.168067226890756
CPU,BPSK,fab/eps0.005,fab,eps0.005,40,200,119,12,1,104,104,107,104,15,8.333333333333332,1.4864709450773477,35.38859217985952,52.0,87.39495798319328,89.91596638655463,-2.52100840336135,52.0,12.605042016806722
CPU,BPSK,fab/eps0.01,fab,eps0.01,10,200,119,20,1,2,2,99,1,118,5.0,0.8881219432873135,23.613589351256675,1.0,1.680672268907563,83.19327731092437,-81.51260504201682,0.5,99.15966386554622
CPU,BPSK,fab/eps0.01,fab,eps0.01,20,200,119,20,0,89,88,99,89,31,0.0,-1.3877787807814457e-15,16.113012549493323,44.5,73.94957983193278,83.19327731092437,-9.243697478991592,44.5,26.05042016806723
CPU,BPSK,fab/eps0.01,fab,eps0.01,30,200,119,20,0,95,94,99,97,24,0.0,-1.3877787807814457e-15,16.113012549493323,47.5,78.99159663865547,83.19327731092437,-4.201680672268907,48.5,20.168067226890756
CPU,BPSK,fab/eps0.01,fab,eps0.01,40,200,119,20,2,100,100,99,104,15,10.0,2.7865893984153205,30.103820641179336,50.0,84.03361344537815,83.19327731092437,0.8403361344537785,52.0,12.605042016806722
CPU,BPSK,fab/eps0.03,fab,eps0.03,10,200,119,76,2,2,2,43,1,118,2.631578947368421,0.7246507130607822,9.096795750937932,1.0,1.680672268907563,36.134453781512605,-34.45378151260504,0.5,99.15966386554622
CPU,BPSK,fab/eps0.03,fab,eps0.03,20,200,119,76,16,59,59,43,89,31,21.052631578947366,13.395033382180127,31.495850568041305,29.5,49.57983193277311,36.134453781512605,13.445378151260506,44.5,26.05042016806723
CPU,BPSK,fab/eps0.03,fab,eps0.03,30,200,119,76,18,62,61,43,97,24,23.684210526315788,15.539206970596958,34.36159662051344,31.0,51.26050420168067,36.134453781512605,15.126050420168063,48.5,20.168067226890756
CPU,BPSK,fab/eps0.03,fab,eps0.03,40,200,119,76,27,70,70,43,104,15,35.526315789473685,25.7016182954391,46.743823679671614,35.0,58.82352941176471,36.134453781512605,22.689075630252105,52.0,12.605042016806722
CPU,BPSK,square/eps0.03_default,square,eps0.03_default,10,200,119,81,2,2,2,38,1,118,2.4691358024691357,0.6797444910187036,8.562891197134277,1.0,1.680672268907563,31.932773109243694,-30.25210084033613,0.5,99.15966386554622
CPU,BPSK,square/eps0.03_default,square,eps0.03_default,20,200,119,81,10,48,48,38,89,31,12.345679012345679,6.8460422625033654,21.255266529410033,24.0,40.33613445378151,31.932773109243694,8.403361344537817,44.5,26.05042016806723
CPU,BPSK,square/eps0.03_default,square,eps0.03_default,30,200,119,81,10,48,48,38,97,24,12.345679012345679,6.8460422625033654,21.255266529410033,24.0,40.33613445378151,31.932773109243694,8.403361344537817,48.5,20.168067226890756
CPU,BPSK,square/eps0.03_default,square,eps0.03_default,40,200,119,81,18,57,56,38,104,15,22.22222222222222,14.54449167155174,32.415490224122074,28.499999999999996,47.05882352941176,31.932773109243694,15.126050420168067,52.0,12.605042016806722
CPU,BPSK,apgd/eps0.03_default,apgd,eps0.03_default,10,200,119,72,1,1,1,47,1,118,1.3888888888888888,0.2455888640432169,7.456780284286987,0.5,0.8403361344537815,39.49579831932773,-38.655462184873954,0.5,99.15966386554622
CPU,BPSK,apgd/eps0.03_default,apgd,eps0.03_default,20,200,119,72,5,52,52,47,89,31,6.944444444444445,3.002493884382272,15.248175932710195,26.0,43.69747899159664,39.49579831932773,4.201680672268907,44.5,26.05042016806723
CPU,BPSK,apgd/eps0.03_default,apgd,eps0.03_default,30,200,119,72,1,51,48,47,97,24,1.3888888888888888,0.2455888640432169,7.456780284286987,25.5,40.33613445378151,39.49579831932773,0.8403361344537785,48.5,20.168067226890756
CPU,BPSK,apgd/eps0.03_default,apgd,eps0.03_default,40,200,119,72,2,55,49,47,104,15,2.7777777777777777,0.7650861466140468,9.574358168906722,27.500000000000004,41.17647058823529,39.49579831932773,1.680672268907557,52.0,12.605042016806722
CPU,BPSK,apgdt/eps0.03_default,apgdt,eps0.03_default,10,200,119,86,2,2,2,33,1,118,2.3255813953488373,0.6400792019477797,8.088171408014642,1.0,1.680672268907563,27.73109243697479,-26.050420168067227,0.5,99.15966386554622
CPU,BPSK,apgdt/eps0.03_default,apgdt,eps0.03_default,20,200,119,86,10,44,43,33,89,31,11.627906976744185,6.439976494342571,20.0973959478223,22.0,36.134453781512605,27.73109243697479,8.403361344537814,44.5,26.05042016806723
CPU,BPSK,apgdt/eps0.03_default,apgdt,eps0.03_default,30,200,119,86,11,46,44,33,97,24,12.790697674418606,7.294546819879526,21.468965851310656,23.0,36.97478991596639,27.73109243697479,9.2436974789916,48.5,20.168067226890756
CPU,BPSK,apgdt/eps0.03_default,apgdt,eps0.03_default,40,200,119,86,8,47,41,33,104,15,9.30232558139535,4.789171128373091,17.29592085574117,23.5,34.45378151260504,27.73109243697479,6.7226890756302495,52.0,12.605042016806722
CPU,BPSK,autoattack/eps0.03_standard,autoattack,eps0.03_standard,10,200,119,91,1,1,1,28,1,118,1.098901098901099,0.19424213233478899,5.965080359061393,0.5,0.8403361344537815,23.52941176470588,-22.6890756302521,0.5,99.15966386554622
CPU,BPSK,autoattack/eps0.03_standard,autoattack,eps0.03_standard,20,200,119,91,14,42,42,28,89,31,15.384615384615385,9.391127768535098,24.18232523099254,21.0,35.294117647058826,23.52941176470588,11.764705882352946,44.5,26.05042016806723
CPU,BPSK,autoattack/eps0.03_standard,autoattack,eps0.03_standard,30,200,119,91,8,39,36,28,97,24,8.791208791208792,4.5219666669263106,16.39881071346373,19.5,30.252100840336134,23.52941176470588,6.722689075630253,48.5,20.168067226890756
CPU,BPSK,autoattack/eps0.03_standard,autoattack,eps0.03_standard,40,200,119,91,9,44,37,28,104,15,9.89010989010989,5.290804058720921,17.738752591525387,22.0,31.092436974789916,23.52941176470588,7.563025210084035,52.0,12.605042016806722
CPU,BPSK,ead/package_default,ead,package_default,10,200,119,119,2,2,2,0,1,118,1.680672268907563,0.4621078613443866,5.921397400716676,1.0,1.680672268907563,0.0,1.680672268907563,0.5,99.15966386554622
CPU,BPSK,ead/package_default,ead,package_default,20,200,119,119,68,69,68,0,89,31,57.14285714285714,48.165262171710516,65.6736979199848,34.5,57.14285714285714,0.0,57.14285714285714,44.5,26.05042016806723
CPU,BPSK,ead/package_default,ead,package_default,30,200,119,119,75,78,75,0,97,24,63.02521008403361,54.07139742525193,71.16435333019247,39.0,63.02521008403361,0.0,63.02521008403361,48.5,20.168067226890756
CPU,BPSK,ead/package_default,ead,package_default,40,200,119,119,74,74,74,0,104,15,62.18487394957983,53.219875799818674,70.38776200366158,37.0,62.18487394957983,0.0,62.18487394957983,52.0,12.605042016806722
CPU,BPSK,ALL/ALL_24,ALL,ALL_24,10,4800,2856,1423,26,35,35,1433,24,2832,1.8271257905832747,1.2498845220676402,2.6637664396088354,0.7291666666666666,1.2254901960784315,50.175070028011206,-48.94957983193277,0.5,99.15966386554622
CPU,BPSK,ALL/ALL_24,ALL,ALL_24,20,4800,2856,1423,204,1486,1474,1433,2136,744,14.335910049191849,12.611036333261854,16.252826340772884,30.958333333333332,51.610644257703086,50.175070028011206,1.4355742296918805,44.5,26.05042016806723
CPU,BPSK,ALL/ALL_24,ALL,ALL_24,30,4800,2856,1423,193,1567,1511,1433,2328,576,13.562895291637385,11.881671537127753,15.440324120974736,32.645833333333336,52.906162464986,50.175070028011206,2.731092436974791,48.5,20.168067226890756
CPU,BPSK,ALL/ALL_24,ALL,ALL_24,40,4800,2856,1423,212,1647,1564,1433,2496,360,14.898102600140547,13.142614529257202,16.842605974546448,34.3125,54.761904761904766,50.175070028011206,4.586834733893561,52.0,12.605042016806722
CPU,CPFSK,fgsm/eps0.005,fgsm,eps0.005,10,200,120,7,0,9,9,113,10,110,0.0,0.0,35.433884297520656,4.5,7.5,94.16666666666667,-86.66666666666667,5.0,91.66666666666666
CPU,CPFSK,fgsm/eps0.005,fgsm,eps0.005,20,200,120,7,0,94,94,113,99,21,0.0,0.0,35.433884297520656,47.0,78.33333333333333,94.16666666666667,-15.833333333333343,49.5,17.5
CPU,CPFSK,fgsm/eps0.005,fgsm,eps0.005,30,200,120,7,0,111,105,113,109,15,0.0,0.0,35.433884297520656,55.50000000000001,87.5,94.16666666666667,-6.666666666666671,54.50000000000001,12.5
CPU,CPFSK,fgsm/eps0.005,fgsm,eps0.005,40,200,120,7,0,111,108,113,111,11,0.0,0.0,35.433884297520656,55.50000000000001,90.0,94.16666666666667,-4.166666666666671,55.50000000000001,9.166666666666666
CPU,CPFSK,fgsm/eps0.01,fgsm,eps0.01,10,200,120,13,0,7,7,107,10,110,0.0,0.0,22.810184305529166,3.5000000000000004,5.833333333333333,89.16666666666667,-83.33333333333334,5.0,91.66666666666666
CPU,CPFSK,fgsm/eps0.01,fgsm,eps0.01,20,200,120,13,0,91,91,107,99,21,0.0,0.0,22.810184305529166,45.5,75.83333333333333,89.16666666666667,-13.333333333333343,49.5,17.5
CPU,CPFSK,fgsm/eps0.01,fgsm,eps0.01,30,200,120,13,2,112,104,107,109,15,15.384615384615385,4.325726318273798,42.23517050863101,56.00000000000001,86.66666666666667,89.16666666666667,-2.5,54.50000000000001,12.5
CPU,CPFSK,fgsm/eps0.01,fgsm,eps0.01,40,200,120,13,4,111,107,107,111,11,30.76923076923077,12.680497161618087,57.63111218666236,55.50000000000001,89.16666666666667,89.16666666666667,0.0,55.50000000000001,9.166666666666666
CPU,CPFSK,fgsm/eps0.03,fgsm,eps0.03,10,200,120,37,0,3,3,83,10,110,0.0,0.0,9.406095745514378,1.5,2.5,69.16666666666667,-66.66666666666667,5.0,91.66666666666666
CPU,CPFSK,fgsm/eps0.03,fgsm,eps0.03,20,200,120,37,2,67,66,83,99,21,5.405405405405405,1.495066277053994,17.70496506353991,33.5,55.00000000000001,69.16666666666667,-14.166666666666664,49.5,17.5
CPU,CPFSK,fgsm/eps0.03,fgsm,eps0.03,30,200,120,37,4,83,79,83,109,15,10.81081081081081,4.2851205205062675,24.708846415167162,41.5,65.83333333333333,69.16666666666667,-3.333333333333343,54.50000000000001,12.5
CPU,CPFSK,fgsm/eps0.03,fgsm,eps0.03,40,200,120,37,3,90,83,83,111,11,8.108108108108109,2.7960066396321386,21.300992498501532,45.0,69.16666666666667,69.16666666666667,0.0,55.50000000000001,9.166666666666666
CPU,CPFSK,fgsm/eps0.05,fgsm,eps0.05,10,200,120,82,0,3,3,38,10,110,0.0,0.0,4.47521947400794,1.5,2.5,31.666666666666664,-29.166666666666664,5.0,91.66666666666666
CPU,CPFSK,fgsm/eps0.05,fgsm,eps0.05,20,200,120,82,2,29,29,38,99,21,2.4390243902439024,0.6714229565123541,8.463541909007393,14.499999999999998,24.166666666666668,31.666666666666664,-7.4999999999999964,49.5,17.5
CPU,CPFSK,fgsm/eps0.05,fgsm,eps0.05,30,200,120,82,2,37,36,38,109,15,2.4390243902439024,0.6714229565123541,8.463541909007393,18.5,30.0,31.666666666666664,-1.6666666666666643,54.50000000000001,12.5
CPU,CPFSK,fgsm/eps0.05,fgsm,eps0.05,40,200,120,82,2,40,35,38,111,11,2.4390243902439024,0.6714229565123541,8.463541909007393,20.0,29.166666666666668,31.666666666666664,-2.4999999999999964,55.50000000000001,9.166666666666666
CPU,CPFSK,bim/eps0.03_default,bim,eps0.03_default,10,200,120,60,0,3,3,60,10,110,0.0,-6.938893903907228e-16,6.017393047793289,1.5,2.5,50.0,-47.5,5.0,91.66666666666666
CPU,CPFSK,bim/eps0.03_default,bim,eps0.03_default,20,200,120,60,12,59,58,60,99,21,20.0,11.828389736858965,31.782046091817012,29.5,48.333333333333336,50.0,-1.6666666666666643,49.5,17.5
CPU,CPFSK,bim/eps0.03_default,bim,eps0.03_default,30,200,120,60,15,74,68,60,109,15,25.0,15.77638557841185,37.2323109454848,37.0,56.666666666666664,50.0,6.666666666666664,54.50000000000001,12.5
CPU,CPFSK,bim/eps0.03_default,bim,eps0.03_default,40,200,120,60,10,81,67,60,111,11,16.666666666666664,9.313077201321033,28.03185149720783,40.5,55.833333333333336,50.0,5.833333333333336,55.50000000000001,9.166666666666666
CPU,CPFSK,pgd/eps0.005,pgd,eps0.005,10,200,120,7,0,8,8,113,10,110,0.0,0.0,35.433884297520656,4.0,6.666666666666667,94.16666666666667,-87.5,5.0,91.66666666666666
CPU,CPFSK,pgd/eps0.005,pgd,eps0.005,20,200,120,7,0,96,95,113,99,21,0.0,0.0,35.433884297520656,48.0,79.16666666666666,94.16666666666667,-15.000000000000014,49.5,17.5
CPU,CPFSK,pgd/eps0.005,pgd,eps0.005,30,200,120,7,0,110,105,113,109,15,0.0,0.0,35.433884297520656,55.00000000000001,87.5,94.16666666666667,-6.666666666666671,54.50000000000001,12.5
CPU,CPFSK,pgd/eps0.005,pgd,eps0.005,40,200,120,7,1,111,109,113,111,11,14.285714285714285,2.567895594897479,51.313450331903,55.50000000000001,90.83333333333333,94.16666666666667,-3.333333333333343,55.50000000000001,9.166666666666666
CPU,CPFSK,pgd/eps0.01,pgd,eps0.01,10,200,120,14,0,6,6,106,10,110,0.0,0.0,21.531701192718142,3.0,5.0,88.33333333333333,-83.33333333333333,5.0,91.66666666666666
CPU,CPFSK,pgd/eps0.01,pgd,eps0.01,20,200,120,14,0,91,91,106,99,21,0.0,0.0,21.531701192718142,45.5,75.83333333333333,88.33333333333333,-12.5,49.5,17.5
CPU,CPFSK,pgd/eps0.01,pgd,eps0.01,30,200,120,14,3,113,105,106,109,15,21.428571428571427,7.571248336916369,47.589723773208284,56.49999999999999,87.5,88.33333333333333,-0.8333333333333286,54.50000000000001,12.5
CPU,CPFSK,pgd/eps0.01,pgd,eps0.01,40,200,120,14,6,113,109,106,111,11,42.857142857142854,21.380509930400528,67.40973309713064,56.49999999999999,90.83333333333333,88.33333333333333,2.5,55.50000000000001,9.166666666666666
CPU,CPFSK,pgd/eps0.03,pgd,eps0.03,10,200,120,58,0,3,3,62,10,110,0.0,0.0,6.211999689529376,1.5,2.5,51.66666666666667,-49.16666666666667,5.0,91.66666666666666
CPU,CPFSK,pgd/eps0.03,pgd,eps0.03,20,200,120,58,9,61,60,62,99,21,15.517241379310345,8.384397416750202,26.934223058787303,30.5,50.0,51.66666666666667,-1.6666666666666714,49.5,17.5
CPU,CPFSK,pgd/eps0.03,pgd,eps0.03,30,200,120,58,13,78,72,62,109,15,22.413793103448278,13.593533332871566,34.66136304755843,39.0,60.0,51.66666666666667,8.333333333333329,54.50000000000001,12.5
CPU,CPFSK,pgd/eps0.03,pgd,eps0.03,40,200,120,58,12,86,73,62,111,11,20.689655172413794,12.251364354883215,32.76946304932366,43.0,60.83333333333333,51.66666666666667,9.166666666666657,55.50000000000001,9.166666666666666
CPU,CPFSK,mifgsm/eps0.03_default,mifgsm,eps0.03_default,10,200,120,55,0,3,3,65,10,110,0.0,0.0,6.528714378942787,1.5,2.5,54.166666666666664,-51.666666666666664,5.0,91.66666666666666
CPU,CPFSK,mifgsm/eps0.03_default,mifgsm,eps0.03_default,20,200,120,55,8,56,55,65,99,21,14.545454545454545,7.559199016771778,26.16116208829674,28.000000000000004,45.83333333333333,54.166666666666664,-8.333333333333336,49.5,17.5
CPU,CPFSK,mifgsm/eps0.03_default,mifgsm,eps0.03_default,30,200,120,55,10,78,71,65,109,15,18.181818181818183,10.187561448030712,30.330711338569238,39.0,59.166666666666664,54.166666666666664,5.0,54.50000000000001,12.5
CPU,CPFSK,mifgsm/eps0.03_default,mifgsm,eps0.03_default,40,200,120,55,9,79,68,65,111,11,16.363636363636363,8.855320558522452,28.263996387311785,39.5,56.666666666666664,54.166666666666664,2.5,55.50000000000001,9.166666666666666
CPU,CPFSK,difgsm/eps0.03_default,difgsm,eps0.03_default,10,200,120,44,0,3,3,76,10,110,0.0,6.938893903907228e-16,8.029831778201396,1.5,2.5,63.33333333333333,-60.83333333333333,5.0,91.66666666666666
CPU,CPFSK,difgsm/eps0.03_default,difgsm,eps0.03_default,20,200,120,44,3,52,52,76,99,21,6.8181818181818175,2.345897017284013,18.22532133661719,26.0,43.333333333333336,63.33333333333333,-19.999999999999993,49.5,17.5
CPU,CPFSK,difgsm/eps0.03_default,difgsm,eps0.03_default,30,200,120,44,5,68,66,76,109,15,11.363636363636363,4.952707589567494,23.979435148133582,34.0,55.00000000000001,63.33333333333333,-8.333333333333321,54.50000000000001,12.5
CPU,CPFSK,difgsm/eps0.03_default,difgsm,eps0.03_default,40,200,120,44,6,76,72,76,111,11,13.636363636363635,6.402867407860049,26.709737521740962,38.0,60.0,63.33333333333333,-3.3333333333333286,55.50000000000001,9.166666666666666
CPU,CPFSK,vmifgsm/eps0.03_default,vmifgsm,eps0.03_default,10,200,120,56,0,3,3,64,10,110,0.0,0.0,6.419614448811528,1.5,2.5,53.333333333333336,-50.833333333333336,5.0,91.66666666666666
CPU,CPFSK,vmifgsm/eps0.03_default,vmifgsm,eps0.03_default,20,200,120,56,10,56,55,64,99,21,17.857142857142858,9.999749741344178,29.84143097574895,28.000000000000004,45.83333333333333,53.333333333333336,-7.500000000000007,49.5,17.5
CPU,CPFSK,vmifgsm/eps0.03_default,vmifgsm,eps0.03_default,30,200,120,56,10,75,68,64,109,15,17.857142857142858,9.999749741344178,29.84143097574895,37.5,56.666666666666664,53.333333333333336,3.3333333333333286,54.50000000000001,12.5
CPU,CPFSK,vmifgsm/eps0.03_default,vmifgsm,eps0.03_default,40,200,120,56,9,78,67,64,111,11,16.071428571428573,8.692569640589271,27.806454449675698,39.0,55.833333333333336,53.333333333333336,2.5,55.50000000000001,9.166666666666666
CPU,CPFSK,vnifgsm/eps0.03_default,vnifgsm,eps0.03_default,10,200,120,50,0,4,4,70,10,110,0.0,0.0,7.135003417431873,2.0,3.3333333333333335,58.333333333333336,-55.0,5.0,91.66666666666666
CPU,CPFSK,vnifgsm/eps0.03_default,vnifgsm,eps0.03_default,20,200,120,50,5,63,62,70,99,21,10.0,4.347512399157111,21.36049033478839,31.5,51.66666666666667,58.333333333333336,-6.666666666666664,49.5,17.5
CPU,CPFSK,vnifgsm/eps0.03_default,vnifgsm,eps0.03_default,30,200,120,50,5,71,65,70,109,15,10.0,4.347512399157111,21.36049033478839,35.5,54.166666666666664,58.333333333333336,-4.166666666666671,54.50000000000001,12.5
CPU,CPFSK,vnifgsm/eps0.03_default,vnifgsm,eps0.03_default,40,200,120,50,5,82,70,70,111,11,10.0,4.347512399157111,21.36049033478839,41.0,58.333333333333336,58.333333333333336,0.0,55.50000000000001,9.166666666666666
CPU,CPFSK,rfgsm/eps0.03_default,rfgsm,eps0.03_default,10,200,120,59,0,3,3,61,10,110,0.0,0.0,6.113147978409207,1.5,2.5,50.83333333333333,-48.33333333333333,5.0,91.66666666666666
CPU,CPFSK,rfgsm/eps0.03_default,rfgsm,eps0.03_default,20,200,120,59,9,60,58,61,99,21,15.254237288135593,8.238371089067362,26.518223268810225,30.0,48.333333333333336,50.83333333333333,-2.499999999999993,49.5,17.5
CPU,CPFSK,rfgsm/eps0.03_default,rfgsm,eps0.03_default,30,200,120,59,15,79,72,61,109,15,25.423728813559322,16.05583829520582,37.79638698231735,39.5,60.0,50.83333333333333,9.166666666666671,54.50000000000001,12.5
CPU,CPFSK,rfgsm/eps0.03_default,rfgsm,eps0.03_default,40,200,120,59,12,81,69,61,111,11,20.33898305084746,12.036154854418065,32.26825496328232,40.5,57.49999999999999,50.83333333333333,6.666666666666664,55.50000000000001,9.166666666666666
CPU,CPFSK,tpgd/eps0.03_default,tpgd,eps0.03_default,10,200,120,27,0,7,7,93,10,110,0.0,6.938893903907228e-16,12.455903714463581,3.5000000000000004,5.833333333333333,77.5,-71.66666666666667,5.0,91.66666666666666
CPU,CPFSK,tpgd/eps0.03_default,tpgd,eps0.03_default,20,200,120,27,4,83,83,93,99,21,14.814814814814813,5.91583185964489,32.479063346829484,41.5,69.16666666666667,77.5,-8.333333333333329,49.5,17.5
CPU,CPFSK,tpgd/eps0.03_default,tpgd,eps0.03_default,30,200,120,27,5,94,92,93,109,15,18.51851851851852,8.18058657428532,36.69905650519175,47.0,76.66666666666667,77.5,-0.8333333333333286,54.50000000000001,12.5
CPU,CPFSK,tpgd/eps0.03_default,tpgd,eps0.03_default,40,200,120,27,4,103,95,93,111,11,14.814814814814813,5.91583185964489,32.479063346829484,51.5,79.16666666666666,77.5,1.6666666666666572,55.50000000000001,9.166666666666666
CPU,CPFSK,cw/c1_steps20_lr0.01,cw,c1_steps20_lr0.01,10,200,120,102,3,4,4,18,10,110,2.941176470588235,1.0052266068000588,8.293196697458379,2.0,3.3333333333333335,15.0,-11.666666666666666,5.0,91.66666666666666
CPU,CPFSK,cw/c1_steps20_lr0.01,cw,c1_steps20_lr0.01,20,200,120,102,21,36,35,18,99,21,20.588235294117645,13.878787006683844,29.43272755847769,18.0,29.166666666666668,15.0,14.166666666666668,49.5,17.5
CPU,CPFSK,cw/c1_steps20_lr0.01,cw,c1_steps20_lr0.01,30,200,120,102,28,49,44,18,109,15,27.450980392156865,19.72808329068501,36.810744542605505,24.5,36.666666666666664,15.0,21.666666666666664,54.50000000000001,12.5
CPU,CPFSK,cw/c1_steps20_lr0.01,cw,c1_steps20_lr0.01,40,200,120,102,37,55,53,18,111,11,36.27450980392157,27.599365265225302,45.94600819851674,27.500000000000004,44.166666666666664,15.0,29.166666666666664,55.50000000000001,9.166666666666666
CPU,CPFSK,deepfool/package_default,deepfool,package_default,10,200,120,113,3,3,3,7,10,110,2.6548672566371683,0.9069309551816493,7.516096459711677,1.5,2.5,5.833333333333333,-3.333333333333333,5.0,91.66666666666666
CPU,CPFSK,deepfool/package_default,deepfool,package_default,20,200,120,113,47,49,49,7,99,21,41.5929203539823,32.9278956699404,50.810772749526635,24.5,40.833333333333336,5.833333333333333,35.0,49.5,17.5
CPU,CPFSK,deepfool/package_default,deepfool,package_default,30,200,120,113,57,64,61,7,109,15,50.442477876106196,41.36203069022564,59.49382886664451,32.0,50.83333333333333,5.833333333333333,44.99999999999999,54.50000000000001,12.5
CPU,CPFSK,deepfool/package_default,deepfool,package_default,40,200,120,113,58,65,63,7,111,11,51.32743362831859,42.22063746832804,60.34694120228244,32.5,52.5,5.833333333333333,46.666666666666664,55.50000000000001,9.166666666666666
CPU,CPFSK,fab/eps0.005,fab,eps0.005,10,200,120,7,0,10,10,113,10,110,0.0,0.0,35.433884297520656,5.0,8.333333333333332,94.16666666666667,-85.83333333333334,5.0,91.66666666666666
CPU,CPFSK,fab/eps0.005,fab,eps0.005,20,200,120,7,0,99,99,113,99,21,0.0,0.0,35.433884297520656,49.5,82.5,94.16666666666667,-11.666666666666671,49.5,17.5
CPU,CPFSK,fab/eps0.005,fab,eps0.005,30,200,120,7,0,109,105,113,109,15,0.0,0.0,35.433884297520656,54.50000000000001,87.5,94.16666666666667,-6.666666666666671,54.50000000000001,12.5
CPU,CPFSK,fab/eps0.005,fab,eps0.005,40,200,120,7,1,112,110,113,111,11,14.285714285714285,2.567895594897479,51.313450331903,56.00000000000001,91.66666666666666,94.16666666666667,-2.500000000000014,55.50000000000001,9.166666666666666
CPU,CPFSK,fab/eps0.01,fab,eps0.01,10,200,120,14,0,10,10,106,10,110,0.0,0.0,21.531701192718142,5.0,8.333333333333332,88.33333333333333,-80.0,5.0,91.66666666666666
CPU,CPFSK,fab/eps0.01,fab,eps0.01,20,200,120,14,0,99,99,106,99,21,0.0,0.0,21.531701192718142,49.5,82.5,88.33333333333333,-5.833333333333329,49.5,17.5
CPU,CPFSK,fab/eps0.01,fab,eps0.01,30,200,120,14,2,108,105,106,109,15,14.285714285714285,4.009307373792118,39.941907763863696,54.0,87.5,88.33333333333333,-0.8333333333333286,54.50000000000001,12.5
CPU,CPFSK,fab/eps0.01,fab,eps0.01,40,200,120,14,5,110,108,106,111,11,35.714285714285715,16.344490737202737,61.23599531785959,55.00000000000001,90.0,88.33333333333333,1.6666666666666714,55.50000000000001,9.166666666666666
CPU,CPFSK,fab/eps0.03,fab,eps0.03,10,200,120,50,0,8,8,70,10,110,0.0,0.0,7.135003417431873,4.0,6.666666666666667,58.333333333333336,-51.66666666666667,5.0,91.66666666666666
CPU,CPFSK,fab/eps0.03,fab,eps0.03,20,200,120,50,13,82,82,70,99,21,26.0,15.871379651367384,39.55342198899992,41.0,68.33333333333333,58.333333333333336,9.999999999999993,49.5,17.5
CPU,CPFSK,fab/eps0.03,fab,eps0.03,30,200,120,50,22,97,92,70,109,15,44.0,31.161987210235342,57.69421319985648,48.5,76.66666666666667,58.333333333333336,18.333333333333336,54.50000000000001,12.5
CPU,CPFSK,fab/eps0.03,fab,eps0.03,40,200,120,50,27,99,97,70,111,11,54.0,40.398634328388084,67.03056539821736,49.5,80.83333333333333,58.333333333333336,22.499999999999993,55.50000000000001,9.166666666666666
CPU,CPFSK,square/eps0.03_default,square,eps0.03_default,10,200,120,65,0,8,8,55,10,110,0.0,0.0,5.580346767071073,4.0,6.666666666666667,45.83333333333333,-39.166666666666664,5.0,91.66666666666666
CPU,CPFSK,square/eps0.03_default,square,eps0.03_default,20,200,120,65,15,70,70,55,99,21,23.076923076923077,14.513708450988846,34.64493980820327,35.0,58.333333333333336,45.83333333333333,12.500000000000007,49.5,17.5
CPU,CPFSK,square/eps0.03_default,square,eps0.03_default,30,200,120,65,24,79,79,55,109,15,36.92307692307693,26.229222189067254,49.07640696539748,39.5,65.83333333333333,45.83333333333333,20.0,54.50000000000001,12.5
CPU,CPFSK,square/eps0.03_default,square,eps0.03_default,40,200,120,65,27,83,82,55,111,11,41.53846153846154,30.360055473802312,53.661233979086646,41.5,68.33333333333333,45.83333333333333,22.5,55.50000000000001,9.166666666666666
CPU,CPFSK,apgd/eps0.03_default,apgd,eps0.03_default,10,200,120,63,0,8,8,57,10,110,0.0,-3.469446951953614e-16,5.747319034852547,4.0,6.666666666666667,47.5,-40.833333333333336,5.0,91.66666666666666
CPU,CPFSK,apgd/eps0.03_default,apgd,eps0.03_default,20,200,120,63,11,69,68,57,99,21,17.46031746031746,10.039293923176864,28.621659734425585,34.5,56.666666666666664,47.5,9.166666666666664,49.5,17.5
CPU,CPFSK,apgd/eps0.03_default,apgd,eps0.03_default,30,200,120,63,14,80,71,57,109,15,22.22222222222222,13.72488386182315,33.91251560198382,40.0,59.166666666666664,47.5,11.666666666666664,54.50000000000001,12.5
CPU,CPFSK,apgd/eps0.03_default,apgd,eps0.03_default,40,200,120,63,12,87,69,57,111,11,19.047619047619047,11.246081844498509,30.407020415172113,43.5,57.49999999999999,47.5,9.999999999999993,55.50000000000001,9.166666666666666
CPU,CPFSK,apgdt/eps0.03_default,apgdt,eps0.03_default,10,200,120,62,0,8,8,58,10,110,0.0,-6.938893903907228e-16,5.834609122500061,4.0,6.666666666666667,48.333333333333336,-41.66666666666667,5.0,91.66666666666666
CPU,CPFSK,apgdt/eps0.03_default,apgdt,eps0.03_default,20,200,120,62,11,70,69,58,99,21,17.741935483870968,10.20633343436175,29.04180148338023,35.0,57.49999999999999,48.333333333333336,9.166666666666657,49.5,17.5
CPU,CPFSK,apgdt/eps0.03_default,apgdt,eps0.03_default,30,200,120,62,12,76,70,58,109,15,19.35483870967742,11.433696420146605,30.85203175170827,38.0,58.333333333333336,48.333333333333336,10.0,54.50000000000001,12.5
CPU,CPFSK,apgdt/eps0.03_default,apgdt,eps0.03_default,40,200,120,62,15,79,73,58,111,11,24.193548387096776,15.245763680948542,36.152744253245054,39.5,60.83333333333333,48.333333333333336,12.499999999999993,55.50000000000001,9.166666666666666
CPU,CPFSK,autoattack/eps0.03_standard,autoattack,eps0.03_standard,10,200,120,69,0,8,8,51,10,110,0.0,0.0,5.273909414400562,4.0,6.666666666666667,42.5,-35.833333333333336,5.0,91.66666666666666
CPU,CPFSK,autoattack/eps0.03_standard,autoattack,eps0.03_standard,20,200,120,69,16,68,67,51,99,21,23.18840579710145,14.807779670568113,34.397070305269864,34.0,55.833333333333336,42.5,13.333333333333336,49.5,17.5
CPU,CPFSK,autoattack/eps0.03_standard,autoattack,eps0.03_standard,30,200,120,69,17,73,68,51,109,15,24.637681159420293,15.989647451132608,35.960886309795214,36.5,56.666666666666664,42.5,14.166666666666664,54.50000000000001,12.5
CPU,CPFSK,autoattack/eps0.03_standard,autoattack,eps0.03_standard,40,200,120,69,16,83,67,51,111,11,23.18840579710145,14.807779670568113,34.397070305269864,41.5,55.833333333333336,42.5,13.333333333333336,55.50000000000001,9.166666666666666
CPU,CPFSK,ead/package_default,ead,package_default,10,200,120,120,4,4,4,0,10,110,3.3333333333333335,1.3037340166920577,8.25815794852803,2.0,3.3333333333333335,0.0,3.3333333333333335,5.0,91.66666666666666
CPU,CPFSK,ead/package_default,ead,package_default,20,200,120,120,62,62,62,0,99,21,51.66666666666667,42.81342185286803,60.416510576945534,31.0,51.66666666666667,0.0,51.66666666666667,49.5,17.5
CPU,CPFSK,ead/package_default,ead,package_default,30,200,120,120,79,82,79,0,109,15,65.83333333333333,56.974664442928926,73.70969364029996,41.0,65.83333333333333,0.0,65.83333333333333,54.50000000000001,12.5
CPU,CPFSK,ead/package_default,ead,package_default,40,200,120,120,83,85,83,0,111,11,69.16666666666667,60.41683512553176,76.72738781732427,42.5,69.16666666666667,0.0,69.16666666666667,55.50000000000001,9.166666666666666
CPU,CPFSK,ALL/ALL_24,ALL,ALL_24,10,4800,2880,1234,10,136,136,1646,240,2640,0.8103727714748784,0.44076396533756546,1.4852983030496012,2.833333333333333,4.722222222222222,57.15277777777777,-52.43055555555555,5.0,91.66666666666666
CPU,CPFSK,ALL/ALL_24,ALL,ALL_24,20,4800,2880,1234,260,1662,1649,1646,2376,504,21.06969205834684,18.885879637914297,23.433072964745048,34.625,57.25694444444444,57.15277777777777,0.1041666666666714,49.5,17.5
CPU,CPFSK,ALL/ALL_24,ALL,ALL_24,30,4800,2880,1234,344,2000,1882,1646,2616,360,27.876823338735818,25.446595047667937,30.44436870730685,41.66666666666667,65.34722222222223,57.15277777777777,8.194444444444457,54.50000000000001,12.5
CPU,CPFSK,ALL/ALL_24,ALL,ALL_24,40,4800,2880,1234,364,2100,1937,1646,2664,264,29.497568881685577,27.019903765490294,32.10249121622627,43.75,67.25694444444444,57.15277777777777,10.104166666666671,55.50000000000001,9.166666666666666
CPU,GFSK,fgsm/eps0.005,fgsm,eps0.005,10,200,137,16,1,90,90,121,93,44,6.25,1.1119057308331208,28.32926836802987,45.0,65.69343065693431,88.32116788321169,-22.627737226277375,46.5,32.11678832116788
CPU,GFSK,fgsm/eps0.005,fgsm,eps0.005,20,200,137,16,8,117,113,121,122,19,50.0,27.99923761135083,72.00076238864916,58.5,82.48175182481752,88.32116788321169,-5.839416058394164,61.0,13.86861313868613
CPU,GFSK,fgsm/eps0.005,fgsm,eps0.005,30,200,137,16,10,130,120,121,132,12,62.5,38.64064709793481,81.5190174452472,65.0,87.59124087591242,88.32116788321169,-0.729927007299267,66.0,8.75912408759124
CPU,GFSK,fgsm/eps0.005,fgsm,eps0.005,40,200,137,16,9,138,126,121,140,9,56.25,33.17819560677652,76.90163666481448,69.0,91.97080291970804,88.32116788321169,3.649635036496349,70.0,6.569343065693431
CPU,GFSK,fgsm/eps0.01,fgsm,eps0.01,10,200,137,32,6,85,85,105,93,44,18.75,8.889423936162782,35.30949575492244,42.5,62.04379562043796,76.64233576642336,-14.598540145985396,46.5,32.11678832116788
CPU,GFSK,fgsm/eps0.01,fgsm,eps0.01,20,200,137,32,13,115,110,105,122,19,40.625,25.5194024803138,57.740273427011765,57.49999999999999,80.2919708029197,76.64233576642336,3.649635036496349,61.0,13.86861313868613
CPU,GFSK,fgsm/eps0.01,fgsm,eps0.01,30,200,137,32,17,127,115,105,132,12,53.125,36.44923793257382,69.13087009831767,63.5,83.94160583941606,76.64233576642336,7.299270072992698,66.0,8.75912408759124
CPU,GFSK,fgsm/eps0.01,fgsm,eps0.01,40,200,137,32,15,134,118,105,140,9,46.875,30.869129901682335,63.55076206742619,67.0,86.13138686131386,76.64233576642336,9.489051094890499,70.0,6.569343065693431
CPU,GFSK,fgsm/eps0.03,fgsm,eps0.03,10,200,137,88,28,67,67,49,93,44,31.818181818181817,23.02243986376389,42.134961575235444,33.5,48.9051094890511,35.76642335766424,13.138686131386862,46.5,32.11678832116788
CPU,GFSK,fgsm/eps0.03,fgsm,eps0.03,20,200,137,88,22,71,63,49,122,19,25.0,17.12820103346811,34.96322594515597,35.5,45.98540145985402,35.76642335766424,10.21897810218978,61.0,13.86861313868613
CPU,GFSK,fgsm/eps0.03,fgsm,eps0.03,30,200,137,88,19,81,62,49,132,12,21.59090909090909,14.280713983318927,31.277725765117516,40.5,45.25547445255474,35.76642335766424,9.489051094890506,66.0,8.75912408759124
CPU,GFSK,fgsm/eps0.03,fgsm,eps0.03,40,200,137,88,17,77,61,49,140,9,19.318181818181817,12.425855430009696,28.777259498301653,38.5,44.52554744525548,35.76642335766424,8.759124087591239,70.0,6.569343065693431
CPU,GFSK,fgsm/eps0.05,fgsm,eps0.05,10,200,137,100,24,54,50,37,93,44,24.0,16.691211265459966,33.23251872329213,27.0,36.496350364963504,27.00729927007299,9.489051094890513,46.5,32.11678832116788
CPU,GFSK,fgsm/eps0.05,fgsm,eps0.05,20,200,137,100,13,54,44,37,122,19,13.0,7.757093858414264,20.98052189480988,27.0,32.11678832116788,27.00729927007299,5.10948905109489,61.0,13.86861313868613
CPU,GFSK,fgsm/eps0.05,fgsm,eps0.05,30,200,137,100,10,54,39,37,132,12,10.0,5.522854161313613,17.43673043676654,27.0,28.467153284671532,27.00729927007299,1.459854014598541,66.0,8.75912408759124
CPU,GFSK,fgsm/eps0.05,fgsm,eps0.05,40,200,137,100,11,57,41,37,140,9,11.0,6.254131955225126,18.631463027903024,28.499999999999996,29.927007299270077,27.00729927007299,2.9197080291970856,70.0,6.569343065693431
CPU,GFSK,bim/eps0.03_default,bim,eps0.03_default,10,200,137,127,55,65,65,10,93,44,43.30708661417323,35.01094352073446,51.99624685296933,32.5,47.44525547445255,7.2992700729927,40.14598540145985,46.5,32.11678832116788
CPU,GFSK,bim/eps0.03_default,bim,eps0.03_default,20,200,137,127,51,65,60,10,122,19,40.15748031496063,32.04164822002565,48.85127880012697,32.5,43.79562043795621,7.2992700729927,36.49635036496351,61.0,13.86861313868613
CPU,GFSK,bim/eps0.03_default,bim,eps0.03_default,30,200,137,127,36,61,46,10,132,12,28.346456692913385,21.23370993629666,36.73072950803908,30.5,33.57664233576642,7.2992700729927,26.277372262773724,66.0,8.75912408759124
CPU,GFSK,bim/eps0.03_default,bim,eps0.03_default,40,200,137,127,17,42,26,10,140,9,13.385826771653544,8.528178945456725,20.393509569510996,21.0,18.97810218978102,7.2992700729927,11.67883211678832,70.0,6.569343065693431
CPU,GFSK,pgd/eps0.005,pgd,eps0.005,10,200,137,18,1,89,89,119,93,44,5.555555555555555,0.9874935830924525,25.75779980200754,44.5,64.96350364963503,86.86131386861314,-21.89781021897811,46.5,32.11678832116788
CPU,GFSK,pgd/eps0.005,pgd,eps0.005,20,200,137,18,8,117,113,119,122,19,44.44444444444444,24.559231101389127,66.28393057174837,58.5,82.48175182481752,86.86131386861314,-4.379562043795616,61.0,13.86861313868613
CPU,GFSK,pgd/eps0.005,pgd,eps0.005,30,200,137,18,11,131,122,119,132,12,61.111111111111114,38.61866858065617,79.69500807306883,65.5,89.05109489051095,86.86131386861314,2.189781021897815,66.0,8.75912408759124
CPU,GFSK,pgd/eps0.005,pgd,eps0.005,40,200,137,18,10,140,127,119,140,9,55.55555555555556,33.716069428251636,75.44076889861088,70.0,92.7007299270073,86.86131386861314,5.839416058394164,70.0,6.569343065693431
CPU,GFSK,pgd/eps0.01,pgd,eps0.01,10,200,137,36,7,85,85,101,93,44,19.444444444444446,9.752972019453349,35.0283620635152,42.5,62.04379562043796,73.72262773722628,-11.678832116788314,46.5,32.11678832116788
CPU,GFSK,pgd/eps0.01,pgd,eps0.01,20,200,137,36,17,115,110,101,122,19,47.22222222222222,31.985792907209337,62.99432837306054,57.49999999999999,80.2919708029197,73.72262773722628,6.569343065693431,61.0,13.86861313868613
CPU,GFSK,pgd/eps0.01,pgd,eps0.01,30,200,137,36,15,122,110,101,132,12,41.66666666666667,27.140333505087288,57.800030335722305,61.0,80.2919708029197,73.72262773722628,6.569343065693431,66.0,8.75912408759124
CPU,GFSK,pgd/eps0.01,pgd,eps0.01,40,200,137,36,15,127,112,101,140,9,41.66666666666667,27.140333505087288,57.800030335722305,63.5,81.75182481751825,73.72262773722628,8.02919708029198,70.0,6.569343065693431
CPU,GFSK,pgd/eps0.03,pgd,eps0.03,10,200,137,126,59,70,70,11,93,44,46.82539682539682,38.33575217542421,55.50289429843318,35.0,51.09489051094891,8.02919708029197,43.065693430656935,46.5,32.11678832116788
CPU,GFSK,pgd/eps0.03,pgd,eps0.03,20,200,137,126,51,70,62,11,122,19,40.476190476190474,32.310316968139844,49.20562245343229,35.0,45.25547445255474,8.02919708029197,37.22627737226277,61.0,13.86861313868613
CPU,GFSK,pgd/eps0.03,pgd,eps0.03,30,200,137,126,40,69,51,11,132,12,31.746031746031743,24.26113595627622,40.3110812684037,34.5,37.22627737226277,8.02919708029197,29.1970802919708,66.0,8.75912408759124
CPU,GFSK,pgd/eps0.03,pgd,eps0.03,40,200,137,126,26,53,37,11,140,9,20.634920634920633,14.488830948972268,28.518648934208468,26.5,27.00729927007299,8.02919708029197,18.97810218978102,70.0,6.569343065693431
CPU,GFSK,mifgsm/eps0.03_default,mifgsm,eps0.03_default,10,200,137,123,49,61,61,14,93,44,39.83739837398374,31.61974081257675,48.67063710760086,30.5,44.52554744525548,10.218978102189782,34.306569343065696,46.5,32.11678832116788
CPU,GFSK,mifgsm/eps0.03_default,mifgsm,eps0.03_default,20,200,137,123,45,69,59,14,122,19,36.58536585365854,28.59930738091735,45.38399147371709,34.5,43.06569343065693,10.218978102189782,32.84671532846715,61.0,13.86861313868613
CPU,GFSK,mifgsm/eps0.03_default,mifgsm,eps0.03_default,30,200,137,123,33,64,46,14,132,12,26.82926829268293,19.78838248441644,35.273679173588505,32.0,33.57664233576642,10.218978102189782,23.357664233576642,66.0,8.75912408759124
CPU,GFSK,mifgsm/eps0.03_default,mifgsm,eps0.03_default,40,200,137,123,15,43,28,14,140,9,12.195121951219512,7.531350974500772,19.148854888559924,21.5,20.437956204379564,10.218978102189782,10.218978102189782,70.0,6.569343065693431
CPU,GFSK,difgsm/eps0.03_default,difgsm,eps0.03_default,10,200,137,112,50,73,73,25,93,44,44.642857142857146,35.76589345942301,53.87513359821432,36.5,53.284671532846716,18.248175182481752,35.03649635036496,46.5,32.11678832116788
CPU,GFSK,difgsm/eps0.03_default,difgsm,eps0.03_default,20,200,137,112,23,56,47,25,122,19,20.535714285714285,14.091826779571093,28.933822037434197,28.000000000000004,34.306569343065696,18.248175182481752,16.058394160583944,61.0,13.86861313868613
CPU,GFSK,difgsm/eps0.03_default,difgsm,eps0.03_default,30,200,137,112,18,56,40,25,132,12,16.071428571428573,10.414453380551848,23.97871798448455,28.000000000000004,29.1970802919708,18.248175182481752,10.948905109489047,66.0,8.75912408759124
CPU,GFSK,difgsm/eps0.03_default,difgsm,eps0.03_default,40,200,137,112,17,58,40,25,140,9,15.178571428571427,9.697889223230618,22.968786651412,28.999999999999996,29.1970802919708,18.248175182481752,10.948905109489047,70.0,6.569343065693431
CPU,GFSK,vmifgsm/eps0.03_default,vmifgsm,eps0.03_default,10,200,137,124,48,59,59,13,93,44,38.70967741935484,30.59857259817207,47.49932354830919,29.5,43.06569343065693,9.48905109489051,33.57664233576642,46.5,32.11678832116788
CPU,GFSK,vmifgsm/eps0.03_default,vmifgsm,eps0.03_default,20,200,137,124,42,65,54,13,122,19,33.87096774193548,26.137256605166527,42.57402360409242,32.5,39.416058394160586,9.48905109489051,29.927007299270077,61.0,13.86861313868613
CPU,GFSK,vmifgsm/eps0.03_default,vmifgsm,eps0.03_default,30,200,137,124,26,53,39,13,132,12,20.967741935483872,14.72978818443016,28.950516192235966,26.5,28.467153284671532,9.48905109489051,18.978102189781023,66.0,8.75912408759124
CPU,GFSK,vmifgsm/eps0.03_default,vmifgsm,eps0.03_default,40,200,137,124,16,44,29,13,140,9,12.903225806451612,8.100761827143556,19.93518265415205,22.0,21.16788321167883,9.48905109489051,11.678832116788321,70.0,6.569343065693431
CPU,GFSK,vnifgsm/eps0.03_default,vnifgsm,eps0.03_default,10,200,137,122,45,55,55,15,93,44,36.885245901639344,28.845943546125767,45.72526343153504,27.500000000000004,40.14598540145985,10.948905109489052,29.1970802919708,46.5,32.11678832116788
CPU,GFSK,vnifgsm/eps0.03_default,vnifgsm,eps0.03_default,20,200,137,122,41,65,53,15,122,19,33.60655737704918,25.83871775955705,42.37529096251895,32.5,38.68613138686132,10.948905109489052,27.737226277372265,61.0,13.86861313868613
CPU,GFSK,vnifgsm/eps0.03_default,vnifgsm,eps0.03_default,30,200,137,122,26,59,39,15,132,12,21.311475409836063,14.978911098268174,29.39560416536483,29.5,28.467153284671532,10.948905109489052,17.518248175182478,66.0,8.75912408759124
CPU,GFSK,vnifgsm/eps0.03_default,vnifgsm,eps0.03_default,40,200,137,122,12,40,25,15,140,9,9.836065573770492,5.716445517274648,16.407875851811568,20.0,18.248175182481752,10.948905109489052,7.2992700729927,70.0,6.569343065693431
CPU,GFSK,rfgsm/eps0.03_default,rfgsm,eps0.03_default,10,200,137,124,60,73,73,13,93,44,48.38709677419355,39.77251649074819,57.0986115301777,36.5,53.284671532846716,9.48905109489051,43.7956204379562,46.5,32.11678832116788
CPU,GFSK,rfgsm/eps0.03_default,rfgsm,eps0.03_default,20,200,137,124,44,64,56,13,122,19,35.483870967741936,27.614506804215573,44.22564538411749,32.0,40.87591240875913,9.48905109489051,31.386861313868618,61.0,13.86861313868613
CPU,GFSK,rfgsm/eps0.03_default,rfgsm,eps0.03_default,30,200,137,124,34,62,47,13,132,12,27.419354838709676,20.33498857097495,35.86080372198758,31.0,34.306569343065696,9.48905109489051,24.817518248175187,66.0,8.75912408759124
CPU,GFSK,rfgsm/eps0.03_default,rfgsm,eps0.03_default,40,200,137,124,19,47,32,13,140,9,15.32258064516129,10.03417413599266,22.6950783139141,23.5,23.357664233576642,9.48905109489051,13.868613138686133,70.0,6.569343065693431
CPU,GFSK,tpgd/eps0.03_default,tpgd,eps0.03_default,10,200,137,67,27,88,88,70,93,44,40.298507462686565,29.39031193036935,52.25888853941111,44.0,64.23357664233576,51.09489051094891,13.138686131386855,46.5,32.11678832116788
CPU,GFSK,tpgd/eps0.03_default,tpgd,eps0.03_default,20,200,137,67,23,95,90,70,122,19,34.32835820895522,24.088841959339707,46.26755879953642,47.5,65.69343065693431,51.09489051094891,14.598540145985403,61.0,13.86861313868613
CPU,GFSK,tpgd/eps0.03_default,tpgd,eps0.03_default,30,200,137,67,20,101,89,70,132,12,29.850746268656714,20.23136115497689,41.655439820721,50.5,64.96350364963503,51.09489051094891,13.868613138686122,66.0,8.75912408759124
CPU,GFSK,tpgd/eps0.03_default,tpgd,eps0.03_default,40,200,137,67,9,92,79,70,140,9,13.432835820895523,7.231009995983991,23.600591774727004,46.0,57.66423357664233,51.09489051094891,6.569343065693424,70.0,6.569343065693431
CPU,GFSK,cw/c1_steps20_lr0.01,cw,c1_steps20_lr0.01,10,200,137,118,58,73,73,19,93,44,49.152542372881356,40.30222879867755,58.05629571183447,36.5,53.284671532846716,13.86861313868613,39.416058394160586,46.5,32.11678832116788
CPU,GFSK,cw/c1_steps20_lr0.01,cw,c1_steps20_lr0.01,20,200,137,118,79,101,97,19,122,19,66.94915254237289,58.045068723629775,74.78444106613004,50.5,70.8029197080292,13.86861313868613,56.934306569343065,61.0,13.86861313868613
CPU,GFSK,cw/c1_steps20_lr0.01,cw,c1_steps20_lr0.01,30,200,137,118,75,104,93,19,132,12,63.559322033898304,54.575544867159856,71.688062964648,52.0,67.88321167883211,13.86861313868613,54.01459854014598,66.0,8.75912408759124
CPU,GFSK,cw/c1_steps20_lr0.01,cw,c1_steps20_lr0.01,40,200,137,118,72,104,91,19,140,9,61.016949152542374,52.002556569519484,69.33662479382441,52.0,66.42335766423358,13.86861313868613,52.55474452554745,70.0,6.569343065693431
CPU,GFSK,deepfool/package_default,deepfool,package_default,10,200,137,136,80,80,80,1,93,44,58.82352941176471,50.42039577707757,66.74187925410055,40.0,58.3941605839416,0.7299270072992701,57.66423357664233,46.5,32.11678832116788
CPU,GFSK,deepfool/package_default,deepfool,package_default,20,200,137,136,99,104,100,1,122,19,72.79411764705883,64.76546569380525,79.57041147007158,52.0,72.99270072992701,0.7299270072992701,72.26277372262774,61.0,13.86861313868613
CPU,GFSK,deepfool/package_default,deepfool,package_default,30,200,137,136,104,114,104,1,132,12,76.47058823529412,68.67533500243428,82.81149009110011,56.99999999999999,75.91240875912408,0.7299270072992701,75.18248175182481,66.0,8.75912408759124
CPU,GFSK,deepfool/package_default,deepfool,package_default,40,200,137,136,99,110,99,1,140,9,72.79411764705883,64.76546569380525,79.57041147007158,55.00000000000001,72.26277372262774,0.7299270072992701,71.53284671532847,70.0,6.569343065693431
CPU,GFSK,fab/eps0.005,fab,eps0.005,10,200,137,18,2,92,92,119,93,44,11.11111111111111,3.101886845358279,32.80024486660421,46.0,67.15328467153284,86.86131386861314,-19.708029197080293,46.5,32.11678832116788
CPU,GFSK,fab/eps0.005,fab,eps0.005,20,200,137,18,8,121,117,119,122,19,44.44444444444444,24.559231101389127,66.28393057174837,60.5,85.40145985401459,86.86131386861314,-1.4598540145985481,61.0,13.86861313868613
CPU,GFSK,fab/eps0.005,fab,eps0.005,30,200,137,18,11,134,124,119,132,12,61.111111111111114,38.61866858065617,79.69500807306883,67.0,90.51094890510949,86.86131386861314,3.649635036496349,66.0,8.75912408759124
CPU,GFSK,fab/eps0.005,fab,eps0.005,40,200,137,18,9,138,126,119,140,9,50.0,29.03070395897999,70.96929604102,69.0,91.97080291970804,86.86131386861314,5.109489051094897,70.0,6.569343065693431
CPU,GFSK,fab/eps0.01,fab,eps0.01,10,200,137,35,8,91,91,102,93,44,22.857142857142858,12.065736746179102,39.017637780102,45.5,66.42335766423358,74.45255474452554,-8.029197080291965,46.5,32.11678832116788
CPU,GFSK,fab/eps0.01,fab,eps0.01,20,200,137,35,15,117,113,102,122,19,42.857142857142854,27.984333081678912,59.14287074102662,58.5,82.48175182481752,74.45255474452554,8.02919708029198,61.0,13.86861313868613
CPU,GFSK,fab/eps0.01,fab,eps0.01,30,200,137,35,22,132,122,102,132,12,62.857142857142854,46.33664048802106,76.83439263110894,66.0,89.05109489051095,74.45255474452554,14.59854014598541,66.0,8.75912408759124
CPU,GFSK,fab/eps0.01,fab,eps0.01,40,200,137,35,20,134,122,102,140,9,57.14285714285714,40.857129258973366,72.01566691832107,67.0,89.05109489051095,74.45255474452554,14.59854014598541,70.0,6.569343065693431
CPU,GFSK,fab/eps0.03,fab,eps0.03,10,200,137,118,67,86,86,19,93,44,56.779661016949156,47.76703089507045,65.36477302083348,43.0,62.77372262773723,13.86861313868613,48.9051094890511,46.5,32.11678832116788
CPU,GFSK,fab/eps0.03,fab,eps0.03,20,200,137,118,86,109,105,19,122,19,72.88135593220339,64.23296059039536,80.08687762578037,54.50000000000001,76.64233576642336,13.86861313868613,62.77372262773723,61.0,13.86861313868613
CPU,GFSK,fab/eps0.03,fab,eps0.03,30,200,137,118,93,122,112,19,132,12,78.8135593220339,70.59259027793365,85.21757636465803,61.0,81.75182481751825,13.86861313868613,67.88321167883213,66.0,8.75912408759124
CPU,GFSK,fab/eps0.03,fab,eps0.03,40,200,137,118,89,119,108,19,140,9,75.42372881355932,66.93534897050439,82.30891571413532,59.5,78.83211678832117,13.86861313868613,64.96350364963504,70.0,6.569343065693431
CPU,GFSK,square/eps0.03_default,square,eps0.03_default,10,200,137,129,67,75,75,8,93,44,51.93798449612403,43.38540255591821,60.378478637924694,37.5,54.74452554744526,5.839416058394161,48.9051094890511,46.5,32.11678832116788
CPU,GFSK,square/eps0.03_default,square,eps0.03_default,20,200,137,129,77,88,85,8,122,19,59.68992248062015,51.06345545991948,67.75595050929498,44.0,62.04379562043796,5.839416058394161,56.2043795620438,61.0,13.86861313868613
CPU,GFSK,square/eps0.03_default,square,eps0.03_default,30,200,137,129,79,101,87,8,132,12,61.240310077519375,52.623779368868405,69.20673155542038,50.5,63.503649635036496,5.839416058394161,57.66423357664233,66.0,8.75912408759124
CPU,GFSK,square/eps0.03_default,square,eps0.03_default,40,200,137,129,77,104,85,8,140,9,59.68992248062015,51.06345545991948,67.75595050929498,52.0,62.04379562043796,5.839416058394161,56.2043795620438,70.0,6.569343065693431
CPU,GFSK,apgd/eps0.03_default,apgd,eps0.03_default,10,200,137,127,52,62,62,10,93,44,40.94488188976378,32.78074164242729,49.64075121611312,31.0,45.25547445255474,7.2992700729927,37.956204379562045,46.5,32.11678832116788
CPU,GFSK,apgd/eps0.03_default,apgd,eps0.03_default,20,200,137,127,54,72,64,10,122,19,42.51968503937008,34.26540603515439,51.213218500161595,36.0,46.715328467153284,7.2992700729927,39.416058394160586,61.0,13.86861313868613
CPU,GFSK,apgd/eps0.03_default,apgd,eps0.03_default,30,200,137,127,36,63,46,10,132,12,28.346456692913385,21.23370993629666,36.73072950803908,31.5,33.57664233576642,7.2992700729927,26.277372262773724,66.0,8.75912408759124
CPU,GFSK,apgd/eps0.03_default,apgd,eps0.03_default,40,200,137,127,20,43,30,10,140,9,15.748031496062993,10.431731296129932,23.075654734001162,21.5,21.897810218978105,7.2992700729927,14.598540145985405,70.0,6.569343065693431
CPU,GFSK,apgdt/eps0.03_default,apgdt,eps0.03_default,10,200,137,130,57,64,64,7,93,44,43.84615384615385,35.61441424577135,52.431156040298156,32.0,46.715328467153284,5.109489051094891,41.605839416058394,46.5,32.11678832116788
CPU,GFSK,apgdt/eps0.03_default,apgdt,eps0.03_default,20,200,137,130,44,55,51,7,122,19,33.84615384615385,26.27976766461052,42.33985433632193,27.500000000000004,37.22627737226277,5.109489051094891,32.11678832116788,61.0,13.86861313868613
CPU,GFSK,apgdt/eps0.03_default,apgdt,eps0.03_default,30,200,137,130,41,63,48,7,132,12,31.538461538461537,24.178197290601993,39.958513567606516,31.5,35.03649635036496,5.109489051094891,29.927007299270073,66.0,8.75912408759124
CPU,GFSK,apgdt/eps0.03_default,apgdt,eps0.03_default,40,200,137,130,25,46,32,7,140,9,19.230769230769234,13.378765430531075,26.84908599981644,23.0,23.357664233576642,5.109489051094891,18.248175182481752,70.0,6.569343065693431
CPU,GFSK,autoattack/eps0.03_standard,autoattack,eps0.03_standard,10,200,137,131,59,65,65,6,93,44,45.038167938931295,36.78054810132372,53.57851023082302,32.5,47.44525547445255,4.37956204379562,43.06569343065693,46.5,32.11678832116788
CPU,GFSK,autoattack/eps0.03_standard,autoattack,eps0.03_standard,20,200,137,131,57,71,63,6,122,19,43.51145038167939,35.32618019412418,52.06643454791388,35.5,45.98540145985402,4.37956204379562,41.605839416058394,61.0,13.86861313868613
CPU,GFSK,autoattack/eps0.03_standard,autoattack,eps0.03_standard,30,200,137,131,41,66,47,6,132,12,31.297709923664126,23.985585648777725,39.67548037239081,33.0,34.306569343065696,4.37956204379562,29.927007299270077,66.0,8.75912408759124
CPU,GFSK,autoattack/eps0.03_standard,autoattack,eps0.03_standard,40,200,137,131,21,41,27,6,140,9,16.030534351145036,10.730467219468999,23.26616290061263,20.5,19.708029197080293,4.37956204379562,15.328467153284674,70.0,6.569343065693431
CPU,GFSK,ead/package_default,ead,package_default,10,200,137,137,81,81,81,0,93,44,59.12408759124088,50.75233039118283,66.99810697959401,40.5,59.12408759124088,0.0,59.12408759124088,46.5,32.11678832116788
CPU,GFSK,ead/package_default,ead,package_default,20,200,137,137,110,115,110,0,122,19,80.2919708029197,72.84423237860051,86.08721969237853,57.49999999999999,80.2919708029197,0.0,80.2919708029197,61.0,13.86861313868613
CPU,GFSK,ead/package_default,ead,package_default,30,200,137,137,116,128,116,0,132,12,84.67153284671532,77.70125635628796,89.75040565266393,64.0,84.67153284671532,0.0,84.67153284671532,66.0,8.75912408759124
CPU,GFSK,ead/package_default,ead,package_default,40,200,137,137,114,126,114,0,140,9,83.21167883211679,76.06682056250905,88.54477146711855,63.0,83.21167883211679,0.0,83.21167883211679,70.0,6.569343065693431
CPU,GFSK,ALL/ALL_24,ALL,ALL_24,10,4800,3288,2294,991,1783,1779,994,2232,1056,43.19965126416739,41.185584448005756,45.23645613129268,37.145833333333336,54.1058394160584,30.231143552311433,23.874695863746968,46.5,32.11678832116788
CPU,GFSK,ALL/ALL_24,ALL,ALL_24,20,4800,3288,2294,1030,2091,1939,994,2928,456,44.89973844812554,42.874510466764875,46.942019967708944,43.5625,58.97201946472019,30.231143552311433,28.740875912408757,61.0,13.86861313868613
CPU,GFSK,ALL/ALL_24,ALL,ALL_24,30,4800,3288,2294,933,2197,1864,994,3168,288,40.67131647776809,38.67834883500805,42.695476062234654,45.770833333333336,56.69099756690997,30.231143552311433,26.459854014598537,66.0,8.75912408759124
CPU,GFSK,ALL/ALL_24,ALL,ALL_24,40,4800,3288,2294,754,2057,1715,994,3360,216,32.86835222319093,30.97612803882382,34.81785880517796,42.854166666666664,52.15936739659367,30.231143552311433,21.92822384428224,70.0,6.569343065693431
CPU,PAM4,fgsm/eps0.005,fgsm,eps0.005,10,200,143,10,2,130,129,133,130,14,20.0,5.6680947980693315,50.98431532792765,65.0,90.20979020979021,93.00699300699301,-2.7972027972028,65.0,9.79020979020979
CPU,PAM4,fgsm/eps0.005,fgsm,eps0.005,20,200,143,10,6,142,138,133,144,5,60.0,31.266954745018637,83.18224187964903,71.0,96.5034965034965,93.00699300699301,3.496503496503493,72.0,3.4965034965034967
CPU,PAM4,fgsm/eps0.005,fgsm,eps0.005,30,200,143,10,7,150,140,133,148,3,70.0,39.67732199795652,89.2210712513788,75.0,97.9020979020979,93.00699300699301,4.895104895104893,74.0,2.097902097902098
CPU,PAM4,fgsm/eps0.005,fgsm,eps0.005,40,200,143,10,7,145,140,133,146,2,70.0,39.67732199795652,89.2210712513788,72.5,97.9020979020979,93.00699300699301,4.895104895104893,73.0,1.3986013986013985
CPU,PAM4,fgsm/eps0.01,fgsm,eps0.01,10,200,143,19,7,129,128,124,130,14,36.84210526315789,19.149272376273842,58.96084250184328,64.5,89.5104895104895,86.7132867132867,2.7972027972028,65.0,9.79020979020979
CPU,PAM4,fgsm/eps0.01,fgsm,eps0.01,20,200,143,19,13,143,137,124,144,5,68.42105263157895,46.01001017506463,84.6358289955714,71.5,95.8041958041958,86.7132867132867,9.090909090909093,72.0,3.4965034965034967
CPU,PAM4,fgsm/eps0.01,fgsm,eps0.01,30,200,143,19,15,152,139,124,148,3,78.94736842105263,56.66528575973392,91.49246150840843,76.0,97.2027972027972,86.7132867132867,10.489510489510494,74.0,2.097902097902098
CPU,PAM4,fgsm/eps0.01,fgsm,eps0.01,40,200,143,19,13,144,137,124,146,2,68.42105263157895,46.01001017506463,84.6358289955714,72.0,95.8041958041958,86.7132867132867,9.090909090909093,73.0,1.3986013986013985
CPU,PAM4,fgsm/eps0.03,fgsm,eps0.03,10,200,143,45,32,129,127,98,130,14,71.11111111111111,56.631182527739774,82.27008196809984,64.5,88.81118881118881,68.53146853146853,20.27972027972028,65.0,9.79020979020979
CPU,PAM4,fgsm/eps0.03,fgsm,eps0.03,20,200,143,45,33,140,131,98,144,5,73.33333333333333,58.960883302824705,84.03525113994537,70.0,91.6083916083916,68.53146853146853,23.076923076923066,72.0,3.4965034965034967
CPU,PAM4,fgsm/eps0.03,fgsm,eps0.03,30,200,143,45,30,142,127,98,148,3,66.66666666666666,52.0702168092554,78.64130779272324,71.0,88.81118881118881,68.53146853146853,20.27972027972028,74.0,2.097902097902098
CPU,PAM4,fgsm/eps0.03,fgsm,eps0.03,40,200,143,45,26,134,123,98,146,2,57.77777777777777,43.300532795944505,71.0315120183122,67.0,86.01398601398601,68.53146853146853,17.48251748251748,73.0,1.3986013986013985
CPU,PAM4,fgsm/eps0.05,fgsm,eps0.05,10,200,143,57,39,121,120,86,130,14,68.42105263157895,55.51998120281706,78.99587636831848,60.5,83.91608391608392,60.13986013986013,23.776223776223787,65.0,9.79020979020979
CPU,PAM4,fgsm/eps0.05,fgsm,eps0.05,20,200,143,57,36,126,118,86,144,5,63.1578947368421,50.177559485547604,74.47662449383492,63.0,82.51748251748252,60.13986013986013,22.377622377622387,72.0,3.4965034965034967
CPU,PAM4,fgsm/eps0.05,fgsm,eps0.05,30,200,143,57,27,120,110,86,148,3,47.368421052631575,34.98695765634663,60.082205547776844,60.0,76.92307692307693,60.13986013986013,16.7832167832168,74.0,2.097902097902098
CPU,PAM4,fgsm/eps0.05,fgsm,eps0.05,40,200,143,57,16,106,99,86,146,2,28.07017543859649,18.079248284972227,40.83044508272356,53.0,69.23076923076923,60.13986013986013,9.090909090909093,73.0,1.3986013986013985
CPU,PAM4,bim/eps0.03_default,bim,eps0.03_default,10,200,143,57,42,129,128,86,130,14,73.68421052631578,61.023173584736256,83.35435757815229,64.5,89.5104895104895,60.13986013986013,29.370629370629374,65.0,9.79020979020979
CPU,PAM4,bim/eps0.03_default,bim,eps0.03_default,20,200,143,57,42,139,128,86,144,5,73.68421052631578,61.023173584736256,83.35435757815229,69.5,89.5104895104895,60.13986013986013,29.370629370629374,72.0,3.4965034965034967
CPU,PAM4,bim/eps0.03_default,bim,eps0.03_default,30,200,143,57,42,143,128,86,148,3,73.68421052631578,61.023173584736256,83.35435757815229,71.5,89.5104895104895,60.13986013986013,29.370629370629374,74.0,2.097902097902098
CPU,PAM4,bim/eps0.03_default,bim,eps0.03_default,40,200,143,57,33,129,119,86,146,2,57.89473684210527,44.979910140681376,69.81260024694814,64.5,83.21678321678321,60.13986013986013,23.07692307692308,73.0,1.3986013986013985
CPU,PAM4,pgd/eps0.005,pgd,eps0.005,10,200,143,11,2,130,129,132,130,14,18.181818181818183,5.136660067100063,47.69861375782448,65.0,90.20979020979021,92.3076923076923,-2.097902097902093,65.0,9.79020979020979
CPU,PAM4,pgd/eps0.005,pgd,eps0.005,20,200,143,11,6,141,138,132,144,5,54.54545454545454,28.008775568998818,78.72904245601195,70.5,96.5034965034965,92.3076923076923,4.1958041958042,72.0,3.4965034965034967
CPU,PAM4,pgd/eps0.005,pgd,eps0.005,30,200,143,11,8,150,140,132,148,3,72.72727272727273,43.43497069897537,90.25411942607853,75.0,97.9020979020979,92.3076923076923,5.5944055944056,74.0,2.097902097902098
CPU,PAM4,pgd/eps0.005,pgd,eps0.005,40,200,143,11,8,147,140,132,146,2,72.72727272727273,43.43497069897537,90.25411942607853,73.5,97.9020979020979,92.3076923076923,5.5944055944056,73.0,1.3986013986013985
CPU,PAM4,pgd/eps0.01,pgd,eps0.01,10,200,143,20,8,129,128,123,130,14,40.0,21.880396741419272,61.342205768479396,64.5,89.5104895104895,86.01398601398601,3.496503496503493,65.0,9.79020979020979
CPU,PAM4,pgd/eps0.01,pgd,eps0.01,20,200,143,20,15,144,138,123,144,5,75.0,53.12949900419365,88.8139947210597,72.0,96.5034965034965,86.01398601398601,10.489510489510494,72.0,3.4965034965034967
CPU,PAM4,pgd/eps0.01,pgd,eps0.01,30,200,143,20,16,153,139,123,148,3,80.0,58.39782779742401,91.93436467288,76.5,97.2027972027972,86.01398601398601,11.188811188811187,74.0,2.097902097902098
CPU,PAM4,pgd/eps0.01,pgd,eps0.01,40,200,143,20,14,143,137,123,146,2,70.0,48.102322377102055,85.4524726031006,71.5,95.8041958041958,86.01398601398601,9.790209790209786,73.0,1.3986013986013985
CPU,PAM4,pgd/eps0.03,pgd,eps0.03,10,200,143,53,39,128,127,90,130,14,73.58490566037736,60.41907894277545,83.56279348868316,64.0,88.81118881118881,62.93706293706294,25.874125874125873,65.0,9.79020979020979
CPU,PAM4,pgd/eps0.03,pgd,eps0.03,20,200,143,53,40,141,130,90,144,5,75.47169811320755,62.43318493782992,85.06723728814542,70.5,90.9090909090909,62.93706293706294,27.972027972027966,72.0,3.4965034965034967
CPU,PAM4,pgd/eps0.03,pgd,eps0.03,30,200,143,53,35,139,125,90,148,3,66.0377358490566,52.594536110820954,77.3131371425709,69.5,87.41258741258741,62.93706293706294,24.475524475524473,74.0,2.097902097902098
CPU,PAM4,pgd/eps0.03,pgd,eps0.03,40,200,143,53,25,123,115,90,146,2,47.16981132075472,34.3820276089814,60.34014769924354,61.5,80.41958041958041,62.93706293706294,17.482517482517473,73.0,1.3986013986013985
CPU,PAM4,mifgsm/eps0.03_default,mifgsm,eps0.03_default,10,200,143,54,38,127,126,89,130,14,70.37037037037037,57.17217482621142,80.86273430493296,63.5,88.11188811188812,62.23776223776224,25.87412587412588,65.0,9.79020979020979
CPU,PAM4,mifgsm/eps0.03_default,mifgsm,eps0.03_default,20,200,143,54,42,146,131,89,144,5,77.77777777777779,65.0610731684122,86.80471201042104,73.0,91.6083916083916,62.23776223776224,29.37062937062936,72.0,3.4965034965034967
CPU,PAM4,mifgsm/eps0.03_default,mifgsm,eps0.03_default,30,200,143,54,39,144,128,89,148,3,72.22222222222221,59.109303591277786,82.38332455178879,72.0,89.5104895104895,62.23776223776224,27.272727272727266,74.0,2.097902097902098
CPU,PAM4,mifgsm/eps0.03_default,mifgsm,eps0.03_default,40,200,143,54,30,132,119,89,146,2,55.55555555555556,42.375413911364454,67.99774312440219,66.0,83.21678321678321,62.23776223776224,20.979020979020973,73.0,1.3986013986013985
CPU,PAM4,difgsm/eps0.03_default,difgsm,eps0.03_default,10,200,143,39,17,121,120,104,130,14,43.58974358974359,29.30452416170466,59.02457652547789,60.5,83.91608391608392,72.72727272727273,11.188811188811187,65.0,9.79020979020979
CPU,PAM4,difgsm/eps0.03_default,difgsm,eps0.03_default,20,200,143,39,18,132,121,104,144,5,46.15384615384615,31.56664723404835,61.43081317826119,66.0,84.61538461538461,72.72727272727273,11.88811188811188,72.0,3.4965034965034967
CPU,PAM4,difgsm/eps0.03_default,difgsm,eps0.03_default,30,200,143,39,15,134,118,104,148,3,38.46153846153847,24.891162547007063,54.10121868992154,67.0,82.51748251748252,72.72727272727273,9.790209790209786,74.0,2.097902097902098
CPU,PAM4,difgsm/eps0.03_default,difgsm,eps0.03_default,40,200,143,39,7,121,109,104,146,2,17.94871794871795,8.977151811469994,32.66835162444276,60.5,76.22377622377621,72.72727272727273,3.496503496503479,73.0,1.3986013986013985
CPU,PAM4,vmifgsm/eps0.03_default,vmifgsm,eps0.03_default,10,200,143,55,39,127,126,88,130,14,70.9090909090909,57.85902917965606,81.22896298914968,63.5,88.11188811188812,61.53846153846154,26.57342657342658,65.0,9.79020979020979
CPU,PAM4,vmifgsm/eps0.03_default,vmifgsm,eps0.03_default,20,200,143,55,41,138,129,88,144,5,74.54545454545455,61.69787660766216,84.188027242675,69.0,90.20979020979021,61.53846153846154,28.671328671328673,72.0,3.4965034965034967
CPU,PAM4,vmifgsm/eps0.03_default,vmifgsm,eps0.03_default,30,200,143,55,39,142,127,88,148,3,70.9090909090909,57.85902917965606,81.22896298914968,71.0,88.81118881118881,61.53846153846154,27.272727272727273,74.0,2.097902097902098
CPU,PAM4,vmifgsm/eps0.03_default,vmifgsm,eps0.03_default,40,200,143,55,29,128,117,88,146,2,52.72727272727272,39.79131907162938,65.30711468951918,64.0,81.81818181818183,61.53846153846154,20.279720279720287,73.0,1.3986013986013985
CPU,PAM4,vnifgsm/eps0.03_default,vnifgsm,eps0.03_default,10,200,143,55,40,128,126,88,130,14,72.72727272727273,59.76755051758511,82.71939749198636,64.0,88.11188811188812,61.53846153846154,26.57342657342658,65.0,9.79020979020979
CPU,PAM4,vnifgsm/eps0.03_default,vnifgsm,eps0.03_default,20,200,143,55,42,141,130,88,144,5,76.36363636363637,63.65138127856039,85.6334784125425,70.5,90.9090909090909,61.53846153846154,29.370629370629366,72.0,3.4965034965034967
CPU,PAM4,vnifgsm/eps0.03_default,vnifgsm,eps0.03_default,30,200,143,55,38,138,126,88,148,3,69.0909090909091,55.971160848617274,79.71787547942276,69.0,88.11188811188812,61.53846153846154,26.57342657342658,74.0,2.097902097902098
CPU,PAM4,vnifgsm/eps0.03_default,vnifgsm,eps0.03_default,40,200,143,55,27,122,115,88,146,2,49.09090909090909,36.376560487101585,61.92396159251554,61.0,80.41958041958041,61.53846153846154,18.881118881118873,73.0,1.3986013986013985
CPU,PAM4,rfgsm/eps0.03_default,rfgsm,eps0.03_default,10,200,143,56,43,133,130,87,130,14,76.78571428571429,64.23159664807568,85.90075275434671,66.5,90.9090909090909,60.83916083916085,30.06993006993006,65.0,9.79020979020979
CPU,PAM4,rfgsm/eps0.03_default,rfgsm,eps0.03_default,20,200,143,56,41,142,128,87,144,5,73.21428571428571,60.40519481066104,83.04284133810503,71.0,89.5104895104895,60.83916083916085,28.67132867132866,72.0,3.4965034965034967
CPU,PAM4,rfgsm/eps0.03_default,rfgsm,eps0.03_default,30,200,143,56,40,142,127,87,148,3,71.42857142857143,58.524500913641255,81.58137860829666,71.0,88.81118881118881,60.83916083916085,27.972027972027966,74.0,2.097902097902098
CPU,PAM4,rfgsm/eps0.03_default,rfgsm,eps0.03_default,40,200,143,56,33,128,120,87,146,2,58.92857142857143,45.877362113703654,70.83342102043714,64.0,83.91608391608392,60.83916083916085,23.076923076923073,73.0,1.3986013986013985
CPU,PAM4,tpgd/eps0.03_default,tpgd,eps0.03_default,10,200,143,31,19,132,129,112,130,14,61.29032258064516,43.823801141131966,76.26712464872844,66.0,90.20979020979021,78.32167832167832,11.888111888111894,65.0,9.79020979020979
CPU,PAM4,tpgd/eps0.03_default,tpgd,eps0.03_default,20,200,143,31,22,140,134,112,144,5,70.96774193548387,53.407340042459325,83.90437928156713,70.0,93.7062937062937,78.32167832167832,15.384615384615387,72.0,3.4965034965034967
CPU,PAM4,tpgd/eps0.03_default,tpgd,eps0.03_default,30,200,143,31,18,140,130,112,148,3,58.06451612903226,40.765964352020966,73.58469692645075,70.0,90.9090909090909,78.32167832167832,12.587412587412587,74.0,2.097902097902098
CPU,PAM4,tpgd/eps0.03_default,tpgd,eps0.03_default,40,200,143,31,15,133,127,112,146,2,48.38709677419355,31.96998603127883,65.15988171302683,66.5,88.81118881118881,78.32167832167832,10.489510489510494,73.0,1.3986013986013985
CPU,PAM4,cw/c1_steps20_lr0.01,cw,c1_steps20_lr0.01,10,200,143,136,108,114,113,7,130,14,79.41176470588235,71.85348706811318,85.35409636914724,56.99999999999999,79.02097902097903,4.895104895104895,74.12587412587413,65.0,9.79020979020979
CPU,PAM4,cw/c1_steps20_lr0.01,cw,c1_steps20_lr0.01,20,200,143,136,103,116,109,7,144,5,75.73529411764706,67.88806041686492,82.16857509073797,57.99999999999999,76.22377622377621,4.895104895104895,71.32867132867132,72.0,3.4965034965034967
CPU,PAM4,cw/c1_steps20_lr0.01,cw,c1_steps20_lr0.01,30,200,143,136,86,104,92,7,148,3,63.23529411764706,54.87184952588498,70.8715630208822,52.0,64.33566433566433,4.895104895104895,59.44055944055944,74.0,2.097902097902098
CPU,PAM4,cw/c1_steps20_lr0.01,cw,c1_steps20_lr0.01,40,200,143,136,81,94,87,7,146,2,59.55882352941176,51.15764551936605,67.4348190977436,47.0,60.83916083916085,4.895104895104895,55.944055944055954,73.0,1.3986013986013985
CPU,PAM4,deepfool/package_default,deepfool,package_default,10,200,143,142,123,124,123,1,130,14,86.61971830985915,80.0462485425338,91.26399489966649,62.0,86.01398601398601,0.6993006993006993,85.31468531468532,65.0,9.79020979020979
CPU,PAM4,deepfool/package_default,deepfool,package_default,20,200,143,142,130,138,131,1,144,5,91.54929577464789,85.80978629768357,95.09991299250522,69.0,91.6083916083916,0.6993006993006993,90.9090909090909,72.0,3.4965034965034967
CPU,PAM4,deepfool/package_default,deepfool,package_default,30,200,143,142,127,142,128,1,148,3,89.43661971830986,83.30226167242017,93.49338511148785,71.0,89.5104895104895,0.6993006993006993,88.81118881118881,74.0,2.097902097902098
CPU,PAM4,deepfool/package_default,deepfool,package_default,40,200,143,142,125,136,126,1,146,2,88.02816901408451,81.66335958722644,92.38958552582773,68.0,88.11188811188812,0.6993006993006993,87.41258741258743,73.0,1.3986013986013985
CPU,PAM4,fab/eps0.005,fab,eps0.005,10,200,143,12,2,129,128,131,130,14,16.666666666666664,4.696414761482223,44.80363573846727,64.5,89.5104895104895,91.6083916083916,-2.097902097902093,65.0,9.79020979020979
CPU,PAM4,fab/eps0.005,fab,eps0.005,20,200,143,12,7,143,138,131,144,5,58.333333333333336,31.95073356553728,80.67425380947535,71.5,96.5034965034965,91.6083916083916,4.895104895104907,72.0,3.4965034965034967
CPU,PAM4,fab/eps0.005,fab,eps0.005,30,200,143,12,9,147,140,131,148,3,75.0,46.768966087934004,91.10599603710386,73.5,97.9020979020979,91.6083916083916,6.2937062937063075,74.0,2.097902097902098
CPU,PAM4,fab/eps0.005,fab,eps0.005,40,200,143,12,10,147,141,131,146,2,83.33333333333334,55.196364261532736,95.30358523851777,73.5,98.6013986013986,91.6083916083916,6.9930069930070005,73.0,1.3986013986013985
CPU,PAM4,fab/eps0.01,fab,eps0.01,10,200,143,21,8,129,128,122,130,14,38.095238095238095,20.750767797982505,59.12170418449848,64.5,89.5104895104895,85.3146853146853,4.1958041958042,65.0,9.79020979020979
CPU,PAM4,fab/eps0.01,fab,eps0.01,20,200,143,21,16,143,138,122,144,5,76.19047619047619,54.90841802765406,89.37214361088773,71.5,96.5034965034965,85.3146853146853,11.1888111888112,72.0,3.4965034965034967
CPU,PAM4,fab/eps0.01,fab,eps0.01,30,200,143,21,18,149,140,122,148,3,85.71428571428571,65.36350585077048,95.0190782017865,74.5,97.9020979020979,85.3146853146853,12.5874125874126,74.0,2.097902097902098
CPU,PAM4,fab/eps0.01,fab,eps0.01,40,200,143,21,19,148,141,122,146,2,90.47619047619048,71.08541613925932,97.34817912030528,74.0,98.6013986013986,85.3146853146853,13.286713286713294,73.0,1.3986013986013985
CPU,PAM4,fab/eps0.03,fab,eps0.03,10,200,143,51,37,130,129,92,130,14,72.54901960784314,59.05308805092127,82.88587798945683,65.0,90.20979020979021,64.33566433566433,25.87412587412588,65.0,9.79020979020979
CPU,PAM4,fab/eps0.03,fab,eps0.03,20,200,143,51,46,143,138,92,144,5,90.19607843137256,79.02151004554693,95.7392555046923,71.5,96.5034965034965,64.33566433566433,32.167832167832174,72.0,3.4965034965034967
CPU,PAM4,fab/eps0.03,fab,eps0.03,30,200,143,51,48,154,140,92,148,3,94.11764705882352,84.07512606105803,97.97937271359478,77.0,97.9020979020979,64.33566433566433,33.566433566433574,74.0,2.097902097902098
CPU,PAM4,fab/eps0.03,fab,eps0.03,40,200,143,51,49,148,141,92,146,2,96.07843137254902,86.78345101373473,98.91791437312489,74.0,98.6013986013986,64.33566433566433,34.26573426573427,73.0,1.3986013986013985
CPU,PAM4,square/eps0.03_default,square,eps0.03_default,10,200,143,54,38,127,127,89,130,14,70.37037037037037,57.17217482621142,80.86273430493296,63.5,88.81118881118881,62.23776223776224,26.573426573426573,65.0,9.79020979020979
CPU,PAM4,square/eps0.03_default,square,eps0.03_default,20,200,143,54,44,137,133,89,144,5,81.48148148148148,69.1637977086206,89.61742549405703,68.5,93.00699300699301,62.23776223776224,30.769230769230774,72.0,3.4965034965034967
CPU,PAM4,square/eps0.03_default,square,eps0.03_default,30,200,143,54,45,146,134,89,148,3,83.33333333333334,71.26323220121027,90.97571001338962,73.0,93.7062937062937,62.23776223776224,31.468531468531467,74.0,2.097902097902098
CPU,PAM4,square/eps0.03_default,square,eps0.03_default,40,200,143,54,47,145,136,89,146,2,87.03703703703704,75.57801946793228,93.57636077051201,72.5,95.1048951048951,62.23776223776224,32.86713286713287,73.0,1.3986013986013985
CPU,PAM4,apgd/eps0.03_default,apgd,eps0.03_default,10,200,143,56,44,132,131,87,130,14,78.57142857142857,66.18028634399505,87.2942196852555,66.0,91.6083916083916,60.83916083916085,30.769230769230752,65.0,9.79020979020979
CPU,PAM4,apgd/eps0.03_default,apgd,eps0.03_default,20,200,143,56,42,138,129,87,144,5,75.0,62.30710799856808,84.48308477702616,69.0,90.20979020979021,60.83916083916085,29.370629370629366,72.0,3.4965034965034967
CPU,PAM4,apgd/eps0.03_default,apgd,eps0.03_default,30,200,143,56,40,142,127,87,148,3,71.42857142857143,58.524500913641255,81.58137860829666,71.0,88.81118881118881,60.83916083916085,27.972027972027966,74.0,2.097902097902098
CPU,PAM4,apgd/eps0.03_default,apgd,eps0.03_default,40,200,143,56,31,125,118,87,146,2,55.35714285714286,42.41298613178389,67.6134837487006,62.5,82.51748251748252,60.83916083916085,21.678321678321673,73.0,1.3986013986013985
CPU,PAM4,apgdt/eps0.03_default,apgdt,eps0.03_default,10,200,143,57,41,128,127,86,130,14,71.9298245614035,59.16955491727644,81.92075171502778,64.0,88.81118881118881,60.13986013986013,28.67132867132868,65.0,9.79020979020979
CPU,PAM4,apgdt/eps0.03_default,apgdt,eps0.03_default,20,200,143,57,41,136,127,86,144,5,71.9298245614035,59.16955491727644,81.92075171502778,68.0,88.81118881118881,60.13986013986013,28.67132867132868,72.0,3.4965034965034967
CPU,PAM4,apgdt/eps0.03_default,apgdt,eps0.03_default,30,200,143,57,42,145,128,86,148,3,73.68421052631578,61.023173584736256,83.35435757815229,72.5,89.5104895104895,60.13986013986013,29.370629370629374,74.0,2.097902097902098
CPU,PAM4,apgdt/eps0.03_default,apgdt,eps0.03_default,40,200,143,57,38,138,124,86,146,2,66.66666666666666,53.72226902277747,77.50636401777372,69.0,86.7132867132867,60.13986013986013,26.573426573426573,73.0,1.3986013986013985
CPU,PAM4,autoattack/eps0.03_standard,autoattack,eps0.03_standard,10,200,143,58,42,128,127,85,130,14,72.41379310344827,59.795100371646825,82.2477963192538,64.0,88.81118881118881,59.44055944055944,29.370629370629374,65.0,9.79020979020979
CPU,PAM4,autoattack/eps0.03_standard,autoattack,eps0.03_standard,20,200,143,58,46,140,131,85,144,5,79.3103448275862,67.23053695067634,87.74863564511679,70.0,91.6083916083916,59.44055944055944,32.16783216783216,72.0,3.4965034965034967
CPU,PAM4,autoattack/eps0.03_standard,autoattack,eps0.03_standard,30,200,143,58,41,138,126,85,148,3,70.6896551724138,57.986855543322214,80.82197217135527,69.0,88.11188811188812,59.44055944055944,28.67132867132868,74.0,2.097902097902098
CPU,PAM4,autoattack/eps0.03_standard,autoattack,eps0.03_standard,40,200,143,58,33,127,118,85,146,2,56.896551724137936,44.117876705727426,68.81839919916509,63.5,82.51748251748252,59.44055944055944,23.07692307692308,73.0,1.3986013986013985
CPU,PAM4,ead/package_default,ead,package_default,10,200,143,143,126,127,126,0,130,14,88.11188811188812,81.78585355602182,92.44379253881779,63.5,88.11188811188812,0.0,88.11188811188812,65.0,9.79020979020979
CPU,PAM4,ead/package_default,ead,package_default,20,200,143,143,135,142,135,0,144,5,94.4055944055944,89.34944200622377,97.13831078317652,71.0,94.4055944055944,0.0,94.4055944055944,72.0,3.4965034965034967
CPU,PAM4,ead/package_default,ead,package_default,30,200,143,143,132,146,132,0,148,3,92.3076923076923,86.75099224545964,95.65072497908707,73.0,92.3076923076923,0.0,92.3076923076923,74.0,2.097902097902098
CPU,PAM4,ead/package_default,ead,package_default,40,200,143,143,134,144,134,0,146,2,93.7062937062937,88.47185176022246,96.65388917422662,72.0,93.7062937062937,0.0,93.7062937062937,73.0,1.3986013986013985
CPU,PAM4,ALL/ALL_24,ALL,ALL_24,10,4800,3432,1292,936,3061,3032,2140,3120,336,72.44582043343654,69.94571353889715,74.81284337114495,63.77083333333333,88.34498834498834,62.354312354312356,25.99067599067598,65.0,9.79020979020979
CPU,PAM4,ALL/ALL_24,ALL,ALL_24,20,4800,3432,1292,1007,3331,3140,2140,3456,120,77.94117647058823,75.59918372702158,80.11750263341013,69.39583333333333,91.4918414918415,62.354312354312356,29.137529137529143,72.0,3.4965034965034967
CPU,PAM4,ALL/ALL_24,ALL,ALL_24,30,4800,3432,1292,957,3402,3091,2140,3552,72,74.07120743034056,71.61263979467569,76.3870539950591,70.875,90.06410256410257,62.354312354312356,27.709790209790214,74.0,2.097902097902098
CPU,PAM4,ALL/ALL_24,ALL,ALL_24,40,4800,3432,1292,850,3187,2983,2140,3504,48,65.78947368421053,63.159158741034325,68.3261709474091,66.39583333333333,86.91724941724942,62.354312354312356,24.562937062937067,73.0,1.3986013986013985
CPU,QAM16,fgsm/eps0.005,fgsm,eps0.005,10,200,101,45,2,20,7,56,17,95,4.444444444444445,1.2273869040444336,14.827779183880615,10.0,6.9306930693069315,55.44554455445545,-48.51485148514852,8.5,94.05940594059405
CPU,QAM16,fgsm/eps0.005,fgsm,eps0.005,20,200,101,45,8,59,39,56,77,46,17.77777777777778,9.29427892585383,31.330106843654136,29.5,38.613861386138616,55.44554455445545,-16.831683168316836,38.5,45.54455445544555
CPU,QAM16,fgsm/eps0.005,fgsm,eps0.005,30,200,101,45,8,65,53,56,85,26,17.77777777777778,9.29427892585383,31.330106843654136,32.5,52.475247524752476,55.44554455445545,-2.9702970297029765,42.5,25.742574257425744
CPU,QAM16,fgsm/eps0.005,fgsm,eps0.005,40,200,101,45,8,64,56,56,89,13,17.77777777777778,9.29427892585383,31.330106843654136,32.0,55.44554455445545,55.44554455445545,0.0,44.5,12.871287128712872
CPU,QAM16,fgsm/eps0.01,fgsm,eps0.01,10,200,101,80,5,18,6,21,17,95,6.25,2.6988977697985534,13.81032915335177,9.0,5.9405940594059405,20.792079207920793,-14.851485148514852,8.5,94.05940594059405
CPU,QAM16,fgsm/eps0.01,fgsm,eps0.01,20,200,101,80,13,49,21,21,77,46,16.25,9.749727334375493,25.84310486348333,24.5,20.792079207920793,20.792079207920793,0.0,38.5,45.54455445544555
CPU,QAM16,fgsm/eps0.01,fgsm,eps0.01,30,200,101,80,8,43,22,21,85,26,10.0,5.154699917768554,18.510878983397458,21.5,21.782178217821784,20.792079207920793,0.990099009900991,42.5,25.742574257425744
CPU,QAM16,fgsm/eps0.01,fgsm,eps0.01,40,200,101,80,8,41,23,21,89,13,10.0,5.154699917768554,18.510878983397458,20.5,22.772277227722775,20.792079207920793,1.980198019801982,44.5,12.871287128712872
CPU,QAM16,fgsm/eps0.03,fgsm,eps0.03,10,200,101,101,6,25,6,0,17,95,5.9405940594059405,2.750775260018063,12.359257398773865,12.5,5.9405940594059405,0.0,5.9405940594059405,8.5,94.05940594059405
CPU,QAM16,fgsm/eps0.03,fgsm,eps0.03,20,200,101,101,4,43,4,0,77,46,3.9603960396039604,1.5506895291526046,9.744063698573793,21.5,3.9603960396039604,0.0,3.9603960396039604,38.5,45.54455445544555
CPU,QAM16,fgsm/eps0.03,fgsm,eps0.03,30,200,101,101,3,33,3,0,85,26,2.9702970297029703,1.0152296701083399,8.371883842085293,16.5,2.9702970297029703,0.0,2.9702970297029703,42.5,25.742574257425744
CPU,QAM16,fgsm/eps0.03,fgsm,eps0.03,40,200,101,101,0,25,0,0,89,13,0.0,-3.469446951953614e-16,3.6641943655953355,12.5,0.0,0.0,0.0,44.5,12.871287128712872
CPU,QAM16,fgsm/eps0.05,fgsm,eps0.05,10,200,101,101,7,37,7,0,17,95,6.9306930693069315,3.3974895429948893,13.620182831329805,18.5,6.9306930693069315,0.0,6.9306930693069315,8.5,94.05940594059405
CPU,QAM16,fgsm/eps0.05,fgsm,eps0.05,20,200,101,101,2,38,2,0,77,46,1.9801980198019802,0.5447208292721675,6.934752967388699,19.0,1.9801980198019802,0.0,1.9801980198019802,38.5,45.54455445544555
CPU,QAM16,fgsm/eps0.05,fgsm,eps0.05,30,200,101,101,2,32,2,0,85,26,1.9801980198019802,0.5447208292721675,6.934752967388699,16.0,1.9801980198019802,0.0,1.9801980198019802,42.5,25.742574257425744
CPU,QAM16,fgsm/eps0.05,fgsm,eps0.05,40,200,101,101,0,27,0,0,89,13,0.0,-3.469446951953614e-16,3.6641943655953355,13.5,0.0,0.0,0.0,44.5,12.871287128712872
CPU,QAM16,bim/eps0.03_default,bim,eps0.03_default,10,200,101,101,6,33,6,0,17,95,5.9405940594059405,2.750775260018063,12.359257398773865,16.5,5.9405940594059405,0.0,5.9405940594059405,8.5,94.05940594059405
CPU,QAM16,bim/eps0.03_default,bim,eps0.03_default,20,200,101,101,4,52,4,0,77,46,3.9603960396039604,1.5506895291526046,9.744063698573793,26.0,3.9603960396039604,0.0,3.9603960396039604,38.5,45.54455445544555
CPU,QAM16,bim/eps0.03_default,bim,eps0.03_default,30,200,101,101,1,40,1,0,85,26,0.9900990099009901,0.1749866201761846,5.396847460951917,20.0,0.9900990099009901,0.0,0.9900990099009901,42.5,25.742574257425744
CPU,QAM16,bim/eps0.03_default,bim,eps0.03_default,40,200,101,101,0,29,0,0,89,13,0.0,-3.469446951953614e-16,3.6641943655953355,14.499999999999998,0.0,0.0,0.0,44.5,12.871287128712872
CPU,QAM16,pgd/eps0.005,pgd,eps0.005,10,200,101,50,2,17,6,51,17,95,4.0,1.1038652660826578,13.460337877954668,8.5,5.9405940594059405,50.495049504950494,-44.554455445544555,8.5,94.05940594059405
CPU,QAM16,pgd/eps0.005,pgd,eps0.005,20,200,101,50,10,62,39,51,77,46,20.0,11.243629945973886,33.03737210448524,31.0,38.613861386138616,50.495049504950494,-11.881188118811878,38.5,45.54455445544555
CPU,QAM16,pgd/eps0.005,pgd,eps0.005,30,200,101,50,12,67,50,51,85,26,24.0,14.297252401872207,37.41294937519236,33.5,49.504950495049506,50.495049504950494,-0.9900990099009874,42.5,25.742574257425744
CPU,QAM16,pgd/eps0.005,pgd,eps0.005,40,200,101,50,14,66,57,51,89,13,28.000000000000004,17.47401435768036,41.66538714598967,33.0,56.43564356435643,50.495049504950494,5.940594059405939,44.5,12.871287128712872
CPU,QAM16,pgd/eps0.01,pgd,eps0.01,10,200,101,91,5,19,6,10,17,95,5.4945054945054945,2.3694750290056277,12.224964541815615,9.5,5.9405940594059405,9.900990099009901,-3.9603960396039604,8.5,94.05940594059405
CPU,QAM16,pgd/eps0.01,pgd,eps0.01,20,200,101,91,15,47,20,10,77,46,16.483516483516482,10.251340708451503,25.4308915609324,23.5,19.801980198019802,9.900990099009901,9.900990099009901,38.5,45.54455445544555
CPU,QAM16,pgd/eps0.01,pgd,eps0.01,30,200,101,91,13,41,20,10,85,26,14.285714285714285,8.542677254433865,22.9219964752375,20.5,19.801980198019802,9.900990099009901,9.900990099009901,42.5,25.742574257425744
CPU,QAM16,pgd/eps0.01,pgd,eps0.01,40,200,101,91,8,35,15,10,89,13,8.791208791208792,4.5219666669263106,16.39881071346373,17.5,14.85148514851485,9.900990099009901,4.95049504950495,44.5,12.871287128712872
CPU,QAM16,pgd/eps0.03,pgd,eps0.03,10,200,101,101,5,35,5,0,17,95,4.9504950495049505,2.1328195361982307,11.069573407060934,17.5,4.9504950495049505,0.0,4.9504950495049505,8.5,94.05940594059405
CPU,QAM16,pgd/eps0.03,pgd,eps0.03,20,200,101,101,4,53,4,0,77,46,3.9603960396039604,1.5506895291526046,9.744063698573793,26.5,3.9603960396039604,0.0,3.9603960396039604,38.5,45.54455445544555
CPU,QAM16,pgd/eps0.03,pgd,eps0.03,30,200,101,101,2,41,2,0,85,26,1.9801980198019802,0.5447208292721675,6.934752967388699,20.5,1.9801980198019802,0.0,1.9801980198019802,42.5,25.742574257425744
CPU,QAM16,pgd/eps0.03,pgd,eps0.03,40,200,101,101,1,29,1,0,89,13,0.9900990099009901,0.1749866201761846,5.396847460951917,14.499999999999998,0.9900990099009901,0.0,0.9900990099009901,44.5,12.871287128712872
CPU,QAM16,mifgsm/eps0.03_default,mifgsm,eps0.03_default,10,200,101,101,5,32,5,0,17,95,4.9504950495049505,2.1328195361982307,11.069573407060934,16.0,4.9504950495049505,0.0,4.9504950495049505,8.5,94.05940594059405
CPU,QAM16,mifgsm/eps0.03_default,mifgsm,eps0.03_default,20,200,101,101,3,53,3,0,77,46,2.9702970297029703,1.0152296701083399,8.371883842085293,26.5,2.9702970297029703,0.0,2.9702970297029703,38.5,45.54455445544555
CPU,QAM16,mifgsm/eps0.03_default,mifgsm,eps0.03_default,30,200,101,101,1,37,1,0,85,26,0.9900990099009901,0.1749866201761846,5.396847460951917,18.5,0.9900990099009901,0.0,0.9900990099009901,42.5,25.742574257425744
CPU,QAM16,mifgsm/eps0.03_default,mifgsm,eps0.03_default,40,200,101,101,0,31,0,0,89,13,0.0,-3.469446951953614e-16,3.6641943655953355,15.5,0.0,0.0,0.0,44.5,12.871287128712872
CPU,QAM16,difgsm/eps0.03_default,difgsm,eps0.03_default,10,200,101,101,3,33,3,0,17,95,2.9702970297029703,1.0152296701083399,8.371883842085293,16.5,2.9702970297029703,0.0,2.9702970297029703,8.5,94.05940594059405
CPU,QAM16,difgsm/eps0.03_default,difgsm,eps0.03_default,20,200,101,101,1,52,1,0,77,46,0.9900990099009901,0.1749866201761846,5.396847460951917,26.0,0.9900990099009901,0.0,0.9900990099009901,38.5,45.54455445544555
CPU,QAM16,difgsm/eps0.03_default,difgsm,eps0.03_default,30,200,101,101,1,41,1,0,85,26,0.9900990099009901,0.1749866201761846,5.396847460951917,20.5,0.9900990099009901,0.0,0.9900990099009901,42.5,25.742574257425744
CPU,QAM16,difgsm/eps0.03_default,difgsm,eps0.03_default,40,200,101,101,0,30,0,0,89,13,0.0,-3.469446951953614e-16,3.6641943655953355,15.0,0.0,0.0,0.0,44.5,12.871287128712872
CPU,QAM16,vmifgsm/eps0.03_default,vmifgsm,eps0.03_default,10,200,101,101,6,36,6,0,17,95,5.9405940594059405,2.750775260018063,12.359257398773865,18.0,5.9405940594059405,0.0,5.9405940594059405,8.5,94.05940594059405
CPU,QAM16,vmifgsm/eps0.03_default,vmifgsm,eps0.03_default,20,200,101,101,4,50,4,0,77,46,3.9603960396039604,1.5506895291526046,9.744063698573793,25.0,3.9603960396039604,0.0,3.9603960396039604,38.5,45.54455445544555
CPU,QAM16,vmifgsm/eps0.03_default,vmifgsm,eps0.03_default,30,200,101,101,3,35,3,0,85,26,2.9702970297029703,1.0152296701083399,8.371883842085293,17.5,2.9702970297029703,0.0,2.9702970297029703,42.5,25.742574257425744
CPU,QAM16,vmifgsm/eps0.03_default,vmifgsm,eps0.03_default,40,200,101,101,0,29,0,0,89,13,0.0,-3.469446951953614e-16,3.6641943655953355,14.499999999999998,0.0,0.0,0.0,44.5,12.871287128712872
CPU,QAM16,vnifgsm/eps0.03_default,vnifgsm,eps0.03_default,10,200,101,101,7,35,7,0,17,95,6.9306930693069315,3.3974895429948893,13.620182831329805,17.5,6.9306930693069315,0.0,6.9306930693069315,8.5,94.05940594059405
CPU,QAM16,vnifgsm/eps0.03_default,vnifgsm,eps0.03_default,20,200,101,101,3,53,3,0,77,46,2.9702970297029703,1.0152296701083399,8.371883842085293,26.5,2.9702970297029703,0.0,2.9702970297029703,38.5,45.54455445544555
CPU,QAM16,vnifgsm/eps0.03_default,vnifgsm,eps0.03_default,30,200,101,101,2,38,2,0,85,26,1.9801980198019802,0.5447208292721675,6.934752967388699,19.0,1.9801980198019802,0.0,1.9801980198019802,42.5,25.742574257425744
CPU,QAM16,vnifgsm/eps0.03_default,vnifgsm,eps0.03_default,40,200,101,101,1,27,1,0,89,13,0.9900990099009901,0.1749866201761846,5.396847460951917,13.5,0.9900990099009901,0.0,0.9900990099009901,44.5,12.871287128712872
CPU,QAM16,rfgsm/eps0.03_default,rfgsm,eps0.03_default,10,200,101,101,4,31,4,0,17,95,3.9603960396039604,1.5506895291526046,9.744063698573793,15.5,3.9603960396039604,0.0,3.9603960396039604,8.5,94.05940594059405
CPU,QAM16,rfgsm/eps0.03_default,rfgsm,eps0.03_default,20,200,101,101,2,54,2,0,77,46,1.9801980198019802,0.5447208292721675,6.934752967388699,27.0,1.9801980198019802,0.0,1.9801980198019802,38.5,45.54455445544555
CPU,QAM16,rfgsm/eps0.03_default,rfgsm,eps0.03_default,30,200,101,101,2,37,2,0,85,26,1.9801980198019802,0.5447208292721675,6.934752967388699,18.5,1.9801980198019802,0.0,1.9801980198019802,42.5,25.742574257425744
CPU,QAM16,rfgsm/eps0.03_default,rfgsm,eps0.03_default,40,200,101,101,0,30,0,0,89,13,0.0,-3.469446951953614e-16,3.6641943655953355,15.0,0.0,0.0,0.0,44.5,12.871287128712872
CPU,QAM16,tpgd/eps0.03_default,tpgd,eps0.03_default,10,200,101,54,2,31,8,47,17,95,3.7037037037037033,1.0216153585413057,12.535409343403314,15.5,7.920792079207921,46.53465346534654,-38.613861386138616,8.5,94.05940594059405
CPU,QAM16,tpgd/eps0.03_default,tpgd,eps0.03_default,20,200,101,54,2,72,46,47,77,46,3.7037037037037033,1.0216153585413057,12.535409343403314,36.0,45.54455445544555,46.53465346534654,-0.9900990099009874,38.5,45.54455445544555
CPU,QAM16,tpgd/eps0.03_default,tpgd,eps0.03_default,30,200,101,54,2,65,47,47,85,26,3.7037037037037033,1.0216153585413057,12.535409343403314,32.5,46.53465346534654,46.53465346534654,0.0,42.5,25.742574257425744
CPU,QAM16,tpgd/eps0.03_default,tpgd,eps0.03_default,40,200,101,54,1,60,47,47,89,13,1.8518518518518516,0.32764033153519845,9.771665358487208,30.0,46.53465346534654,46.53465346534654,0.0,44.5,12.871287128712872
CPU,QAM16,cw/c1_steps20_lr0.01,cw,c1_steps20_lr0.01,10,200,101,100,3,20,4,1,17,95,3.0,1.0254338223414816,8.452078080402698,10.0,3.9603960396039604,0.9900990099009901,2.9702970297029703,8.5,94.05940594059405
CPU,QAM16,cw/c1_steps20_lr0.01,cw,c1_steps20_lr0.01,20,200,101,100,24,54,24,1,77,46,24.0,16.691211265459966,33.23251872329213,27.0,23.762376237623762,0.9900990099009901,22.77227722772277,38.5,45.54455445544555
CPU,QAM16,cw/c1_steps20_lr0.01,cw,c1_steps20_lr0.01,30,200,101,100,20,37,21,1,85,26,20.0,13.33659225590988,28.883096192650235,18.5,20.792079207920793,0.9900990099009901,19.801980198019802,42.5,25.742574257425744
CPU,QAM16,cw/c1_steps20_lr0.01,cw,c1_steps20_lr0.01,40,200,101,100,22,33,23,1,89,13,22.0,15.001174503655804,31.07053471500031,16.5,22.772277227722775,0.9900990099009901,21.782178217821784,44.5,12.871287128712872
CPU,QAM16,deepfool/package_default,deepfool,package_default,10,200,101,101,7,18,7,0,17,95,6.9306930693069315,3.3974895429948893,13.620182831329805,9.0,6.9306930693069315,0.0,6.9306930693069315,8.5,94.05940594059405
CPU,QAM16,deepfool/package_default,deepfool,package_default,20,200,101,101,32,61,32,0,77,46,31.683168316831683,23.423391085400684,41.28527417724314,30.5,31.683168316831683,0.0,31.683168316831683,38.5,45.54455445544555
CPU,QAM16,deepfool/package_default,deepfool,package_default,30,200,101,101,37,50,37,0,85,26,36.633663366336634,27.887722904962388,46.359140935345266,25.0,36.633663366336634,0.0,36.633663366336634,42.5,25.742574257425744
CPU,QAM16,deepfool/package_default,deepfool,package_default,40,200,101,101,40,46,40,0,89,13,39.603960396039604,30.6152707505536,49.35451223635236,23.0,39.603960396039604,0.0,39.603960396039604,44.5,12.871287128712872
CPU,QAM16,fab/eps0.005,fab,eps0.005,10,200,101,49,2,15,6,52,17,95,4.081632653061225,1.1265396927928273,13.713283476831107,7.5,5.9405940594059405,51.48514851485149,-45.54455445544555,8.5,94.05940594059405
CPU,QAM16,fab/eps0.005,fab,eps0.005,20,200,101,49,15,74,52,52,77,46,30.612244897959183,19.51532349314748,44.52815740069374,37.0,51.48514851485149,51.48514851485149,0.0,38.5,45.54455445544555
CPU,QAM16,fab/eps0.005,fab,eps0.005,30,200,101,49,18,77,65,52,85,26,36.734693877551024,24.664982524781227,50.73318861311014,38.5,64.35643564356435,51.48514851485149,12.871287128712865,42.5,25.742574257425744
CPU,QAM16,fab/eps0.005,fab,eps0.005,40,200,101,49,18,71,67,52,89,13,36.734693877551024,24.664982524781227,50.73318861311014,35.5,66.33663366336634,51.48514851485149,14.851485148514854,44.5,12.871287128712872
CPU,QAM16,fab/eps0.01,fab,eps0.01,10,200,101,88,6,15,6,13,17,95,6.8181818181818175,3.1620497305043584,14.086778687119029,7.5,5.9405940594059405,12.871287128712872,-6.9306930693069315,8.5,94.05940594059405
CPU,QAM16,fab/eps0.01,fab,eps0.01,20,200,101,88,31,65,42,13,77,46,35.22727272727273,26.05618066297556,45.634208006211395,32.5,41.584158415841586,12.871287128712872,28.712871287128714,38.5,45.54455445544555
CPU,QAM16,fab/eps0.01,fab,eps0.01,30,200,101,88,35,61,48,13,85,26,39.77272727272727,30.18157656690707,50.219461742530044,30.5,47.524752475247524,12.871287128712872,34.65346534653465,42.5,25.742574257425744
CPU,QAM16,fab/eps0.01,fab,eps0.01,40,200,101,88,36,54,49,13,89,13,40.909090909090914,31.22659516625937,51.3521055532403,27.0,48.51485148514851,12.871287128712872,35.64356435643564,44.5,12.871287128712872
CPU,QAM16,fab/eps0.03,fab,eps0.03,10,200,101,101,6,17,6,0,17,95,5.9405940594059405,2.750775260018063,12.359257398773865,8.5,5.9405940594059405,0.0,5.9405940594059405,8.5,94.05940594059405
CPU,QAM16,fab/eps0.03,fab,eps0.03,20,200,101,101,35,63,35,0,77,46,34.65346534653465,26.089385353016688,44.34219905622543,31.5,34.65346534653465,0.0,34.65346534653465,38.5,45.54455445544555
CPU,QAM16,fab/eps0.03,fab,eps0.03,30,200,101,101,40,54,40,0,85,26,39.603960396039604,30.6152707505536,49.35451223635236,27.0,39.603960396039604,0.0,39.603960396039604,42.5,25.742574257425744
CPU,QAM16,fab/eps0.03,fab,eps0.03,40,200,101,101,42,47,42,0,89,13,41.584158415841586,32.45300069399352,51.33206172397795,23.5,41.584158415841586,0.0,41.584158415841586,44.5,12.871287128712872
CPU,QAM16,square/eps0.03_default,square,eps0.03_default,10,200,101,101,5,19,5,0,17,95,4.9504950495049505,2.1328195361982307,11.069573407060934,9.5,4.9504950495049505,0.0,4.9504950495049505,8.5,94.05940594059405
CPU,QAM16,square/eps0.03_default,square,eps0.03_default,20,200,101,101,9,35,9,0,77,46,8.91089108910891,4.7588698373386995,16.074081968051523,17.5,8.91089108910891,0.0,8.91089108910891,38.5,45.54455445544555
CPU,QAM16,square/eps0.03_default,square,eps0.03_default,30,200,101,101,7,29,7,0,85,26,6.9306930693069315,3.3974895429948893,13.620182831329805,14.499999999999998,6.9306930693069315,0.0,6.9306930693069315,42.5,25.742574257425744
CPU,QAM16,square/eps0.03_default,square,eps0.03_default,40,200,101,101,13,23,13,0,89,13,12.871287128712872,7.678641606600466,20.78486906092082,11.5,12.871287128712872,0.0,12.871287128712872,44.5,12.871287128712872
CPU,QAM16,apgd/eps0.03_default,apgd,eps0.03_default,10,200,101,101,7,35,7,0,17,95,6.9306930693069315,3.3974895429948893,13.620182831329805,17.5,6.9306930693069315,0.0,6.9306930693069315,8.5,94.05940594059405
CPU,QAM16,apgd/eps0.03_default,apgd,eps0.03_default,20,200,101,101,4,50,4,0,77,46,3.9603960396039604,1.5506895291526046,9.744063698573793,25.0,3.9603960396039604,0.0,3.9603960396039604,38.5,45.54455445544555
CPU,QAM16,apgd/eps0.03_default,apgd,eps0.03_default,30,200,101,101,1,37,1,0,85,26,0.9900990099009901,0.1749866201761846,5.396847460951917,18.5,0.9900990099009901,0.0,0.9900990099009901,42.5,25.742574257425744
CPU,QAM16,apgd/eps0.03_default,apgd,eps0.03_default,40,200,101,101,0,31,0,0,89,13,0.0,-3.469446951953614e-16,3.6641943655953355,15.5,0.0,0.0,0.0,44.5,12.871287128712872
CPU,QAM16,apgdt/eps0.03_default,apgdt,eps0.03_default,10,200,101,101,4,25,4,0,17,95,3.9603960396039604,1.5506895291526046,9.744063698573793,12.5,3.9603960396039604,0.0,3.9603960396039604,8.5,94.05940594059405
CPU,QAM16,apgdt/eps0.03_default,apgdt,eps0.03_default,20,200,101,101,2,46,2,0,77,46,1.9801980198019802,0.5447208292721675,6.934752967388699,23.0,1.9801980198019802,0.0,1.9801980198019802,38.5,45.54455445544555
CPU,QAM16,apgdt/eps0.03_default,apgdt,eps0.03_default,30,200,101,101,3,33,3,0,85,26,2.9702970297029703,1.0152296701083399,8.371883842085293,16.5,2.9702970297029703,0.0,2.9702970297029703,42.5,25.742574257425744
CPU,QAM16,apgdt/eps0.03_default,apgdt,eps0.03_default,40,200,101,101,0,27,0,0,89,13,0.0,-3.469446951953614e-16,3.6641943655953355,13.5,0.0,0.0,0.0,44.5,12.871287128712872
CPU,QAM16,autoattack/eps0.03_standard,autoattack,eps0.03_standard,10,200,101,101,7,35,7,0,17,95,6.9306930693069315,3.3974895429948893,13.620182831329805,17.5,6.9306930693069315,0.0,6.9306930693069315,8.5,94.05940594059405
CPU,QAM16,autoattack/eps0.03_standard,autoattack,eps0.03_standard,20,200,101,101,3,54,3,0,77,46,2.9702970297029703,1.0152296701083399,8.371883842085293,27.0,2.9702970297029703,0.0,2.9702970297029703,38.5,45.54455445544555
CPU,QAM16,autoattack/eps0.03_standard,autoattack,eps0.03_standard,30,200,101,101,3,37,3,0,85,26,2.9702970297029703,1.0152296701083399,8.371883842085293,18.5,2.9702970297029703,0.0,2.9702970297029703,42.5,25.742574257425744
CPU,QAM16,autoattack/eps0.03_standard,autoattack,eps0.03_standard,40,200,101,101,1,31,1,0,89,13,0.9900990099009901,0.1749866201761846,5.396847460951917,15.5,0.9900990099009901,0.0,0.9900990099009901,44.5,12.871287128712872
CPU,QAM16,ead/package_default,ead,package_default,10,200,101,101,7,20,7,0,17,95,6.9306930693069315,3.3974895429948893,13.620182831329805,10.0,6.9306930693069315,0.0,6.9306930693069315,8.5,94.05940594059405
CPU,QAM16,ead/package_default,ead,package_default,20,200,101,101,40,64,40,0,77,46,39.603960396039604,30.6152707505536,49.35451223635236,32.0,39.603960396039604,0.0,39.603960396039604,38.5,45.54455445544555
CPU,QAM16,ead/package_default,ead,package_default,30,200,101,101,48,58,48,0,85,26,47.524752475247524,38.05571262165129,57.17518808951678,28.999999999999996,47.524752475247524,0.0,47.524752475247524,42.5,25.742574257425744
CPU,QAM16,ead/package_default,ead,package_default,40,200,101,101,48,53,48,0,89,13,47.524752475247524,38.05571262165129,57.17518808951678,26.5,47.524752475247524,0.0,47.524752475247524,44.5,12.871287128712872
CPU,QAM16,ALL/ALL_24,ALL,ALL_24,10,4800,2424,2173,119,621,141,251,408,2280,5.476300046019328,4.595872213350498,6.513875046165306,12.937499999999998,5.816831683168317,10.354785478547855,-4.537953795379538,8.5,94.05940594059405
CPU,QAM16,ALL/ALL_24,ALL,ALL_24,20,4800,2424,2173,270,1303,435,251,1848,1104,12.425218591808559,11.104195555149664,13.87886246799726,27.145833333333336,17.945544554455445,10.354785478547855,7.59075907590759,38.5,45.54455445544555
CPU,QAM16,ALL/ALL_24,ALL,ALL_24,30,4800,2424,2173,272,1088,482,251,2040,624,12.517257248044178,11.191692664067574,13.9751178195248,22.666666666666664,19.884488448844884,10.354785478547855,9.529702970297029,42.5,25.742574257425744
CPU,QAM16,ALL/ALL_24,ALL,ALL_24,40,4800,2424,2173,261,939,483,251,2136,312,12.011044638748274,10.710767152394666,13.445404798747756,19.5625,19.925742574257427,10.354785478547855,9.570957095709572,44.5,12.871287128712872
CPU,QAM64,fgsm/eps0.005,fgsm,eps0.005,10,200,118,46,42,138,111,72,139,6,91.30434782608695,79.6750643647758,96.56646881232925,69.0,94.0677966101695,61.016949152542374,33.05084745762712,69.5,5.084745762711865
CPU,QAM64,fgsm/eps0.005,fgsm,eps0.005,20,200,118,46,32,132,103,72,134,10,69.56521739130434,55.19408125976183,80.9203291925511,66.0,87.28813559322035,61.016949152542374,26.271186440677972,67.0,8.47457627118644
CPU,QAM64,fgsm/eps0.005,fgsm,eps0.005,30,200,118,46,28,127,99,72,131,11,60.86956521739131,46.456583717644925,73.60697764475115,63.5,83.89830508474576,61.016949152542374,22.881355932203384,65.5,9.322033898305085
CPU,QAM64,fgsm/eps0.005,fgsm,eps0.005,40,200,118,46,24,125,94,72,130,8,52.17391304347826,38.13717214815133,65.87554012432788,62.5,79.66101694915254,61.016949152542374,18.644067796610166,65.0,6.779661016949152
CPU,QAM64,fgsm/eps0.01,fgsm,eps0.01,10,200,118,87,80,136,110,31,139,6,91.95402298850574,84.31163585528489,96.04802315556478,68.0,93.22033898305084,26.27118644067797,66.94915254237287,69.5,5.084745762711865
CPU,QAM64,fgsm/eps0.01,fgsm,eps0.01,20,200,118,87,62,123,93,31,134,10,71.26436781609196,61.01583136540148,79.71440676338534,61.5,78.8135593220339,26.27118644067797,52.54237288135593,67.0,8.47457627118644
CPU,QAM64,fgsm/eps0.01,fgsm,eps0.01,30,200,118,87,53,115,83,31,131,11,60.91954022988506,50.413196158714456,70.50233152904094,57.49999999999999,70.33898305084746,26.27118644067797,44.067796610169495,65.5,9.322033898305085
CPU,QAM64,fgsm/eps0.01,fgsm,eps0.01,40,200,118,87,50,113,79,31,130,8,57.47126436781609,46.983697122996574,67.32692708441502,56.49999999999999,66.94915254237289,26.27118644067797,40.67796610169492,65.0,6.779661016949152
CPU,QAM64,fgsm/eps0.03,fgsm,eps0.03,10,200,118,112,101,134,107,6,139,6,90.17857142857143,83.26521529910131,94.42708176861876,67.0,90.67796610169492,5.084745762711865,85.59322033898306,69.5,5.084745762711865
CPU,QAM64,fgsm/eps0.03,fgsm,eps0.03,20,200,118,112,46,84,52,6,134,10,41.07142857142857,32.40369028320017,50.33135481286204,42.0,44.06779661016949,5.084745762711865,38.98305084745762,67.0,8.47457627118644
CPU,QAM64,fgsm/eps0.03,fgsm,eps0.03,30,200,118,112,26,70,32,6,131,11,23.214285714285715,16.36292344952321,31.84221183866342,35.0,27.11864406779661,5.084745762711865,22.033898305084744,65.5,9.322033898305085
CPU,QAM64,fgsm/eps0.03,fgsm,eps0.03,40,200,118,112,14,59,20,6,130,8,12.5,7.593957320877778,19.8932320825835,29.5,16.94915254237288,5.084745762711865,11.864406779661014,65.0,6.779661016949152
CPU,QAM64,fgsm/eps0.05,fgsm,eps0.05,10,200,118,111,99,131,105,7,139,6,89.1891891891892,82.04966504389492,93.70685524143722,65.5,88.98305084745762,5.932203389830509,83.05084745762711,69.5,5.084745762711865
CPU,QAM64,fgsm/eps0.05,fgsm,eps0.05,20,200,118,111,54,94,60,7,134,10,48.64864864864865,39.55223460801761,57.8354715890399,47.0,50.847457627118644,5.932203389830509,44.91525423728814,67.0,8.47457627118644
CPU,QAM64,fgsm/eps0.05,fgsm,eps0.05,30,200,118,111,24,67,30,7,131,11,21.62162162162162,14.982108727994309,30.159721410213447,33.5,25.423728813559322,5.932203389830509,19.491525423728813,65.5,9.322033898305085
CPU,QAM64,fgsm/eps0.05,fgsm,eps0.05,40,200,118,111,14,58,20,7,130,8,12.612612612612612,7.663785470708646,20.062752647882526,28.999999999999996,16.94915254237288,5.932203389830509,11.01694915254237,65.0,6.779661016949152
CPU,QAM64,bim/eps0.03_default,bim,eps0.03_default,10,200,118,118,110,138,110,0,139,6,93.22033898305084,87.19032582834014,96.5249241355474,69.0,93.22033898305084,0.0,93.22033898305084,69.5,5.084745762711865
CPU,QAM64,bim/eps0.03_default,bim,eps0.03_default,20,200,118,118,37,70,37,0,134,10,31.35593220338983,23.684863800621475,40.202675430642714,35.0,31.35593220338983,0.0,31.35593220338983,67.0,8.47457627118644
CPU,QAM64,bim/eps0.03_default,bim,eps0.03_default,30,200,118,118,14,47,14,0,131,11,11.864406779661017,7.200339980192419,18.933262992847986,23.5,11.864406779661017,0.0,11.864406779661017,65.5,9.322033898305085
CPU,QAM64,bim/eps0.03_default,bim,eps0.03_default,40,200,118,118,4,36,4,0,130,8,3.389830508474576,1.325961911756434,8.392886166404063,18.0,3.389830508474576,0.0,3.389830508474576,65.0,6.779661016949152
CPU,QAM64,pgd/eps0.005,pgd,eps0.005,10,200,118,49,44,138,111,69,139,6,89.79591836734694,78.24337583502992,95.56211075129602,69.0,94.0677966101695,58.47457627118644,35.59322033898305,69.5,5.084745762711865
CPU,QAM64,pgd/eps0.005,pgd,eps0.005,20,200,118,49,33,133,102,69,134,10,67.3469387755102,53.37894368740628,78.79267867073578,66.5,86.4406779661017,58.47457627118644,27.96610169491526,67.0,8.47457627118644
CPU,QAM64,pgd/eps0.005,pgd,eps0.005,30,200,118,49,30,127,99,69,131,11,61.224489795918366,47.24574648805242,73.57118562603951,63.5,83.89830508474576,58.47457627118644,25.423728813559315,65.5,9.322033898305085
CPU,QAM64,pgd/eps0.005,pgd,eps0.005,40,200,118,49,28,128,97,69,130,8,57.14285714285714,43.27024751701555,69.97689110104294,64.0,82.20338983050848,58.47457627118644,23.72881355932204,65.0,6.779661016949152
CPU,QAM64,pgd/eps0.01,pgd,eps0.01,10,200,118,95,89,137,112,23,139,6,93.6842105263158,86.8991891765483,97.07355104619194,68.5,94.91525423728814,19.491525423728813,75.42372881355932,69.5,5.084745762711865
CPU,QAM64,pgd/eps0.01,pgd,eps0.01,20,200,118,95,68,122,91,23,134,10,71.57894736842105,61.808800887543015,79.6717093429672,61.0,77.11864406779661,19.491525423728813,57.62711864406779,67.0,8.47457627118644
CPU,QAM64,pgd/eps0.01,pgd,eps0.01,30,200,118,95,59,115,82,23,131,11,62.10526315789474,52.05920587802135,71.21034864153317,57.49999999999999,69.49152542372882,19.491525423728813,50.0,65.5,9.322033898305085
CPU,QAM64,pgd/eps0.01,pgd,eps0.01,40,200,118,95,44,101,67,23,130,8,46.31578947368421,36.627474206594215,56.29048746136747,50.5,56.779661016949156,19.491525423728813,37.288135593220346,65.0,6.779661016949152
CPU,QAM64,pgd/eps0.03,pgd,eps0.03,10,200,118,117,107,138,108,1,139,6,91.45299145299145,84.97906795795464,95.29130251049331,69.0,91.52542372881356,0.847457627118644,90.67796610169492,69.5,5.084745762711865
CPU,QAM64,pgd/eps0.03,pgd,eps0.03,20,200,118,117,33,68,34,1,134,10,28.205128205128204,20.84473173817141,36.95125904645905,34.0,28.8135593220339,0.847457627118644,27.966101694915256,67.0,8.47457627118644
CPU,QAM64,pgd/eps0.03,pgd,eps0.03,30,200,118,117,16,53,17,1,131,11,13.675213675213676,8.596023421342295,21.063961219708474,26.5,14.40677966101695,0.847457627118644,13.559322033898306,65.5,9.322033898305085
CPU,QAM64,pgd/eps0.03,pgd,eps0.03,40,200,118,117,3,39,4,1,130,8,2.564102564102564,0.8757897045422923,7.268425532594589,19.5,3.389830508474576,0.847457627118644,2.542372881355932,65.0,6.779661016949152
CPU,QAM64,mifgsm/eps0.03_default,mifgsm,eps0.03_default,10,200,118,117,107,137,108,1,139,6,91.45299145299145,84.97906795795464,95.29130251049331,68.5,91.52542372881356,0.847457627118644,90.67796610169492,69.5,5.084745762711865
CPU,QAM64,mifgsm/eps0.03_default,mifgsm,eps0.03_default,20,200,118,117,32,66,33,1,134,10,27.350427350427353,20.09012531479607,36.05080628491793,33.0,27.966101694915253,0.847457627118644,27.11864406779661,67.0,8.47457627118644
CPU,QAM64,mifgsm/eps0.03_default,mifgsm,eps0.03_default,30,200,118,117,14,51,15,1,131,11,11.965811965811966,7.263082821640884,19.08678344957698,25.5,12.711864406779661,0.847457627118644,11.864406779661017,65.5,9.322033898305085
CPU,QAM64,mifgsm/eps0.03_default,mifgsm,eps0.03_default,40,200,118,117,5,41,6,1,130,8,4.273504273504273,1.8389559879770763,9.61537761899271,20.5,5.084745762711865,0.847457627118644,4.2372881355932215,65.0,6.779661016949152
CPU,QAM64,difgsm/eps0.03_default,difgsm,eps0.03_default,10,200,118,116,105,134,106,2,139,6,90.51724137931035,83.81455089440608,94.62231910732955,67.0,89.83050847457628,1.694915254237288,88.13559322033899,69.5,5.084745762711865
CPU,QAM64,difgsm/eps0.03_default,difgsm,eps0.03_default,20,200,118,116,21,57,22,2,134,10,18.103448275862068,12.156590382956903,26.095235360357606,28.499999999999996,18.64406779661017,1.694915254237288,16.949152542372882,67.0,8.47457627118644
CPU,QAM64,difgsm/eps0.03_default,difgsm,eps0.03_default,30,200,118,116,8,49,9,2,131,11,6.896551724137931,3.5357067036116248,13.02081457113771,24.5,7.627118644067797,1.694915254237288,5.932203389830509,65.5,9.322033898305085
CPU,QAM64,difgsm/eps0.03_default,difgsm,eps0.03_default,40,200,118,116,2,46,4,2,130,8,1.7241379310344827,0.47409138545136886,6.069212442267886,23.0,3.389830508474576,1.694915254237288,1.694915254237288,65.0,6.779661016949152
CPU,QAM64,vmifgsm/eps0.03_default,vmifgsm,eps0.03_default,10,200,118,118,109,137,109,0,139,6,92.37288135593221,86.13804931323979,95.93572516115975,68.5,92.37288135593221,0.0,92.37288135593221,69.5,5.084745762711865
CPU,QAM64,vmifgsm/eps0.03_default,vmifgsm,eps0.03_default,20,200,118,118,34,70,34,0,134,10,28.8135593220339,21.412021512201196,37.55109125059902,35.0,28.8135593220339,0.0,28.8135593220339,67.0,8.47457627118644
CPU,QAM64,vmifgsm/eps0.03_default,vmifgsm,eps0.03_default,30,200,118,118,10,45,10,0,131,11,8.47457627118644,4.668219110616961,14.899481904471475,22.5,8.47457627118644,0.0,8.47457627118644,65.5,9.322033898305085
CPU,QAM64,vmifgsm/eps0.03_default,vmifgsm,eps0.03_default,40,200,118,118,4,38,4,0,130,8,3.389830508474576,1.325961911756434,8.392886166404063,19.0,3.389830508474576,0.0,3.389830508474576,65.0,6.779661016949152
CPU,QAM64,vnifgsm/eps0.03_default,vnifgsm,eps0.03_default,10,200,118,118,108,134,108,0,139,6,91.52542372881356,85.10051809552851,95.33178088938303,67.0,91.52542372881356,0.0,91.52542372881356,69.5,5.084745762711865
CPU,QAM64,vnifgsm/eps0.03_default,vnifgsm,eps0.03_default,20,200,118,118,31,66,31,0,134,10,26.27118644067797,19.168832306387245,34.869853987949,33.0,26.27118644067797,0.0,26.27118644067797,67.0,8.47457627118644
CPU,QAM64,vnifgsm/eps0.03_default,vnifgsm,eps0.03_default,30,200,118,118,9,43,9,0,131,11,7.627118644067797,4.064274838840246,13.861950686760208,21.5,7.627118644067797,0.0,7.627118644067797,65.5,9.322033898305085
CPU,QAM64,vnifgsm/eps0.03_default,vnifgsm,eps0.03_default,40,200,118,118,3,38,3,0,130,8,2.5423728813559325,0.868335709742743,7.209036878929763,19.0,2.5423728813559325,0.0,2.5423728813559325,65.0,6.779661016949152
CPU,QAM64,rfgsm/eps0.03_default,rfgsm,eps0.03_default,10,200,118,118,110,137,110,0,139,6,93.22033898305084,87.19032582834014,96.5249241355474,68.5,93.22033898305084,0.0,93.22033898305084,69.5,5.084745762711865
CPU,QAM64,rfgsm/eps0.03_default,rfgsm,eps0.03_default,20,200,118,118,40,75,40,0,134,10,33.89830508474576,25.98535833447239,42.82660736525577,37.5,33.89830508474576,0.0,33.89830508474576,67.0,8.47457627118644
CPU,QAM64,rfgsm/eps0.03_default,rfgsm,eps0.03_default,30,200,118,118,12,44,12,0,131,11,10.16949152542373,5.913498018835979,16.937153975228444,22.0,10.16949152542373,0.0,10.16949152542373,65.5,9.322033898305085
CPU,QAM64,rfgsm/eps0.03_default,rfgsm,eps0.03_default,40,200,118,118,5,36,5,0,130,8,4.23728813559322,1.8232554653831181,9.53706810226537,18.0,4.23728813559322,0.0,4.23728813559322,65.0,6.779661016949152
CPU,QAM64,tpgd/eps0.03_default,tpgd,eps0.03_default,10,200,118,74,63,132,104,44,139,6,85.13513513513513,75.31029907801314,91.49202769841487,66.0,88.13559322033898,37.28813559322034,50.84745762711864,69.5,5.084745762711865
CPU,QAM64,tpgd/eps0.03_default,tpgd,eps0.03_default,20,200,118,74,20,87,64,44,134,10,27.027027027027028,18.230091797074337,38.091463772184255,43.5,54.23728813559322,37.28813559322034,16.94915254237288,67.0,8.47457627118644
CPU,QAM64,tpgd/eps0.03_default,tpgd,eps0.03_default,30,200,118,74,8,75,52,44,131,11,10.81081081081081,5.580666169650122,19.90904627202631,37.5,44.06779661016949,37.28813559322034,6.779661016949149,65.5,9.322033898305085
CPU,QAM64,tpgd/eps0.03_default,tpgd,eps0.03_default,40,200,118,74,5,69,49,44,130,8,6.756756756756757,2.920365554856204,14.861386104924684,34.5,41.52542372881356,37.28813559322034,4.237288135593218,65.0,6.779661016949152
CPU,QAM64,cw/c1_steps20_lr0.01,cw,c1_steps20_lr0.01,10,200,118,116,109,138,111,2,139,6,93.96551724137932,88.0658660391947,97.04648226056099,69.0,94.0677966101695,1.694915254237288,92.37288135593221,69.5,5.084745762711865
CPU,QAM64,cw/c1_steps20_lr0.01,cw,c1_steps20_lr0.01,20,200,118,116,102,135,104,2,134,10,87.93103448275862,80.75719068442915,92.67307059379144,67.5,88.13559322033898,1.694915254237288,86.44067796610169,67.0,8.47457627118644
CPU,QAM64,cw/c1_steps20_lr0.01,cw,c1_steps20_lr0.01,30,200,118,116,89,121,91,2,131,11,76.72413793103449,68.2530516257926,83.48190518386282,60.5,77.11864406779661,1.694915254237288,75.42372881355932,65.5,9.322033898305085
CPU,QAM64,cw/c1_steps20_lr0.01,cw,c1_steps20_lr0.01,40,200,118,116,82,117,84,2,130,8,70.6896551724138,61.84981094264468,78.20305884547562,58.5,71.1864406779661,1.694915254237288,69.49152542372882,65.0,6.779661016949152
CPU,QAM64,deepfool/package_default,deepfool,package_default,10,200,118,118,112,139,112,0,139,6,94.91525423728814,89.34913203043966,97.64906891242387,69.5,94.91525423728814,0.0,94.91525423728814,69.5,5.084745762711865
CPU,QAM64,deepfool/package_default,deepfool,package_default,20,200,118,118,106,132,106,0,134,10,89.83050847457628,83.06284602477156,94.08650198116402,66.0,89.83050847457628,0.0,89.83050847457628,67.0,8.47457627118644
CPU,QAM64,deepfool/package_default,deepfool,package_default,30,200,118,118,103,130,103,0,131,11,87.28813559322035,80.0819432097509,92.1429783277207,65.0,87.28813559322035,0.0,87.28813559322035,65.5,9.322033898305085
CPU,QAM64,deepfool/package_default,deepfool,package_default,40,200,118,118,103,130,103,0,130,8,87.28813559322035,80.0819432097509,92.1429783277207,65.0,87.28813559322035,0.0,87.28813559322035,65.0,6.779661016949152
CPU,QAM64,fab/eps0.005,fab,eps0.005,10,200,118,49,44,139,112,69,139,6,89.79591836734694,78.24337583502992,95.56211075129602,69.5,94.91525423728814,58.47457627118644,36.440677966101696,69.5,5.084745762711865
CPU,QAM64,fab/eps0.005,fab,eps0.005,20,200,118,49,38,134,107,69,134,10,77.55102040816327,64.12094381295425,86.97516228527138,67.0,90.67796610169492,58.47457627118644,32.20338983050848,67.0,8.47457627118644
CPU,QAM64,fab/eps0.005,fab,eps0.005,30,200,118,49,35,130,104,69,131,11,71.42857142857143,57.590850793899676,82.15056506027582,65.0,88.13559322033898,58.47457627118644,29.661016949152533,65.5,9.322033898305085
CPU,QAM64,fab/eps0.005,fab,eps0.005,40,200,118,49,39,131,108,69,130,8,79.59183673469387,66.36272988905615,88.5182729571862,65.5,91.52542372881356,58.47457627118644,33.05084745762712,65.0,6.779661016949152
CPU,QAM64,fab/eps0.01,fab,eps0.01,10,200,118,93,87,139,112,25,139,6,93.54838709677419,86.63184315371988,97.009897585797,69.5,94.91525423728814,21.1864406779661,73.72881355932203,69.5,5.084745762711865
CPU,QAM64,fab/eps0.01,fab,eps0.01,20,200,118,93,81,133,106,25,134,10,87.09677419354838,78.78803375736373,92.46233798370623,66.5,89.83050847457628,21.1864406779661,68.64406779661017,67.0,8.47457627118644
CPU,QAM64,fab/eps0.01,fab,eps0.01,30,200,118,93,78,130,103,25,131,11,83.87096774193549,75.07967733749072,89.97500990435576,65.0,87.28813559322035,21.1864406779661,66.10169491525424,65.5,9.322033898305085
CPU,QAM64,fab/eps0.01,fab,eps0.01,40,200,118,93,82,132,107,25,130,8,88.17204301075269,80.04996842701593,93.26563148046185,66.0,90.67796610169492,21.1864406779661,69.49152542372882,65.0,6.779661016949152
CPU,QAM64,fab/eps0.03,fab,eps0.03,10,200,118,117,111,139,112,1,139,6,94.87179487179486,89.26181273586138,97.62879447225237,69.5,94.91525423728814,0.847457627118644,94.0677966101695,69.5,5.084745762711865
CPU,QAM64,fab/eps0.03,fab,eps0.03,20,200,118,117,105,133,106,1,134,10,89.74358974358975,82.92515531626272,94.03509678235234,66.5,89.83050847457628,0.847457627118644,88.98305084745763,67.0,8.47457627118644
CPU,QAM64,fab/eps0.03,fab,eps0.03,30,200,118,117,102,130,103,1,131,11,87.17948717948718,79.92064199482436,92.07443254904132,65.0,87.28813559322035,0.847457627118644,86.4406779661017,65.5,9.322033898305085
CPU,QAM64,fab/eps0.03,fab,eps0.03,40,200,118,117,106,132,107,1,130,8,90.5982905982906,83.94630248893353,94.66900879459797,66.0,90.67796610169492,0.847457627118644,89.83050847457628,65.0,6.779661016949152
CPU,QAM64,square/eps0.03_default,square,eps0.03_default,10,200,118,118,109,139,109,0,139,6,92.37288135593221,86.13804931323979,95.93572516115975,69.5,92.37288135593221,0.0,92.37288135593221,69.5,5.084745762711865
CPU,QAM64,square/eps0.03_default,square,eps0.03_default,20,200,118,118,93,125,93,0,134,10,78.8135593220339,70.59259027793365,85.21757636465803,62.5,78.8135593220339,0.0,78.8135593220339,67.0,8.47457627118644
CPU,QAM64,square/eps0.03_default,square,eps0.03_default,30,200,118,118,96,128,96,0,131,11,81.35593220338984,73.38149229966568,87.35310081138998,64.0,81.35593220338984,0.0,81.35593220338984,65.5,9.322033898305085
CPU,QAM64,square/eps0.03_default,square,eps0.03_default,40,200,118,118,78,111,78,0,130,8,66.10169491525424,57.17339263474423,74.0146416655276,55.50000000000001,66.10169491525424,0.0,66.10169491525424,65.0,6.779661016949152
CPU,QAM64,apgd/eps0.03_default,apgd,eps0.03_default,10,200,118,118,110,138,110,0,139,6,93.22033898305084,87.19032582834014,96.5249241355474,69.0,93.22033898305084,0.0,93.22033898305084,69.5,5.084745762711865
CPU,QAM64,apgd/eps0.03_default,apgd,eps0.03_default,20,200,118,118,35,68,35,0,134,10,29.66101694915254,22.166449745305883,38.43813850698232,34.0,29.66101694915254,0.0,29.66101694915254,67.0,8.47457627118644
CPU,QAM64,apgd/eps0.03_default,apgd,eps0.03_default,30,200,118,118,14,44,14,0,131,11,11.864406779661017,7.200339980192419,18.933262992847986,22.0,11.864406779661017,0.0,11.864406779661017,65.5,9.322033898305085
CPU,QAM64,apgd/eps0.03_default,apgd,eps0.03_default,40,200,118,118,3,35,3,0,130,8,2.5423728813559325,0.868335709742743,7.209036878929763,17.5,2.5423728813559325,0.0,2.5423728813559325,65.0,6.779661016949152
CPU,QAM64,apgdt/eps0.03_default,apgdt,eps0.03_default,10,200,118,118,109,134,109,0,139,6,92.37288135593221,86.13804931323979,95.93572516115975,67.0,92.37288135593221,0.0,92.37288135593221,69.5,5.084745762711865
CPU,QAM64,apgdt/eps0.03_default,apgdt,eps0.03_default,20,200,118,118,49,78,49,0,134,10,41.52542372881356,33.038729052795844,50.54651605232424,39.0,41.52542372881356,0.0,41.52542372881356,67.0,8.47457627118644
CPU,QAM64,apgdt/eps0.03_default,apgdt,eps0.03_default,30,200,118,118,15,50,15,0,131,11,12.711864406779661,7.857021672279302,19.91805679024909,25.0,12.711864406779661,0.0,12.711864406779661,65.5,9.322033898305085
CPU,QAM64,apgdt/eps0.03_default,apgdt,eps0.03_default,40,200,118,118,6,43,6,0,130,8,5.084745762711865,2.350931087576136,10.650867969560341,21.5,5.084745762711865,0.0,5.084745762711865,65.0,6.779661016949152
CPU,QAM64,autoattack/eps0.03_standard,autoattack,eps0.03_standard,10,200,118,118,109,134,109,0,139,6,92.37288135593221,86.13804931323979,95.93572516115975,67.0,92.37288135593221,0.0,92.37288135593221,69.5,5.084745762711865
CPU,QAM64,autoattack/eps0.03_standard,autoattack,eps0.03_standard,20,200,118,118,41,74,41,0,134,10,34.74576271186441,26.758053177522008,43.695388011694156,37.0,34.74576271186441,0.0,34.74576271186441,67.0,8.47457627118644
CPU,QAM64,autoattack/eps0.03_standard,autoattack,eps0.03_standard,30,200,118,118,12,40,12,0,131,11,10.16949152542373,5.913498018835979,16.937153975228444,20.0,10.16949152542373,0.0,10.16949152542373,65.5,9.322033898305085
CPU,QAM64,autoattack/eps0.03_standard,autoattack,eps0.03_standard,40,200,118,118,4,34,4,0,130,8,3.389830508474576,1.325961911756434,8.392886166404063,17.0,3.389830508474576,0.0,3.389830508474576,65.0,6.779661016949152
CPU,QAM64,ead/package_default,ead,package_default,10,200,118,118,111,138,111,0,139,6,94.0677966101695,88.25966498400048,97.09706046937507,69.0,94.0677966101695,0.0,94.0677966101695,69.5,5.084745762711865
CPU,QAM64,ead/package_default,ead,package_default,20,200,118,118,107,135,107,0,134,10,90.67796610169492,84.07592905282243,94.71489444260114,67.5,90.67796610169492,0.0,90.67796610169492,67.0,8.47457627118644
CPU,QAM64,ead/package_default,ead,package_default,30,200,118,118,105,133,105,0,131,11,88.98305084745762,82.06010282641124,93.44776969003632,66.5,88.98305084745762,0.0,88.98305084745762,65.5,9.322033898305085
CPU,QAM64,ead/package_default,ead,package_default,40,200,118,118,106,134,106,0,130,8,89.83050847457628,83.06284602477156,94.08650198116402,67.0,89.83050847457628,0.0,89.83050847457628,65.0,6.779661016949152
CPU,QAM64,ALL/ALL_24,ALL,ALL_24,10,4800,2832,2479,2285,3278,2626,353,3336,144,92.17426381605486,91.05054575646416,93.16747282353708,68.29166666666666,92.72598870056498,12.464689265536723,80.26129943502826,69.5,5.084745762711865
CPU,QAM64,ALL/ALL_24,ALL,ALL_24,20,4800,2832,2479,1300,2394,1650,353,3216,240,52.44050020169423,50.472303789708285,54.40114443993311,49.875,58.26271186440678,12.464689265536723,45.79802259887006,67.0,8.47457627118644
CPU,QAM64,ALL/ALL_24,ALL,ALL_24,30,4800,2832,2479,960,2064,1309,353,3144,264,38.72529245663574,36.826551896760776,40.658922810929,43.0,46.22175141242938,12.464689265536723,33.75706214689265,65.5,9.322033898305085
CPU,QAM64,ALL/ALL_24,ALL,ALL_24,40,4800,2832,2479,814,1926,1162,353,3120,192,32.83582089552239,31.014943034903354,34.709813631007194,40.125,41.03107344632768,12.464689265536723,28.56638418079096,65.0,6.779661016949152
CPU,QPSK,fgsm/eps0.005,fgsm,eps0.005,10,200,110,11,0,3,0,99,3,109,0.0,2.7755575615628914e-15,25.88400172488141,1.5,0.0,90.0,-90.0,1.5,99.0909090909091
CPU,QPSK,fgsm/eps0.005,fgsm,eps0.005,20,200,110,11,2,89,79,99,91,29,18.181818181818183,5.136660067100063,47.69861375782448,44.5,71.81818181818181,90.0,-18.181818181818187,45.5,26.36363636363636
CPU,QPSK,fgsm/eps0.005,fgsm,eps0.005,30,200,110,11,0,99,90,99,98,18,0.0,2.7755575615628914e-15,25.88400172488141,49.5,81.81818181818183,90.0,-8.181818181818173,49.0,16.363636363636363
CPU,QPSK,fgsm/eps0.005,fgsm,eps0.005,40,200,110,11,2,98,93,99,102,13,18.181818181818183,5.136660067100063,47.69861375782448,49.0,84.54545454545455,90.0,-5.454545454545453,51.0,11.818181818181818
CPU,QPSK,fgsm/eps0.01,fgsm,eps0.01,10,200,110,19,1,3,1,91,3,109,5.263157894736842,0.9351752490529969,24.63921533654521,1.5,0.9090909090909091,82.72727272727273,-81.81818181818183,1.5,99.0909090909091
CPU,QPSK,fgsm/eps0.01,fgsm,eps0.01,20,200,110,19,2,82,71,91,91,29,10.526315789473683,2.9357941395096594,31.3945504948417,41.0,64.54545454545455,82.72727272727273,-18.181818181818187,45.5,26.36363636363636
CPU,QPSK,fgsm/eps0.01,fgsm,eps0.01,30,200,110,19,3,93,86,91,98,18,15.789473684210526,5.520371039927826,37.56592764317668,46.5,78.18181818181819,82.72727272727273,-4.545454545454547,49.0,16.363636363636363
CPU,QPSK,fgsm/eps0.01,fgsm,eps0.01,40,200,110,19,4,94,88,91,102,13,21.052631578947366,8.507538491591577,43.33471424026609,47.0,80.0,82.72727272727273,-2.7272727272727337,51.0,11.818181818181818
CPU,QPSK,fgsm/eps0.03,fgsm,eps0.03,10,200,110,46,1,9,1,64,3,109,2.1739130434782608,0.38477551112426345,11.335554494333024,4.5,0.9090909090909091,58.18181818181818,-57.27272727272727,1.5,99.0909090909091
CPU,QPSK,fgsm/eps0.03,fgsm,eps0.03,20,200,110,46,1,51,42,64,91,29,2.1739130434782608,0.38477551112426345,11.335554494333024,25.5,38.18181818181819,58.18181818181818,-19.999999999999993,45.5,26.36363636363636
CPU,QPSK,fgsm/eps0.03,fgsm,eps0.03,30,200,110,46,2,65,55,64,98,18,4.3478260869565215,1.200519358883083,14.53252291905342,32.5,50.0,58.18181818181818,-8.18181818181818,49.0,16.363636363636363
CPU,QPSK,fgsm/eps0.03,fgsm,eps0.03,40,200,110,46,3,71,63,64,102,13,6.521739130434782,2.242745446634356,17.50300910378136,35.5,57.27272727272727,58.18181818181818,-0.9090909090909065,51.0,11.818181818181818
CPU,QPSK,fgsm/eps0.05,fgsm,eps0.05,10,200,110,84,0,4,0,26,3,109,0.0,0.0,4.373326533214331,2.0,0.0,23.636363636363637,-23.636363636363637,1.5,99.0909090909091
CPU,QPSK,fgsm/eps0.05,fgsm,eps0.05,20,200,110,84,2,23,15,26,91,29,2.380952380952381,0.6553765293517748,8.271601121328539,11.5,13.636363636363635,23.636363636363637,-10.000000000000002,45.5,26.36363636363636
CPU,QPSK,fgsm/eps0.05,fgsm,eps0.05,30,200,110,84,3,24,18,26,98,18,3.571428571428571,1.2219447773066119,9.981858432106694,12.0,16.363636363636363,23.636363636363637,-7.272727272727273,49.0,16.363636363636363
CPU,QPSK,fgsm/eps0.05,fgsm,eps0.05,40,200,110,84,1,23,16,26,102,13,1.1904761904761905,0.21045289015878751,6.439699201788534,11.5,14.545454545454545,23.636363636363637,-9.090909090909092,51.0,11.818181818181818
CPU,QPSK,bim/eps0.03_default,bim,eps0.03_default,10,200,110,79,0,9,0,31,3,109,0.0,-3.469446951953614e-16,4.637283683559951,4.5,0.0,28.18181818181818,-28.18181818181818,1.5,99.0909090909091
CPU,QPSK,bim/eps0.03_default,bim,eps0.03_default,20,200,110,79,10,38,32,31,91,29,12.658227848101266,7.023187936799044,21.75655557370775,19.0,29.09090909090909,28.18181818181818,0.9090909090909101,45.5,26.36363636363636
CPU,QPSK,bim/eps0.03_default,bim,eps0.03_default,30,200,110,79,12,49,38,31,98,18,15.18987341772152,8.908180320986645,24.70005515490952,24.5,34.54545454545455,28.18181818181818,6.363636363636367,49.0,16.363636363636363
CPU,QPSK,bim/eps0.03_default,bim,eps0.03_default,40,200,110,79,10,46,37,31,102,13,12.658227848101266,7.023187936799044,21.75655557370775,23.0,33.63636363636363,28.18181818181818,5.454545454545453,51.0,11.818181818181818
CPU,QPSK,pgd/eps0.005,pgd,eps0.005,10,200,110,12,0,2,0,98,3,109,0.0,0.0,24.25007574992425,1.0,0.0,89.0909090909091,-89.0909090909091,1.5,99.0909090909091
CPU,QPSK,pgd/eps0.005,pgd,eps0.005,20,200,110,12,2,89,79,98,91,29,16.666666666666664,4.696414761482223,44.80363573846727,44.5,71.81818181818181,89.0909090909091,-17.27272727272728,45.5,26.36363636363636
CPU,QPSK,pgd/eps0.005,pgd,eps0.005,30,200,110,12,0,99,90,98,98,18,0.0,0.0,24.25007574992425,49.5,81.81818181818183,89.0909090909091,-7.272727272727266,49.0,16.363636363636363
CPU,QPSK,pgd/eps0.005,pgd,eps0.005,40,200,110,12,1,97,92,98,102,13,8.333333333333332,1.4864709450773477,35.38859217985952,48.5,83.63636363636363,89.0909090909091,-5.4545454545454675,51.0,11.818181818181818
CPU,QPSK,pgd/eps0.01,pgd,eps0.01,10,200,110,21,0,2,0,89,3,109,0.0,0.0,15.464382326420195,1.0,0.0,80.9090909090909,-80.9090909090909,1.5,99.0909090909091
CPU,QPSK,pgd/eps0.01,pgd,eps0.01,20,200,110,21,2,80,69,89,91,29,9.523809523809524,2.6518208796947245,28.914583860740674,40.0,62.727272727272734,80.9090909090909,-18.181818181818173,45.5,26.36363636363636
CPU,QPSK,pgd/eps0.01,pgd,eps0.01,30,200,110,21,4,95,84,89,98,18,19.047619047619047,7.667440615177301,40.000986539273285,47.5,76.36363636363637,80.9090909090909,-4.5454545454545325,49.0,16.363636363636363
CPU,QPSK,pgd/eps0.01,pgd,eps0.01,40,200,110,21,5,93,89,89,102,13,23.809523809523807,10.627856389112262,45.09158197234592,46.5,80.9090909090909,80.9090909090909,0.0,51.0,11.818181818181818
CPU,QPSK,pgd/eps0.03,pgd,eps0.03,10,200,110,79,0,5,0,31,3,109,0.0,-3.469446951953614e-16,4.637283683559951,2.5,0.0,28.18181818181818,-28.18181818181818,1.5,99.0909090909091
CPU,QPSK,pgd/eps0.03,pgd,eps0.03,20,200,110,79,10,41,34,31,91,29,12.658227848101266,7.023187936799044,21.75655557370775,20.5,30.909090909090907,28.18181818181818,2.7272727272727266,45.5,26.36363636363636
CPU,QPSK,pgd/eps0.03,pgd,eps0.03,30,200,110,79,15,52,42,31,98,18,18.9873417721519,11.858126823689084,28.992846600291134,26.0,38.18181818181819,28.18181818181818,10.000000000000007,49.0,16.363636363636363
CPU,QPSK,pgd/eps0.03,pgd,eps0.03,40,200,110,79,10,52,39,31,102,13,12.658227848101266,7.023187936799044,21.75655557370775,26.0,35.45454545454545,28.18181818181818,7.272727272727273,51.0,11.818181818181818
CPU,QPSK,mifgsm/eps0.03_default,mifgsm,eps0.03_default,10,200,110,76,0,4,0,34,3,109,0.0,0.0,4.811526823109757,2.0,0.0,30.909090909090907,-30.909090909090907,1.5,99.0909090909091
CPU,QPSK,mifgsm/eps0.03_default,mifgsm,eps0.03_default,20,200,110,76,10,39,33,34,91,29,13.157894736842104,7.306803021855036,22.554322005699518,19.5,30.0,30.909090909090907,-0.9090909090909065,45.5,26.36363636363636
CPU,QPSK,mifgsm/eps0.03_default,mifgsm,eps0.03_default,30,200,110,76,14,56,44,34,98,18,18.421052631578945,11.302493284924942,28.57847102440753,28.000000000000004,40.0,30.909090909090907,9.090909090909093,49.0,16.363636363636363
CPU,QPSK,mifgsm/eps0.03_default,mifgsm,eps0.03_default,40,200,110,76,11,52,41,34,102,13,14.473684210526317,8.278431339921275,24.087653508077764,26.0,37.27272727272727,30.909090909090907,6.363636363636367,51.0,11.818181818181818
CPU,QPSK,difgsm/eps0.03_default,difgsm,eps0.03_default,10,200,110,77,0,6,0,33,3,109,0.0,3.469446951953614e-16,4.7520088667220834,3.0,0.0,30.0,-30.0,1.5,99.0909090909091
CPU,QPSK,difgsm/eps0.03_default,difgsm,eps0.03_default,20,200,110,77,0,11,7,33,91,29,0.0,3.469446951953614e-16,4.7520088667220834,5.5,6.363636363636363,30.0,-23.636363636363637,45.5,26.36363636363636
CPU,QPSK,difgsm/eps0.03_default,difgsm,eps0.03_default,30,200,110,77,1,16,10,33,98,18,1.2987012987012987,0.22961581721549496,6.996366845176145,8.0,9.090909090909092,30.0,-20.909090909090907,49.0,16.363636363636363
CPU,QPSK,difgsm/eps0.03_default,difgsm,eps0.03_default,40,200,110,77,1,22,14,33,102,13,1.2987012987012987,0.22961581721549496,6.996366845176145,11.0,12.727272727272727,30.0,-17.272727272727273,51.0,11.818181818181818
CPU,QPSK,vmifgsm/eps0.03_default,vmifgsm,eps0.03_default,10,200,110,78,0,7,0,32,3,109,0.0,0.0,4.693945377411976,3.5000000000000004,0.0,29.09090909090909,-29.09090909090909,1.5,99.0909090909091
CPU,QPSK,vmifgsm/eps0.03_default,vmifgsm,eps0.03_default,20,200,110,78,11,42,35,32,91,29,14.102564102564102,8.060961324830107,23.514178946132336,21.0,31.818181818181817,29.09090909090909,2.7272727272727266,45.5,26.36363636363636
CPU,QPSK,vmifgsm/eps0.03_default,vmifgsm,eps0.03_default,30,200,110,78,14,55,42,32,98,18,17.94871794871795,11.003815950408477,27.902559291522277,27.500000000000004,38.18181818181819,29.09090909090909,9.090909090909097,49.0,16.363636363636363
CPU,QPSK,vmifgsm/eps0.03_default,vmifgsm,eps0.03_default,40,200,110,78,11,49,40,32,102,13,14.102564102564102,8.060961324830107,23.514178946132336,24.5,36.36363636363637,29.09090909090909,7.272727272727277,51.0,11.818181818181818
CPU,QPSK,vnifgsm/eps0.03_default,vnifgsm,eps0.03_default,10,200,110,78,0,5,0,32,3,109,0.0,0.0,4.693945377411976,2.5,0.0,29.09090909090909,-29.09090909090909,1.5,99.0909090909091
CPU,QPSK,vnifgsm/eps0.03_default,vnifgsm,eps0.03_default,20,200,110,78,10,39,31,32,91,29,12.82051282051282,7.11524611999346,22.01614916064621,19.5,28.18181818181818,29.09090909090909,-0.9090909090909101,45.5,26.36363636363636
CPU,QPSK,vnifgsm/eps0.03_default,vnifgsm,eps0.03_default,30,200,110,78,11,49,39,32,98,18,14.102564102564102,8.060961324830107,23.514178946132336,24.5,35.45454545454545,29.09090909090909,6.363636363636363,49.0,16.363636363636363
CPU,QPSK,vnifgsm/eps0.03_default,vnifgsm,eps0.03_default,40,200,110,78,7,48,36,32,102,13,8.974358974358974,4.415244718641106,17.384915591030257,24.0,32.72727272727273,29.09090909090909,3.6363636363636367,51.0,11.818181818181818
CPU,QPSK,rfgsm/eps0.03_default,rfgsm,eps0.03_default,10,200,110,77,1,10,1,33,3,109,1.2987012987012987,0.22961581721549496,6.996366845176145,5.0,0.9090909090909091,30.0,-29.09090909090909,1.5,99.0909090909091
CPU,QPSK,rfgsm/eps0.03_default,rfgsm,eps0.03_default,20,200,110,77,10,39,33,33,91,29,12.987012987012985,7.209751490940191,22.281995332477457,19.5,30.0,30.0,0.0,45.5,26.36363636363636
CPU,QPSK,rfgsm/eps0.03_default,rfgsm,eps0.03_default,30,200,110,77,10,45,37,33,98,18,12.987012987012985,7.209751490940191,22.281995332477457,22.5,33.63636363636363,30.0,3.636363636363633,49.0,16.363636363636363
CPU,QPSK,rfgsm/eps0.03_default,rfgsm,eps0.03_default,40,200,110,77,7,51,37,33,102,13,9.090909090909092,4.473514189357164,17.596311247051815,25.5,33.63636363636363,30.0,3.636363636363633,51.0,11.818181818181818
CPU,QPSK,tpgd/eps0.03_default,tpgd,eps0.03_default,10,200,110,48,0,6,0,62,3,109,0.0,0.0,7.41026511527422,3.0,0.0,56.36363636363636,-56.36363636363636,1.5,99.0909090909091
CPU,QPSK,tpgd/eps0.03_default,tpgd,eps0.03_default,20,200,110,48,6,63,57,62,91,29,12.5,5.856971750400844,24.700727086054822,31.5,51.81818181818182,56.36363636363636,-4.54545454545454,45.5,26.36363636363636
CPU,QPSK,tpgd/eps0.03_default,tpgd,eps0.03_default,30,200,110,48,7,68,60,62,98,18,14.583333333333334,7.248157413793963,27.167447042858605,34.0,54.54545454545454,56.36363636363636,-1.8181818181818201,49.0,16.363636363636363
CPU,QPSK,tpgd/eps0.03_default,tpgd,eps0.03_default,40,200,110,48,4,70,62,62,102,13,8.333333333333332,3.288322434995555,19.55356516106629,35.0,56.36363636363636,56.36363636363636,0.0,51.0,11.818181818181818
CPU,QPSK,cw/c1_steps20_lr0.01,cw,c1_steps20_lr0.01,10,200,110,109,0,6,0,1,3,109,0.0,0.0,3.4044182287383373,3.0,0.0,0.9090909090909091,-0.9090909090909091,1.5,99.0909090909091
CPU,QPSK,cw/c1_steps20_lr0.01,cw,c1_steps20_lr0.01,20,200,110,109,33,50,33,1,91,29,30.275229357798167,22.442865524526034,39.450620565710196,25.0,30.0,0.9090909090909091,29.09090909090909,45.5,26.36363636363636
CPU,QPSK,cw/c1_steps20_lr0.01,cw,c1_steps20_lr0.01,30,200,110,109,45,54,45,1,98,18,41.284403669724774,32.4919801993395,50.67025784053233,27.0,40.909090909090914,0.9090909090909091,40.00000000000001,49.0,16.363636363636363
CPU,QPSK,cw/c1_steps20_lr0.01,cw,c1_steps20_lr0.01,40,200,110,109,50,56,50,1,102,13,45.87155963302752,36.81700378293714,55.20721423594952,28.000000000000004,45.45454545454545,0.9090909090909091,44.54545454545455,51.0,11.818181818181818
CPU,QPSK,deepfool/package_default,deepfool,package_default,10,200,110,106,0,4,0,4,3,109,0.0,-3.469446951953614e-16,3.4973998922084166,2.0,0.0,3.6363636363636362,-3.6363636363636362,1.5,99.0909090909091
CPU,QPSK,deepfool/package_default,deepfool,package_default,20,200,110,106,25,43,27,4,91,29,23.58490566037736,16.515930334184276,32.501563948491864,21.5,24.545454545454547,3.6363636363636362,20.90909090909091,45.5,26.36363636363636
CPU,QPSK,deepfool/package_default,deepfool,package_default,30,200,110,106,38,49,40,4,98,18,35.84905660377358,27.361966173474205,45.32597719224515,24.5,36.36363636363637,3.6363636363636362,32.727272727272734,49.0,16.363636363636363
CPU,QPSK,deepfool/package_default,deepfool,package_default,40,200,110,106,44,51,46,4,102,13,41.509433962264154,32.586734939167684,51.026031080263934,25.5,41.81818181818181,3.6363636363636362,38.18181818181818,51.0,11.818181818181818
CPU,QPSK,fab/eps0.005,fab,eps0.005,10,200,110,12,0,2,0,98,3,109,0.0,0.0,24.25007574992425,1.0,0.0,89.0909090909091,-89.0909090909091,1.5,99.0909090909091
CPU,QPSK,fab/eps0.005,fab,eps0.005,20,200,110,12,1,93,81,98,91,29,8.333333333333332,1.4864709450773477,35.38859217985952,46.5,73.63636363636363,89.0909090909091,-15.454545454545467,45.5,26.36363636363636
CPU,QPSK,fab/eps0.005,fab,eps0.005,30,200,110,12,0,100,92,98,98,18,0.0,0.0,24.25007574992425,50.0,83.63636363636363,89.0909090909091,-5.4545454545454675,49.0,16.363636363636363
CPU,QPSK,fab/eps0.005,fab,eps0.005,40,200,110,12,2,101,96,98,102,13,16.666666666666664,4.696414761482223,44.80363573846727,50.5,87.27272727272727,89.0909090909091,-1.8181818181818272,51.0,11.818181818181818
CPU,QPSK,fab/eps0.01,fab,eps0.01,10,200,110,21,0,2,0,89,3,109,0.0,0.0,15.464382326420195,1.0,0.0,80.9090909090909,-80.9090909090909,1.5,99.0909090909091
CPU,QPSK,fab/eps0.01,fab,eps0.01,20,200,110,21,2,93,81,89,91,29,9.523809523809524,2.6518208796947245,28.914583860740674,46.5,73.63636363636363,80.9090909090909,-7.2727272727272805,45.5,26.36363636363636
CPU,QPSK,fab/eps0.01,fab,eps0.01,30,200,110,21,2,97,89,89,98,18,9.523809523809524,2.6518208796947245,28.914583860740674,48.5,80.9090909090909,80.9090909090909,0.0,49.0,16.363636363636363
CPU,QPSK,fab/eps0.01,fab,eps0.01,40,200,110,21,6,99,94,89,102,13,28.57142857142857,13.813675745628204,49.95677382283758,49.5,85.45454545454545,80.9090909090909,4.545454545454547,51.0,11.818181818181818
CPU,QPSK,fab/eps0.03,fab,eps0.03,10,200,110,77,0,3,0,33,3,109,0.0,3.469446951953614e-16,4.7520088667220834,1.5,0.0,30.0,-30.0,1.5,99.0909090909091
CPU,QPSK,fab/eps0.03,fab,eps0.03,20,200,110,77,20,69,53,33,91,29,25.97402597402597,17.489066479540778,36.74241830057244,34.5,48.18181818181818,30.0,18.18181818181818,45.5,26.36363636363636
CPU,QPSK,fab/eps0.03,fab,eps0.03,30,200,110,77,22,63,55,33,98,18,28.57142857142857,19.68937869371719,39.49005367773513,31.5,50.0,30.0,20.0,49.0,16.363636363636363
CPU,QPSK,fab/eps0.03,fab,eps0.03,40,200,110,77,28,66,61,33,102,13,36.36363636363637,26.505270593089815,47.51800455237986,33.0,55.45454545454545,30.0,25.454545454545453,51.0,11.818181818181818
CPU,QPSK,square/eps0.03_default,square,eps0.03_default,10,200,110,97,0,5,0,13,3,109,0.0,0.0,3.8095389204455294,2.5,0.0,11.818181818181818,-11.818181818181818,1.5,99.0909090909091
CPU,QPSK,square/eps0.03_default,square,eps0.03_default,20,200,110,97,16,34,29,13,91,29,16.49484536082474,10.415835095438805,25.12663943888036,17.0,26.36363636363636,11.818181818181818,14.545454545454541,45.5,26.36363636363636
CPU,QPSK,square/eps0.03_default,square,eps0.03_default,30,200,110,97,22,37,35,13,98,18,22.68041237113402,15.481698841986685,31.9606265475351,18.5,31.818181818181817,11.818181818181818,20.0,49.0,16.363636363636363
CPU,QPSK,square/eps0.03_default,square,eps0.03_default,40,200,110,97,25,38,38,13,102,13,25.773195876288657,18.109470708719705,35.28278010840339,19.0,34.54545454545455,11.818181818181818,22.727272727272727,51.0,11.818181818181818
CPU,QPSK,apgd/eps0.03_default,apgd,eps0.03_default,10,200,110,85,0,6,0,25,3,109,0.0,0.0,4.324100421424197,3.0,0.0,22.727272727272727,-22.727272727272727,1.5,99.0909090909091
CPU,QPSK,apgd/eps0.03_default,apgd,eps0.03_default,20,200,110,85,10,40,35,25,91,29,11.76470588235294,6.517287423683974,20.318789369169824,20.0,31.818181818181817,22.727272727272727,9.09090909090909,45.5,26.36363636363636
CPU,QPSK,apgd/eps0.03_default,apgd,eps0.03_default,30,200,110,85,14,49,39,25,98,18,16.470588235294116,10.072370360387369,25.76849698103827,24.5,35.45454545454545,22.727272727272727,12.727272727272727,49.0,16.363636363636363
CPU,QPSK,apgd/eps0.03_default,apgd,eps0.03_default,40,200,110,85,9,44,34,25,102,13,10.588235294117647,5.671176515955125,18.913702639755712,22.0,30.909090909090907,22.727272727272727,8.18181818181818,51.0,11.818181818181818
CPU,QPSK,apgdt/eps0.03_default,apgdt,eps0.03_default,10,200,110,92,2,11,2,18,3,109,2.1739130434782608,0.5981915837670909,7.5836417746075595,5.5,1.8181818181818181,16.363636363636363,-14.545454545454545,1.5,99.0909090909091
CPU,QPSK,apgdt/eps0.03_default,apgdt,eps0.03_default,20,200,110,92,15,45,33,18,91,29,16.304347826086957,10.136900528642382,25.173027519303393,22.5,30.0,16.363636363636363,13.636363636363637,45.5,26.36363636363636
CPU,QPSK,apgdt/eps0.03_default,apgdt,eps0.03_default,30,200,110,92,16,41,34,18,98,18,17.391304347826086,10.998076035163002,26.398628527365165,20.5,30.909090909090907,16.363636363636363,14.545454545454543,49.0,16.363636363636363
CPU,QPSK,apgdt/eps0.03_default,apgdt,eps0.03_default,40,200,110,92,11,36,29,18,102,13,11.956521739130435,6.809064764004356,20.15375722561184,18.0,26.36363636363636,16.363636363636363,9.999999999999996,51.0,11.818181818181818
CPU,QPSK,autoattack/eps0.03_standard,autoattack,eps0.03_standard,10,200,110,97,1,8,1,13,3,109,1.0309278350515463,0.18221178995736603,5.610635606355266,4.0,0.9090909090909091,11.818181818181818,-10.90909090909091,1.5,99.0909090909091
CPU,QPSK,autoattack/eps0.03_standard,autoattack,eps0.03_standard,20,200,110,97,14,33,27,13,91,29,14.432989690721648,8.79627662467644,22.77958095790852,16.5,24.545454545454547,11.818181818181818,12.727272727272728,45.5,26.36363636363636
CPU,QPSK,autoattack/eps0.03_standard,autoattack,eps0.03_standard,30,200,110,97,15,38,28,13,98,18,15.463917525773196,9.601037466762024,23.95812859169004,19.0,25.454545454545453,11.818181818181818,13.636363636363635,49.0,16.363636363636363
CPU,QPSK,autoattack/eps0.03_standard,autoattack,eps0.03_standard,40,200,110,97,14,38,27,13,102,13,14.432989690721648,8.79627662467644,22.77958095790852,19.0,24.545454545454547,11.818181818181818,12.727272727272728,51.0,11.818181818181818
CPU,QPSK,ead/package_default,ead,package_default,10,200,110,110,1,4,1,0,3,109,0.9090909090909091,0.16065339495988407,4.970686993790801,2.0,0.9090909090909091,0.0,0.9090909090909091,1.5,99.0909090909091
CPU,QPSK,ead/package_default,ead,package_default,20,200,110,110,46,64,46,0,91,29,41.81818181818181,33.02895479049346,51.159601940965,32.0,41.81818181818181,0.0,41.81818181818181,45.5,26.36363636363636
CPU,QPSK,ead/package_default,ead,package_default,30,200,110,110,66,77,66,0,98,18,60.0,50.65687300827921,68.66822431993825,38.5,60.0,0.0,60.0,49.0,16.363636363636363
CPU,QPSK,ead/package_default,ead,package_default,40,200,110,110,75,80,75,0,102,13,68.18181818181817,58.9901668415792,76.14637375517978,40.0,68.18181818181817,0.0,68.18181818181817,51.0,11.818181818181818
CPU,QPSK,ALL/ALL_24,ALL,ALL_24,10,4800,2640,1591,7,126,7,1049,72,2616,0.43997485857950974,0.21328315483827862,0.9054235555961622,2.625,0.2651515151515152,39.734848484848484,-39.46969696969697,1.5,99.0909090909091
CPU,QPSK,ALL/ALL_24,ALL,ALL_24,20,4800,2640,1591,260,1290,1062,1049,2184,696,16.341923318667504,14.606496033711666,18.23949945574634,26.875,40.22727272727273,39.734848484848484,0.4924242424242422,45.5,26.36363636363636
CPU,QPSK,ALL/ALL_24,ALL,ALL_24,30,4800,2640,1591,336,1470,1258,1049,2352,432,21.118793211816467,19.183979901089383,23.192742652423135,30.625000000000004,47.65151515151515,39.734848484848484,7.916666666666664,49.0,16.363636363636363
CPU,QPSK,ALL/ALL_24,ALL,ALL_24,40,4800,2640,1591,341,1475,1297,1049,2448,312,21.43306096794469,19.486697589912303,23.517046480972226,30.729166666666668,49.128787878787875,39.734848484848484,9.393939393939391,51.0,11.818181818181818
CPU,WBFM,fgsm/eps0.005,fgsm,eps0.005,10,200,28,18,0,14,1,10,7,27,0.0,0.0,17.58845505823749,7.000000000000001,3.571428571428571,35.714285714285715,-32.142857142857146,3.5000000000000004,96.42857142857143
CPU,WBFM,fgsm/eps0.005,fgsm,eps0.005,20,200,28,18,0,8,0,10,6,27,0.0,0.0,17.58845505823749,4.0,0.0,35.714285714285715,-35.714285714285715,3.0,96.42857142857143
CPU,WBFM,fgsm/eps0.005,fgsm,eps0.005,30,200,28,18,4,17,4,10,11,23,22.22222222222222,9.000781913382,45.21502645230549,8.5,14.285714285714285,35.714285714285715,-21.42857142857143,5.5,82.14285714285714
CPU,WBFM,fgsm/eps0.005,fgsm,eps0.005,40,200,28,18,1,18,2,10,13,24,5.555555555555555,0.9874935830924525,25.75779980200754,9.0,7.142857142857142,35.714285714285715,-28.571428571428573,6.5,85.71428571428571
CPU,WBFM,fgsm/eps0.01,fgsm,eps0.01,10,200,28,26,1,21,1,2,7,27,3.8461538461538463,0.6821808976989876,18.893176991958406,10.5,3.571428571428571,7.142857142857142,-3.571428571428571,3.5000000000000004,96.42857142857143
CPU,WBFM,fgsm/eps0.01,fgsm,eps0.01,20,200,28,26,0,17,0,2,6,27,0.0,0.0,12.873304380462175,8.5,0.0,7.142857142857142,-7.142857142857142,3.0,96.42857142857143
CPU,WBFM,fgsm/eps0.01,fgsm,eps0.01,30,200,28,26,2,25,2,2,11,23,7.6923076923076925,2.135463918337556,24.141947480515054,12.5,7.142857142857142,7.142857142857142,0.0,5.5,82.14285714285714
CPU,WBFM,fgsm/eps0.01,fgsm,eps0.01,40,200,28,26,1,30,1,2,13,24,3.8461538461538463,0.6821808976989876,18.893176991958406,15.0,3.571428571428571,7.142857142857142,-3.571428571428571,6.5,85.71428571428571
CPU,WBFM,fgsm/eps0.03,fgsm,eps0.03,10,200,28,28,1,58,1,0,7,27,3.571428571428571,0.633235649754188,17.712576118498664,28.999999999999996,3.571428571428571,0.0,3.571428571428571,3.5000000000000004,96.42857142857143
CPU,WBFM,fgsm/eps0.03,fgsm,eps0.03,20,200,28,28,1,65,1,0,6,27,3.571428571428571,0.633235649754188,17.712576118498664,32.5,3.571428571428571,0.0,3.571428571428571,3.0,96.42857142857143
CPU,WBFM,fgsm/eps0.03,fgsm,eps0.03,30,200,28,28,0,73,0,0,11,23,0.0,0.0,12.064720365810762,36.5,0.0,0.0,0.0,5.5,82.14285714285714
CPU,WBFM,fgsm/eps0.03,fgsm,eps0.03,40,200,28,28,1,74,1,0,13,24,3.571428571428571,0.633235649754188,17.712576118498664,37.0,3.571428571428571,0.0,3.571428571428571,6.5,85.71428571428571
CPU,WBFM,fgsm/eps0.05,fgsm,eps0.05,10,200,28,28,2,79,2,0,7,27,7.142857142857142,1.9811647447770795,22.645738425917862,39.5,7.142857142857142,0.0,7.142857142857142,3.5000000000000004,96.42857142857143
CPU,WBFM,fgsm/eps0.05,fgsm,eps0.05,20,200,28,28,1,86,1,0,6,27,3.571428571428571,0.633235649754188,17.712576118498664,43.0,3.571428571428571,0.0,3.571428571428571,3.0,96.42857142857143
CPU,WBFM,fgsm/eps0.05,fgsm,eps0.05,30,200,28,28,0,85,0,0,11,23,0.0,0.0,12.064720365810762,42.5,0.0,0.0,0.0,5.5,82.14285714285714
CPU,WBFM,fgsm/eps0.05,fgsm,eps0.05,40,200,28,28,0,92,0,0,13,24,0.0,0.0,12.064720365810762,46.0,0.0,0.0,0.0,6.5,85.71428571428571
CPU,WBFM,bim/eps0.03_default,bim,eps0.03_default,10,200,28,28,0,74,0,0,7,27,0.0,0.0,12.064720365810762,37.0,0.0,0.0,0.0,3.5000000000000004,96.42857142857143
CPU,WBFM,bim/eps0.03_default,bim,eps0.03_default,20,200,28,28,0,86,0,0,6,27,0.0,0.0,12.064720365810762,43.0,0.0,0.0,0.0,3.0,96.42857142857143
CPU,WBFM,bim/eps0.03_default,bim,eps0.03_default,30,200,28,28,1,100,1,0,11,23,3.571428571428571,0.633235649754188,17.712576118498664,50.0,3.571428571428571,0.0,3.571428571428571,5.5,82.14285714285714
CPU,WBFM,bim/eps0.03_default,bim,eps0.03_default,40,200,28,28,1,102,1,0,13,24,3.571428571428571,0.633235649754188,17.712576118498664,51.0,3.571428571428571,0.0,3.571428571428571,6.5,85.71428571428571
CPU,WBFM,pgd/eps0.005,pgd,eps0.005,10,200,28,23,1,13,1,5,7,27,4.3478260869565215,0.7716466962126745,20.991586494059142,6.5,3.571428571428571,17.857142857142858,-14.285714285714286,3.5000000000000004,96.42857142857143
CPU,WBFM,pgd/eps0.005,pgd,eps0.005,20,200,28,23,0,10,0,5,6,27,0.0,-1.3877787807814457e-15,14.312112541726274,5.0,0.0,17.857142857142858,-17.857142857142858,3.0,96.42857142857143
CPU,WBFM,pgd/eps0.005,pgd,eps0.005,30,200,28,23,4,16,4,5,11,23,17.391304347826086,6.9785403506127714,37.138054785295665,8.0,14.285714285714285,17.857142857142858,-3.571428571428573,5.5,82.14285714285714
CPU,WBFM,pgd/eps0.005,pgd,eps0.005,40,200,28,23,4,20,4,5,13,24,17.391304347826086,6.9785403506127714,37.138054785295665,10.0,14.285714285714285,17.857142857142858,-3.571428571428573,6.5,85.71428571428571
CPU,WBFM,pgd/eps0.01,pgd,eps0.01,10,200,28,27,1,22,1,1,7,27,3.7037037037037033,0.6567976533097597,18.283853934156518,11.0,3.571428571428571,3.571428571428571,0.0,3.5000000000000004,96.42857142857143
CPU,WBFM,pgd/eps0.01,pgd,eps0.01,20,200,28,27,0,22,0,1,6,27,0.0,6.938893903907228e-16,12.455903714463581,11.0,0.0,3.571428571428571,-3.571428571428571,3.0,96.42857142857143
CPU,WBFM,pgd/eps0.01,pgd,eps0.01,30,200,28,27,3,25,3,1,11,23,11.11111111111111,3.851964789498724,28.058182543972947,12.5,10.714285714285714,3.571428571428571,7.142857142857142,5.5,82.14285714285714
CPU,WBFM,pgd/eps0.01,pgd,eps0.01,40,200,28,27,2,25,3,1,13,24,7.4074074074074066,2.0554221697383523,23.36997729073062,12.5,10.714285714285714,3.571428571428571,7.142857142857142,6.5,85.71428571428571
CPU,WBFM,pgd/eps0.03,pgd,eps0.03,10,200,28,28,0,72,0,0,7,27,0.0,0.0,12.064720365810762,36.0,0.0,0.0,0.0,3.5000000000000004,96.42857142857143
CPU,WBFM,pgd/eps0.03,pgd,eps0.03,20,200,28,28,0,84,0,0,6,27,0.0,0.0,12.064720365810762,42.0,0.0,0.0,0.0,3.0,96.42857142857143
CPU,WBFM,pgd/eps0.03,pgd,eps0.03,30,200,28,28,1,96,1,0,11,23,3.571428571428571,0.633235649754188,17.712576118498664,48.0,3.571428571428571,0.0,3.571428571428571,5.5,82.14285714285714
CPU,WBFM,pgd/eps0.03,pgd,eps0.03,40,200,28,28,0,98,0,0,13,24,0.0,0.0,12.064720365810762,49.0,0.0,0.0,0.0,6.5,85.71428571428571
CPU,WBFM,mifgsm/eps0.03_default,mifgsm,eps0.03_default,10,200,28,28,1,69,1,0,7,27,3.571428571428571,0.633235649754188,17.712576118498664,34.5,3.571428571428571,0.0,3.571428571428571,3.5000000000000004,96.42857142857143
CPU,WBFM,mifgsm/eps0.03_default,mifgsm,eps0.03_default,20,200,28,28,0,83,0,0,6,27,0.0,0.0,12.064720365810762,41.5,0.0,0.0,0.0,3.0,96.42857142857143
CPU,WBFM,mifgsm/eps0.03_default,mifgsm,eps0.03_default,30,200,28,28,2,99,2,0,11,23,7.142857142857142,1.9811647447770795,22.645738425917862,49.5,7.142857142857142,0.0,7.142857142857142,5.5,82.14285714285714
CPU,WBFM,mifgsm/eps0.03_default,mifgsm,eps0.03_default,40,200,28,28,1,97,1,0,13,24,3.571428571428571,0.633235649754188,17.712576118498664,48.5,3.571428571428571,0.0,3.571428571428571,6.5,85.71428571428571
CPU,WBFM,difgsm/eps0.03_default,difgsm,eps0.03_default,10,200,28,28,3,78,3,0,7,27,10.714285714285714,3.7117692054799494,27.196225367657078,39.0,10.714285714285714,0.0,10.714285714285714,3.5000000000000004,96.42857142857143
CPU,WBFM,difgsm/eps0.03_default,difgsm,eps0.03_default,20,200,28,28,3,88,3,0,6,27,10.714285714285714,3.7117692054799494,27.196225367657078,44.0,10.714285714285714,0.0,10.714285714285714,3.0,96.42857142857143
CPU,WBFM,difgsm/eps0.03_default,difgsm,eps0.03_default,30,200,28,28,5,96,5,0,11,23,17.857142857142858,7.878385829430109,35.591791548591104,48.0,17.857142857142858,0.0,17.857142857142858,5.5,82.14285714285714
CPU,WBFM,difgsm/eps0.03_default,difgsm,eps0.03_default,40,200,28,28,4,100,4,0,13,24,14.285714285714285,5.698912930701786,31.490173044877334,50.0,14.285714285714285,0.0,14.285714285714285,6.5,85.71428571428571
CPU,WBFM,vmifgsm/eps0.03_default,vmifgsm,eps0.03_default,10,200,28,28,0,69,0,0,7,27,0.0,0.0,12.064720365810762,34.5,0.0,0.0,0.0,3.5000000000000004,96.42857142857143
CPU,WBFM,vmifgsm/eps0.03_default,vmifgsm,eps0.03_default,20,200,28,28,0,87,0,0,6,27,0.0,0.0,12.064720365810762,43.5,0.0,0.0,0.0,3.0,96.42857142857143
CPU,WBFM,vmifgsm/eps0.03_default,vmifgsm,eps0.03_default,30,200,28,28,2,98,2,0,11,23,7.142857142857142,1.9811647447770795,22.645738425917862,49.0,7.142857142857142,0.0,7.142857142857142,5.5,82.14285714285714
CPU,WBFM,vmifgsm/eps0.03_default,vmifgsm,eps0.03_default,40,200,28,28,1,98,1,0,13,24,3.571428571428571,0.633235649754188,17.712576118498664,49.0,3.571428571428571,0.0,3.571428571428571,6.5,85.71428571428571
CPU,WBFM,vnifgsm/eps0.03_default,vnifgsm,eps0.03_default,10,200,28,28,0,72,0,0,7,27,0.0,0.0,12.064720365810762,36.0,0.0,0.0,0.0,3.5000000000000004,96.42857142857143
CPU,WBFM,vnifgsm/eps0.03_default,vnifgsm,eps0.03_default,20,200,28,28,1,92,1,0,6,27,3.571428571428571,0.633235649754188,17.712576118498664,46.0,3.571428571428571,0.0,3.571428571428571,3.0,96.42857142857143
CPU,WBFM,vnifgsm/eps0.03_default,vnifgsm,eps0.03_default,30,200,28,28,2,102,2,0,11,23,7.142857142857142,1.9811647447770795,22.645738425917862,51.0,7.142857142857142,0.0,7.142857142857142,5.5,82.14285714285714
CPU,WBFM,vnifgsm/eps0.03_default,vnifgsm,eps0.03_default,40,200,28,28,1,99,1,0,13,24,3.571428571428571,0.633235649754188,17.712576118498664,49.5,3.571428571428571,0.0,3.571428571428571,6.5,85.71428571428571
CPU,WBFM,rfgsm/eps0.03_default,rfgsm,eps0.03_default,10,200,28,28,1,73,1,0,7,27,3.571428571428571,0.633235649754188,17.712576118498664,36.5,3.571428571428571,0.0,3.571428571428571,3.5000000000000004,96.42857142857143
CPU,WBFM,rfgsm/eps0.03_default,rfgsm,eps0.03_default,20,200,28,28,1,86,1,0,6,27,3.571428571428571,0.633235649754188,17.712576118498664,43.0,3.571428571428571,0.0,3.571428571428571,3.0,96.42857142857143
CPU,WBFM,rfgsm/eps0.03_default,rfgsm,eps0.03_default,30,200,28,28,2,96,2,0,11,23,7.142857142857142,1.9811647447770795,22.645738425917862,48.0,7.142857142857142,0.0,7.142857142857142,5.5,82.14285714285714
CPU,WBFM,rfgsm/eps0.03_default,rfgsm,eps0.03_default,40,200,28,28,2,101,2,0,13,24,7.142857142857142,1.9811647447770795,22.645738425917862,50.5,7.142857142857142,0.0,7.142857142857142,6.5,85.71428571428571
CPU,WBFM,tpgd/eps0.03_default,tpgd,eps0.03_default,10,200,28,23,1,46,3,5,7,27,4.3478260869565215,0.7716466962126745,20.991586494059142,23.0,10.714285714285714,17.857142857142858,-7.142857142857144,3.5000000000000004,96.42857142857143
CPU,WBFM,tpgd/eps0.03_default,tpgd,eps0.03_default,20,200,28,23,6,57,8,5,6,27,26.08695652173913,12.548445889248969,46.47039054375056,28.499999999999996,28.57142857142857,17.857142857142858,10.714285714285712,3.0,96.42857142857143
CPU,WBFM,tpgd/eps0.03_default,tpgd,eps0.03_default,30,200,28,23,10,72,13,5,11,23,43.47826086956522,25.634368332198655,63.188950694983035,36.0,46.42857142857143,17.857142857142858,28.571428571428573,5.5,82.14285714285714
CPU,WBFM,tpgd/eps0.03_default,tpgd,eps0.03_default,40,200,28,23,9,78,12,5,13,24,39.130434782608695,22.157377982382144,59.21482039625402,39.0,42.857142857142854,17.857142857142858,24.999999999999996,6.5,85.71428571428571
CPU,WBFM,cw/c1_steps20_lr0.01,cw,c1_steps20_lr0.01,10,200,28,28,1,31,1,0,7,27,3.571428571428571,0.633235649754188,17.712576118498664,15.5,3.571428571428571,0.0,3.571428571428571,3.5000000000000004,96.42857142857143
CPU,WBFM,cw/c1_steps20_lr0.01,cw,c1_steps20_lr0.01,20,200,28,28,0,32,0,0,6,27,0.0,0.0,12.064720365810762,16.0,0.0,0.0,0.0,3.0,96.42857142857143
CPU,WBFM,cw/c1_steps20_lr0.01,cw,c1_steps20_lr0.01,30,200,28,28,5,43,5,0,11,23,17.857142857142858,7.878385829430109,35.591791548591104,21.5,17.857142857142858,0.0,17.857142857142858,5.5,82.14285714285714
CPU,WBFM,cw/c1_steps20_lr0.01,cw,c1_steps20_lr0.01,40,200,28,28,2,40,2,0,13,24,7.142857142857142,1.9811647447770795,22.645738425917862,20.0,7.142857142857142,0.0,7.142857142857142,6.5,85.71428571428571
CPU,WBFM,deepfool/package_default,deepfool,package_default,10,200,28,28,1,38,1,0,7,27,3.571428571428571,0.633235649754188,17.712576118498664,19.0,3.571428571428571,0.0,3.571428571428571,3.5000000000000004,96.42857142857143
CPU,WBFM,deepfool/package_default,deepfool,package_default,20,200,28,28,1,41,1,0,6,27,3.571428571428571,0.633235649754188,17.712576118498664,20.5,3.571428571428571,0.0,3.571428571428571,3.0,96.42857142857143
CPU,WBFM,deepfool/package_default,deepfool,package_default,30,200,28,28,3,49,3,0,11,23,10.714285714285714,3.7117692054799494,27.196225367657078,24.5,10.714285714285714,0.0,10.714285714285714,5.5,82.14285714285714
CPU,WBFM,deepfool/package_default,deepfool,package_default,40,200,28,28,3,50,3,0,13,24,10.714285714285714,3.7117692054799494,27.196225367657078,25.0,10.714285714285714,0.0,10.714285714285714,6.5,85.71428571428571
CPU,WBFM,fab/eps0.005,fab,eps0.005,10,200,28,23,0,8,1,5,7,27,0.0,-1.3877787807814457e-15,14.312112541726274,4.0,3.571428571428571,17.857142857142858,-14.285714285714286,3.5000000000000004,96.42857142857143
CPU,WBFM,fab/eps0.005,fab,eps0.005,20,200,28,23,1,6,1,5,6,27,4.3478260869565215,0.7716466962126745,20.991586494059142,3.0,3.571428571428571,17.857142857142858,-14.285714285714286,3.0,96.42857142857143
CPU,WBFM,fab/eps0.005,fab,eps0.005,30,200,28,23,3,11,3,5,11,23,13.043478260869565,4.5375765143447016,32.12789797301819,5.5,10.714285714285714,17.857142857142858,-7.142857142857144,5.5,82.14285714285714
CPU,WBFM,fab/eps0.005,fab,eps0.005,40,200,28,23,3,12,4,5,13,24,13.043478260869565,4.5375765143447016,32.12789797301819,6.0,14.285714285714285,17.857142857142858,-3.571428571428573,6.5,85.71428571428571
CPU,WBFM,fab/eps0.01,fab,eps0.01,10,200,28,27,1,10,1,1,7,27,3.7037037037037033,0.6567976533097597,18.283853934156518,5.0,3.571428571428571,3.571428571428571,0.0,3.5000000000000004,96.42857142857143
CPU,WBFM,fab/eps0.01,fab,eps0.01,20,200,28,27,1,9,1,1,6,27,3.7037037037037033,0.6567976533097597,18.283853934156518,4.5,3.571428571428571,3.571428571428571,0.0,3.0,96.42857142857143
CPU,WBFM,fab/eps0.01,fab,eps0.01,30,200,28,27,3,17,3,1,11,23,11.11111111111111,3.851964789498724,28.058182543972947,8.5,10.714285714285714,3.571428571428571,7.142857142857142,5.5,82.14285714285714
CPU,WBFM,fab/eps0.01,fab,eps0.01,40,200,28,27,3,15,3,1,13,24,11.11111111111111,3.851964789498724,28.058182543972947,7.5,10.714285714285714,3.571428571428571,7.142857142857142,6.5,85.71428571428571
CPU,WBFM,fab/eps0.03,fab,eps0.03,10,200,28,28,1,22,1,0,7,27,3.571428571428571,0.633235649754188,17.712576118498664,11.0,3.571428571428571,0.0,3.571428571428571,3.5000000000000004,96.42857142857143
CPU,WBFM,fab/eps0.03,fab,eps0.03,20,200,28,28,1,29,1,0,6,27,3.571428571428571,0.633235649754188,17.712576118498664,14.499999999999998,3.571428571428571,0.0,3.571428571428571,3.0,96.42857142857143
CPU,WBFM,fab/eps0.03,fab,eps0.03,30,200,28,28,3,30,3,0,11,23,10.714285714285714,3.7117692054799494,27.196225367657078,15.0,10.714285714285714,0.0,10.714285714285714,5.5,82.14285714285714
CPU,WBFM,fab/eps0.03,fab,eps0.03,40,200,28,28,3,33,3,0,13,24,10.714285714285714,3.7117692054799494,27.196225367657078,16.5,10.714285714285714,0.0,10.714285714285714,6.5,85.71428571428571
CPU,WBFM,square/eps0.03_default,square,eps0.03_default,10,200,28,28,0,57,0,0,7,27,0.0,0.0,12.064720365810762,28.499999999999996,0.0,0.0,0.0,3.5000000000000004,96.42857142857143
CPU,WBFM,square/eps0.03_default,square,eps0.03_default,20,200,28,28,0,58,0,0,6,27,0.0,0.0,12.064720365810762,28.999999999999996,0.0,0.0,0.0,3.0,96.42857142857143
CPU,WBFM,square/eps0.03_default,square,eps0.03_default,30,200,28,28,3,65,3,0,11,23,10.714285714285714,3.7117692054799494,27.196225367657078,32.5,10.714285714285714,0.0,10.714285714285714,5.5,82.14285714285714
CPU,WBFM,square/eps0.03_default,square,eps0.03_default,40,200,28,28,6,67,6,0,13,24,21.428571428571427,10.212321701189422,39.53894707927388,33.5,21.428571428571427,0.0,21.428571428571427,6.5,85.71428571428571
CPU,WBFM,apgd/eps0.03_default,apgd,eps0.03_default,10,200,28,28,0,71,0,0,7,27,0.0,0.0,12.064720365810762,35.5,0.0,0.0,0.0,3.5000000000000004,96.42857142857143
CPU,WBFM,apgd/eps0.03_default,apgd,eps0.03_default,20,200,28,28,1,90,1,0,6,27,3.571428571428571,0.633235649754188,17.712576118498664,45.0,3.571428571428571,0.0,3.571428571428571,3.0,96.42857142857143
CPU,WBFM,apgd/eps0.03_default,apgd,eps0.03_default,30,200,28,28,1,101,1,0,11,23,3.571428571428571,0.633235649754188,17.712576118498664,50.5,3.571428571428571,0.0,3.571428571428571,5.5,82.14285714285714
CPU,WBFM,apgd/eps0.03_default,apgd,eps0.03_default,40,200,28,28,2,101,2,0,13,24,7.142857142857142,1.9811647447770795,22.645738425917862,50.5,7.142857142857142,0.0,7.142857142857142,6.5,85.71428571428571
CPU,WBFM,apgdt/eps0.03_default,apgdt,eps0.03_default,10,200,28,28,1,77,1,0,7,27,3.571428571428571,0.633235649754188,17.712576118498664,38.5,3.571428571428571,0.0,3.571428571428571,3.5000000000000004,96.42857142857143
CPU,WBFM,apgdt/eps0.03_default,apgdt,eps0.03_default,20,200,28,28,1,86,1,0,6,27,3.571428571428571,0.633235649754188,17.712576118498664,43.0,3.571428571428571,0.0,3.571428571428571,3.0,96.42857142857143
CPU,WBFM,apgdt/eps0.03_default,apgdt,eps0.03_default,30,200,28,28,3,100,3,0,11,23,10.714285714285714,3.7117692054799494,27.196225367657078,50.0,10.714285714285714,0.0,10.714285714285714,5.5,82.14285714285714
CPU,WBFM,apgdt/eps0.03_default,apgdt,eps0.03_default,40,200,28,28,1,104,1,0,13,24,3.571428571428571,0.633235649754188,17.712576118498664,52.0,3.571428571428571,0.0,3.571428571428571,6.5,85.71428571428571
CPU,WBFM,autoattack/eps0.03_standard,autoattack,eps0.03_standard,10,200,28,28,1,76,1,0,7,27,3.571428571428571,0.633235649754188,17.712576118498664,38.0,3.571428571428571,0.0,3.571428571428571,3.5000000000000004,96.42857142857143
CPU,WBFM,autoattack/eps0.03_standard,autoattack,eps0.03_standard,20,200,28,28,2,93,2,0,6,27,7.142857142857142,1.9811647447770795,22.645738425917862,46.5,7.142857142857142,0.0,7.142857142857142,3.0,96.42857142857143
CPU,WBFM,autoattack/eps0.03_standard,autoattack,eps0.03_standard,30,200,28,28,2,98,2,0,11,23,7.142857142857142,1.9811647447770795,22.645738425917862,49.0,7.142857142857142,0.0,7.142857142857142,5.5,82.14285714285714
CPU,WBFM,autoattack/eps0.03_standard,autoattack,eps0.03_standard,40,200,28,28,1,96,1,0,13,24,3.571428571428571,0.633235649754188,17.712576118498664,48.0,3.571428571428571,0.0,3.571428571428571,6.5,85.71428571428571
CPU,WBFM,ead/package_default,ead,package_default,10,200,28,28,1,22,1,0,7,27,3.571428571428571,0.633235649754188,17.712576118498664,11.0,3.571428571428571,0.0,3.571428571428571,3.5000000000000004,96.42857142857143
CPU,WBFM,ead/package_default,ead,package_default,20,200,28,28,1,19,1,0,6,27,3.571428571428571,0.633235649754188,17.712576118498664,9.5,3.571428571428571,0.0,3.571428571428571,3.0,96.42857142857143
CPU,WBFM,ead/package_default,ead,package_default,30,200,28,28,3,26,3,0,11,23,10.714285714285714,3.7117692054799494,27.196225367657078,13.0,10.714285714285714,0.0,10.714285714285714,5.5,82.14285714285714
CPU,WBFM,ead/package_default,ead,package_default,40,200,28,28,3,27,3,0,13,24,10.714285714285714,3.7117692054799494,27.196225367657078,13.5,10.714285714285714,0.0,10.714285714285714,6.5,85.71428571428571
CPU,WBFM,ALL/ALL_24,ALL,ALL_24,10,4800,672,643,19,1172,23,29,168,648,2.9548989113530326,1.8997115921630643,4.568889066792699,24.416666666666668,3.422619047619048,4.315476190476191,-0.8928571428571428,3.5000000000000004,96.42857142857143
CPU,WBFM,ALL/ALL_24,ALL,ALL_24,20,4800,672,643,22,1334,24,29,144,648,3.421461897356143,2.2701532179382826,5.126031566713786,27.791666666666664,3.571428571428571,4.315476190476191,-0.7440476190476195,3.0,96.42857142857143
CPU,WBFM,ALL/ALL_24,ALL,ALL_24,30,4800,672,643,67,1540,70,29,264,552,10.419906687402799,8.288789406090594,13.021157264006073,32.083333333333336,10.416666666666668,4.315476190476191,6.101190476190477,5.5,82.14285714285714
CPU,WBFM,ALL/ALL_24,ALL,ALL_24,40,4800,672,643,55,1577,61,29,312,576,8.553654743390357,6.6304531279660015,10.969157039345436,32.854166666666664,9.077380952380953,4.315476190476191,4.761904761904762,6.5,85.71428571428571
NPU,8PSK,fgsm/eps0.005,fgsm,eps0.005,10,200,107,8,0,23,1,99,16,106,0.0,0.0,32.441561951087685,11.5,0.9345794392523363,92.5233644859813,-91.58878504672897,8.0,99.06542056074767
NPU,8PSK,fgsm/eps0.005,fgsm,eps0.005,20,200,107,8,0,84,54,99,95,45,0.0,0.0,32.441561951087685,42.0,50.467289719626166,92.5233644859813,-42.05607476635514,47.5,42.05607476635514
NPU,8PSK,fgsm/eps0.005,fgsm,eps0.005,30,200,107,8,0,87,71,99,101,29,0.0,0.0,32.441561951087685,43.5,66.35514018691589,92.5233644859813,-26.168224299065415,50.5,27.102803738317753
NPU,8PSK,fgsm/eps0.005,fgsm,eps0.005,40,200,107,8,0,86,78,99,96,20,0.0,0.0,32.441561951087685,43.0,72.89719626168224,92.5233644859813,-19.626168224299064,48.0,18.69158878504673
NPU,8PSK,fgsm/eps0.01,fgsm,eps0.01,10,200,107,21,0,22,0,86,16,106,0.0,0.0,15.464382326420195,11.0,0.0,80.37383177570094,-80.37383177570094,8.0,99.06542056074767
NPU,8PSK,fgsm/eps0.01,fgsm,eps0.01,20,200,107,21,0,68,45,86,95,45,0.0,0.0,15.464382326420195,34.0,42.05607476635514,80.37383177570094,-38.3177570093458,47.5,42.05607476635514
NPU,8PSK,fgsm/eps0.01,fgsm,eps0.01,30,200,107,21,0,70,56,86,101,29,0.0,0.0,15.464382326420195,35.0,52.336448598130836,80.37383177570094,-28.0373831775701,50.5,27.102803738317753
NPU,8PSK,fgsm/eps0.01,fgsm,eps0.01,40,200,107,21,2,73,69,86,96,20,9.523809523809524,2.6518208796947245,28.914583860740674,36.5,64.48598130841121,80.37383177570094,-15.887850467289724,48.0,18.69158878504673
NPU,8PSK,fgsm/eps0.03,fgsm,eps0.03,10,200,107,86,0,8,0,21,16,106,0.0,0.0,4.2759701519118085,4.0,0.0,19.626168224299064,-19.626168224299064,8.0,99.06542056074767
NPU,8PSK,fgsm/eps0.03,fgsm,eps0.03,20,200,107,86,0,19,6,21,95,45,0.0,0.0,4.2759701519118085,9.5,5.607476635514018,19.626168224299064,-14.018691588785046,47.5,42.05607476635514
NPU,8PSK,fgsm/eps0.03,fgsm,eps0.03,30,200,107,86,1,14,7,21,101,29,1.1627906976744187,0.2055515742405551,6.29655880669656,7.000000000000001,6.5420560747663545,19.626168224299064,-13.08411214953271,50.5,27.102803738317753
NPU,8PSK,fgsm/eps0.03,fgsm,eps0.03,40,200,107,86,0,23,14,21,96,20,0.0,0.0,4.2759701519118085,11.5,13.084112149532709,19.626168224299064,-6.542056074766355,48.0,18.69158878504673
NPU,8PSK,fgsm/eps0.05,fgsm,eps0.05,10,200,107,103,0,5,0,4,16,106,0.0,0.0,3.5956032107343954,2.5,0.0,3.7383177570093453,-3.7383177570093453,8.0,99.06542056074767
NPU,8PSK,fgsm/eps0.05,fgsm,eps0.05,20,200,107,103,0,10,1,4,95,45,0.0,0.0,3.5956032107343954,5.0,0.9345794392523363,3.7383177570093453,-2.803738317757009,47.5,42.05607476635514
NPU,8PSK,fgsm/eps0.05,fgsm,eps0.05,30,200,107,103,1,8,3,4,101,29,0.9708737864077669,0.17158473082714565,5.295948514650271,4.0,2.803738317757009,3.7383177570093453,-0.9345794392523361,50.5,27.102803738317753
NPU,8PSK,fgsm/eps0.05,fgsm,eps0.05,40,200,107,103,0,11,3,4,96,20,0.0,0.0,3.5956032107343954,5.5,2.803738317757009,3.7383177570093453,-0.9345794392523361,48.0,18.69158878504673
NPU,8PSK,bim/eps0.03_default,bim,eps0.03_default,10,200,107,104,0,6,0,3,16,106,0.0,0.0,3.5622616875120547,3.0,0.0,2.803738317757009,-2.803738317757009,8.0,99.06542056074767
NPU,8PSK,bim/eps0.03_default,bim,eps0.03_default,20,200,107,104,1,11,2,3,95,45,0.9615384615384616,0.16993291044208914,5.246900667694733,5.5,1.8691588785046727,2.803738317757009,-0.9345794392523366,47.5,42.05607476635514
NPU,8PSK,bim/eps0.03_default,bim,eps0.03_default,30,200,107,104,0,3,1,3,101,29,0.0,0.0,3.5622616875120547,1.5,0.9345794392523363,2.803738317757009,-1.8691588785046729,50.5,27.102803738317753
NPU,8PSK,bim/eps0.03_default,bim,eps0.03_default,40,200,107,104,0,7,2,3,96,20,0.0,0.0,3.5622616875120547,3.5000000000000004,1.8691588785046727,2.803738317757009,-0.9345794392523366,48.0,18.69158878504673
NPU,8PSK,pgd/eps0.005,pgd,eps0.005,10,200,107,11,0,23,1,96,16,106,0.0,2.7755575615628914e-15,25.88400172488141,11.5,0.9345794392523363,89.7196261682243,-88.78504672897196,8.0,99.06542056074767
NPU,8PSK,pgd/eps0.005,pgd,eps0.005,20,200,107,11,0,80,53,96,95,45,0.0,2.7755575615628914e-15,25.88400172488141,40.0,49.532710280373834,89.7196261682243,-40.18691588785046,47.5,42.05607476635514
NPU,8PSK,pgd/eps0.005,pgd,eps0.005,30,200,107,11,0,89,71,96,101,29,0.0,2.7755575615628914e-15,25.88400172488141,44.5,66.35514018691589,89.7196261682243,-23.364485981308405,50.5,27.102803738317753
NPU,8PSK,pgd/eps0.005,pgd,eps0.005,40,200,107,11,0,85,78,96,96,20,0.0,2.7755575615628914e-15,25.88400172488141,42.5,72.89719626168224,89.7196261682243,-16.822429906542055,48.0,18.69158878504673
NPU,8PSK,pgd/eps0.01,pgd,eps0.01,10,200,107,26,0,17,0,81,16,106,0.0,0.0,12.873304380462175,8.5,0.0,75.70093457943925,-75.70093457943925,8.0,99.06542056074767
NPU,8PSK,pgd/eps0.01,pgd,eps0.01,20,200,107,26,0,63,45,81,95,45,0.0,0.0,12.873304380462175,31.5,42.05607476635514,75.70093457943925,-33.64485981308411,47.5,42.05607476635514
NPU,8PSK,pgd/eps0.01,pgd,eps0.01,30,200,107,26,0,65,54,81,101,29,0.0,0.0,12.873304380462175,32.5,50.467289719626166,75.70093457943925,-25.233644859813083,50.5,27.102803738317753
NPU,8PSK,pgd/eps0.01,pgd,eps0.01,40,200,107,26,1,68,65,81,96,20,3.8461538461538463,0.6821808976989876,18.893176991958406,34.0,60.747663551401864,75.70093457943925,-14.953271028037385,48.0,18.69158878504673
NPU,8PSK,pgd/eps0.03,pgd,eps0.03,10,200,107,102,0,8,0,5,16,106,0.0,0.0,3.629574760774591,4.0,0.0,4.672897196261682,-4.672897196261682,8.0,99.06542056074767
NPU,8PSK,pgd/eps0.03,pgd,eps0.03,20,200,107,102,0,9,3,5,95,45,0.0,0.0,3.629574760774591,4.5,2.803738317757009,4.672897196261682,-1.869158878504673,47.5,42.05607476635514
NPU,8PSK,pgd/eps0.03,pgd,eps0.03,30,200,107,102,0,5,3,5,101,29,0.0,0.0,3.629574760774591,2.5,2.803738317757009,4.672897196261682,-1.869158878504673,50.5,27.102803738317753
NPU,8PSK,pgd/eps0.03,pgd,eps0.03,40,200,107,102,2,10,5,5,96,20,1.9607843137254901,0.5393639125345434,6.869443210562613,5.0,4.672897196261682,4.672897196261682,0.0,48.0,18.69158878504673
NPU,8PSK,mifgsm/eps0.03_default,mifgsm,eps0.03_default,10,200,107,104,0,6,0,3,16,106,0.0,0.0,3.5622616875120547,3.0,0.0,2.803738317757009,-2.803738317757009,8.0,99.06542056074767
NPU,8PSK,mifgsm/eps0.03_default,mifgsm,eps0.03_default,20,200,107,104,2,13,4,3,95,45,1.9230769230769231,0.528960072405658,6.742445396355932,6.5,3.7383177570093453,2.803738317757009,0.9345794392523361,47.5,42.05607476635514
NPU,8PSK,mifgsm/eps0.03_default,mifgsm,eps0.03_default,30,200,107,104,1,8,3,3,101,29,0.9615384615384616,0.16993291044208914,5.246900667694733,4.0,2.803738317757009,2.803738317757009,0.0,50.5,27.102803738317753
NPU,8PSK,mifgsm/eps0.03_default,mifgsm,eps0.03_default,40,200,107,104,2,11,5,3,96,20,1.9230769230769231,0.528960072405658,6.742445396355932,5.5,4.672897196261682,2.803738317757009,1.869158878504673,48.0,18.69158878504673
NPU,8PSK,difgsm/eps0.03_default,difgsm,eps0.03_default,10,200,107,101,0,5,0,6,16,106,0.0,-3.469446951953614e-16,3.6641943655953355,2.5,0.0,5.607476635514018,-5.607476635514018,8.0,99.06542056074767
NPU,8PSK,difgsm/eps0.03_default,difgsm,eps0.03_default,20,200,107,101,1,11,2,6,95,45,0.9900990099009901,0.1749866201761846,5.396847460951917,5.5,1.8691588785046727,5.607476635514018,-3.7383177570093458,47.5,42.05607476635514
NPU,8PSK,difgsm/eps0.03_default,difgsm,eps0.03_default,30,200,107,101,1,5,2,6,101,29,0.9900990099009901,0.1749866201761846,5.396847460951917,2.5,1.8691588785046727,5.607476635514018,-3.7383177570093458,50.5,27.102803738317753
NPU,8PSK,difgsm/eps0.03_default,difgsm,eps0.03_default,40,200,107,101,2,11,6,6,96,20,1.9801980198019802,0.5447208292721675,6.934752967388699,5.5,5.607476635514018,5.607476635514018,0.0,48.0,18.69158878504673
NPU,8PSK,vmifgsm/eps0.03_default,vmifgsm,eps0.03_default,10,200,107,104,1,6,1,3,16,106,0.9615384615384616,0.16993291044208914,5.246900667694733,3.0,0.9345794392523363,2.803738317757009,-1.8691588785046729,8.0,99.06542056074767
NPU,8PSK,vmifgsm/eps0.03_default,vmifgsm,eps0.03_default,20,200,107,104,2,14,4,3,95,45,1.9230769230769231,0.528960072405658,6.742445396355932,7.000000000000001,3.7383177570093453,2.803738317757009,0.9345794392523361,47.5,42.05607476635514
NPU,8PSK,vmifgsm/eps0.03_default,vmifgsm,eps0.03_default,30,200,107,104,0,6,1,3,101,29,0.0,0.0,3.5622616875120547,3.0,0.9345794392523363,2.803738317757009,-1.8691588785046729,50.5,27.102803738317753
NPU,8PSK,vmifgsm/eps0.03_default,vmifgsm,eps0.03_default,40,200,107,104,0,11,2,3,96,20,0.0,0.0,3.5622616875120547,5.5,1.8691588785046727,2.803738317757009,-0.9345794392523366,48.0,18.69158878504673
NPU,8PSK,vnifgsm/eps0.03_default,vnifgsm,eps0.03_default,10,200,107,102,1,11,1,5,16,106,0.9803921568627451,0.17326897927338986,5.345921962662484,5.5,0.9345794392523363,4.672897196261682,-3.738317757009346,8.0,99.06542056074767
NPU,8PSK,vnifgsm/eps0.03_default,vnifgsm,eps0.03_default,20,200,107,102,1,9,3,5,95,45,0.9803921568627451,0.17326897927338986,5.345921962662484,4.5,2.803738317757009,4.672897196261682,-1.869158878504673,47.5,42.05607476635514
NPU,8PSK,vnifgsm/eps0.03_default,vnifgsm,eps0.03_default,30,200,107,102,0,5,2,5,101,29,0.0,0.0,3.629574760774591,2.5,1.8691588785046727,4.672897196261682,-2.8037383177570097,50.5,27.102803738317753
NPU,8PSK,vnifgsm/eps0.03_default,vnifgsm,eps0.03_default,40,200,107,102,1,9,4,5,96,20,0.9803921568627451,0.17326897927338986,5.345921962662484,4.5,3.7383177570093453,4.672897196261682,-0.934579439252337,48.0,18.69158878504673
NPU,8PSK,rfgsm/eps0.03_default,rfgsm,eps0.03_default,10,200,107,104,0,7,0,3,16,106,0.0,0.0,3.5622616875120547,3.5000000000000004,0.0,2.803738317757009,-2.803738317757009,8.0,99.06542056074767
NPU,8PSK,rfgsm/eps0.03_default,rfgsm,eps0.03_default,20,200,107,104,0,12,2,3,95,45,0.0,0.0,3.5622616875120547,6.0,1.8691588785046727,2.803738317757009,-0.9345794392523366,47.5,42.05607476635514
NPU,8PSK,rfgsm/eps0.03_default,rfgsm,eps0.03_default,30,200,107,104,1,7,3,3,101,29,0.9615384615384616,0.16993291044208914,5.246900667694733,3.5000000000000004,2.803738317757009,2.803738317757009,0.0,50.5,27.102803738317753
NPU,8PSK,rfgsm/eps0.03_default,rfgsm,eps0.03_default,40,200,107,104,1,8,3,3,96,20,0.9615384615384616,0.16993291044208914,5.246900667694733,4.0,2.803738317757009,2.803738317757009,0.0,48.0,18.69158878504673
NPU,8PSK,tpgd/eps0.03_default,tpgd,eps0.03_default,10,200,107,62,0,5,0,45,16,106,0.0,-6.938893903907228e-16,5.834609122500061,2.5,0.0,42.05607476635514,-42.05607476635514,8.0,99.06542056074767
NPU,8PSK,tpgd/eps0.03_default,tpgd,eps0.03_default,20,200,107,62,2,47,32,45,95,45,3.225806451612903,0.8891184997076397,11.020677131018223,23.5,29.906542056074763,42.05607476635514,-12.149532710280376,47.5,42.05607476635514
NPU,8PSK,tpgd/eps0.03_default,tpgd,eps0.03_default,30,200,107,62,0,49,40,45,101,29,0.0,-6.938893903907228e-16,5.834609122500061,24.5,37.38317757009346,42.05607476635514,-4.67289719626168,50.5,27.102803738317753
NPU,8PSK,tpgd/eps0.03_default,tpgd,eps0.03_default,40,200,107,62,0,50,43,45,96,20,0.0,-6.938893903907228e-16,5.834609122500061,25.0,40.18691588785047,42.05607476635514,-1.8691588785046704,48.0,18.69158878504673
NPU,8PSK,cw/c1_steps20_lr0.01,cw,c1_steps20_lr0.01,10,200,107,88,0,32,1,19,16,106,0.0,3.469446951953614e-16,4.182853957248131,16.0,0.9345794392523363,17.75700934579439,-16.822429906542055,8.0,99.06542056074767
NPU,8PSK,cw/c1_steps20_lr0.01,cw,c1_steps20_lr0.01,20,200,107,88,5,20,10,19,95,45,5.681818181818182,2.4510666532829655,12.62009935427788,10.0,9.345794392523365,17.75700934579439,-8.411214953271026,47.5,42.05607476635514
NPU,8PSK,cw/c1_steps20_lr0.01,cw,c1_steps20_lr0.01,30,200,107,88,4,13,8,19,101,29,4.545454545454546,1.7815960935119883,11.111907503986313,6.5,7.476635514018691,17.75700934579439,-10.2803738317757,50.5,27.102803738317753
NPU,8PSK,cw/c1_steps20_lr0.01,cw,c1_steps20_lr0.01,40,200,107,88,4,8,7,19,96,20,4.545454545454546,1.7815960935119883,11.111907503986313,4.0,6.5420560747663545,17.75700934579439,-11.214953271028037,48.0,18.69158878504673
NPU,8PSK,deepfool/package_default,deepfool,package_default,10,200,107,36,0,29,1,71,16,106,0.0,0.0,9.642183044857635,14.499999999999998,0.9345794392523363,66.35514018691589,-65.42056074766356,8.0,99.06542056074767
NPU,8PSK,deepfool/package_default,deepfool,package_default,20,200,107,36,4,30,15,71,95,45,11.11111111111111,4.406568908741834,25.31512901503632,15.0,14.018691588785046,66.35514018691589,-52.33644859813084,47.5,42.05607476635514
NPU,8PSK,deepfool/package_default,deepfool,package_default,30,200,107,36,7,24,20,71,101,29,19.444444444444446,9.752972019453349,35.0283620635152,12.0,18.69158878504673,66.35514018691589,-47.66355140186916,50.5,27.102803738317753
NPU,8PSK,deepfool/package_default,deepfool,package_default,40,200,107,36,8,25,23,71,96,20,22.22222222222222,11.716192974839595,38.085019827859085,12.5,21.49532710280374,66.35514018691589,-44.85981308411215,48.0,18.69158878504673
NPU,8PSK,fab/eps0.005,fab,eps0.005,10,200,107,3,0,20,1,104,16,106,0.0,0.0,56.15060804490177,10.0,0.9345794392523363,97.19626168224299,-96.26168224299066,8.0,99.06542056074767
NPU,8PSK,fab/eps0.005,fab,eps0.005,20,200,107,3,0,95,62,104,95,45,0.0,0.0,56.15060804490177,47.5,57.943925233644855,97.19626168224299,-39.252336448598136,47.5,42.05607476635514
NPU,8PSK,fab/eps0.005,fab,eps0.005,30,200,107,3,0,102,78,104,101,29,0.0,0.0,56.15060804490177,51.0,72.89719626168224,97.19626168224299,-24.29906542056075,50.5,27.102803738317753
NPU,8PSK,fab/eps0.005,fab,eps0.005,40,200,107,3,0,95,86,104,96,20,0.0,0.0,56.15060804490177,47.5,80.37383177570094,97.19626168224299,-16.822429906542055,48.0,18.69158878504673
NPU,8PSK,fab/eps0.01,fab,eps0.01,10,200,107,7,0,23,1,100,16,106,0.0,0.0,35.433884297520656,11.5,0.9345794392523363,93.45794392523365,-92.52336448598132,8.0,99.06542056074767
NPU,8PSK,fab/eps0.01,fab,eps0.01,20,200,107,7,0,87,59,100,95,45,0.0,0.0,35.433884297520656,43.5,55.140186915887845,93.45794392523365,-38.317757009345804,47.5,42.05607476635514
NPU,8PSK,fab/eps0.01,fab,eps0.01,30,200,107,7,0,94,73,100,101,29,0.0,0.0,35.433884297520656,47.0,68.22429906542055,93.45794392523365,-25.233644859813097,50.5,27.102803738317753
NPU,8PSK,fab/eps0.01,fab,eps0.01,40,200,107,7,0,89,80,100,96,20,0.0,0.0,35.433884297520656,44.5,74.76635514018692,93.45794392523365,-18.691588785046733,48.0,18.69158878504673
NPU,8PSK,fab/eps0.03,fab,eps0.03,10,200,107,21,0,24,1,86,16,106,0.0,0.0,15.464382326420195,12.0,0.9345794392523363,80.37383177570094,-79.4392523364486,8.0,99.06542056074767
NPU,8PSK,fab/eps0.03,fab,eps0.03,20,200,107,21,3,34,16,86,95,45,14.285714285714285,4.980921798213492,34.6364941492295,17.0,14.953271028037381,80.37383177570094,-65.42056074766356,47.5,42.05607476635514
NPU,8PSK,fab/eps0.03,fab,eps0.03,30,200,107,21,6,32,23,86,101,29,28.57142857142857,13.813675745628204,49.95677382283758,16.0,21.49532710280374,80.37383177570094,-58.87850467289719,50.5,27.102803738317753
NPU,8PSK,fab/eps0.03,fab,eps0.03,40,200,107,21,6,35,32,86,96,20,28.57142857142857,13.813675745628204,49.95677382283758,17.5,29.906542056074763,80.37383177570094,-50.46728971962617,48.0,18.69158878504673
NPU,8PSK,square/eps0.03_default,square,eps0.03_default,10,200,107,69,0,13,1,38,16,106,0.0,0.0,5.273909414400562,6.5,0.9345794392523363,35.51401869158878,-34.57943925233644,8.0,99.06542056074767
NPU,8PSK,square/eps0.03_default,square,eps0.03_default,20,200,107,69,2,13,6,38,95,45,2.898550724637681,0.7985035233144928,9.966773461265745,6.5,5.607476635514018,35.51401869158878,-29.906542056074763,47.5,42.05607476635514
NPU,8PSK,square/eps0.03_default,square,eps0.03_default,30,200,107,69,1,11,6,38,101,29,1.4492753623188406,0.25628586443303747,7.7633073350573625,5.5,5.607476635514018,35.51401869158878,-29.906542056074763,50.5,27.102803738317753
NPU,8PSK,square/eps0.03_default,square,eps0.03_default,40,200,107,69,8,16,14,38,96,20,11.594202898550725,5.993426545958408,21.24595314916087,8.0,13.084112149532709,35.51401869158878,-22.429906542056074,48.0,18.69158878504673
NPU,8PSK,apgd/eps0.03_default,apgd,eps0.03_default,10,200,107,105,0,6,0,2,16,106,0.0,0.0,3.5295328256842966,3.0,0.0,1.8691588785046727,-1.8691588785046727,8.0,99.06542056074767
NPU,8PSK,apgd/eps0.03_default,apgd,eps0.03_default,20,200,107,105,1,7,3,2,95,45,0.9523809523809524,0.16831259050527936,5.198752943261222,3.5000000000000004,2.803738317757009,1.8691588785046727,0.9345794392523366,47.5,42.05607476635514
NPU,8PSK,apgd/eps0.03_default,apgd,eps0.03_default,30,200,107,105,0,4,2,2,101,29,0.0,0.0,3.5295328256842966,2.0,1.8691588785046727,1.8691588785046727,0.0,50.5,27.102803738317753
NPU,8PSK,apgd/eps0.03_default,apgd,eps0.03_default,40,200,107,105,1,8,3,2,96,20,0.9523809523809524,0.16831259050527936,5.198752943261222,4.0,2.803738317757009,1.8691588785046727,0.9345794392523366,48.0,18.69158878504673
NPU,8PSK,apgdt/eps0.03_default,apgdt,eps0.03_default,10,200,107,104,0,10,0,3,16,106,0.0,0.0,3.5622616875120547,5.0,0.0,2.803738317757009,-2.803738317757009,8.0,99.06542056074767
NPU,8PSK,apgdt/eps0.03_default,apgdt,eps0.03_default,20,200,107,104,0,11,2,3,95,45,0.0,0.0,3.5622616875120547,5.5,1.8691588785046727,2.803738317757009,-0.9345794392523366,47.5,42.05607476635514
NPU,8PSK,apgdt/eps0.03_default,apgdt,eps0.03_default,30,200,107,104,1,6,3,3,101,29,0.9615384615384616,0.16993291044208914,5.246900667694733,3.0,2.803738317757009,2.803738317757009,0.0,50.5,27.102803738317753
NPU,8PSK,apgdt/eps0.03_default,apgdt,eps0.03_default,40,200,107,104,0,6,2,3,96,20,0.0,0.0,3.5622616875120547,3.0,1.8691588785046727,2.803738317757009,-0.9345794392523366,48.0,18.69158878504673
NPU,8PSK,autoattack/eps0.03_standard,autoattack,eps0.03_standard,10,200,107,104,0,8,0,3,16,106,0.0,0.0,3.5622616875120547,4.0,0.0,2.803738317757009,-2.803738317757009,8.0,99.06542056074767
NPU,8PSK,autoattack/eps0.03_standard,autoattack,eps0.03_standard,20,200,107,104,2,13,4,3,95,45,1.9230769230769231,0.528960072405658,6.742445396355932,6.5,3.7383177570093453,2.803738317757009,0.9345794392523361,47.5,42.05607476635514
NPU,8PSK,autoattack/eps0.03_standard,autoattack,eps0.03_standard,30,200,107,104,0,5,2,3,101,29,0.0,0.0,3.5622616875120547,2.5,1.8691588785046727,2.803738317757009,-0.9345794392523366,50.5,27.102803738317753
NPU,8PSK,autoattack/eps0.03_standard,autoattack,eps0.03_standard,40,200,107,104,0,11,2,3,96,20,0.0,0.0,3.5622616875120547,5.5,1.8691588785046727,2.803738317757009,-0.9345794392523366,48.0,18.69158878504673
NPU,8PSK,ead/package_default,ead,package_default,10,200,107,21,0,20,1,86,16,106,0.0,0.0,15.464382326420195,10.0,0.9345794392523363,80.37383177570094,-79.4392523364486,8.0,99.06542056074767
NPU,8PSK,ead/package_default,ead,package_default,20,200,107,21,0,41,17,86,95,45,0.0,0.0,15.464382326420195,20.5,15.887850467289718,80.37383177570094,-64.48598130841121,47.5,42.05607476635514
NPU,8PSK,ead/package_default,ead,package_default,30,200,107,21,1,34,26,86,101,29,4.761904761904762,0.8455769471923293,22.669816586235463,17.0,24.299065420560748,80.37383177570094,-56.074766355140184,50.5,27.102803738317753
NPU,8PSK,ead/package_default,ead,package_default,40,200,107,21,4,36,33,86,96,20,19.047619047619047,7.667440615177301,40.000986539273285,18.0,30.8411214953271,80.37383177570094,-49.532710280373834,48.0,18.69158878504673
NPU,8PSK,ALL/ALL_24,ALL,ALL_24,10,4800,2568,1596,2,337,11,972,384,2544,0.12531328320802004,0.03437143189888715,0.4557770928050585,7.020833333333333,0.4283489096573208,37.850467289719624,-37.4221183800623,8.0,99.06542056074767
NPU,8PSK,ALL/ALL_24,ALL,ALL_24,20,4800,2568,1596,26,801,450,972,2280,1080,1.6290726817042605,1.1141147587521776,2.3763307953576787,16.6875,17.523364485981308,37.850467289719624,-20.327102803738317,47.5,42.05607476635514
NPU,8PSK,ALL/ALL_24,ALL,ALL_24,30,4800,2568,1596,25,746,558,972,2424,696,1.5664160401002505,1.0632266963102992,2.302206481574311,15.541666666666668,21.72897196261682,37.850467289719624,-16.121495327102803,50.5,27.102803738317753
NPU,8PSK,ALL/ALL_24,ALL,ALL_24,40,4800,2568,1596,42,792,659,972,2304,480,2.631578947368421,1.9527228799316343,3.537920693782162,16.5,25.661993769470403,37.850467289719624,-12.188473520249222,48.0,18.69158878504673
NPU,AM-DSB,fgsm/eps0.005,fgsm,eps0.005,10,200,133,7,7,170,133,126,180,0,100.0,64.56611570247934,100.0,85.0,100.0,94.73684210526315,5.26315789473685,90.0,0.0
NPU,AM-DSB,fgsm/eps0.005,fgsm,eps0.005,20,200,133,7,7,158,133,126,157,0,100.0,64.56611570247934,100.0,79.0,100.0,94.73684210526315,5.26315789473685,78.5,0.0
NPU,AM-DSB,fgsm/eps0.005,fgsm,eps0.005,30,200,133,7,6,150,132,126,152,0,85.71428571428571,48.68654966809701,97.43210440510252,75.0,99.24812030075188,94.73684210526315,4.511278195488728,76.0,0.0
NPU,AM-DSB,fgsm/eps0.005,fgsm,eps0.005,40,200,133,7,6,148,132,126,149,0,85.71428571428571,48.68654966809701,97.43210440510252,74.0,99.24812030075188,94.73684210526315,4.511278195488728,74.5,0.0
NPU,AM-DSB,fgsm/eps0.01,fgsm,eps0.01,10,200,133,8,7,172,132,125,180,0,87.5,52.91051942301386,97.75830911367038,86.0,99.24812030075188,93.98496240601504,5.263157894736835,90.0,0.0
NPU,AM-DSB,fgsm/eps0.01,fgsm,eps0.01,20,200,133,8,5,153,130,125,157,0,62.5,30.573785458380186,86.3158240538479,76.5,97.74436090225564,93.98496240601504,3.7593984962405926,78.5,0.0
NPU,AM-DSB,fgsm/eps0.01,fgsm,eps0.01,30,200,133,8,6,148,131,125,152,0,75.0,40.926987910258916,92.85223111419724,74.0,98.49624060150376,93.98496240601504,4.511278195488714,76.0,0.0
NPU,AM-DSB,fgsm/eps0.01,fgsm,eps0.01,40,200,133,8,6,147,131,125,149,0,75.0,40.926987910258916,92.85223111419724,73.5,98.49624060150376,93.98496240601504,4.511278195488714,74.5,0.0
NPU,AM-DSB,fgsm/eps0.03,fgsm,eps0.03,10,200,133,10,10,168,132,123,180,0,100.0,72.24598312333835,100.0,84.0,99.24812030075188,92.4812030075188,6.766917293233078,90.0,0.0
NPU,AM-DSB,fgsm/eps0.03,fgsm,eps0.03,20,200,133,10,4,151,126,123,157,0,40.0,16.817758120350966,68.73304525498135,75.5,94.73684210526315,92.4812030075188,2.25563909774435,78.5,0.0
NPU,AM-DSB,fgsm/eps0.03,fgsm,eps0.03,30,200,133,10,2,143,125,123,152,0,20.0,5.6680947980693315,50.98431532792765,71.5,93.98496240601504,92.4812030075188,1.5037593984962427,76.0,0.0
NPU,AM-DSB,fgsm/eps0.03,fgsm,eps0.03,40,200,133,10,3,141,125,123,149,0,30.0,10.778928748621183,60.322678002043475,70.5,93.98496240601504,92.4812030075188,1.5037593984962427,74.5,0.0
NPU,AM-DSB,fgsm/eps0.05,fgsm,eps0.05,10,200,133,11,8,168,129,122,180,0,72.72727272727273,43.43497069897537,90.25411942607853,84.0,96.99248120300751,91.72932330827066,5.26315789473685,90.0,0.0
NPU,AM-DSB,fgsm/eps0.05,fgsm,eps0.05,20,200,133,11,2,144,123,122,157,0,18.181818181818183,5.136660067100063,47.69861375782448,72.0,92.4812030075188,91.72932330827066,0.7518796992481356,78.5,0.0
NPU,AM-DSB,fgsm/eps0.05,fgsm,eps0.05,30,200,133,11,1,141,123,122,152,0,9.090909090909092,1.6231752262825971,37.73646254862038,70.5,92.4812030075188,91.72932330827066,0.7518796992481356,76.0,0.0
NPU,AM-DSB,fgsm/eps0.05,fgsm,eps0.05,40,200,133,11,0,134,122,122,149,0,0.0,2.7755575615628914e-15,25.88400172488141,67.0,91.72932330827066,91.72932330827066,0.0,74.5,0.0
NPU,AM-DSB,bim/eps0.03_default,bim,eps0.03_default,10,200,133,13,9,168,128,120,180,0,69.23076923076923,42.36888781333764,87.31950283838191,84.0,96.2406015037594,90.22556390977444,6.015037593984957,90.0,0.0
NPU,AM-DSB,bim/eps0.03_default,bim,eps0.03_default,20,200,133,13,8,150,128,120,157,0,61.53846153846154,35.52248097226855,82.2905534187632,75.0,96.2406015037594,90.22556390977444,6.015037593984957,78.5,0.0
NPU,AM-DSB,bim/eps0.03_default,bim,eps0.03_default,30,200,133,13,7,148,127,120,152,0,53.84615384615385,29.14343243183205,76.79424569851186,74.0,95.48872180451127,90.22556390977444,5.263157894736835,76.0,0.0
NPU,AM-DSB,bim/eps0.03_default,bim,eps0.03_default,40,200,133,13,5,141,125,120,149,0,38.46153846153847,17.70944658123682,64.47751902773146,70.5,93.98496240601504,90.22556390977444,3.759398496240607,74.5,0.0
NPU,AM-DSB,pgd/eps0.005,pgd,eps0.005,10,200,133,6,6,171,132,127,180,0,100.0,60.96569663469354,99.99999999999999,85.5,99.24812030075188,95.48872180451127,3.759398496240607,90.0,0.0
NPU,AM-DSB,pgd/eps0.005,pgd,eps0.005,20,200,133,6,6,157,133,127,157,0,100.0,60.96569663469354,99.99999999999999,78.5,100.0,95.48872180451127,4.511278195488728,78.5,0.0
NPU,AM-DSB,pgd/eps0.005,pgd,eps0.005,30,200,133,6,6,150,133,127,152,0,100.0,60.96569663469354,99.99999999999999,75.0,100.0,95.48872180451127,4.511278195488728,76.0,0.0
NPU,AM-DSB,pgd/eps0.005,pgd,eps0.005,40,200,133,6,5,149,132,127,149,0,83.33333333333334,43.649056343635394,96.99474141282697,74.5,99.24812030075188,95.48872180451127,3.759398496240607,74.5,0.0
NPU,AM-DSB,pgd/eps0.01,pgd,eps0.01,10,200,133,6,6,171,131,127,180,0,100.0,60.96569663469354,99.99999999999999,85.5,98.49624060150376,95.48872180451127,3.0075187969924855,90.0,0.0
NPU,AM-DSB,pgd/eps0.01,pgd,eps0.01,20,200,133,6,3,155,130,127,157,0,50.0,18.761280689940868,81.23871931005912,77.5,97.74436090225564,95.48872180451127,2.255639097744364,78.5,0.0
NPU,AM-DSB,pgd/eps0.01,pgd,eps0.01,30,200,133,6,3,151,130,127,152,0,50.0,18.761280689940868,81.23871931005912,75.5,97.74436090225564,95.48872180451127,2.255639097744364,76.0,0.0
NPU,AM-DSB,pgd/eps0.01,pgd,eps0.01,40,200,133,6,4,150,131,127,149,0,66.66666666666666,29.998832134152863,90.3230667440783,75.0,98.49624060150376,95.48872180451127,3.0075187969924855,74.5,0.0
NPU,AM-DSB,pgd/eps0.03,pgd,eps0.03,10,200,133,11,8,170,128,122,180,0,72.72727272727273,43.43497069897537,90.25411942607853,85.0,96.2406015037594,91.72932330827066,4.511278195488728,90.0,0.0
NPU,AM-DSB,pgd/eps0.03,pgd,eps0.03,20,200,133,11,3,148,125,122,157,0,27.27272727272727,9.745880573921466,56.56502930102463,74.0,93.98496240601504,91.72932330827066,2.2556390977443783,78.5,0.0
NPU,AM-DSB,pgd/eps0.03,pgd,eps0.03,30,200,133,11,4,149,126,122,152,0,36.36363636363637,15.166223614131383,64.62032231083627,74.5,94.73684210526315,91.72932330827066,3.0075187969924855,76.0,0.0
NPU,AM-DSB,pgd/eps0.03,pgd,eps0.03,40,200,133,11,4,141,126,122,149,0,36.36363636363637,15.166223614131383,64.62032231083627,70.5,94.73684210526315,91.72932330827066,3.0075187969924855,74.5,0.0
NPU,AM-DSB,mifgsm/eps0.03_default,mifgsm,eps0.03_default,10,200,133,11,8,173,128,122,180,0,72.72727272727273,43.43497069897537,90.25411942607853,86.5,96.2406015037594,91.72932330827066,4.511278195488728,90.0,0.0
NPU,AM-DSB,mifgsm/eps0.03_default,mifgsm,eps0.03_default,20,200,133,11,4,151,126,122,157,0,36.36363636363637,15.166223614131383,64.62032231083627,75.5,94.73684210526315,91.72932330827066,3.0075187969924855,78.5,0.0
NPU,AM-DSB,mifgsm/eps0.03_default,mifgsm,eps0.03_default,30,200,133,11,2,146,124,122,152,0,18.181818181818183,5.136660067100063,47.69861375782448,73.0,93.23308270676691,91.72932330827066,1.5037593984962427,76.0,0.0
NPU,AM-DSB,mifgsm/eps0.03_default,mifgsm,eps0.03_default,40,200,133,11,4,142,126,122,149,0,36.36363636363637,15.166223614131383,64.62032231083627,71.0,94.73684210526315,91.72932330827066,3.0075187969924855,74.5,0.0
NPU,AM-DSB,difgsm/eps0.03_default,difgsm,eps0.03_default,10,200,133,15,11,171,129,118,180,0,73.33333333333333,48.04911034231324,89.10272389681718,85.5,96.99248120300751,88.7218045112782,8.27067669172932,90.0,0.0
NPU,AM-DSB,difgsm/eps0.03_default,difgsm,eps0.03_default,20,200,133,15,10,145,128,118,157,0,66.66666666666666,41.71312515121298,84.82389930530876,72.5,96.2406015037594,88.7218045112782,7.5187969924811995,78.5,0.0
NPU,AM-DSB,difgsm/eps0.03_default,difgsm,eps0.03_default,30,200,133,15,8,137,125,118,152,0,53.333333333333336,30.11663015105079,75.19077474025354,68.5,93.98496240601504,88.7218045112782,5.26315789473685,76.0,0.0
NPU,AM-DSB,difgsm/eps0.03_default,difgsm,eps0.03_default,40,200,133,15,6,131,124,118,149,0,40.0,19.824228082594665,64.2535572434923,65.5,93.23308270676691,88.7218045112782,4.511278195488714,74.5,0.0
NPU,AM-DSB,vmifgsm/eps0.03_default,vmifgsm,eps0.03_default,10,200,133,11,7,172,128,122,180,0,63.63636363636363,35.37967768916373,84.83377638586862,86.0,96.2406015037594,91.72932330827066,4.511278195488728,90.0,0.0
NPU,AM-DSB,vmifgsm/eps0.03_default,vmifgsm,eps0.03_default,20,200,133,11,3,146,125,122,157,0,27.27272727272727,9.745880573921466,56.56502930102463,73.0,93.98496240601504,91.72932330827066,2.2556390977443783,78.5,0.0
NPU,AM-DSB,vmifgsm/eps0.03_default,vmifgsm,eps0.03_default,30,200,133,11,2,140,124,122,152,0,18.181818181818183,5.136660067100063,47.69861375782448,70.0,93.23308270676691,91.72932330827066,1.5037593984962427,76.0,0.0
NPU,AM-DSB,vmifgsm/eps0.03_default,vmifgsm,eps0.03_default,40,200,133,11,3,140,125,122,149,0,27.27272727272727,9.745880573921466,56.56502930102463,70.0,93.98496240601504,91.72932330827066,2.2556390977443783,74.5,0.0
NPU,AM-DSB,vnifgsm/eps0.03_default,vnifgsm,eps0.03_default,10,200,133,11,7,166,129,122,180,0,63.63636363636363,35.37967768916373,84.83377638586862,83.0,96.99248120300751,91.72932330827066,5.26315789473685,90.0,0.0
NPU,AM-DSB,vnifgsm/eps0.03_default,vnifgsm,eps0.03_default,20,200,133,11,4,148,126,122,157,0,36.36363636363637,15.166223614131383,64.62032231083627,74.0,94.73684210526315,91.72932330827066,3.0075187969924855,78.5,0.0
NPU,AM-DSB,vnifgsm/eps0.03_default,vnifgsm,eps0.03_default,30,200,133,11,3,142,125,122,152,0,27.27272727272727,9.745880573921466,56.56502930102463,71.0,93.98496240601504,91.72932330827066,2.2556390977443783,76.0,0.0
NPU,AM-DSB,vnifgsm/eps0.03_default,vnifgsm,eps0.03_default,40,200,133,11,6,145,128,122,149,0,54.54545454545454,28.008775568998818,78.72904245601195,72.5,96.2406015037594,91.72932330827066,4.511278195488728,74.5,0.0
NPU,AM-DSB,rfgsm/eps0.03_default,rfgsm,eps0.03_default,10,200,133,13,9,169,126,120,180,0,69.23076923076923,42.36888781333764,87.31950283838191,84.5,94.73684210526315,90.22556390977444,4.511278195488714,90.0,0.0
NPU,AM-DSB,rfgsm/eps0.03_default,rfgsm,eps0.03_default,20,200,133,13,5,149,125,120,157,0,38.46153846153847,17.70944658123682,64.47751902773146,74.5,93.98496240601504,90.22556390977444,3.759398496240607,78.5,0.0
NPU,AM-DSB,rfgsm/eps0.03_default,rfgsm,eps0.03_default,30,200,133,13,7,146,127,120,152,0,53.84615384615385,29.14343243183205,76.79424569851186,73.0,95.48872180451127,90.22556390977444,5.263157894736835,76.0,0.0
NPU,AM-DSB,rfgsm/eps0.03_default,rfgsm,eps0.03_default,40,200,133,13,7,145,127,120,149,0,53.84615384615385,29.14343243183205,76.79424569851186,72.5,95.48872180451127,90.22556390977444,5.263157894736835,74.5,0.0
NPU,AM-DSB,tpgd/eps0.03_default,tpgd,eps0.03_default,10,200,133,12,12,182,133,121,180,0,100.0,75.74992425007574,100.0,91.0,100.0,90.97744360902256,9.022556390977442,90.0,0.0
NPU,AM-DSB,tpgd/eps0.03_default,tpgd,eps0.03_default,20,200,133,12,8,160,129,121,157,0,66.66666666666666,39.06175873976139,86.18821601026386,80.0,96.99248120300751,90.97744360902256,6.015037593984957,78.5,0.0
NPU,AM-DSB,tpgd/eps0.03_default,tpgd,eps0.03_default,30,200,133,12,7,153,128,121,152,0,58.333333333333336,31.95073356553728,80.67425380947535,76.5,96.2406015037594,90.97744360902256,5.263157894736835,76.0,0.0
NPU,AM-DSB,tpgd/eps0.03_default,tpgd,eps0.03_default,40,200,133,12,5,147,126,121,149,0,41.66666666666667,19.325746190524658,68.04926643446272,73.5,94.73684210526315,90.97744360902256,3.7593984962405926,74.5,0.0
NPU,AM-DSB,cw/c1_steps20_lr0.01,cw,c1_steps20_lr0.01,10,200,133,9,9,176,133,124,180,0,100.0,70.08472464490407,100.0,88.0,100.0,93.23308270676691,6.766917293233092,90.0,0.0
NPU,AM-DSB,cw/c1_steps20_lr0.01,cw,c1_steps20_lr0.01,20,200,133,9,8,158,132,124,157,0,88.88888888888889,56.49937852319399,98.01096286728695,79.0,99.24812030075188,93.23308270676691,6.015037593984971,78.5,0.0
NPU,AM-DSB,cw/c1_steps20_lr0.01,cw,c1_steps20_lr0.01,30,200,133,9,8,154,132,124,152,0,88.88888888888889,56.49937852319399,98.01096286728695,77.0,99.24812030075188,93.23308270676691,6.015037593984971,76.0,0.0
NPU,AM-DSB,cw/c1_steps20_lr0.01,cw,c1_steps20_lr0.01,40,200,133,9,8,154,132,124,149,0,88.88888888888889,56.49937852319399,98.01096286728695,77.0,99.24812030075188,93.23308270676691,6.015037593984971,74.5,0.0
NPU,AM-DSB,deepfool/package_default,deepfool,package_default,10,200,133,8,8,174,133,125,180,0,100.0,67.55843804891231,100.0,87.0,100.0,93.98496240601504,6.015037593984957,90.0,0.0
NPU,AM-DSB,deepfool/package_default,deepfool,package_default,20,200,133,8,6,157,131,125,157,0,75.0,40.926987910258916,92.85223111419724,78.5,98.49624060150376,93.98496240601504,4.511278195488714,78.5,0.0
NPU,AM-DSB,deepfool/package_default,deepfool,package_default,30,200,133,8,6,150,130,125,152,0,75.0,40.926987910258916,92.85223111419724,75.0,97.74436090225564,93.98496240601504,3.7593984962405926,76.0,0.0
NPU,AM-DSB,deepfool/package_default,deepfool,package_default,40,200,133,8,7,154,132,125,149,0,87.5,52.91051942301386,97.75830911367038,77.0,99.24812030075188,93.98496240601504,5.263157894736835,74.5,0.0
NPU,AM-DSB,fab/eps0.005,fab,eps0.005,10,200,133,2,2,178,133,131,180,0,100.0,34.23719528896193,100.0,89.0,100.0,98.49624060150376,1.5037593984962427,90.0,0.0
NPU,AM-DSB,fab/eps0.005,fab,eps0.005,20,200,133,2,2,155,133,131,157,0,100.0,34.23719528896193,100.0,77.5,100.0,98.49624060150376,1.5037593984962427,78.5,0.0
NPU,AM-DSB,fab/eps0.005,fab,eps0.005,30,200,133,2,2,150,133,131,152,0,100.0,34.23719528896193,100.0,75.0,100.0,98.49624060150376,1.5037593984962427,76.0,0.0
NPU,AM-DSB,fab/eps0.005,fab,eps0.005,40,200,133,2,2,151,133,131,149,0,100.0,34.23719528896193,100.0,75.5,100.0,98.49624060150376,1.5037593984962427,74.5,0.0
NPU,AM-DSB,fab/eps0.01,fab,eps0.01,10,200,133,5,5,179,133,128,180,0,100.0,56.550850524791905,100.00000000000003,89.5,100.0,96.2406015037594,3.759398496240607,90.0,0.0
NPU,AM-DSB,fab/eps0.01,fab,eps0.01,20,200,133,5,5,157,133,128,157,0,100.0,56.550850524791905,100.00000000000003,78.5,100.0,96.2406015037594,3.759398496240607,78.5,0.0
NPU,AM-DSB,fab/eps0.01,fab,eps0.01,30,200,133,5,4,150,132,128,152,0,80.0,37.55282641185388,96.37768390302125,75.0,99.24812030075188,96.2406015037594,3.0075187969924855,76.0,0.0
NPU,AM-DSB,fab/eps0.01,fab,eps0.01,40,200,133,5,5,150,133,128,149,0,100.0,56.550850524791905,100.00000000000003,75.0,100.0,96.2406015037594,3.759398496240607,74.5,0.0
NPU,AM-DSB,fab/eps0.03,fab,eps0.03,10,200,133,9,9,175,133,124,180,0,100.0,70.08472464490407,100.0,87.5,100.0,93.23308270676691,6.766917293233092,90.0,0.0
NPU,AM-DSB,fab/eps0.03,fab,eps0.03,20,200,133,9,8,157,132,124,157,0,88.88888888888889,56.49937852319399,98.01096286728695,78.5,99.24812030075188,93.23308270676691,6.015037593984971,78.5,0.0
NPU,AM-DSB,fab/eps0.03,fab,eps0.03,30,200,133,9,6,148,130,124,152,0,66.66666666666666,35.419734749908976,87.9418401317257,74.0,97.74436090225564,93.23308270676691,4.511278195488728,76.0,0.0
NPU,AM-DSB,fab/eps0.03,fab,eps0.03,40,200,133,9,8,150,132,124,149,0,88.88888888888889,56.49937852319399,98.01096286728695,75.0,99.24812030075188,93.23308270676691,6.015037593984971,74.5,0.0
NPU,AM-DSB,square/eps0.03_default,square,eps0.03_default,10,200,133,10,9,178,132,123,180,0,90.0,59.58436145024278,98.21242504842787,89.0,99.24812030075188,92.4812030075188,6.766917293233078,90.0,0.0
NPU,AM-DSB,square/eps0.03_default,square,eps0.03_default,20,200,133,10,2,152,125,123,157,0,20.0,5.6680947980693315,50.98431532792765,76.0,93.98496240601504,92.4812030075188,1.5037593984962427,78.5,0.0
NPU,AM-DSB,square/eps0.03_default,square,eps0.03_default,30,200,133,10,4,143,127,123,152,0,40.0,16.817758120350966,68.73304525498135,71.5,95.48872180451127,92.4812030075188,3.0075187969924713,76.0,0.0
NPU,AM-DSB,square/eps0.03_default,square,eps0.03_default,40,200,133,10,3,132,124,123,149,0,30.0,10.778928748621183,60.322678002043475,66.0,93.23308270676691,92.4812030075188,0.7518796992481072,74.5,0.0
NPU,AM-DSB,apgd/eps0.03_default,apgd,eps0.03_default,10,200,133,13,9,168,129,120,180,0,69.23076923076923,42.36888781333764,87.31950283838191,84.0,96.99248120300751,90.22556390977444,6.766917293233078,90.0,0.0
NPU,AM-DSB,apgd/eps0.03_default,apgd,eps0.03_default,20,200,133,13,4,147,124,120,157,0,30.76923076923077,12.680497161618087,57.63111218666236,73.5,93.23308270676691,90.22556390977444,3.0075187969924713,78.5,0.0
NPU,AM-DSB,apgd/eps0.03_default,apgd,eps0.03_default,30,200,133,13,9,149,129,120,152,0,69.23076923076923,42.36888781333764,87.31950283838191,74.5,96.99248120300751,90.22556390977444,6.766917293233078,76.0,0.0
NPU,AM-DSB,apgd/eps0.03_default,apgd,eps0.03_default,40,200,133,13,7,142,127,120,149,0,53.84615384615385,29.14343243183205,76.79424569851186,71.0,95.48872180451127,90.22556390977444,5.263157894736835,74.5,0.0
NPU,AM-DSB,apgdt/eps0.03_default,apgdt,eps0.03_default,10,200,133,10,9,180,132,123,180,0,90.0,59.58436145024278,98.21242504842787,90.0,99.24812030075188,92.4812030075188,6.766917293233078,90.0,0.0
NPU,AM-DSB,apgdt/eps0.03_default,apgdt,eps0.03_default,20,200,133,10,8,165,131,123,157,0,80.0,49.01568467207233,94.33190520193067,82.5,98.49624060150376,92.4812030075188,6.015037593984957,78.5,0.0
NPU,AM-DSB,apgdt/eps0.03_default,apgdt,eps0.03_default,30,200,133,10,9,156,131,123,152,0,90.0,59.58436145024278,98.21242504842787,78.0,98.49624060150376,92.4812030075188,6.015037593984957,76.0,0.0
NPU,AM-DSB,apgdt/eps0.03_default,apgdt,eps0.03_default,40,200,133,10,6,154,129,123,149,0,60.0,31.266954745018637,83.18224187964903,77.0,96.99248120300751,92.4812030075188,4.511278195488714,74.5,0.0
NPU,AM-DSB,autoattack/eps0.03_standard,autoattack,eps0.03_standard,10,200,133,13,10,172,129,120,180,0,76.92307692307693,49.74312600487308,91.8206209075343,86.0,96.99248120300751,90.22556390977444,6.766917293233078,90.0,0.0
NPU,AM-DSB,autoattack/eps0.03_standard,autoattack,eps0.03_standard,20,200,133,13,8,150,128,120,157,0,61.53846153846154,35.52248097226855,82.2905534187632,75.0,96.2406015037594,90.22556390977444,6.015037593984957,78.5,0.0
NPU,AM-DSB,autoattack/eps0.03_standard,autoattack,eps0.03_standard,30,200,133,13,8,147,128,120,152,0,61.53846153846154,35.52248097226855,82.2905534187632,73.5,96.2406015037594,90.22556390977444,6.015037593984957,76.0,0.0
NPU,AM-DSB,autoattack/eps0.03_standard,autoattack,eps0.03_standard,40,200,133,13,7,144,127,120,149,0,53.84615384615385,29.14343243183205,76.79424569851186,72.0,95.48872180451127,90.22556390977444,5.263157894736835,74.5,0.0
NPU,AM-DSB,ead/package_default,ead,package_default,10,200,133,9,9,178,133,124,180,0,100.0,70.08472464490407,100.0,89.0,100.0,93.23308270676691,6.766917293233092,90.0,0.0
NPU,AM-DSB,ead/package_default,ead,package_default,20,200,133,9,9,158,133,124,157,0,100.0,70.08472464490407,100.0,79.0,100.0,93.23308270676691,6.766917293233092,78.5,0.0
NPU,AM-DSB,ead/package_default,ead,package_default,30,200,133,9,8,150,132,124,152,0,88.88888888888889,56.49937852319399,98.01096286728695,75.0,99.24812030075188,93.23308270676691,6.015037593984971,76.0,0.0
NPU,AM-DSB,ead/package_default,ead,package_default,40,200,133,9,9,151,133,124,149,0,100.0,70.08472464490407,100.0,75.5,100.0,93.23308270676691,6.766917293233092,74.5,0.0
NPU,AM-DSB,ALL/ALL_24,ALL,ALL_24,10,4800,3192,233,194,4149,3138,2959,4320,0,83.2618025751073,77.93728553948459,87.5072985200725,86.4375,98.30827067669173,92.70050125313283,5.607769423558906,90.0,0.0
NPU,AM-DSB,ALL/ALL_24,ALL,ALL_24,20,4800,3192,233,132,3671,3089,2959,3768,0,56.65236051502146,50.23223630396565,62.856680507945775,76.47916666666667,96.77318295739349,92.70050125313283,4.07268170426066,78.5,0.0
NPU,AM-DSB,ALL/ALL_24,ALL,ALL_24,30,4800,3192,233,128,3541,3084,2959,3648,0,54.93562231759657,48.51824869105093,61.19288313714142,73.77083333333333,96.61654135338345,92.70050125313283,3.916040100250626,76.0,0.0
NPU,AM-DSB,ALL/ALL_24,ALL,ALL_24,40,4800,3192,233,126,3483,3082,2959,3576,0,54.077253218884124,47.66407002730665,60.35816930902617,72.5625,96.55388471177945,92.70050125313283,3.8533834586466185,74.5,0.0
NPU,AM-SSB,fgsm/eps0.005,fgsm,eps0.005,10,200,186,28,0,0,0,158,0,186,0.0,0.0,12.064720365810762,0.0,0.0,84.94623655913979,-84.94623655913979,0.0,100.0
NPU,AM-SSB,fgsm/eps0.005,fgsm,eps0.005,20,200,186,28,0,0,0,158,0,186,0.0,0.0,12.064720365810762,0.0,0.0,84.94623655913979,-84.94623655913979,0.0,100.0
NPU,AM-SSB,fgsm/eps0.005,fgsm,eps0.005,30,200,186,28,4,44,42,158,39,149,14.285714285714285,5.698912930701786,31.490173044877334,22.0,22.58064516129032,84.94623655913979,-62.36559139784947,19.5,80.10752688172043
NPU,AM-SSB,fgsm/eps0.005,fgsm,eps0.005,40,200,186,28,12,133,127,158,139,52,42.857142857142854,26.50829618073122,60.929521014384605,66.5,68.27956989247312,84.94623655913979,-16.66666666666667,69.5,27.956989247311824
NPU,AM-SSB,fgsm/eps0.01,fgsm,eps0.01,10,200,186,48,0,0,0,138,0,186,0.0,0.0,7.41026511527422,0.0,0.0,74.19354838709677,-74.19354838709677,0.0,100.0
NPU,AM-SSB,fgsm/eps0.01,fgsm,eps0.01,20,200,186,48,0,1,1,138,0,186,0.0,0.0,7.41026511527422,0.5,0.5376344086021506,74.19354838709677,-73.65591397849462,0.0,100.0
NPU,AM-SSB,fgsm/eps0.01,fgsm,eps0.01,30,200,186,48,7,46,42,138,39,149,14.583333333333334,7.248157413793963,27.167447042858605,23.0,22.58064516129032,74.19354838709677,-51.61290322580645,19.5,80.10752688172043
NPU,AM-SSB,fgsm/eps0.01,fgsm,eps0.01,40,200,186,48,21,130,121,138,139,52,43.75,30.70105464041092,57.72522849899835,65.0,65.05376344086021,74.19354838709677,-9.13978494623656,69.5,27.956989247311824
NPU,AM-SSB,fgsm/eps0.03,fgsm,eps0.03,10,200,186,148,0,0,0,38,0,186,0.0,0.0,2.5300049525294783,0.0,0.0,20.43010752688172,-20.43010752688172,0.0,100.0
NPU,AM-SSB,fgsm/eps0.03,fgsm,eps0.03,20,200,186,148,5,7,7,38,0,186,3.3783783783783785,1.4514880913543027,7.664327337355617,3.5000000000000004,3.763440860215054,20.43010752688172,-16.666666666666664,0.0,100.0
NPU,AM-SSB,fgsm/eps0.03,fgsm,eps0.03,30,200,186,148,22,33,30,38,39,149,14.864864864864865,10.025962527909332,21.48160851981409,16.5,16.129032258064516,20.43010752688172,-4.301075268817204,19.5,80.10752688172043
NPU,AM-SSB,fgsm/eps0.03,fgsm,eps0.03,40,200,186,148,35,69,63,38,139,52,23.64864864864865,17.52369688407319,31.10698140171938,34.5,33.87096774193548,20.43010752688172,13.44086021505376,69.5,27.956989247311824
NPU,AM-SSB,fgsm/eps0.05,fgsm,eps0.05,10,200,186,180,0,0,0,6,0,186,0.0,0.0,2.089624981505818,0.0,0.0,3.225806451612903,-3.225806451612903,0.0,100.0
NPU,AM-SSB,fgsm/eps0.05,fgsm,eps0.05,20,200,186,180,3,3,3,6,0,186,1.6666666666666667,0.5683983686091316,4.784905780179827,1.5,1.6129032258064515,3.225806451612903,-1.6129032258064515,0.0,100.0
NPU,AM-SSB,fgsm/eps0.05,fgsm,eps0.05,30,200,186,180,15,17,15,6,39,149,8.333333333333332,5.114940634159579,13.293080183761937,8.5,8.064516129032258,3.225806451612903,4.838709677419355,19.5,80.10752688172043
NPU,AM-SSB,fgsm/eps0.05,fgsm,eps0.05,40,200,186,180,16,27,20,6,139,52,8.88888888888889,5.545412412712826,13.950501460969738,13.5,10.75268817204301,3.225806451612903,7.526881720430107,69.5,27.956989247311824
NPU,AM-SSB,bim/eps0.03_default,bim,eps0.03_default,10,200,186,183,0,0,0,3,0,186,0.0,0.0,2.0560731657189835,0.0,0.0,1.6129032258064515,-1.6129032258064515,0.0,100.0
NPU,AM-SSB,bim/eps0.03_default,bim,eps0.03_default,20,200,186,183,2,2,2,3,0,186,1.092896174863388,0.30021871409580614,3.896705311388883,1.0,1.0752688172043012,1.6129032258064515,-0.5376344086021503,0.0,100.0
NPU,AM-SSB,bim/eps0.03_default,bim,eps0.03_default,30,200,186,183,19,20,19,3,39,149,10.382513661202186,6.747994406443548,15.64616192704964,10.0,10.21505376344086,1.6129032258064515,8.602150537634408,19.5,80.10752688172043
NPU,AM-SSB,bim/eps0.03_default,bim,eps0.03_default,40,200,186,183,32,37,35,3,139,52,17.48633879781421,12.667294509291397,23.642392412678873,18.5,18.817204301075268,1.6129032258064515,17.204301075268816,69.5,27.956989247311824
NPU,AM-SSB,pgd/eps0.005,pgd,eps0.005,10,200,186,28,0,0,0,158,0,186,0.0,0.0,12.064720365810762,0.0,0.0,84.94623655913979,-84.94623655913979,0.0,100.0
NPU,AM-SSB,pgd/eps0.005,pgd,eps0.005,20,200,186,28,0,0,0,158,0,186,0.0,0.0,12.064720365810762,0.0,0.0,84.94623655913979,-84.94623655913979,0.0,100.0
NPU,AM-SSB,pgd/eps0.005,pgd,eps0.005,30,200,186,28,4,38,37,158,39,149,14.285714285714285,5.698912930701786,31.490173044877334,19.0,19.892473118279568,84.94623655913979,-65.05376344086022,19.5,80.10752688172043
NPU,AM-SSB,pgd/eps0.005,pgd,eps0.005,40,200,186,28,12,137,131,158,139,52,42.857142857142854,26.50829618073122,60.929521014384605,68.5,70.43010752688173,84.94623655913979,-14.516129032258064,69.5,27.956989247311824
NPU,AM-SSB,pgd/eps0.01,pgd,eps0.01,10,200,186,64,0,0,0,122,0,186,0.0,0.0,5.662602297115633,0.0,0.0,65.59139784946237,-65.59139784946237,0.0,100.0
NPU,AM-SSB,pgd/eps0.01,pgd,eps0.01,20,200,186,64,0,0,0,122,0,186,0.0,0.0,5.662602297115633,0.0,0.0,65.59139784946237,-65.59139784946237,0.0,100.0
NPU,AM-SSB,pgd/eps0.01,pgd,eps0.01,30,200,186,64,10,40,38,122,39,149,15.625,8.714748876961673,26.428290202305327,20.0,20.43010752688172,65.59139784946237,-45.16129032258065,19.5,80.10752688172043
NPU,AM-SSB,pgd/eps0.01,pgd,eps0.01,40,200,186,64,29,118,112,122,139,52,45.3125,33.729251486034364,57.42661747932022,59.0,60.215053763440864,65.59139784946237,-5.376344086021504,69.5,27.956989247311824
NPU,AM-SSB,pgd/eps0.03,pgd,eps0.03,10,200,186,180,0,0,0,6,0,186,0.0,0.0,2.089624981505818,0.0,0.0,3.225806451612903,-3.225806451612903,0.0,100.0
NPU,AM-SSB,pgd/eps0.03,pgd,eps0.03,20,200,186,180,3,3,3,6,0,186,1.6666666666666667,0.5683983686091316,4.784905780179827,1.5,1.6129032258064515,3.225806451612903,-1.6129032258064515,0.0,100.0
NPU,AM-SSB,pgd/eps0.03,pgd,eps0.03,30,200,186,180,24,25,24,6,39,149,13.333333333333334,9.126217023221093,19.072841296549836,12.5,12.903225806451612,3.225806451612903,9.677419354838708,19.5,80.10752688172043
NPU,AM-SSB,pgd/eps0.03,pgd,eps0.03,40,200,186,180,33,41,38,6,139,52,18.333333333333332,13.362624296924455,24.627471524695896,20.5,20.43010752688172,3.225806451612903,17.204301075268816,69.5,27.956989247311824
NPU,AM-SSB,mifgsm/eps0.03_default,mifgsm,eps0.03_default,10,200,186,178,0,0,0,8,0,186,0.0,0.0,2.1126078961029817,0.0,0.0,4.301075268817205,-4.301075268817205,0.0,100.0
NPU,AM-SSB,mifgsm/eps0.03_default,mifgsm,eps0.03_default,20,200,186,178,3,3,3,8,0,186,1.6853932584269662,0.5748030604952471,4.837379850345837,1.5,1.6129032258064515,4.301075268817205,-2.6881720430107534,0.0,100.0
NPU,AM-SSB,mifgsm/eps0.03_default,mifgsm,eps0.03_default,30,200,186,178,19,20,19,8,39,149,10.674157303370785,6.940587053161903,16.06932926961572,10.0,10.21505376344086,4.301075268817205,5.913978494623655,19.5,80.10752688172043
NPU,AM-SSB,mifgsm/eps0.03_default,mifgsm,eps0.03_default,40,200,186,178,26,35,31,8,139,52,14.606741573033707,10.166976515532555,20.541948174967306,17.5,16.666666666666664,4.301075268817205,12.36559139784946,69.5,27.956989247311824
NPU,AM-SSB,difgsm/eps0.03_default,difgsm,eps0.03_default,10,200,186,169,0,0,0,17,0,186,0.0,0.0,2.222613074630181,0.0,0.0,9.13978494623656,-9.13978494623656,0.0,100.0
NPU,AM-SSB,difgsm/eps0.03_default,difgsm,eps0.03_default,20,200,186,169,1,1,1,17,0,186,0.591715976331361,0.10452618665798483,3.2752157273256852,0.5,0.5376344086021506,9.13978494623656,-8.60215053763441,0.0,100.0
NPU,AM-SSB,difgsm/eps0.03_default,difgsm,eps0.03_default,30,200,186,169,13,13,13,17,39,149,7.6923076923076925,4.550230449122948,12.715057537102586,6.5,6.989247311827956,9.13978494623656,-2.150537634408604,19.5,80.10752688172043
NPU,AM-SSB,difgsm/eps0.03_default,difgsm,eps0.03_default,40,200,186,169,23,28,28,17,139,52,13.609467455621301,9.242759174088258,19.593817205672167,14.000000000000002,15.053763440860216,9.13978494623656,5.913978494623656,69.5,27.956989247311824
NPU,AM-SSB,vmifgsm/eps0.03_default,vmifgsm,eps0.03_default,10,200,186,180,0,0,0,6,0,186,0.0,0.0,2.089624981505818,0.0,0.0,3.225806451612903,-3.225806451612903,0.0,100.0
NPU,AM-SSB,vmifgsm/eps0.03_default,vmifgsm,eps0.03_default,20,200,186,180,1,1,1,6,0,186,0.5555555555555556,0.09813408130013804,3.0793839559667266,0.5,0.5376344086021506,3.225806451612903,-2.6881720430107525,0.0,100.0
NPU,AM-SSB,vmifgsm/eps0.03_default,vmifgsm,eps0.03_default,30,200,186,180,19,22,19,6,39,149,10.555555555555555,6.86224510893259,15.897347932033112,11.0,10.21505376344086,3.225806451612903,6.989247311827957,19.5,80.10752688172043
NPU,AM-SSB,vmifgsm/eps0.03_default,vmifgsm,eps0.03_default,40,200,186,180,25,32,29,6,139,52,13.88888888888889,9.587681186655765,19.699270188876216,16.0,15.591397849462366,3.225806451612903,12.365591397849464,69.5,27.956989247311824
NPU,AM-SSB,vnifgsm/eps0.03_default,vnifgsm,eps0.03_default,10,200,186,180,0,0,0,6,0,186,0.0,0.0,2.089624981505818,0.0,0.0,3.225806451612903,-3.225806451612903,0.0,100.0
NPU,AM-SSB,vnifgsm/eps0.03_default,vnifgsm,eps0.03_default,20,200,186,180,2,2,2,6,0,186,1.1111111111111112,0.3052310908307383,3.960180002197173,1.0,1.0752688172043012,3.225806451612903,-2.150537634408602,0.0,100.0
NPU,AM-SSB,vnifgsm/eps0.03_default,vnifgsm,eps0.03_default,30,200,186,180,21,21,21,6,39,149,11.666666666666666,7.758508751636231,17.176870400851563,10.5,11.29032258064516,3.225806451612903,8.064516129032256,19.5,80.10752688172043
NPU,AM-SSB,vnifgsm/eps0.03_default,vnifgsm,eps0.03_default,40,200,186,180,27,31,29,6,139,52,15.0,10.518152965026447,20.944584522027622,15.5,15.591397849462366,3.225806451612903,12.365591397849464,69.5,27.956989247311824
NPU,AM-SSB,rfgsm/eps0.03_default,rfgsm,eps0.03_default,10,200,186,182,0,0,0,4,0,186,0.0,0.0,2.0671367444102935,0.0,0.0,2.1505376344086025,-2.1505376344086025,0.0,100.0
NPU,AM-SSB,rfgsm/eps0.03_default,rfgsm,eps0.03_default,20,200,186,182,1,1,1,4,0,186,0.5494505494505495,0.09705495119654989,3.0462671037147295,0.5,0.5376344086021506,2.1505376344086025,-1.612903225806452,0.0,100.0
NPU,AM-SSB,rfgsm/eps0.03_default,rfgsm,eps0.03_default,30,200,186,182,16,17,16,4,39,149,8.791208791208792,5.4836432404169235,13.802458472009144,8.5,8.60215053763441,2.1505376344086025,6.451612903225808,19.5,80.10752688172043
NPU,AM-SSB,rfgsm/eps0.03_default,rfgsm,eps0.03_default,40,200,186,182,31,37,35,4,139,52,17.032967032967033,12.266811788205162,23.162069581735693,18.5,18.817204301075268,2.1505376344086025,16.666666666666664,69.5,27.956989247311824
NPU,AM-SSB,tpgd/eps0.03_default,tpgd,eps0.03_default,10,200,186,125,0,0,0,61,0,186,0.0,0.0,2.98164567965626,0.0,0.0,32.795698924731184,-32.795698924731184,0.0,100.0
NPU,AM-SSB,tpgd/eps0.03_default,tpgd,eps0.03_default,20,200,186,125,1,1,1,61,0,186,0.8,0.1413558719898667,4.392583476791893,0.5,0.5376344086021506,32.795698924731184,-32.25806451612903,0.0,100.0
NPU,AM-SSB,tpgd/eps0.03_default,tpgd,eps0.03_default,30,200,186,125,8,9,9,61,39,149,6.4,3.2783186697971347,12.121676362863127,4.5,4.838709677419355,32.795698924731184,-27.956989247311828,19.5,80.10752688172043
NPU,AM-SSB,tpgd/eps0.03_default,tpgd,eps0.03_default,40,200,186,125,17,51,51,61,139,52,13.600000000000001,8.667558082869228,20.703079971920534,25.5,27.419354838709676,32.795698924731184,-5.376344086021508,69.5,27.956989247311824
NPU,AM-SSB,cw/c1_steps20_lr0.01,cw,c1_steps20_lr0.01,10,200,186,182,0,0,0,4,0,186,0.0,0.0,2.0671367444102935,0.0,0.0,2.1505376344086025,-2.1505376344086025,0.0,100.0
NPU,AM-SSB,cw/c1_steps20_lr0.01,cw,c1_steps20_lr0.01,20,200,186,182,1,1,1,4,0,186,0.5494505494505495,0.09705495119654989,3.0462671037147295,0.5,0.5376344086021506,2.1505376344086025,-1.612903225806452,0.0,100.0
NPU,AM-SSB,cw/c1_steps20_lr0.01,cw,c1_steps20_lr0.01,30,200,186,182,38,42,39,4,39,149,20.87912087912088,15.606488369503493,27.355690173944268,21.0,20.967741935483872,2.1505376344086025,18.817204301075268,19.5,80.10752688172043
NPU,AM-SSB,cw/c1_steps20_lr0.01,cw,c1_steps20_lr0.01,40,200,186,182,83,87,84,4,139,52,45.604395604395606,38.53374521366934,52.85677230232276,43.5,45.16129032258064,2.1505376344086025,43.01075268817204,69.5,27.956989247311824
NPU,AM-SSB,deepfool/package_default,deepfool,package_default,10,200,186,170,0,0,0,16,0,186,0.0,0.0,2.2098277972591136,0.0,0.0,8.60215053763441,-8.60215053763441,0.0,100.0
NPU,AM-SSB,deepfool/package_default,deepfool,package_default,20,200,186,170,3,3,3,16,0,186,1.7647058823529411,0.6019333251589074,5.059312314549884,1.5,1.6129032258064515,8.60215053763441,-6.989247311827958,0.0,100.0
NPU,AM-SSB,deepfool/package_default,deepfool,package_default,30,200,186,170,38,40,38,16,39,149,22.35294117647059,16.740717444065105,29.187069690889935,20.0,20.43010752688172,8.60215053763441,11.82795698924731,19.5,80.10752688172043
NPU,AM-SSB,deepfool/package_default,deepfool,package_default,40,200,186,170,75,83,78,16,139,52,44.11764705882353,36.8653645147929,51.62990934370816,41.5,41.935483870967744,8.60215053763441,33.333333333333336,69.5,27.956989247311824
NPU,AM-SSB,fab/eps0.005,fab,eps0.005,10,200,186,23,0,0,0,163,0,186,0.0,-1.3877787807814457e-15,14.312112541726274,0.0,0.0,87.63440860215054,-87.63440860215054,0.0,100.0
NPU,AM-SSB,fab/eps0.005,fab,eps0.005,20,200,186,23,0,0,0,163,0,186,0.0,-1.3877787807814457e-15,14.312112541726274,0.0,0.0,87.63440860215054,-87.63440860215054,0.0,100.0
NPU,AM-SSB,fab/eps0.005,fab,eps0.005,30,200,186,23,3,37,35,163,39,149,13.043478260869565,4.5375765143447016,32.12789797301819,18.5,18.817204301075268,87.63440860215054,-68.81720430107528,19.5,80.10752688172043
NPU,AM-SSB,fab/eps0.005,fab,eps0.005,40,200,186,23,11,135,130,163,139,52,47.82608695652174,29.23686953994572,67.03757013578151,67.5,69.89247311827957,87.63440860215054,-17.741935483870975,69.5,27.956989247311824
NPU,AM-SSB,fab/eps0.01,fab,eps0.01,10,200,186,52,0,0,0,134,0,186,0.0,0.0,6.879459041288214,0.0,0.0,72.04301075268818,-72.04301075268818,0.0,100.0
NPU,AM-SSB,fab/eps0.01,fab,eps0.01,20,200,186,52,0,0,0,134,0,186,0.0,0.0,6.879459041288214,0.0,0.0,72.04301075268818,-72.04301075268818,0.0,100.0
NPU,AM-SSB,fab/eps0.01,fab,eps0.01,30,200,186,52,10,35,33,134,39,149,19.230769230769234,10.795930648521072,31.89912106919475,17.5,17.741935483870968,72.04301075268818,-54.30107526881721,19.5,80.10752688172043
NPU,AM-SSB,fab/eps0.01,fab,eps0.01,40,200,186,52,29,130,125,134,139,52,55.769230769230774,42.339524991516384,68.40515281141191,65.0,67.20430107526882,72.04301075268818,-4.838709677419359,69.5,27.956989247311824
NPU,AM-SSB,fab/eps0.03,fab,eps0.03,10,200,186,151,0,0,0,35,0,186,0.0,0.0,2.480987021575597,0.0,0.0,18.817204301075268,-18.817204301075268,0.0,100.0
NPU,AM-SSB,fab/eps0.03,fab,eps0.03,20,200,186,151,1,1,1,35,0,186,0.6622516556291391,0.11699648169822205,3.6556330958829966,0.5,0.5376344086021506,18.817204301075268,-18.279569892473116,0.0,100.0
NPU,AM-SSB,fab/eps0.03,fab,eps0.03,30,200,186,151,36,41,39,35,39,149,23.841059602649008,17.747009296336714,31.23310974144124,20.5,20.967741935483872,18.817204301075268,2.150537634408604,19.5,80.10752688172043
NPU,AM-SSB,fab/eps0.03,fab,eps0.03,40,200,186,151,79,97,92,35,139,52,52.317880794701985,44.393056650664015,60.12769229535567,48.5,49.46236559139785,18.817204301075268,30.64516129032258,69.5,27.956989247311824
NPU,AM-SSB,square/eps0.03_default,square,eps0.03_default,10,200,186,177,0,0,0,9,0,186,0.0,0.0,2.1242899863748157,0.0,0.0,4.838709677419355,-4.838709677419355,0.0,100.0
NPU,AM-SSB,square/eps0.03_default,square,eps0.03_default,20,200,186,177,0,0,0,9,0,186,0.0,0.0,2.1242899863748157,0.0,0.0,4.838709677419355,-4.838709677419355,0.0,100.0
NPU,AM-SSB,square/eps0.03_default,square,eps0.03_default,30,200,186,177,16,16,16,9,39,149,9.03954802259887,5.640721047408417,14.178612557248918,8.0,8.60215053763441,4.838709677419355,3.763440860215055,19.5,80.10752688172043
NPU,AM-SSB,square/eps0.03_default,square,eps0.03_default,40,200,186,177,39,48,45,9,139,52,22.033898305084744,16.557884707515978,28.698074098422477,24.0,24.193548387096776,4.838709677419355,19.35483870967742,69.5,27.956989247311824
NPU,AM-SSB,apgd/eps0.03_default,apgd,eps0.03_default,10,200,186,182,0,0,0,4,0,186,0.0,0.0,2.0671367444102935,0.0,0.0,2.1505376344086025,-2.1505376344086025,0.0,100.0
NPU,AM-SSB,apgd/eps0.03_default,apgd,eps0.03_default,20,200,186,182,1,1,1,4,0,186,0.5494505494505495,0.09705495119654989,3.0462671037147295,0.5,0.5376344086021506,2.1505376344086025,-1.612903225806452,0.0,100.0
NPU,AM-SSB,apgd/eps0.03_default,apgd,eps0.03_default,30,200,186,182,20,21,20,4,39,149,10.989010989010989,7.227068842832492,16.363774111597518,10.5,10.75268817204301,2.1505376344086025,8.602150537634408,19.5,80.10752688172043
NPU,AM-SSB,apgd/eps0.03_default,apgd,eps0.03_default,40,200,186,182,33,38,36,4,139,52,18.13186813186813,13.212185526430059,24.369066464512766,19.0,19.35483870967742,2.1505376344086025,17.204301075268816,69.5,27.956989247311824
NPU,AM-SSB,apgdt/eps0.03_default,apgdt,eps0.03_default,10,200,186,186,0,0,0,0,0,186,0.0,0.0,2.0235817650083017,0.0,0.0,0.0,0.0,0.0,100.0
NPU,AM-SSB,apgdt/eps0.03_default,apgdt,eps0.03_default,20,200,186,186,1,1,1,0,0,186,0.5376344086021506,0.09496635866061437,2.982125279842222,0.5,0.5376344086021506,0.0,0.5376344086021506,0.0,100.0
NPU,AM-SSB,apgdt/eps0.03_default,apgdt,eps0.03_default,30,200,186,186,27,29,27,0,39,149,14.516129032258066,10.171950180324032,20.296398169036703,14.499999999999998,14.516129032258066,0.0,14.516129032258066,19.5,80.10752688172043
NPU,AM-SSB,apgdt/eps0.03_default,apgdt,eps0.03_default,40,200,186,186,67,70,67,0,139,52,36.02150537634409,29.46949689507609,43.13924639406603,35.0,36.02150537634409,0.0,36.02150537634409,69.5,27.956989247311824
NPU,AM-SSB,autoattack/eps0.03_standard,autoattack,eps0.03_standard,10,200,186,185,0,0,0,1,0,186,0.0,0.0,2.034297527663396,0.0,0.0,0.5376344086021506,-0.5376344086021506,0.0,100.0
NPU,AM-SSB,autoattack/eps0.03_standard,autoattack,eps0.03_standard,20,200,186,185,0,0,0,1,0,186,0.0,0.0,2.034297527663396,0.0,0.0,0.5376344086021506,-0.5376344086021506,0.0,100.0
NPU,AM-SSB,autoattack/eps0.03_standard,autoattack,eps0.03_standard,30,200,186,185,25,26,25,1,39,149,13.513513513513514,9.323567080582338,19.187947331496353,13.0,13.440860215053762,0.5376344086021506,12.903225806451612,19.5,80.10752688172043
NPU,AM-SSB,autoattack/eps0.03_standard,autoattack,eps0.03_standard,40,200,186,185,35,37,36,1,139,52,18.91891891891892,13.929348518945034,25.17305264689978,18.5,19.35483870967742,0.5376344086021506,18.817204301075268,69.5,27.956989247311824
NPU,AM-SSB,ead/package_default,ead,package_default,10,200,186,146,0,0,0,40,0,186,0.0,-1.734723475976807e-16,2.5637740120233636,0.0,0.0,21.50537634408602,-21.50537634408602,0.0,100.0
NPU,AM-SSB,ead/package_default,ead,package_default,20,200,186,146,3,3,3,40,0,186,2.054794520547945,0.7012254487828041,5.866777028499873,1.5,1.6129032258064515,21.50537634408602,-19.892473118279568,0.0,100.0
NPU,AM-SSB,ead/package_default,ead,package_default,30,200,186,146,35,41,39,40,39,149,23.972602739726025,17.77170167737743,31.5080710960046,20.5,20.967741935483872,21.50537634408602,-0.5376344086021483,19.5,80.10752688172043
NPU,AM-SSB,ead/package_default,ead,package_default,40,200,186,146,87,107,104,40,139,52,59.589041095890416,51.48206716721836,67.20433233732511,53.5,55.91397849462365,21.50537634408602,34.40860215053763,69.5,27.956989247311824
NPU,AM-SSB,ALL/ALL_24,ALL,ALL_24,10,4800,4464,3327,0,0,0,1137,0,4464,0.0,0.0,0.11533421463212179,0.0,0.0,25.47043010752688,-25.47043010752688,0.0,100.0
NPU,AM-SSB,ALL/ALL_24,ALL,ALL_24,20,4800,4464,3327,32,35,35,1137,0,4464,0.9618274721971746,0.6821362052141832,1.3546343214899383,0.7291666666666666,0.7840501792114695,25.47043010752688,-24.68637992831541,0.0,100.0
NPU,AM-SSB,ALL/ALL_24,ALL,ALL_24,30,4800,4464,3327,449,693,655,1137,936,3576,13.495641719266608,12.376614581976671,14.698872886415701,14.4375,14.672939068100357,25.47043010752688,-10.797491039426523,19.5,80.10752688172043
NPU,AM-SSB,ALL/ALL_24,ALL,ALL_24,40,4800,4464,3327,877,1738,1647,1137,3336,1248,26.360084159903817,24.890833607412663,27.883864534942717,36.20833333333333,36.895161290322584,25.47043010752688,11.424731182795703,69.5,27.956989247311824
NPU,BPSK,fgsm/eps0.005,fgsm,eps0.005,10,200,107,6,0,2,2,101,1,106,0.0,0.0,39.03430336530645,1.0,1.8691588785046727,94.39252336448598,-92.5233644859813,0.5,99.06542056074767
NPU,BPSK,fgsm/eps0.005,fgsm,eps0.005,20,200,107,6,0,78,77,101,79,29,0.0,0.0,39.03430336530645,39.0,71.96261682242991,94.39252336448598,-22.429906542056074,39.5,27.102803738317753
NPU,BPSK,fgsm/eps0.005,fgsm,eps0.005,30,200,107,6,0,84,82,101,85,23,0.0,0.0,39.03430336530645,42.0,76.63551401869158,94.39252336448598,-17.7570093457944,42.5,21.49532710280374
NPU,BPSK,fgsm/eps0.005,fgsm,eps0.005,40,200,107,6,1,87,87,101,91,17,16.666666666666664,3.005258587173032,56.350943656364606,43.5,81.30841121495327,94.39252336448598,-13.084112149532714,45.5,15.887850467289718
NPU,BPSK,fgsm/eps0.01,fgsm,eps0.01,10,200,107,15,1,2,2,92,1,106,6.666666666666667,1.1866588606194854,29.81707755242399,1.0,1.8691588785046727,85.98130841121495,-84.11214953271028,0.5,99.06542056074767
NPU,BPSK,fgsm/eps0.01,fgsm,eps0.01,20,200,107,15,0,73,73,92,79,29,0.0,-1.3877787807814457e-15,20.388926630434785,36.5,68.22429906542055,85.98130841121495,-17.7570093457944,39.5,27.102803738317753
NPU,BPSK,fgsm/eps0.01,fgsm,eps0.01,30,200,107,15,0,82,80,92,85,23,0.0,-1.3877787807814457e-15,20.388926630434785,41.0,74.76635514018692,85.98130841121495,-11.214953271028037,42.5,21.49532710280374
NPU,BPSK,fgsm/eps0.01,fgsm,eps0.01,40,200,107,15,1,83,83,92,91,17,6.666666666666667,1.1866588606194854,29.81707755242399,41.5,77.57009345794393,85.98130841121495,-8.411214953271028,45.5,15.887850467289718
NPU,BPSK,fgsm/eps0.03,fgsm,eps0.03,10,200,107,45,1,2,1,62,1,106,2.2222222222222223,0.39334975227575053,11.566946388718813,1.0,0.9345794392523363,57.943925233644855,-57.009345794392516,0.5,99.06542056074767
NPU,BPSK,fgsm/eps0.03,fgsm,eps0.03,20,200,107,45,2,57,54,62,79,29,4.444444444444445,1.2273869040444336,14.827779183880615,28.499999999999996,50.467289719626166,57.943925233644855,-7.476635514018689,39.5,27.102803738317753
NPU,BPSK,fgsm/eps0.03,fgsm,eps0.03,30,200,107,45,3,61,56,62,85,23,6.666666666666667,2.293161646214709,17.856874388640826,30.5,52.336448598130836,57.943925233644855,-5.607476635514018,42.5,21.49532710280374
NPU,BPSK,fgsm/eps0.03,fgsm,eps0.03,40,200,107,45,1,60,53,62,91,17,2.2222222222222223,0.39334975227575053,11.566946388718813,30.0,49.532710280373834,57.943925233644855,-8.41121495327102,45.5,15.887850467289718
NPU,BPSK,fgsm/eps0.05,fgsm,eps0.05,10,200,107,67,1,1,1,40,1,106,1.4925373134328357,0.2639503757676784,7.98205197313466,0.5,0.9345794392523363,37.38317757009346,-36.44859813084112,0.5,99.06542056074767
NPU,BPSK,fgsm/eps0.05,fgsm,eps0.05,20,200,107,67,1,39,39,40,79,29,1.4925373134328357,0.2639503757676784,7.98205197313466,19.5,36.44859813084112,37.38317757009346,-0.9345794392523388,39.5,27.102803738317753
NPU,BPSK,fgsm/eps0.05,fgsm,eps0.05,30,200,107,67,2,49,40,40,85,23,2.9850746268656714,0.8224522347453904,10.246750041883029,24.5,37.38317757009346,37.38317757009346,0.0,42.5,21.49532710280374
NPU,BPSK,fgsm/eps0.05,fgsm,eps0.05,40,200,107,67,0,48,38,40,91,17,0.0,0.0,5.422802421176257,24.0,35.51401869158878,37.38317757009346,-1.8691588785046775,45.5,15.887850467289718
NPU,BPSK,bim/eps0.03_default,bim,eps0.03_default,10,200,107,58,2,4,4,49,1,106,3.4482758620689653,0.9507728866485675,11.729364755327056,2.0,3.7383177570093453,45.794392523364486,-42.05607476635514,0.5,99.06542056074767
NPU,BPSK,bim/eps0.03_default,bim,eps0.03_default,20,200,107,58,5,52,52,49,79,29,8.620689655172415,3.7384831933793383,18.643861377265665,26.0,48.598130841121495,45.794392523364486,2.803738317757009,39.5,27.102803738317753
NPU,BPSK,bim/eps0.03_default,bim,eps0.03_default,30,200,107,58,3,51,49,49,85,23,5.172413793103448,1.7745812831795673,14.139625335019185,25.5,45.794392523364486,45.794392523364486,0.0,42.5,21.49532710280374
NPU,BPSK,bim/eps0.03_default,bim,eps0.03_default,40,200,107,58,2,56,48,49,91,17,3.4482758620689653,0.9507728866485675,11.729364755327056,28.000000000000004,44.85981308411215,45.794392523364486,-0.9345794392523388,45.5,15.887850467289718
NPU,BPSK,pgd/eps0.005,pgd,eps0.005,10,200,107,7,0,2,2,100,1,106,0.0,0.0,35.433884297520656,1.0,1.8691588785046727,93.45794392523365,-91.58878504672897,0.5,99.06542056074767
NPU,BPSK,pgd/eps0.005,pgd,eps0.005,20,200,107,7,0,78,77,100,79,29,0.0,0.0,35.433884297520656,39.0,71.96261682242991,93.45794392523365,-21.495327102803742,39.5,27.102803738317753
NPU,BPSK,pgd/eps0.005,pgd,eps0.005,30,200,107,7,0,85,83,100,85,23,0.0,0.0,35.433884297520656,42.5,77.57009345794393,93.45794392523365,-15.887850467289724,42.5,21.49532710280374
NPU,BPSK,pgd/eps0.005,pgd,eps0.005,40,200,107,7,0,88,87,100,91,17,0.0,0.0,35.433884297520656,44.0,81.30841121495327,93.45794392523365,-12.149532710280383,45.5,15.887850467289718
NPU,BPSK,pgd/eps0.01,pgd,eps0.01,10,200,107,17,1,2,2,90,1,106,5.88235294117647,1.046013064516424,26.9825452035628,1.0,1.8691588785046727,84.11214953271028,-82.2429906542056,0.5,99.06542056074767
NPU,BPSK,pgd/eps0.01,pgd,eps0.01,20,200,107,17,1,74,74,90,79,29,5.88235294117647,1.046013064516424,26.9825452035628,37.0,69.1588785046729,84.11214953271028,-14.953271028037378,39.5,27.102803738317753
NPU,BPSK,pgd/eps0.01,pgd,eps0.01,30,200,107,17,0,81,79,90,85,23,0.0,0.0,18.432366037156456,40.5,73.83177570093457,84.11214953271028,-10.280373831775705,42.5,21.49532710280374
NPU,BPSK,pgd/eps0.01,pgd,eps0.01,40,200,107,17,1,86,82,90,91,17,5.88235294117647,1.046013064516424,26.9825452035628,43.0,76.63551401869158,84.11214953271028,-7.476635514018696,45.5,15.887850467289718
NPU,BPSK,pgd/eps0.03,pgd,eps0.03,10,200,107,56,2,3,3,51,1,106,3.571428571428571,0.9849218502577639,12.119005852210082,1.5,2.803738317757009,47.66355140186916,-44.85981308411215,0.5,99.06542056074767
NPU,BPSK,pgd/eps0.03,pgd,eps0.03,20,200,107,56,6,52,51,51,79,29,10.714285714285714,5.003867458119086,21.468686751661398,26.0,47.66355140186916,47.66355140186916,0.0,39.5,27.102803738317753
NPU,BPSK,pgd/eps0.03,pgd,eps0.03,30,200,107,56,4,53,50,51,85,23,7.142857142857142,2.8125581246379636,16.975682831486203,26.5,46.728971962616825,47.66355140186916,-0.9345794392523317,42.5,21.49532710280374
NPU,BPSK,pgd/eps0.03,pgd,eps0.03,40,200,107,56,4,56,50,51,91,17,7.142857142857142,2.8125581246379636,16.975682831486203,28.000000000000004,46.728971962616825,47.66355140186916,-0.9345794392523317,45.5,15.887850467289718
NPU,BPSK,mifgsm/eps0.03_default,mifgsm,eps0.03_default,10,200,107,55,3,4,3,52,1,106,5.454545454545454,1.872287596750008,14.853294304489928,2.0,2.803738317757009,48.598130841121495,-45.794392523364486,0.5,99.06542056074767
NPU,BPSK,mifgsm/eps0.03_default,mifgsm,eps0.03_default,20,200,107,55,3,53,51,52,79,29,5.454545454545454,1.872287596750008,14.853294304489928,26.5,47.66355140186916,48.598130841121495,-0.9345794392523388,39.5,27.102803738317753
NPU,BPSK,mifgsm/eps0.03_default,mifgsm,eps0.03_default,30,200,107,55,1,50,49,52,85,23,1.8181818181818181,0.32166975922527863,9.606000460483225,25.0,45.794392523364486,48.598130841121495,-2.803738317757009,42.5,21.49532710280374
NPU,BPSK,mifgsm/eps0.03_default,mifgsm,eps0.03_default,40,200,107,55,1,56,50,52,91,17,1.8181818181818181,0.32166975922527863,9.606000460483225,28.000000000000004,46.728971962616825,48.598130841121495,-1.8691588785046704,45.5,15.887850467289718
NPU,BPSK,difgsm/eps0.03_default,difgsm,eps0.03_default,10,200,107,53,1,1,1,54,1,106,1.8867924528301887,0.3338367386749398,9.943143501149413,0.5,0.9345794392523363,50.467289719626166,-49.53271028037383,0.5,99.06542056074767
NPU,BPSK,difgsm/eps0.03_default,difgsm,eps0.03_default,20,200,107,53,2,36,35,54,79,29,3.7735849056603774,1.0410068833819266,12.754523150959116,18.0,32.71028037383177,50.467289719626166,-17.757009345794394,39.5,27.102803738317753
NPU,BPSK,difgsm/eps0.03_default,difgsm,eps0.03_default,30,200,107,53,3,49,46,54,85,23,5.660377358490567,1.9436308927314183,15.37044893612632,24.5,42.99065420560748,50.467289719626166,-7.476635514018689,42.5,21.49532710280374
NPU,BPSK,difgsm/eps0.03_default,difgsm,eps0.03_default,40,200,107,53,2,53,46,54,91,17,3.7735849056603774,1.0410068833819266,12.754523150959116,26.5,42.99065420560748,50.467289719626166,-7.476635514018689,45.5,15.887850467289718
NPU,BPSK,vmifgsm/eps0.03_default,vmifgsm,eps0.03_default,10,200,107,57,1,2,2,50,1,106,1.7543859649122806,0.3103584706680096,9.29096693826272,1.0,1.8691588785046727,46.728971962616825,-44.859813084112155,0.5,99.06542056074767
NPU,BPSK,vmifgsm/eps0.03_default,vmifgsm,eps0.03_default,20,200,107,57,4,53,52,50,79,29,7.017543859649122,2.7625972994659023,16.70040170121784,26.5,48.598130841121495,46.728971962616825,1.8691588785046704,39.5,27.102803738317753
NPU,BPSK,vmifgsm/eps0.03_default,vmifgsm,eps0.03_default,30,200,107,57,3,55,50,50,85,23,5.263157894736842,1.805996809628102,14.369777660471303,27.500000000000004,46.728971962616825,46.728971962616825,0.0,42.5,21.49532710280374
NPU,BPSK,vmifgsm/eps0.03_default,vmifgsm,eps0.03_default,40,200,107,57,4,61,52,50,91,17,7.017543859649122,2.7625972994659023,16.70040170121784,30.5,48.598130841121495,46.728971962616825,1.8691588785046704,45.5,15.887850467289718
NPU,BPSK,vnifgsm/eps0.03_default,vnifgsm,eps0.03_default,10,200,107,58,1,1,1,49,1,106,1.7241379310344827,0.3049959884541764,9.141072677298325,0.5,0.9345794392523363,45.794392523364486,-44.85981308411215,0.5,99.06542056074767
NPU,BPSK,vnifgsm/eps0.03_default,vnifgsm,eps0.03_default,20,200,107,58,3,47,47,49,79,29,5.172413793103448,1.7745812831795673,14.139625335019185,23.5,43.925233644859816,45.794392523364486,-1.8691588785046704,39.5,27.102803738317753
NPU,BPSK,vnifgsm/eps0.03_default,vnifgsm,eps0.03_default,30,200,107,58,3,55,48,49,85,23,5.172413793103448,1.7745812831795673,14.139625335019185,27.500000000000004,44.85981308411215,45.794392523364486,-0.9345794392523388,42.5,21.49532710280374
NPU,BPSK,vnifgsm/eps0.03_default,vnifgsm,eps0.03_default,40,200,107,58,1,57,48,49,91,17,1.7241379310344827,0.3049959884541764,9.141072677298325,28.499999999999996,44.85981308411215,45.794392523364486,-0.9345794392523388,45.5,15.887850467289718
NPU,BPSK,rfgsm/eps0.03_default,rfgsm,eps0.03_default,10,200,107,60,2,2,2,47,1,106,3.3333333333333335,0.9189126490150246,11.363987528925378,1.0,1.8691588785046727,43.925233644859816,-42.056074766355145,0.5,99.06542056074767
NPU,BPSK,rfgsm/eps0.03_default,rfgsm,eps0.03_default,20,200,107,60,4,50,49,47,79,29,6.666666666666667,2.6228274143197923,15.925579893767722,25.0,45.794392523364486,43.925233644859816,1.8691588785046704,39.5,27.102803738317753
NPU,BPSK,rfgsm/eps0.03_default,rfgsm,eps0.03_default,30,200,107,60,4,51,48,47,85,23,6.666666666666667,2.6228274143197923,15.925579893767722,25.5,44.85981308411215,43.925233644859816,0.9345794392523317,42.5,21.49532710280374
NPU,BPSK,rfgsm/eps0.03_default,rfgsm,eps0.03_default,40,200,107,60,3,55,47,47,91,17,5.0,1.714919117914121,13.700734625099836,27.500000000000004,43.925233644859816,43.925233644859816,0.0,45.5,15.887850467289718
NPU,BPSK,tpgd/eps0.03_default,tpgd,eps0.03_default,10,200,107,35,2,4,3,72,1,106,5.714285714285714,1.5812829614043955,18.60738073937003,2.0,2.803738317757009,67.28971962616822,-64.48598130841121,0.5,99.06542056074767
NPU,BPSK,tpgd/eps0.03_default,tpgd,eps0.03_default,20,200,107,35,2,59,57,72,79,29,5.714285714285714,1.5812829614043955,18.60738073937003,29.5,53.271028037383175,67.28971962616822,-14.018691588785046,39.5,27.102803738317753
NPU,BPSK,tpgd/eps0.03_default,tpgd,eps0.03_default,30,200,107,35,3,69,65,72,85,23,8.571428571428571,2.9581831005296904,22.379599071162517,34.5,60.747663551401864,67.28971962616822,-6.542056074766357,42.5,21.49532710280374
NPU,BPSK,tpgd/eps0.03_default,tpgd,eps0.03_default,40,200,107,35,2,68,66,72,91,17,5.714285714285714,1.5812829614043955,18.60738073937003,34.0,61.6822429906542,67.28971962616822,-5.607476635514018,45.5,15.887850467289718
NPU,BPSK,cw/c1_steps20_lr0.01,cw,c1_steps20_lr0.01,10,200,107,23,1,3,3,84,1,106,4.3478260869565215,0.7716466962126745,20.991586494059142,1.5,2.803738317757009,78.50467289719626,-75.70093457943925,0.5,99.06542056074767
NPU,BPSK,cw/c1_steps20_lr0.01,cw,c1_steps20_lr0.01,20,200,107,23,2,67,65,84,79,29,8.695652173913043,2.417949540723341,26.796404298094018,33.5,60.747663551401864,78.50467289719626,-17.757009345794394,39.5,27.102803738317753
NPU,BPSK,cw/c1_steps20_lr0.01,cw,c1_steps20_lr0.01,30,200,107,23,2,67,65,84,85,23,8.695652173913043,2.417949540723341,26.796404298094018,33.5,60.747663551401864,78.50467289719626,-17.757009345794394,42.5,21.49532710280374
NPU,BPSK,cw/c1_steps20_lr0.01,cw,c1_steps20_lr0.01,40,200,107,23,6,73,73,84,91,17,26.08695652173913,12.548445889248969,46.47039054375056,36.5,68.22429906542055,78.50467289719626,-10.280373831775705,45.5,15.887850467289718
NPU,BPSK,deepfool/package_default,deepfool,package_default,10,200,107,28,0,3,3,79,1,106,0.0,0.0,12.064720365810762,1.5,2.803738317757009,73.83177570093457,-71.02803738317756,0.5,99.06542056074767
NPU,BPSK,deepfool/package_default,deepfool,package_default,20,200,107,28,8,52,49,79,79,29,28.57142857142857,15.25381584832997,47.0596357370175,26.0,45.794392523364486,73.83177570093457,-28.037383177570085,39.5,27.102803738317753
NPU,BPSK,deepfool/package_default,deepfool,package_default,30,200,107,28,9,60,57,79,85,23,32.142857142857146,17.93304754342074,50.66149544436882,30.0,53.271028037383175,73.83177570093457,-20.560747663551396,42.5,21.49532710280374
NPU,BPSK,deepfool/package_default,deepfool,package_default,40,200,107,28,7,59,57,79,91,17,25.0,12.676334942200782,43.3560252407046,29.5,53.271028037383175,73.83177570093457,-20.560747663551396,45.5,15.887850467289718
NPU,BPSK,fab/eps0.005,fab,eps0.005,10,200,107,2,0,1,1,105,1,106,0.0,0.0,65.76280471103807,0.5,0.9345794392523363,98.13084112149532,-97.19626168224299,0.5,99.06542056074767
NPU,BPSK,fab/eps0.005,fab,eps0.005,20,200,107,2,0,79,78,105,79,29,0.0,0.0,65.76280471103807,39.5,72.89719626168224,98.13084112149532,-25.233644859813083,39.5,27.102803738317753
NPU,BPSK,fab/eps0.005,fab,eps0.005,30,200,107,2,0,84,83,105,85,23,0.0,0.0,65.76280471103807,42.0,77.57009345794393,98.13084112149532,-20.560747663551396,42.5,21.49532710280374
NPU,BPSK,fab/eps0.005,fab,eps0.005,40,200,107,2,0,91,90,105,91,17,0.0,0.0,65.76280471103807,45.5,84.11214953271028,98.13084112149532,-14.018691588785046,45.5,15.887850467289718
NPU,BPSK,fab/eps0.01,fab,eps0.01,10,200,107,7,0,2,2,100,1,106,0.0,0.0,35.433884297520656,1.0,1.8691588785046727,93.45794392523365,-91.58878504672897,0.5,99.06542056074767
NPU,BPSK,fab/eps0.01,fab,eps0.01,20,200,107,7,1,79,78,100,79,29,14.285714285714285,2.567895594897479,51.313450331903,39.5,72.89719626168224,93.45794392523365,-20.56074766355141,39.5,27.102803738317753
NPU,BPSK,fab/eps0.01,fab,eps0.01,30,200,107,7,0,85,83,100,85,23,0.0,0.0,35.433884297520656,42.5,77.57009345794393,93.45794392523365,-15.887850467289724,42.5,21.49532710280374
NPU,BPSK,fab/eps0.01,fab,eps0.01,40,200,107,7,1,89,89,100,91,17,14.285714285714285,2.567895594897479,51.313450331903,44.5,83.17757009345794,93.45794392523365,-10.280373831775705,45.5,15.887850467289718
NPU,BPSK,fab/eps0.03,fab,eps0.03,10,200,107,17,0,2,2,90,1,106,0.0,0.0,18.432366037156456,1.0,1.8691588785046727,84.11214953271028,-82.2429906542056,0.5,99.06542056074767
NPU,BPSK,fab/eps0.03,fab,eps0.03,20,200,107,17,4,59,58,90,79,29,23.52941176470588,9.55488907167594,47.262245889171595,29.5,54.20560747663551,84.11214953271028,-29.90654205607477,39.5,27.102803738317753
NPU,BPSK,fab/eps0.03,fab,eps0.03,30,200,107,17,5,64,61,90,85,23,29.411764705882355,13.279793865556403,53.13353332621391,32.0,57.009345794392516,84.11214953271028,-27.10280373831776,42.5,21.49532710280374
NPU,BPSK,fab/eps0.03,fab,eps0.03,40,200,107,17,5,68,68,90,91,17,29.411764705882355,13.279793865556403,53.13353332621391,34.0,63.55140186915887,84.11214953271028,-20.560747663551403,45.5,15.887850467289718
NPU,BPSK,square/eps0.03_default,square,eps0.03_default,10,200,107,25,1,2,2,82,1,106,4.0,0.7096050386699165,19.544472405022525,1.0,1.8691588785046727,76.63551401869158,-74.7663551401869,0.5,99.06542056074767
NPU,BPSK,square/eps0.03_default,square,eps0.03_default,20,200,107,25,0,47,47,82,79,29,0.0,0.0,13.319649395317873,23.5,43.925233644859816,76.63551401869158,-32.710280373831765,39.5,27.102803738317753
NPU,BPSK,square/eps0.03_default,square,eps0.03_default,30,200,107,25,2,52,52,82,85,23,8.0,2.2219933691091933,24.966512122957816,26.0,48.598130841121495,76.63551401869158,-28.037383177570085,42.5,21.49532710280374
NPU,BPSK,square/eps0.03_default,square,eps0.03_default,40,200,107,25,4,60,59,82,91,17,16.0,6.403347608577989,34.65401398023816,30.0,55.140186915887845,76.63551401869158,-21.495327102803735,45.5,15.887850467289718
NPU,BPSK,apgd/eps0.03_default,apgd,eps0.03_default,10,200,107,60,2,2,2,47,1,106,3.3333333333333335,0.9189126490150246,11.363987528925378,1.0,1.8691588785046727,43.925233644859816,-42.056074766355145,0.5,99.06542056074767
NPU,BPSK,apgd/eps0.03_default,apgd,eps0.03_default,20,200,107,60,2,45,45,47,79,29,3.3333333333333335,0.9189126490150246,11.363987528925378,22.5,42.05607476635514,43.925233644859816,-1.8691588785046775,39.5,27.102803738317753
NPU,BPSK,apgd/eps0.03_default,apgd,eps0.03_default,30,200,107,60,2,49,46,47,85,23,3.3333333333333335,0.9189126490150246,11.363987528925378,24.5,42.99065420560748,43.925233644859816,-0.9345794392523388,42.5,21.49532710280374
NPU,BPSK,apgd/eps0.03_default,apgd,eps0.03_default,40,200,107,60,3,53,47,47,91,17,5.0,1.714919117914121,13.700734625099836,26.5,43.925233644859816,43.925233644859816,0.0,45.5,15.887850467289718
NPU,BPSK,apgdt/eps0.03_default,apgdt,eps0.03_default,10,200,107,67,2,2,2,40,1,106,2.9850746268656714,0.8224522347453904,10.246750041883029,1.0,1.8691588785046727,37.38317757009346,-35.51401869158879,0.5,99.06542056074767
NPU,BPSK,apgdt/eps0.03_default,apgdt,eps0.03_default,20,200,107,67,4,42,41,40,79,29,5.970149253731343,2.345897143304355,14.36970498877623,21.0,38.31775700934579,37.38317757009346,0.9345794392523317,39.5,27.102803738317753
NPU,BPSK,apgdt/eps0.03_default,apgdt,eps0.03_default,30,200,107,67,4,44,41,40,85,23,5.970149253731343,2.345897143304355,14.36970498877623,22.0,38.31775700934579,37.38317757009346,0.9345794392523317,42.5,21.49532710280374
NPU,BPSK,apgdt/eps0.03_default,apgdt,eps0.03_default,40,200,107,67,6,47,43,40,91,17,8.955223880597014,4.169038288133413,18.192963699399336,23.5,40.18691588785047,37.38317757009346,2.803738317757009,45.5,15.887850467289718
NPU,BPSK,autoattack/eps0.03_standard,autoattack,eps0.03_standard,10,200,107,67,2,2,2,40,1,106,2.9850746268656714,0.8224522347453904,10.246750041883029,1.0,1.8691588785046727,37.38317757009346,-35.51401869158879,0.5,99.06542056074767
NPU,BPSK,autoattack/eps0.03_standard,autoattack,eps0.03_standard,20,200,107,67,8,45,45,40,79,29,11.940298507462686,6.176158770587533,21.832243072397375,22.5,42.05607476635514,37.38317757009346,4.67289719626168,39.5,27.102803738317753
NPU,BPSK,autoattack/eps0.03_standard,autoattack,eps0.03_standard,30,200,107,67,6,46,43,40,85,23,8.955223880597014,4.169038288133413,18.192963699399336,23.0,40.18691588785047,37.38317757009346,2.803738317757009,42.5,21.49532710280374
NPU,BPSK,autoattack/eps0.03_standard,autoattack,eps0.03_standard,40,200,107,67,6,49,42,40,91,17,8.955223880597014,4.169038288133413,18.192963699399336,24.5,39.25233644859813,37.38317757009346,1.8691588785046704,45.5,15.887850467289718
NPU,BPSK,ead/package_default,ead,package_default,10,200,107,18,0,2,2,89,1,106,0.0,0.0,17.58845505823749,1.0,1.8691588785046727,83.17757009345794,-81.30841121495327,0.5,99.06542056074767
NPU,BPSK,ead/package_default,ead,package_default,20,200,107,18,8,67,64,89,79,29,44.44444444444444,24.559231101389127,66.28393057174837,33.5,59.813084112149525,83.17757009345794,-23.36448598130842,39.5,27.102803738317753
NPU,BPSK,ead/package_default,ead,package_default,30,200,107,18,4,75,71,89,85,23,22.22222222222222,9.000781913382,45.21502645230549,37.5,66.35514018691589,83.17757009345794,-16.822429906542055,42.5,21.49532710280374
NPU,BPSK,ead/package_default,ead,package_default,40,200,107,18,4,73,71,89,91,17,22.22222222222222,9.000781913382,45.21502645230549,36.5,66.35514018691589,83.17757009345794,-16.822429906542055,45.5,15.887850467289718
NPU,BPSK,ALL/ALL_24,ALL,ALL_24,10,4800,2568,903,26,53,50,1665,24,2544,2.8792912513842746,1.9723511447503248,4.185460759776331,1.1041666666666667,1.9470404984423675,64.83644859813083,-62.88940809968846,0.5,99.06542056074767
NPU,BPSK,ALL/ALL_24,ALL,ALL_24,20,4800,2568,903,70,1383,1358,1665,1896,696,7.751937984496124,6.181233025795103,9.680588928557235,28.812500000000004,52.8816199376947,64.83644859813083,-11.954828660436128,39.5,27.102803738317753
NPU,BPSK,ALL/ALL_24,ALL,ALL_24,30,4800,2568,903,63,1501,1427,1665,2040,552,6.976744186046512,5.490907562466277,8.827094611231976,31.270833333333332,55.568535825545176,64.83644859813083,-9.267912772585653,42.5,21.49532710280374
NPU,BPSK,ALL/ALL_24,ALL,ALL_24,40,4800,2568,903,65,1576,1476,1665,2184,408,7.198228128460686,5.6875890214106555,9.07150451818876,32.83333333333333,57.476635514018696,64.83644859813083,-7.359813084112133,45.5,15.887850467289718
NPU,CPFSK,fgsm/eps0.005,fgsm,eps0.005,10,200,118,4,0,9,9,114,10,108,0.0,0.0,48.990002040399915,4.5,7.627118644067797,96.61016949152543,-88.98305084745763,5.0,91.52542372881356
NPU,CPFSK,fgsm/eps0.005,fgsm,eps0.005,20,200,118,4,0,95,95,114,98,20,0.0,0.0,48.990002040399915,47.5,80.50847457627118,96.61016949152543,-16.101694915254242,49.0,16.94915254237288
NPU,CPFSK,fgsm/eps0.005,fgsm,eps0.005,30,200,118,4,0,109,104,114,109,14,0.0,0.0,48.990002040399915,54.50000000000001,88.13559322033898,96.61016949152543,-8.47457627118645,54.50000000000001,11.864406779661017
NPU,CPFSK,fgsm/eps0.005,fgsm,eps0.005,40,200,118,4,0,110,107,114,110,11,0.0,0.0,48.990002040399915,55.00000000000001,90.67796610169492,96.61016949152543,-5.932203389830505,55.00000000000001,9.322033898305085
NPU,CPFSK,fgsm/eps0.01,fgsm,eps0.01,10,200,118,10,0,6,6,108,10,108,0.0,-2.7755575615628914e-15,27.75401687666166,3.0,5.084745762711865,91.52542372881356,-86.4406779661017,5.0,91.52542372881356
NPU,CPFSK,fgsm/eps0.01,fgsm,eps0.01,20,200,118,10,0,89,89,108,98,20,0.0,-2.7755575615628914e-15,27.75401687666166,44.5,75.42372881355932,91.52542372881356,-16.101694915254242,49.0,16.94915254237288
NPU,CPFSK,fgsm/eps0.01,fgsm,eps0.01,30,200,118,10,2,110,103,108,109,14,20.0,5.6680947980693315,50.98431532792765,55.00000000000001,87.28813559322035,91.52542372881356,-4.237288135593218,54.50000000000001,11.864406779661017
NPU,CPFSK,fgsm/eps0.01,fgsm,eps0.01,40,200,118,10,3,112,106,108,110,11,30.0,10.778928748621183,60.322678002043475,56.00000000000001,89.83050847457628,91.52542372881356,-1.6949152542372872,55.00000000000001,9.322033898305085
NPU,CPFSK,fgsm/eps0.03,fgsm,eps0.03,10,200,118,39,0,2,2,79,10,108,0.0,0.0,8.966985360023902,1.0,1.694915254237288,66.94915254237289,-65.2542372881356,5.0,91.52542372881356
NPU,CPFSK,fgsm/eps0.03,fgsm,eps0.03,20,200,118,39,2,66,65,79,98,20,5.128205128205128,1.4177657646399529,16.88593904563791,33.0,55.08474576271186,66.94915254237289,-11.864406779661024,49.0,16.94915254237288
NPU,CPFSK,fgsm/eps0.03,fgsm,eps0.03,30,200,118,39,4,81,77,79,109,14,10.256410256410255,4.061265558286986,23.57915870224483,40.5,65.2542372881356,66.94915254237289,-1.6949152542372872,54.50000000000001,11.864406779661017
NPU,CPFSK,fgsm/eps0.03,fgsm,eps0.03,40,200,118,39,3,87,79,79,110,11,7.6923076923076925,2.650691407349569,20.32137312805527,43.5,66.94915254237289,66.94915254237289,0.0,55.00000000000001,9.322033898305085
NPU,CPFSK,fgsm/eps0.05,fgsm,eps0.05,10,200,118,78,0,3,3,40,10,108,0.0,0.0,4.693945377411976,1.5,2.5423728813559325,33.89830508474576,-31.355932203389827,5.0,91.52542372881356
NPU,CPFSK,fgsm/eps0.05,fgsm,eps0.05,20,200,118,78,2,31,30,40,98,20,2.564102564102564,0.7059945446585378,8.875440813398978,15.5,25.423728813559322,33.89830508474576,-8.474576271186436,49.0,16.94915254237288
NPU,CPFSK,fgsm/eps0.05,fgsm,eps0.05,30,200,118,78,3,39,37,40,109,14,3.8461538461538463,1.316558678081521,10.708621670298763,19.5,31.35593220338983,33.89830508474576,-2.542372881355927,54.50000000000001,11.864406779661017
NPU,CPFSK,fgsm/eps0.05,fgsm,eps0.05,40,200,118,78,1,38,35,40,110,11,1.282051282051282,0.22666733888537863,6.911023028849367,19.0,29.66101694915254,33.89830508474576,-4.237288135593218,55.00000000000001,9.322033898305085
NPU,CPFSK,bim/eps0.03_default,bim,eps0.03_default,10,200,118,58,0,3,3,60,10,108,0.0,0.0,6.211999689529376,1.5,2.5423728813559325,50.847457627118644,-48.30508474576271,5.0,91.52542372881356
NPU,CPFSK,bim/eps0.03_default,bim,eps0.03_default,20,200,118,58,9,59,58,60,98,20,15.517241379310345,8.384397416750202,26.934223058787303,29.5,49.152542372881356,50.847457627118644,-1.6949152542372872,49.0,16.94915254237288
NPU,CPFSK,bim/eps0.03_default,bim,eps0.03_default,30,200,118,58,15,74,68,60,109,14,25.862068965517242,16.345403519517458,38.3776308133588,37.0,57.6271186440678,50.847457627118644,6.779661016949156,54.50000000000001,11.864406779661017
NPU,CPFSK,bim/eps0.03_default,bim,eps0.03_default,40,200,118,58,13,84,70,60,110,11,22.413793103448278,13.593533332871566,34.66136304755843,42.0,59.32203389830508,50.847457627118644,8.474576271186436,55.00000000000001,9.322033898305085
NPU,CPFSK,pgd/eps0.005,pgd,eps0.005,10,200,118,5,0,8,8,113,10,108,0.0,-2.7755575615628914e-15,43.4491494752081,4.0,6.779661016949152,95.76271186440678,-88.98305084745763,5.0,91.52542372881356
NPU,CPFSK,pgd/eps0.005,pgd,eps0.005,20,200,118,5,0,96,95,113,98,20,0.0,-2.7755575615628914e-15,43.4491494752081,48.0,80.50847457627118,95.76271186440678,-15.254237288135599,49.0,16.94915254237288
NPU,CPFSK,pgd/eps0.005,pgd,eps0.005,30,200,118,5,0,108,104,113,109,14,0.0,-2.7755575615628914e-15,43.4491494752081,54.0,88.13559322033898,95.76271186440678,-7.6271186440678065,54.50000000000001,11.864406779661017
NPU,CPFSK,pgd/eps0.005,pgd,eps0.005,40,200,118,5,1,110,108,113,110,11,20.0,3.6223160969787447,62.44717358814613,55.00000000000001,91.52542372881356,95.76271186440678,-4.237288135593218,55.00000000000001,9.322033898305085
NPU,CPFSK,pgd/eps0.01,pgd,eps0.01,10,200,118,12,0,6,6,106,10,108,0.0,0.0,24.25007574992425,3.0,5.084745762711865,89.83050847457628,-84.74576271186442,5.0,91.52542372881356
NPU,CPFSK,pgd/eps0.01,pgd,eps0.01,20,200,118,12,0,90,90,106,98,20,0.0,0.0,24.25007574992425,45.0,76.27118644067797,89.83050847457628,-13.559322033898312,49.0,16.94915254237288
NPU,CPFSK,pgd/eps0.01,pgd,eps0.01,30,200,118,12,2,108,103,106,109,14,16.666666666666664,4.696414761482223,44.80363573846727,54.0,87.28813559322035,89.83050847457628,-2.5423728813559308,54.50000000000001,11.864406779661017
NPU,CPFSK,pgd/eps0.01,pgd,eps0.01,40,200,118,12,5,112,107,106,110,11,41.66666666666667,19.325746190524658,68.04926643446272,56.00000000000001,90.67796610169492,89.83050847457628,0.8474576271186436,55.00000000000001,9.322033898305085
NPU,CPFSK,pgd/eps0.03,pgd,eps0.03,10,200,118,56,0,3,3,62,10,108,0.0,0.0,6.419614448811528,1.5,2.5423728813559325,52.54237288135594,-50.00000000000001,5.0,91.52542372881356
NPU,CPFSK,pgd/eps0.03,pgd,eps0.03,20,200,118,56,7,61,60,62,98,20,12.5,6.188990138969254,23.625720697639395,30.5,50.847457627118644,52.54237288135594,-1.6949152542372943,49.0,16.94915254237288
NPU,CPFSK,pgd/eps0.03,pgd,eps0.03,30,200,118,56,13,72,68,62,109,14,23.214285714285715,14.09924724565329,35.76840335192431,36.0,57.6271186440678,52.54237288135594,5.0847457627118615,54.50000000000001,11.864406779661017
NPU,CPFSK,pgd/eps0.03,pgd,eps0.03,40,200,118,56,9,81,67,62,110,11,16.071428571428573,8.692569640589271,27.806454449675698,40.5,56.779661016949156,52.54237288135594,4.237288135593218,55.00000000000001,9.322033898305085
NPU,CPFSK,mifgsm/eps0.03_default,mifgsm,eps0.03_default,10,200,118,55,0,3,3,63,10,108,0.0,0.0,6.528714378942787,1.5,2.5423728813559325,53.38983050847458,-50.84745762711865,5.0,91.52542372881356
NPU,CPFSK,mifgsm/eps0.03_default,mifgsm,eps0.03_default,20,200,118,55,7,57,56,63,98,20,12.727272727272727,6.304130417480197,24.017274846822605,28.499999999999996,47.45762711864407,53.38983050847458,-5.932203389830512,49.0,16.94915254237288
NPU,CPFSK,mifgsm/eps0.03_default,mifgsm,eps0.03_default,30,200,118,55,10,74,66,63,109,14,18.181818181818183,10.187561448030712,30.330711338569238,37.0,55.932203389830505,53.38983050847458,2.5423728813559237,54.50000000000001,11.864406779661017
NPU,CPFSK,mifgsm/eps0.03_default,mifgsm,eps0.03_default,40,200,118,55,8,81,68,63,110,11,14.545454545454545,7.559199016771778,26.16116208829674,40.5,57.6271186440678,53.38983050847458,4.237288135593218,55.00000000000001,9.322033898305085
NPU,CPFSK,difgsm/eps0.03_default,difgsm,eps0.03_default,10,200,118,43,0,3,3,75,10,108,0.0,0.0,8.201257002322722,1.5,2.5423728813559325,63.559322033898304,-61.016949152542374,5.0,91.52542372881356
NPU,CPFSK,difgsm/eps0.03_default,difgsm,eps0.03_default,20,200,118,43,2,54,54,75,98,20,4.651162790697675,1.2848990317319688,15.455775923863058,27.0,45.76271186440678,63.559322033898304,-17.796610169491522,49.0,16.94915254237288
NPU,CPFSK,difgsm/eps0.03_default,difgsm,eps0.03_default,30,200,118,43,3,67,65,75,109,14,6.976744186046512,2.4011153791962503,18.609268553034926,33.5,55.08474576271186,63.559322033898304,-8.474576271186443,54.50000000000001,11.864406779661017
NPU,CPFSK,difgsm/eps0.03_default,difgsm,eps0.03_default,40,200,118,43,5,76,70,75,110,11,11.627906976744185,5.070352994862085,24.479448890641393,38.0,59.32203389830508,63.559322033898304,-4.237288135593225,55.00000000000001,9.322033898305085
NPU,CPFSK,vmifgsm/eps0.03_default,vmifgsm,eps0.03_default,10,200,118,52,0,3,3,66,10,108,0.0,0.0,6.879459041288214,1.5,2.5423728813559325,55.932203389830505,-53.389830508474574,5.0,91.52542372881356
NPU,CPFSK,vmifgsm/eps0.03_default,vmifgsm,eps0.03_default,20,200,118,52,5,57,56,66,98,20,9.615384615384617,4.177373518341026,20.609881861160993,28.499999999999996,47.45762711864407,55.932203389830505,-8.474576271186436,49.0,16.94915254237288
NPU,CPFSK,vmifgsm/eps0.03_default,vmifgsm,eps0.03_default,30,200,118,52,8,73,65,66,109,14,15.384615384615385,8.007589590882647,27.52434359154765,36.5,55.08474576271186,55.932203389830505,-0.8474576271186436,54.50000000000001,11.864406779661017
NPU,CPFSK,vmifgsm/eps0.03_default,vmifgsm,eps0.03_default,40,200,118,52,7,79,68,66,110,11,13.461538461538462,6.676796994292626,25.27357692049491,39.5,57.6271186440678,55.932203389830505,1.6949152542372943,55.00000000000001,9.322033898305085
NPU,CPFSK,vnifgsm/eps0.03_default,vnifgsm,eps0.03_default,10,200,118,51,0,4,4,67,10,108,0.0,0.0,7.004901388726806,2.0,3.389830508474576,56.779661016949156,-53.38983050847458,5.0,91.52542372881356
NPU,CPFSK,vnifgsm/eps0.03_default,vnifgsm,eps0.03_default,20,200,118,51,5,63,61,67,98,20,9.803921568627452,4.260744495307697,20.97848995445307,31.5,51.69491525423729,56.779661016949156,-5.084745762711869,49.0,16.94915254237288
NPU,CPFSK,vnifgsm/eps0.03_default,vnifgsm,eps0.03_default,30,200,118,51,8,73,69,67,109,14,15.686274509803921,8.169125888021325,28.010708398359817,36.5,58.47457627118644,56.779661016949156,1.6949152542372872,54.50000000000001,11.864406779661017
NPU,CPFSK,vnifgsm/eps0.03_default,vnifgsm,eps0.03_default,40,200,118,51,5,83,69,67,110,11,9.803921568627452,4.260744495307697,20.97848995445307,41.5,58.47457627118644,56.779661016949156,1.6949152542372872,55.00000000000001,9.322033898305085
NPU,CPFSK,rfgsm/eps0.03_default,rfgsm,eps0.03_default,10,200,118,58,0,4,4,60,10,108,0.0,0.0,6.211999689529376,2.0,3.389830508474576,50.847457627118644,-47.45762711864407,5.0,91.52542372881356
NPU,CPFSK,rfgsm/eps0.03_default,rfgsm,eps0.03_default,20,200,118,58,9,59,58,60,98,20,15.517241379310345,8.384397416750202,26.934223058787303,29.5,49.152542372881356,50.847457627118644,-1.6949152542372872,49.0,16.94915254237288
NPU,CPFSK,rfgsm/eps0.03_default,rfgsm,eps0.03_default,30,200,118,58,14,73,68,60,109,14,24.137931034482758,14.958739726966277,36.53022562968685,36.5,57.6271186440678,50.847457627118644,6.779661016949156,54.50000000000001,11.864406779661017
NPU,CPFSK,rfgsm/eps0.03_default,rfgsm,eps0.03_default,40,200,118,58,10,77,67,60,110,11,17.24137931034483,9.644189395085109,28.908500056675518,38.5,56.779661016949156,50.847457627118644,5.932203389830512,55.00000000000001,9.322033898305085
NPU,CPFSK,tpgd/eps0.03_default,tpgd,eps0.03_default,10,200,118,35,0,6,6,83,10,108,0.0,0.0,9.890426758938869,3.0,5.084745762711865,70.33898305084746,-65.2542372881356,5.0,91.52542372881356
NPU,CPFSK,tpgd/eps0.03_default,tpgd,eps0.03_default,20,200,118,35,3,78,78,83,98,20,8.571428571428571,2.9581831005296904,22.379599071162517,39.0,66.10169491525424,70.33898305084746,-4.237288135593218,49.0,16.94915254237288
NPU,CPFSK,tpgd/eps0.03_default,tpgd,eps0.03_default,30,200,118,35,6,87,85,83,109,14,17.142857142857142,8.10252994485672,32.68260763958882,43.5,72.03389830508475,70.33898305084746,1.6949152542372872,54.50000000000001,11.864406779661017
NPU,CPFSK,tpgd/eps0.03_default,tpgd,eps0.03_default,40,200,118,35,3,90,85,83,110,11,8.571428571428571,2.9581831005296904,22.379599071162517,45.0,72.03389830508475,70.33898305084746,1.6949152542372872,55.00000000000001,9.322033898305085
NPU,CPFSK,cw/c1_steps20_lr0.01,cw,c1_steps20_lr0.01,10,200,118,78,0,4,4,40,10,108,0.0,0.0,4.693945377411976,2.0,3.389830508474576,33.89830508474576,-30.508474576271183,5.0,91.52542372881356
NPU,CPFSK,cw/c1_steps20_lr0.01,cw,c1_steps20_lr0.01,20,200,118,78,12,35,33,40,98,20,15.384615384615385,9.025416205339184,24.99346905594603,17.5,27.966101694915253,33.89830508474576,-5.932203389830505,49.0,16.94915254237288
NPU,CPFSK,cw/c1_steps20_lr0.01,cw,c1_steps20_lr0.01,30,200,118,78,20,50,47,40,109,14,25.64102564102564,17.255308571556622,36.31353661231074,25.0,39.83050847457627,33.89830508474576,5.932203389830512,54.50000000000001,11.864406779661017
NPU,CPFSK,cw/c1_steps20_lr0.01,cw,c1_steps20_lr0.01,40,200,118,78,24,56,53,40,110,11,30.76923076923077,21.631782920807442,41.71204222435101,28.000000000000004,44.91525423728814,33.89830508474576,11.01694915254238,55.00000000000001,9.322033898305085
NPU,CPFSK,deepfool/package_default,deepfool,package_default,10,200,118,56,0,3,3,62,10,108,0.0,0.0,6.419614448811528,1.5,2.5423728813559325,52.54237288135594,-50.00000000000001,5.0,91.52542372881356
NPU,CPFSK,deepfool/package_default,deepfool,package_default,20,200,118,56,17,47,47,62,98,20,30.357142857142854,19.90016462077592,43.33611248411432,23.5,39.83050847457627,52.54237288135594,-12.711864406779668,49.0,16.94915254237288
NPU,CPFSK,deepfool/package_default,deepfool,package_default,30,200,118,56,21,64,59,62,109,14,37.5,26.010029646692185,50.5948739655107,32.0,50.0,52.54237288135594,-2.542372881355938,54.50000000000001,11.864406779661017
NPU,CPFSK,deepfool/package_default,deepfool,package_default,40,200,118,56,17,68,65,62,110,11,30.357142857142854,19.90016462077592,43.33611248411432,34.0,55.08474576271186,52.54237288135594,2.5423728813559237,55.00000000000001,9.322033898305085
NPU,CPFSK,fab/eps0.005,fab,eps0.005,10,200,118,2,0,10,10,116,10,108,0.0,0.0,65.76280471103807,5.0,8.47457627118644,98.30508474576271,-89.83050847457628,5.0,91.52542372881356
NPU,CPFSK,fab/eps0.005,fab,eps0.005,20,200,118,2,0,98,98,116,98,20,0.0,0.0,65.76280471103807,49.0,83.05084745762711,98.30508474576271,-15.254237288135599,49.0,16.94915254237288
NPU,CPFSK,fab/eps0.005,fab,eps0.005,30,200,118,2,0,110,104,116,109,14,0.0,0.0,65.76280471103807,55.00000000000001,88.13559322033898,98.30508474576271,-10.169491525423737,54.50000000000001,11.864406779661017
NPU,CPFSK,fab/eps0.005,fab,eps0.005,40,200,118,2,0,111,108,116,110,11,0.0,0.0,65.76280471103807,55.50000000000001,91.52542372881356,98.30508474576271,-6.779661016949149,55.00000000000001,9.322033898305085
NPU,CPFSK,fab/eps0.01,fab,eps0.01,10,200,118,7,0,10,10,111,10,108,0.0,0.0,35.433884297520656,5.0,8.47457627118644,94.0677966101695,-85.59322033898306,5.0,91.52542372881356
NPU,CPFSK,fab/eps0.01,fab,eps0.01,20,200,118,7,0,97,97,111,98,20,0.0,0.0,35.433884297520656,48.5,82.20338983050848,94.0677966101695,-11.86440677966101,49.0,16.94915254237288
NPU,CPFSK,fab/eps0.01,fab,eps0.01,30,200,118,7,1,109,104,111,109,14,14.285714285714285,2.567895594897479,51.313450331903,54.50000000000001,88.13559322033898,94.0677966101695,-5.932203389830519,54.50000000000001,11.864406779661017
NPU,CPFSK,fab/eps0.01,fab,eps0.01,40,200,118,7,2,109,107,111,110,11,28.57142857142857,8.221716570901549,64.10709098517873,54.50000000000001,90.67796610169492,94.0677966101695,-3.3898305084745743,55.00000000000001,9.322033898305085
NPU,CPFSK,fab/eps0.03,fab,eps0.03,10,200,118,25,0,8,8,93,10,108,0.0,0.0,13.319649395317873,4.0,6.779661016949152,78.8135593220339,-72.03389830508475,5.0,91.52542372881356
NPU,CPFSK,fab/eps0.03,fab,eps0.03,20,200,118,25,6,81,81,93,98,20,24.0,11.496157730326725,43.43005995523856,40.5,68.64406779661016,78.8135593220339,-10.169491525423737,49.0,16.94915254237288
NPU,CPFSK,fab/eps0.03,fab,eps0.03,30,200,118,25,11,98,92,93,109,14,44.0,26.66537494700256,62.93298298043557,49.0,77.96610169491525,78.8135593220339,-0.8474576271186436,54.50000000000001,11.864406779661017
NPU,CPFSK,fab/eps0.03,fab,eps0.03,40,200,118,25,9,96,93,93,110,11,36.0,20.247656431735635,55.48184539895337,48.0,78.8135593220339,78.8135593220339,0.0,55.00000000000001,9.322033898305085
NPU,CPFSK,square/eps0.03_default,square,eps0.03_default,10,200,118,46,0,8,8,72,10,108,0.0,-6.938893903907228e-16,7.707617732978073,4.0,6.779661016949152,61.016949152542374,-54.23728813559322,5.0,91.52542372881356
NPU,CPFSK,square/eps0.03_default,square,eps0.03_default,20,200,118,46,6,69,69,72,98,20,13.043478260869565,6.117757137492025,25.666134230361333,34.5,58.47457627118644,61.016949152542374,-2.5423728813559308,49.0,16.94915254237288
NPU,CPFSK,square/eps0.03_default,square,eps0.03_default,30,200,118,46,9,78,77,72,109,14,19.565217391304348,10.650490444121798,33.171537741169196,39.0,65.2542372881356,61.016949152542374,4.237288135593225,54.50000000000001,11.864406779661017
NPU,CPFSK,square/eps0.03_default,square,eps0.03_default,40,200,118,46,12,82,81,72,110,11,26.08695652173913,15.600735194449333,40.2594298082793,41.0,68.64406779661016,61.016949152542374,7.627118644067785,55.00000000000001,9.322033898305085
NPU,CPFSK,apgd/eps0.03_default,apgd,eps0.03_default,10,200,118,55,0,8,8,63,10,108,0.0,0.0,6.528714378942787,4.0,6.779661016949152,53.38983050847458,-46.610169491525426,5.0,91.52542372881356
NPU,CPFSK,apgd/eps0.03_default,apgd,eps0.03_default,20,200,118,55,9,71,69,63,98,20,16.363636363636363,8.855320558522452,28.263996387311785,35.5,58.47457627118644,53.38983050847458,5.0847457627118615,49.0,16.94915254237288
NPU,CPFSK,apgd/eps0.03_default,apgd,eps0.03_default,30,200,118,55,11,81,71,63,109,14,20.0,11.55209712045974,32.36513150690593,40.5,60.16949152542372,53.38983050847458,6.779661016949142,54.50000000000001,11.864406779661017
NPU,CPFSK,apgd/eps0.03_default,apgd,eps0.03_default,40,200,118,55,10,89,72,63,110,11,18.181818181818183,10.187561448030712,30.330711338569238,44.5,61.016949152542374,53.38983050847458,7.627118644067792,55.00000000000001,9.322033898305085
NPU,CPFSK,apgdt/eps0.03_default,apgdt,eps0.03_default,10,200,118,55,0,8,8,63,10,108,0.0,0.0,6.528714378942787,4.0,6.779661016949152,53.38983050847458,-46.610169491525426,5.0,91.52542372881356
NPU,CPFSK,apgdt/eps0.03_default,apgdt,eps0.03_default,20,200,118,55,8,71,69,63,98,20,14.545454545454545,7.559199016771778,26.16116208829674,35.5,58.47457627118644,53.38983050847458,5.0847457627118615,49.0,16.94915254237288
NPU,CPFSK,apgdt/eps0.03_default,apgdt,eps0.03_default,30,200,118,55,7,73,69,63,109,14,12.727272727272727,6.304130417480197,24.017274846822605,36.5,58.47457627118644,53.38983050847458,5.0847457627118615,54.50000000000001,11.864406779661017
NPU,CPFSK,apgdt/eps0.03_default,apgdt,eps0.03_default,40,200,118,55,9,80,72,63,110,11,16.363636363636363,8.855320558522452,28.263996387311785,40.0,61.016949152542374,53.38983050847458,7.627118644067792,55.00000000000001,9.322033898305085
NPU,CPFSK,autoattack/eps0.03_standard,autoattack,eps0.03_standard,10,200,118,58,0,8,8,60,10,108,0.0,0.0,6.211999689529376,4.0,6.779661016949152,50.847457627118644,-44.067796610169495,5.0,91.52542372881356
NPU,CPFSK,autoattack/eps0.03_standard,autoattack,eps0.03_standard,20,200,118,58,10,69,68,60,98,20,17.24137931034483,9.644189395085109,28.908500056675518,34.5,57.6271186440678,50.847457627118644,6.779661016949156,49.0,16.94915254237288
NPU,CPFSK,autoattack/eps0.03_standard,autoattack,eps0.03_standard,30,200,118,58,11,77,69,60,109,14,18.96551724137931,10.934140042567437,30.852618385416307,38.5,58.47457627118644,50.847457627118644,7.627118644067799,54.50000000000001,11.864406779661017
NPU,CPFSK,autoattack/eps0.03_standard,autoattack,eps0.03_standard,40,200,118,58,9,87,69,60,110,11,15.517241379310345,8.384397416750202,26.934223058787303,43.5,58.47457627118644,50.847457627118644,7.627118644067799,55.00000000000001,9.322033898305085
NPU,CPFSK,ead/package_default,ead,package_default,10,200,118,57,2,3,3,61,10,108,3.508771929824561,0.9675461353255768,11.92100380418949,1.5,2.5423728813559325,51.69491525423729,-49.152542372881356,5.0,91.52542372881356
NPU,CPFSK,ead/package_default,ead,package_default,20,200,118,57,27,62,62,61,98,20,47.368421052631575,34.98695765634663,60.082205547776844,31.0,52.54237288135594,51.69491525423729,0.8474576271186507,49.0,16.94915254237288
NPU,CPFSK,ead/package_default,ead,package_default,30,200,118,57,33,80,73,61,109,14,57.89473684210527,44.979910140681376,69.81260024694814,40.0,61.86440677966102,51.69491525423729,10.16949152542373,54.50000000000001,11.864406779661017
NPU,CPFSK,ead/package_default,ead,package_default,40,200,118,57,30,79,75,61,110,11,52.63157894736842,39.917794452223134,65.01304234365335,39.5,63.559322033898304,51.69491525423729,11.864406779661017,55.00000000000001,9.322033898305085
NPU,CPFSK,ALL/ALL_24,ALL,ALL_24,10,4800,2832,995,2,133,133,1837,240,2592,0.20100502512562815,0.05513899141230262,0.7299304330089469,2.7708333333333335,4.696327683615819,64.86581920903954,-60.16949152542372,5.0,91.52542372881356
NPU,CPFSK,ALL/ALL_24,ALL,ALL_24,20,4800,2832,995,146,1655,1638,1837,2352,480,14.673366834170853,12.610637088289215,17.00783294740013,34.479166666666664,57.83898305084746,64.86581920903954,-7.026836158192083,49.0,16.94915254237288
NPU,CPFSK,ALL/ALL_24,ALL,ALL_24,30,4800,2832,995,212,1968,1847,1837,2616,336,21.30653266331658,18.875078648517682,23.958700000669538,41.0,65.21892655367232,64.86581920903954,0.35310734463277527,54.50000000000001,11.864406779661017
NPU,CPFSK,ALL/ALL_24,ALL,ALL_24,40,4800,2832,995,195,2077,1901,1837,2640,264,19.597989949748744,17.25037524653058,22.17946027493749,43.27083333333333,67.12570621468926,64.86581920903954,2.2598870056497162,55.00000000000001,9.322033898305085
NPU,GFSK,fgsm/eps0.005,fgsm,eps0.005,10,200,73,16,4,40,27,57,41,45,25.0,10.181901984237346,49.49876892939864,20.0,36.986301369863014,78.08219178082192,-41.0958904109589,20.5,61.64383561643836
NPU,GFSK,fgsm/eps0.005,fgsm,eps0.005,20,200,73,16,9,65,52,57,68,21,56.25,33.17819560677652,76.90163666481448,32.5,71.23287671232876,78.08219178082192,-6.849315068493155,34.0,28.767123287671232
NPU,GFSK,fgsm/eps0.005,fgsm,eps0.005,30,200,73,16,8,71,55,57,72,13,50.0,27.99923761135083,72.00076238864916,35.5,75.34246575342466,78.08219178082192,-2.7397260273972535,36.0,17.80821917808219
NPU,GFSK,fgsm/eps0.005,fgsm,eps0.005,40,200,73,16,9,77,62,57,78,7,56.25,33.17819560677652,76.90163666481448,38.5,84.93150684931507,78.08219178082192,6.849315068493155,39.0,9.58904109589041
NPU,GFSK,fgsm/eps0.01,fgsm,eps0.01,10,200,73,29,3,34,22,44,41,45,10.344827586206897,3.5814240381301046,26.385447247069155,17.0,30.136986301369863,60.273972602739725,-30.136986301369863,20.5,61.64383561643836
NPU,GFSK,fgsm/eps0.01,fgsm,eps0.01,20,200,73,29,10,54,42,44,68,21,34.48275862068966,19.94050874919048,52.655223492844016,27.0,57.534246575342465,60.273972602739725,-2.7397260273972606,34.0,28.767123287671232
NPU,GFSK,fgsm/eps0.01,fgsm,eps0.01,30,200,73,29,12,68,50,44,72,13,41.37931034482759,25.51293527964552,59.26247152148476,34.0,68.4931506849315,60.273972602739725,8.219178082191782,36.0,17.80821917808219
NPU,GFSK,fgsm/eps0.01,fgsm,eps0.01,40,200,73,29,13,71,51,44,78,7,44.827586206896555,28.41291114874579,62.452332931932375,35.5,69.86301369863014,60.273972602739725,9.589041095890416,39.0,9.58904109589041
NPU,GFSK,fgsm/eps0.03,fgsm,eps0.03,10,200,73,65,13,26,16,8,41,45,20.0,12.077845770945213,31.270362289297427,13.0,21.91780821917808,10.95890410958904,10.95890410958904,20.5,61.64383561643836
NPU,GFSK,fgsm/eps0.03,fgsm,eps0.03,20,200,73,65,13,32,19,8,68,21,20.0,12.077845770945213,31.270362289297427,16.0,26.027397260273972,10.95890410958904,15.068493150684931,34.0,28.767123287671232
NPU,GFSK,fgsm/eps0.03,fgsm,eps0.03,30,200,73,65,11,38,18,8,72,13,16.923076923076923,9.721118666132769,27.8166491951604,19.0,24.65753424657534,10.95890410958904,13.698630136986301,36.0,17.80821917808219
NPU,GFSK,fgsm/eps0.03,fgsm,eps0.03,40,200,73,65,5,29,13,8,78,7,7.6923076923076925,3.330301045885137,16.776146218559614,14.499999999999998,17.80821917808219,10.95890410958904,6.84931506849315,39.0,9.58904109589041
NPU,GFSK,fgsm/eps0.05,fgsm,eps0.05,10,200,73,70,10,22,13,3,41,45,14.285714285714285,7.948856360443703,24.338634701505114,11.0,17.80821917808219,4.10958904109589,13.6986301369863,20.5,61.64383561643836
NPU,GFSK,fgsm/eps0.05,fgsm,eps0.05,20,200,73,70,7,24,10,3,68,21,10.0,4.928867510614622,19.233122478768056,12.0,13.698630136986301,4.10958904109589,9.589041095890412,34.0,28.767123287671232
NPU,GFSK,fgsm/eps0.05,fgsm,eps0.05,30,200,73,70,6,25,9,3,72,13,8.571428571428571,3.9876126540328363,17.465876977827794,12.5,12.32876712328767,4.10958904109589,8.219178082191782,36.0,17.80821917808219
NPU,GFSK,fgsm/eps0.05,fgsm,eps0.05,40,200,73,70,5,26,8,3,78,7,7.142857142857142,3.089376151029351,15.65561312330923,13.0,10.95890410958904,4.10958904109589,6.8493150684931505,39.0,9.58904109589041
NPU,GFSK,bim/eps0.03_default,bim,eps0.03_default,10,200,73,70,15,25,16,3,41,45,21.428571428571427,13.438585667978442,32.391407181580604,12.5,21.91780821917808,4.10958904109589,17.80821917808219,20.5,61.64383561643836
NPU,GFSK,bim/eps0.03_default,bim,eps0.03_default,20,200,73,70,17,24,20,3,68,21,24.285714285714285,15.751732611923112,35.49526095268004,12.0,27.397260273972602,4.10958904109589,23.28767123287671,34.0,28.767123287671232
NPU,GFSK,bim/eps0.03_default,bim,eps0.03_default,30,200,73,70,11,28,14,3,72,13,15.714285714285714,9.007528275988681,25.988463143482182,14.000000000000002,19.17808219178082,4.10958904109589,15.06849315068493,36.0,17.80821917808219
NPU,GFSK,bim/eps0.03_default,bim,eps0.03_default,40,200,73,70,5,22,8,3,78,7,7.142857142857142,3.089376151029351,15.65561312330923,11.0,10.95890410958904,4.10958904109589,6.8493150684931505,39.0,9.58904109589041
NPU,GFSK,pgd/eps0.005,pgd,eps0.005,10,200,73,17,3,43,30,56,41,45,17.647058823529413,6.19101371254899,41.02992901737578,21.5,41.0958904109589,76.71232876712328,-35.61643835616438,20.5,61.64383561643836
NPU,GFSK,pgd/eps0.005,pgd,eps0.005,20,200,73,17,9,65,52,56,68,21,52.94117647058824,30.962897311549487,73.8351988039119,32.5,71.23287671232876,76.71232876712328,-5.479452054794521,34.0,28.767123287671232
NPU,GFSK,pgd/eps0.005,pgd,eps0.005,30,200,73,17,8,71,55,56,72,13,47.05882352941176,26.164801196088106,69.03710268845052,35.5,75.34246575342466,76.71232876712328,-1.3698630136986196,36.0,17.80821917808219
NPU,GFSK,pgd/eps0.005,pgd,eps0.005,40,200,73,17,9,75,60,56,78,7,52.94117647058824,30.962897311549487,73.8351988039119,37.5,82.1917808219178,76.71232876712328,5.479452054794521,39.0,9.58904109589041
NPU,GFSK,pgd/eps0.01,pgd,eps0.01,10,200,73,33,6,34,24,40,41,45,18.181818181818183,8.610651225698263,34.38856704929522,17.0,32.87671232876712,54.794520547945204,-21.917808219178085,20.5,61.64383561643836
NPU,GFSK,pgd/eps0.01,pgd,eps0.01,20,200,73,33,13,56,42,40,68,21,39.39393939393939,24.68288223150821,56.316857193489625,28.000000000000004,57.534246575342465,54.794520547945204,2.7397260273972606,34.0,28.767123287671232
NPU,GFSK,pgd/eps0.01,pgd,eps0.01,30,200,73,33,13,69,50,40,72,13,39.39393939393939,24.68288223150821,56.316857193489625,34.5,68.4931506849315,54.794520547945204,13.698630136986303,36.0,17.80821917808219
NPU,GFSK,pgd/eps0.01,pgd,eps0.01,40,200,73,33,13,68,48,40,78,7,39.39393939393939,24.68288223150821,56.316857193489625,34.0,65.75342465753424,54.794520547945204,10.958904109589035,39.0,9.58904109589041
NPU,GFSK,pgd/eps0.03,pgd,eps0.03,10,200,73,70,15,26,17,3,41,45,21.428571428571427,13.438585667978442,32.391407181580604,13.0,23.28767123287671,4.10958904109589,19.17808219178082,20.5,61.64383561643836
NPU,GFSK,pgd/eps0.03,pgd,eps0.03,20,200,73,70,16,24,18,3,68,21,22.857142857142858,14.58794018862768,33.95055301845342,12.0,24.65753424657534,4.10958904109589,20.54794520547945,34.0,28.767123287671232
NPU,GFSK,pgd/eps0.03,pgd,eps0.03,30,200,73,70,9,26,12,3,72,13,12.857142857142856,6.9140219912422625,22.664968713184503,13.0,16.43835616438356,4.10958904109589,12.328767123287669,36.0,17.80821917808219
NPU,GFSK,pgd/eps0.03,pgd,eps0.03,40,200,73,70,6,22,9,3,78,7,8.571428571428571,3.9876126540328363,17.465876977827794,11.0,12.32876712328767,4.10958904109589,8.219178082191782,39.0,9.58904109589041
NPU,GFSK,mifgsm/eps0.03_default,mifgsm,eps0.03_default,10,200,73,69,12,22,13,4,41,45,17.391304347826086,10.238268593034995,27.983846242443633,11.0,17.80821917808219,5.47945205479452,12.328767123287669,20.5,61.64383561643836
NPU,GFSK,mifgsm/eps0.03_default,mifgsm,eps0.03_default,20,200,73,69,13,25,16,4,68,21,18.84057971014493,11.354641477529213,29.61315714303925,12.5,21.91780821917808,5.47945205479452,16.43835616438356,34.0,28.767123287671232
NPU,GFSK,mifgsm/eps0.03_default,mifgsm,eps0.03_default,30,200,73,69,8,29,12,4,72,13,11.594202898550725,5.993426545958408,21.24595314916087,14.499999999999998,16.43835616438356,5.47945205479452,10.958904109589039,36.0,17.80821917808219
NPU,GFSK,mifgsm/eps0.03_default,mifgsm,eps0.03_default,40,200,73,69,5,23,9,4,78,7,7.246376811594203,3.1347309217669053,15.867597418082852,11.5,12.32876712328767,5.47945205479452,6.8493150684931505,39.0,9.58904109589041
NPU,GFSK,difgsm/eps0.03_default,difgsm,eps0.03_default,10,200,73,69,18,28,20,4,41,45,26.08695652173913,17.185419574593983,37.51079797142367,14.000000000000002,27.397260273972602,5.47945205479452,21.91780821917808,20.5,61.64383561643836
NPU,GFSK,difgsm/eps0.03_default,difgsm,eps0.03_default,20,200,73,69,7,20,11,4,68,21,10.144927536231885,5.00160025716155,19.492095652867885,10.0,15.068493150684931,5.47945205479452,9.589041095890412,34.0,28.767123287671232
NPU,GFSK,difgsm/eps0.03_default,difgsm,eps0.03_default,30,200,73,69,4,23,7,4,72,13,5.797101449275362,2.2772020303367495,13.979442524423167,11.5,9.58904109589041,5.47945205479452,4.10958904109589,36.0,17.80821917808219
NPU,GFSK,difgsm/eps0.03_default,difgsm,eps0.03_default,40,200,73,69,5,25,9,4,78,7,7.246376811594203,3.1347309217669053,15.867597418082852,12.5,12.32876712328767,5.47945205479452,6.8493150684931505,39.0,9.58904109589041
NPU,GFSK,vmifgsm/eps0.03_default,vmifgsm,eps0.03_default,10,200,73,69,12,21,13,4,41,45,17.391304347826086,10.238268593034995,27.983846242443633,10.5,17.80821917808219,5.47945205479452,12.328767123287669,20.5,61.64383561643836
NPU,GFSK,vmifgsm/eps0.03_default,vmifgsm,eps0.03_default,20,200,73,69,13,22,16,4,68,21,18.84057971014493,11.354641477529213,29.61315714303925,11.0,21.91780821917808,5.47945205479452,16.43835616438356,34.0,28.767123287671232
NPU,GFSK,vmifgsm/eps0.03_default,vmifgsm,eps0.03_default,30,200,73,69,6,23,10,4,72,13,8.695652173913043,4.0463070120907325,17.70170511284886,11.5,13.698630136986301,5.47945205479452,8.219178082191782,36.0,17.80821917808219
NPU,GFSK,vmifgsm/eps0.03_default,vmifgsm,eps0.03_default,40,200,73,69,5,22,9,4,78,7,7.246376811594203,3.1347309217669053,15.867597418082852,11.0,12.32876712328767,5.47945205479452,6.8493150684931505,39.0,9.58904109589041
NPU,GFSK,vnifgsm/eps0.03_default,vnifgsm,eps0.03_default,10,200,73,69,14,22,15,4,41,45,20.28985507246377,12.489219999893795,31.22426240576451,11.0,20.54794520547945,5.47945205479452,15.06849315068493,20.5,61.64383561643836
NPU,GFSK,vnifgsm/eps0.03_default,vnifgsm,eps0.03_default,20,200,73,69,12,25,14,4,68,21,17.391304347826086,10.238268593034995,27.983846242443633,12.5,19.17808219178082,5.47945205479452,13.6986301369863,34.0,28.767123287671232
NPU,GFSK,vnifgsm/eps0.03_default,vnifgsm,eps0.03_default,30,200,73,69,6,24,10,4,72,13,8.695652173913043,4.0463070120907325,17.70170511284886,12.0,13.698630136986301,5.47945205479452,8.219178082191782,36.0,17.80821917808219
NPU,GFSK,vnifgsm/eps0.03_default,vnifgsm,eps0.03_default,40,200,73,69,4,19,7,4,78,7,5.797101449275362,2.2772020303367495,13.979442524423167,9.5,9.58904109589041,5.47945205479452,4.10958904109589,39.0,9.58904109589041
NPU,GFSK,rfgsm/eps0.03_default,rfgsm,eps0.03_default,10,200,73,71,20,31,21,2,41,45,28.169014084507044,19.036948911149793,39.54223699615311,15.5,28.767123287671232,2.73972602739726,26.027397260273972,20.5,61.64383561643836
NPU,GFSK,rfgsm/eps0.03_default,rfgsm,eps0.03_default,20,200,73,71,16,26,18,2,68,21,22.535211267605636,14.37454836103039,33.515395199770026,13.0,24.65753424657534,2.73972602739726,21.91780821917808,34.0,28.767123287671232
NPU,GFSK,rfgsm/eps0.03_default,rfgsm,eps0.03_default,30,200,73,71,12,29,14,2,72,13,16.901408450704224,9.94135722924047,27.25934398505746,14.499999999999998,19.17808219178082,2.73972602739726,16.43835616438356,36.0,17.80821917808219
NPU,GFSK,rfgsm/eps0.03_default,rfgsm,eps0.03_default,40,200,73,71,7,25,9,2,78,7,9.859154929577464,4.858220632532897,18.980927648636932,12.5,12.32876712328767,2.73972602739726,9.58904109589041,39.0,9.58904109589041
NPU,GFSK,tpgd/eps0.03_default,tpgd,eps0.03_default,10,200,73,40,8,39,27,33,41,45,20.0,10.499864973166874,34.75760738185667,19.5,36.986301369863014,45.20547945205479,-8.219178082191775,20.5,61.64383561643836
NPU,GFSK,tpgd/eps0.03_default,tpgd,eps0.03_default,20,200,73,40,8,52,36,33,68,21,20.0,10.499864973166874,34.75760738185667,26.0,49.31506849315068,45.20547945205479,4.109589041095894,34.0,28.767123287671232
NPU,GFSK,tpgd/eps0.03_default,tpgd,eps0.03_default,30,200,73,40,6,54,38,33,72,13,15.0,7.061091708507434,29.072626039020026,27.0,52.054794520547944,45.20547945205479,6.849315068493155,36.0,17.80821917808219
NPU,GFSK,tpgd/eps0.03_default,tpgd,eps0.03_default,40,200,73,40,3,54,35,33,78,7,7.5,2.5835556771858226,19.864530159097523,27.0,47.94520547945205,45.20547945205479,2.7397260273972606,39.0,9.58904109589041
NPU,GFSK,cw/c1_steps20_lr0.01,cw,c1_steps20_lr0.01,10,200,73,63,16,26,20,10,41,45,25.396825396825395,16.280274583098155,37.34142208484516,13.0,27.397260273972602,13.698630136986301,13.698630136986301,20.5,61.64383561643836
NPU,GFSK,cw/c1_steps20_lr0.01,cw,c1_steps20_lr0.01,20,200,73,63,23,37,29,10,68,21,36.507936507936506,25.715218473434465,48.85151840898606,18.5,39.726027397260275,13.698630136986301,26.027397260273972,34.0,28.767123287671232
NPU,GFSK,cw/c1_steps20_lr0.01,cw,c1_steps20_lr0.01,30,200,73,63,20,37,28,10,72,13,31.746031746031743,21.58652716809121,44.0037639081248,18.5,38.35616438356164,13.698630136986301,24.657534246575338,36.0,17.80821917808219
NPU,GFSK,cw/c1_steps20_lr0.01,cw,c1_steps20_lr0.01,40,200,73,63,19,35,26,10,78,7,30.158730158730158,20.237537048735994,42.36060542541184,17.5,35.61643835616438,13.698630136986301,21.917808219178077,39.0,9.58904109589041
NPU,GFSK,deepfool/package_default,deepfool,package_default,10,200,73,60,16,29,20,13,41,45,26.666666666666668,17.132496487078853,39.00895360189135,14.499999999999998,27.397260273972602,17.80821917808219,9.589041095890412,20.5,61.64383561643836
NPU,GFSK,deepfool/package_default,deepfool,package_default,20,200,73,60,19,35,26,13,68,21,31.666666666666664,21.305705841174333,44.234004943016544,17.5,35.61643835616438,17.80821917808219,17.80821917808219,34.0,28.767123287671232
NPU,GFSK,deepfool/package_default,deepfool,package_default,30,200,73,60,19,37,29,13,72,13,31.666666666666664,21.305705841174333,44.234004943016544,18.5,39.726027397260275,17.80821917808219,21.917808219178085,36.0,17.80821917808219
NPU,GFSK,deepfool/package_default,deepfool,package_default,40,200,73,60,21,39,30,13,78,7,35.0,24.167601723815487,47.63761619052249,19.5,41.0958904109589,17.80821917808219,23.28767123287671,39.0,9.58904109589041
NPU,GFSK,fab/eps0.005,fab,eps0.005,10,200,73,5,0,40,27,68,41,45,0.0,-2.7755575615628914e-15,43.4491494752081,20.0,36.986301369863014,93.15068493150685,-56.16438356164383,20.5,61.64383561643836
NPU,GFSK,fab/eps0.005,fab,eps0.005,20,200,73,5,3,69,52,68,68,21,60.0,23.07199322088371,88.23817688407468,34.5,71.23287671232876,93.15068493150685,-21.917808219178085,34.0,28.767123287671232
NPU,GFSK,fab/eps0.005,fab,eps0.005,30,200,73,5,4,74,60,68,72,13,80.0,37.55282641185388,96.37768390302125,37.0,82.1917808219178,93.15068493150685,-10.958904109589042,36.0,17.80821917808219
NPU,GFSK,fab/eps0.005,fab,eps0.005,40,200,73,5,5,78,66,68,78,7,100.0,56.550850524791905,100.00000000000003,39.0,90.41095890410958,93.15068493150685,-2.7397260273972677,39.0,9.58904109589041
NPU,GFSK,fab/eps0.01,fab,eps0.01,10,200,73,15,0,39,26,58,41,45,0.0,-1.3877787807814457e-15,20.388926630434785,19.5,35.61643835616438,79.45205479452055,-43.83561643835617,20.5,61.64383561643836
NPU,GFSK,fab/eps0.01,fab,eps0.01,20,200,73,15,6,67,50,58,68,21,40.0,19.824228082594665,64.2535572434923,33.5,68.4931506849315,79.45205479452055,-10.958904109589042,34.0,28.767123287671232
NPU,GFSK,fab/eps0.01,fab,eps0.01,30,200,73,15,8,72,58,58,72,13,53.333333333333336,30.11663015105079,75.19077474025354,36.0,79.45205479452055,79.45205479452055,0.0,36.0,17.80821917808219
NPU,GFSK,fab/eps0.01,fab,eps0.01,40,200,73,15,10,77,63,58,78,7,66.66666666666666,41.71312515121298,84.82389930530876,38.5,86.3013698630137,79.45205479452055,6.849315068493155,39.0,9.58904109589041
NPU,GFSK,fab/eps0.03,fab,eps0.03,10,200,73,54,15,32,23,19,41,45,27.77777777777778,17.61667544821121,40.890696408722214,16.0,31.506849315068493,26.027397260273972,5.479452054794521,20.5,61.64383561643836
NPU,GFSK,fab/eps0.03,fab,eps0.03,20,200,73,54,26,49,37,19,68,21,48.148148148148145,35.39375603654322,61.14852495153457,24.5,50.68493150684932,26.027397260273972,24.657534246575345,34.0,28.767123287671232
NPU,GFSK,fab/eps0.03,fab,eps0.03,30,200,73,54,28,55,42,19,72,13,51.85185185185185,38.85147504846543,64.60624396345678,27.500000000000004,57.534246575342465,26.027397260273972,31.506849315068493,36.0,17.80821917808219
NPU,GFSK,fab/eps0.03,fab,eps0.03,40,200,73,54,24,49,38,19,78,7,44.44444444444444,32.00225687559781,57.624586088635546,24.5,52.054794520547944,26.027397260273972,26.027397260273972,39.0,9.58904109589041
NPU,GFSK,square/eps0.03_default,square,eps0.03_default,10,200,73,62,15,28,20,11,41,45,24.193548387096776,15.245763680948542,36.152744253245054,14.000000000000002,27.397260273972602,15.068493150684931,12.32876712328767,20.5,61.64383561643836
NPU,GFSK,square/eps0.03_default,square,eps0.03_default,20,200,73,62,16,31,23,11,68,21,25.806451612903224,16.554737249309678,37.881363938996806,15.5,31.506849315068493,15.068493150684931,16.438356164383563,34.0,28.767123287671232
NPU,GFSK,square/eps0.03_default,square,eps0.03_default,30,200,73,62,22,39,28,11,72,13,35.483870967741936,24.74256057638604,47.91910013659786,19.5,38.35616438356164,15.068493150684931,23.28767123287671,36.0,17.80821917808219
NPU,GFSK,square/eps0.03_default,square,eps0.03_default,40,200,73,62,23,47,30,11,78,7,37.096774193548384,26.156988879274195,49.54226508782261,23.5,41.0958904109589,15.068493150684931,26.027397260273972,39.0,9.58904109589041
NPU,GFSK,apgd/eps0.03_default,apgd,eps0.03_default,10,200,73,68,13,24,16,5,41,45,19.11764705882353,11.527185601824742,30.010864775672413,12.0,21.91780821917808,6.8493150684931505,15.06849315068493,20.5,61.64383561643836
NPU,GFSK,apgd/eps0.03_default,apgd,eps0.03_default,20,200,73,68,12,26,17,5,68,21,17.647058823529413,10.393485385088718,28.360662629432117,13.0,23.28767123287671,6.8493150684931505,16.43835616438356,34.0,28.767123287671232
NPU,GFSK,apgd/eps0.03_default,apgd,eps0.03_default,30,200,73,68,11,32,15,5,72,13,16.176470588235293,9.279997195749148,26.690248455795363,16.0,20.54794520547945,6.8493150684931505,13.6986301369863,36.0,17.80821917808219
NPU,GFSK,apgd/eps0.03_default,apgd,eps0.03_default,40,200,73,68,5,22,10,5,78,7,7.352941176470589,3.181437515487155,16.0853939581994,11.0,13.698630136986301,6.8493150684931505,6.8493150684931505,39.0,9.58904109589041
NPU,GFSK,apgdt/eps0.03_default,apgdt,eps0.03_default,10,200,73,70,14,27,17,3,41,45,20.0,12.304627802949916,30.816864689087087,13.5,23.28767123287671,4.10958904109589,19.17808219178082,20.5,61.64383561643836
NPU,GFSK,apgdt/eps0.03_default,apgdt,eps0.03_default,20,200,73,70,16,23,19,3,68,21,22.857142857142858,14.58794018862768,33.95055301845342,11.5,26.027397260273972,4.10958904109589,21.91780821917808,34.0,28.767123287671232
NPU,GFSK,apgdt/eps0.03_default,apgdt,eps0.03_default,30,200,73,70,15,32,17,3,72,13,21.428571428571427,13.438585667978442,32.391407181580604,16.0,23.28767123287671,4.10958904109589,19.17808219178082,36.0,17.80821917808219
NPU,GFSK,apgdt/eps0.03_default,apgdt,eps0.03_default,40,200,73,70,7,23,10,3,78,7,10.0,4.928867510614622,19.233122478768056,11.5,13.698630136986301,4.10958904109589,9.589041095890412,39.0,9.58904109589041
NPU,GFSK,autoattack/eps0.03_standard,autoattack,eps0.03_standard,10,200,73,69,16,26,19,4,41,45,23.18840579710145,14.807779670568113,34.397070305269864,13.0,26.027397260273972,5.47945205479452,20.54794520547945,20.5,61.64383561643836
NPU,GFSK,autoattack/eps0.03_standard,autoattack,eps0.03_standard,20,200,73,69,12,28,16,4,68,21,17.391304347826086,10.238268593034995,27.983846242443633,14.000000000000002,21.91780821917808,5.47945205479452,16.43835616438356,34.0,28.767123287671232
NPU,GFSK,autoattack/eps0.03_standard,autoattack,eps0.03_standard,30,200,73,69,8,26,11,4,72,13,11.594202898550725,5.993426545958408,21.24595314916087,13.0,15.068493150684931,5.47945205479452,9.589041095890412,36.0,17.80821917808219
NPU,GFSK,autoattack/eps0.03_standard,autoattack,eps0.03_standard,40,200,73,69,7,25,11,4,78,7,10.144927536231885,5.00160025716155,19.492095652867885,12.5,15.068493150684931,5.47945205479452,9.589041095890412,39.0,9.58904109589041
NPU,GFSK,ead/package_default,ead,package_default,10,200,73,58,21,33,24,15,41,45,36.206896551724135,25.054734348500336,49.07271384171466,16.5,32.87671232876712,20.54794520547945,12.328767123287669,20.5,61.64383561643836
NPU,GFSK,ead/package_default,ead,package_default,20,200,73,58,28,44,36,15,68,21,48.275862068965516,35.9279744529903,60.83795657078658,22.0,49.31506849315068,20.54794520547945,28.767123287671232,34.0,28.767123287671232
NPU,GFSK,ead/package_default,ead,package_default,30,200,73,58,32,52,41,15,72,13,55.172413793103445,42.45185822161052,67.25034870705885,26.0,56.16438356164384,20.54794520547945,35.61643835616439,36.0,17.80821917808219
NPU,GFSK,ead/package_default,ead,package_default,40,200,73,58,30,50,40,15,78,7,51.724137931034484,39.16204342921343,64.0720255470097,25.0,54.794520547945204,20.54794520547945,34.24657534246575,39.0,9.58904109589041
NPU,GFSK,ALL/ALL_24,ALL,ALL_24,10,4800,1752,1281,279,717,486,471,984,1080,21.779859484777518,19.60572924364685,24.12274281080717,14.9375,27.73972602739726,26.88356164383562,0.8561643835616408,20.5,61.64383561643836
NPU,GFSK,ALL/ALL_24,ALL,ALL_24,20,4800,1752,1281,324,923,671,471,1632,504,25.292740046838407,22.988567170252605,27.744659400244487,19.229166666666668,38.29908675799087,26.88356164383562,11.415525114155251,34.0,28.767123287671232
NPU,GFSK,ALL/ALL_24,ALL,ALL_24,30,4800,1752,1281,287,1034,683,471,1728,312,22.404371584699454,20.20548579685498,24.768275949340033,21.541666666666668,38.98401826484018,26.88356164383562,12.100456621004561,36.0,17.80821917808219
NPU,GFSK,ALL/ALL_24,ALL,ALL_24,40,4800,1752,1281,245,1003,661,471,1872,168,19.12568306010929,17.065487241134136,21.370503623420678,20.895833333333332,37.72831050228311,26.88356164383562,10.844748858447488,39.0,9.58904109589041
NPU,PAM4,fgsm/eps0.005,fgsm,eps0.005,10,200,138,9,3,128,125,129,128,13,33.33333333333333,12.058159868274293,64.58026525009102,64.0,90.57971014492753,93.47826086956522,-2.898550724637687,64.0,9.420289855072465
NPU,PAM4,fgsm/eps0.005,fgsm,eps0.005,20,200,138,9,6,139,132,129,140,5,66.66666666666666,35.419734749908976,87.9418401317257,69.5,95.65217391304348,93.47826086956522,2.173913043478265,70.0,3.6231884057971016
NPU,PAM4,fgsm/eps0.005,fgsm,eps0.005,30,200,138,9,8,147,136,129,148,1,88.88888888888889,56.49937852319399,98.01096286728695,73.5,98.55072463768117,93.47826086956522,5.072463768115952,74.0,0.7246376811594203
NPU,PAM4,fgsm/eps0.005,fgsm,eps0.005,40,200,138,9,8,146,136,129,145,0,88.88888888888889,56.49937852319399,98.01096286728695,73.0,98.55072463768117,93.47826086956522,5.072463768115952,72.5,0.0
NPU,PAM4,fgsm/eps0.01,fgsm,eps0.01,10,200,138,17,7,128,125,121,128,13,41.17647058823529,21.610786039131384,63.994925614484465,64.0,90.57971014492753,87.68115942028986,2.8985507246376727,64.0,9.420289855072465
NPU,PAM4,fgsm/eps0.01,fgsm,eps0.01,20,200,138,17,13,136,130,121,140,5,76.47058823529412,52.73775411082839,90.44511092832406,68.0,94.20289855072464,87.68115942028986,6.521739130434781,70.0,3.6231884057971016
NPU,PAM4,fgsm/eps0.01,fgsm,eps0.01,30,200,138,17,15,147,133,121,148,1,88.23529411764706,65.66315750229009,96.7120919987079,73.5,96.37681159420289,87.68115942028986,8.695652173913032,74.0,0.7246376811594203
NPU,PAM4,fgsm/eps0.01,fgsm,eps0.01,40,200,138,17,13,144,133,121,145,0,76.47058823529412,52.73775411082839,90.44511092832406,72.0,96.37681159420289,87.68115942028986,8.695652173913032,72.5,0.0
NPU,PAM4,fgsm/eps0.03,fgsm,eps0.03,10,200,138,41,28,127,123,97,128,13,68.29268292682927,53.01551434425414,80.43556679468827,63.5,89.13043478260869,70.28985507246377,18.840579710144922,64.0,9.420289855072465
NPU,PAM4,fgsm/eps0.03,fgsm,eps0.03,20,200,138,41,28,134,124,97,140,5,68.29268292682927,53.01551434425414,80.43556679468827,67.0,89.85507246376811,70.28985507246377,19.565217391304344,70.0,3.6231884057971016
NPU,PAM4,fgsm/eps0.03,fgsm,eps0.03,30,200,138,41,27,138,123,97,148,1,65.85365853658537,50.54955435372689,78.44138263335655,69.0,89.13043478260869,70.28985507246377,18.840579710144922,74.0,0.7246376811594203
NPU,PAM4,fgsm/eps0.03,fgsm,eps0.03,40,200,138,41,24,130,120,97,145,0,58.536585365853654,43.3668353568366,72.24366917466985,65.0,86.95652173913044,70.28985507246377,16.66666666666667,72.5,0.0
NPU,PAM4,fgsm/eps0.05,fgsm,eps0.05,10,200,138,54,37,123,119,84,128,13,68.51851851851852,55.25630440832037,79.32088571090179,61.5,86.23188405797102,60.86956521739131,25.362318840579704,64.0,9.420289855072465
NPU,PAM4,fgsm/eps0.05,fgsm,eps0.05,20,200,138,54,31,124,114,84,140,5,57.407407407407405,44.162497846346305,69.66837820134256,62.0,82.6086956521739,60.86956521739131,21.739130434782595,70.0,3.6231884057971016
NPU,PAM4,fgsm/eps0.05,fgsm,eps0.05,30,200,138,54,25,118,108,84,148,1,46.2962962962963,33.689688992410524,59.39487298374504,59.0,78.26086956521739,60.86956521739131,17.39130434782608,74.0,0.7246376811594203
NPU,PAM4,fgsm/eps0.05,fgsm,eps0.05,40,200,138,54,12,100,94,84,145,0,22.22222222222222,13.195287989578958,34.938926831587814,50.0,68.11594202898551,60.86956521739131,7.246376811594203,72.5,0.0
NPU,PAM4,bim/eps0.03_default,bim,eps0.03_default,10,200,138,50,39,128,125,88,128,13,78.0,64.75818431054044,87.24621377569771,64.0,90.57971014492753,63.76811594202898,26.811594202898554,64.0,9.420289855072465
NPU,PAM4,bim/eps0.03_default,bim,eps0.03_default,20,200,138,50,38,136,125,88,140,5,76.0,62.58705062480763,85.70274759812779,68.0,90.57971014492753,63.76811594202898,26.811594202898554,70.0,3.6231884057971016
NPU,PAM4,bim/eps0.03_default,bim,eps0.03_default,30,200,138,50,38,141,125,88,148,1,76.0,62.58705062480763,85.70274759812779,70.5,90.57971014492753,63.76811594202898,26.811594202898554,74.0,0.7246376811594203
NPU,PAM4,bim/eps0.03_default,bim,eps0.03_default,40,200,138,50,31,126,118,88,145,0,62.0,48.150195022393575,74.13740415742278,63.0,85.5072463768116,63.76811594202898,21.739130434782616,72.5,0.0
NPU,PAM4,pgd/eps0.005,pgd,eps0.005,10,200,138,9,3,128,125,129,128,13,33.33333333333333,12.058159868274293,64.58026525009102,64.0,90.57971014492753,93.47826086956522,-2.898550724637687,64.0,9.420289855072465
NPU,PAM4,pgd/eps0.005,pgd,eps0.005,20,200,138,9,6,139,132,129,140,5,66.66666666666666,35.419734749908976,87.9418401317257,69.5,95.65217391304348,93.47826086956522,2.173913043478265,70.0,3.6231884057971016
NPU,PAM4,pgd/eps0.005,pgd,eps0.005,30,200,138,9,8,149,136,129,148,1,88.88888888888889,56.49937852319399,98.01096286728695,74.5,98.55072463768117,93.47826086956522,5.072463768115952,74.0,0.7246376811594203
NPU,PAM4,pgd/eps0.005,pgd,eps0.005,40,200,138,9,9,147,138,129,145,0,100.0,70.08472464490407,100.0,73.5,100.0,93.47826086956522,6.521739130434781,72.5,0.0
NPU,PAM4,pgd/eps0.01,pgd,eps0.01,10,200,138,19,9,128,125,119,128,13,47.368421052631575,27.329505487448547,68.29251748817488,64.0,90.57971014492753,86.23188405797102,4.347826086956516,64.0,9.420289855072465
NPU,PAM4,pgd/eps0.01,pgd,eps0.01,20,200,138,19,16,139,132,119,140,5,84.21052631578947,62.434072356823314,94.47962896007218,69.5,95.65217391304348,86.23188405797102,9.420289855072468,70.0,3.6231884057971016
NPU,PAM4,pgd/eps0.01,pgd,eps0.01,30,200,138,19,18,151,134,119,148,1,94.73684210526315,75.3607846634548,99.064824750947,75.5,97.10144927536231,86.23188405797102,10.869565217391298,74.0,0.7246376811594203
NPU,PAM4,pgd/eps0.01,pgd,eps0.01,40,200,138,19,16,144,133,119,145,0,84.21052631578947,62.434072356823314,94.47962896007218,72.0,96.37681159420289,86.23188405797102,10.144927536231876,72.5,0.0
NPU,PAM4,pgd/eps0.03,pgd,eps0.03,10,200,138,48,37,130,126,90,128,13,77.08333333333334,63.46046409154885,86.69230897101096,65.0,91.30434782608695,65.21739130434783,26.086956521739125,64.0,9.420289855072465
NPU,PAM4,pgd/eps0.03,pgd,eps0.03,20,200,138,48,38,138,126,90,140,5,79.16666666666666,65.74082647864651,88.26985220411018,69.0,91.30434782608695,65.21739130434783,26.086956521739125,70.0,3.6231884057971016
NPU,PAM4,pgd/eps0.03,pgd,eps0.03,30,200,138,48,36,137,124,90,148,1,75.0,61.21535625207293,85.07951119028996,68.5,89.85507246376811,65.21739130434783,24.637681159420282,74.0,0.7246376811594203
NPU,PAM4,pgd/eps0.03,pgd,eps0.03,40,200,138,48,31,125,119,90,145,0,64.58333333333334,50.4387964540641,76.56654288731427,62.5,86.23188405797102,65.21739130434783,21.014492753623188,72.5,0.0
NPU,PAM4,mifgsm/eps0.03_default,mifgsm,eps0.03_default,10,200,138,49,36,126,123,89,128,13,73.46938775510205,59.73744384734165,83.78886875485057,63.0,89.13043478260869,64.4927536231884,24.637681159420282,64.0,9.420289855072465
NPU,PAM4,mifgsm/eps0.03_default,mifgsm,eps0.03_default,20,200,138,49,37,136,124,89,140,5,75.51020408163265,61.913412739684205,85.39779661052471,68.0,89.85507246376811,64.4927536231884,25.362318840579704,70.0,3.6231884057971016
NPU,PAM4,mifgsm/eps0.03_default,mifgsm,eps0.03_default,30,200,138,49,37,139,124,89,148,1,75.51020408163265,61.913412739684205,85.39779661052471,69.5,89.85507246376811,64.4927536231884,25.362318840579704,74.0,0.7246376811594203
NPU,PAM4,mifgsm/eps0.03_default,mifgsm,eps0.03_default,40,200,138,49,31,130,119,89,145,0,63.26530612244898,49.26681138688986,75.33501747521878,65.0,86.23188405797102,64.4927536231884,21.73913043478261,72.5,0.0
NPU,PAM4,difgsm/eps0.03_default,difgsm,eps0.03_default,10,200,138,31,17,125,123,107,128,13,54.83870967741935,37.771879603669134,70.83851716341388,62.5,89.13043478260869,77.53623188405797,11.59420289855072,64.0,9.420289855072465
NPU,PAM4,difgsm/eps0.03_default,difgsm,eps0.03_default,20,200,138,31,14,127,116,107,140,5,45.16129032258064,29.161482836586107,62.22812039633085,63.5,84.05797101449275,77.53623188405797,6.521739130434781,70.0,3.6231884057971016
NPU,PAM4,difgsm/eps0.03_default,difgsm,eps0.03_default,30,200,138,31,11,130,114,107,148,1,35.483870967741936,21.116447741565818,53.0523619571851,65.0,82.6086956521739,77.53623188405797,5.072463768115938,74.0,0.7246376811594203
NPU,PAM4,difgsm/eps0.03_default,difgsm,eps0.03_default,40,200,138,31,5,119,107,107,145,0,16.129032258064516,7.092519905439934,32.63470272497887,59.5,77.53623188405797,77.53623188405797,0.0,72.5,0.0
NPU,PAM4,vmifgsm/eps0.03_default,vmifgsm,eps0.03_default,10,200,138,49,37,127,124,89,128,13,75.51020408163265,61.913412739684205,85.39779661052471,63.5,89.85507246376811,64.4927536231884,25.362318840579704,64.0,9.420289855072465
NPU,PAM4,vmifgsm/eps0.03_default,vmifgsm,eps0.03_default,20,200,138,49,36,135,124,89,140,5,73.46938775510205,59.73744384734165,83.78886875485057,67.5,89.85507246376811,64.4927536231884,25.362318840579704,70.0,3.6231884057971016
NPU,PAM4,vmifgsm/eps0.03_default,vmifgsm,eps0.03_default,30,200,138,49,35,138,123,89,148,1,71.42857142857143,57.590850793899676,82.15056506027582,69.0,89.13043478260869,64.4927536231884,24.637681159420282,74.0,0.7246376811594203
NPU,PAM4,vmifgsm/eps0.03_default,vmifgsm,eps0.03_default,40,200,138,49,30,128,118,89,145,0,61.224489795918366,47.24574648805242,73.57118562603951,64.0,85.5072463768116,64.4927536231884,21.014492753623188,72.5,0.0
NPU,PAM4,vnifgsm/eps0.03_default,vnifgsm,eps0.03_default,10,200,138,50,37,129,124,88,128,13,74.0,60.446578011000085,84.12862034863262,64.5,89.85507246376811,63.76811594202898,26.086956521739133,64.0,9.420289855072465
NPU,PAM4,vnifgsm/eps0.03_default,vnifgsm,eps0.03_default,20,200,138,50,39,134,123,88,140,5,78.0,64.75818431054044,87.24621377569771,67.0,89.13043478260869,63.76811594202898,25.36231884057971,70.0,3.6231884057971016
NPU,PAM4,vnifgsm/eps0.03_default,vnifgsm,eps0.03_default,30,200,138,50,33,131,118,88,148,1,66.0,52.153568541482855,77.56323036493895,65.5,85.5072463768116,63.76811594202898,21.739130434782616,74.0,0.7246376811594203
NPU,PAM4,vnifgsm/eps0.03_default,vnifgsm,eps0.03_default,40,200,138,50,26,120,112,88,145,0,52.0,38.51151225880844,65.20308760449429,60.0,81.15942028985508,63.76811594202898,17.3913043478261,72.5,0.0
NPU,PAM4,rfgsm/eps0.03_default,rfgsm,eps0.03_default,10,200,138,49,39,130,126,89,128,13,79.59183673469387,66.36272988905615,88.5182729571862,65.0,91.30434782608695,64.4927536231884,26.811594202898547,64.0,9.420289855072465
NPU,PAM4,rfgsm/eps0.03_default,rfgsm,eps0.03_default,20,200,138,49,36,134,124,89,140,5,73.46938775510205,59.73744384734165,83.78886875485057,67.0,89.85507246376811,64.4927536231884,25.362318840579704,70.0,3.6231884057971016
NPU,PAM4,rfgsm/eps0.03_default,rfgsm,eps0.03_default,30,200,138,49,36,140,124,89,148,1,73.46938775510205,59.73744384734165,83.78886875485057,70.0,89.85507246376811,64.4927536231884,25.362318840579704,74.0,0.7246376811594203
NPU,PAM4,rfgsm/eps0.03_default,rfgsm,eps0.03_default,40,200,138,49,26,124,114,89,145,0,53.06122448979592,39.38062701991984,66.29671810210522,62.0,82.6086956521739,64.4927536231884,18.1159420289855,72.5,0.0
NPU,PAM4,tpgd/eps0.03_default,tpgd,eps0.03_default,10,200,138,27,20,138,130,111,128,13,74.07407407407408,55.321069597384295,86.82979157713322,69.0,94.20289855072464,80.43478260869566,13.768115942028984,64.0,9.420289855072465
NPU,PAM4,tpgd/eps0.03_default,tpgd,eps0.03_default,20,200,138,27,20,144,130,111,140,5,74.07407407407408,55.321069597384295,86.82979157713322,72.0,94.20289855072464,80.43478260869566,13.768115942028984,70.0,3.6231884057971016
NPU,PAM4,tpgd/eps0.03_default,tpgd,eps0.03_default,30,200,138,27,23,148,133,111,148,1,85.18518518518519,67.52093665317051,94.08416814035512,74.0,96.37681159420289,80.43478260869566,15.942028985507235,74.0,0.7246376811594203
NPU,PAM4,tpgd/eps0.03_default,tpgd,eps0.03_default,40,200,138,27,20,141,130,111,145,0,74.07407407407408,55.321069597384295,86.82979157713322,70.5,94.20289855072464,80.43478260869566,13.768115942028984,72.5,0.0
NPU,PAM4,cw/c1_steps20_lr0.01,cw,c1_steps20_lr0.01,10,200,138,55,43,121,118,83,128,13,78.18181818181819,65.62971335952183,87.05410217234679,60.5,85.5072463768116,60.14492753623188,25.36231884057971,64.0,9.420289855072465
NPU,PAM4,cw/c1_steps20_lr0.01,cw,c1_steps20_lr0.01,20,200,138,55,44,130,123,83,140,5,80.0,67.63486849309407,88.44790287954027,65.0,89.13043478260869,60.14492753623188,28.985507246376805,70.0,3.6231884057971016
NPU,PAM4,cw/c1_steps20_lr0.01,cw,c1_steps20_lr0.01,30,200,138,55,42,136,121,83,148,1,76.36363636363637,63.65138127856039,85.6334784125425,68.0,87.68115942028986,60.14492753623188,27.536231884057976,74.0,0.7246376811594203
NPU,PAM4,cw/c1_steps20_lr0.01,cw,c1_steps20_lr0.01,40,200,138,55,39,130,119,83,145,0,70.9090909090909,57.85902917965606,81.22896298914968,65.0,86.23188405797102,60.14492753623188,26.086956521739133,72.5,0.0
NPU,PAM4,deepfool/package_default,deepfool,package_default,10,200,138,75,66,128,125,63,128,13,88.0,78.74015748031495,93.55670103092784,64.0,90.57971014492753,45.65217391304348,44.927536231884055,64.0,9.420289855072465
NPU,PAM4,deepfool/package_default,deepfool,package_default,20,200,138,75,63,131,124,63,140,5,84.0,74.08308420225468,90.60357867622571,65.5,89.85507246376811,45.65217391304348,44.20289855072463,70.0,3.6231884057971016
NPU,PAM4,deepfool/package_default,deepfool,package_default,30,200,138,75,54,129,115,63,148,1,72.0,60.95909606557163,80.89697991462155,64.5,83.33333333333334,45.65217391304348,37.681159420289866,74.0,0.7246376811594203
NPU,PAM4,deepfool/package_default,deepfool,package_default,40,200,138,75,51,123,111,63,145,0,68.0,56.78872410148672,77.45715624594409,61.5,80.43478260869566,45.65217391304348,34.78260869565218,72.5,0.0
NPU,PAM4,fab/eps0.005,fab,eps0.005,10,200,138,7,0,127,124,131,128,13,0.0,0.0,35.433884297520656,63.5,89.85507246376811,94.92753623188406,-5.072463768115952,64.0,9.420289855072465
NPU,PAM4,fab/eps0.005,fab,eps0.005,20,200,138,7,5,141,133,131,140,5,71.42857142857143,35.892909014821264,91.77828342909844,70.5,96.37681159420289,94.92753623188406,1.4492753623188293,70.0,3.6231884057971016
NPU,PAM4,fab/eps0.005,fab,eps0.005,30,200,138,7,6,147,137,131,148,1,85.71428571428571,48.68654966809701,97.43210440510252,73.5,99.27536231884058,94.92753623188406,4.347826086956516,74.0,0.7246376811594203
NPU,PAM4,fab/eps0.005,fab,eps0.005,40,200,138,7,7,146,138,131,145,0,100.0,64.56611570247934,100.0,73.0,100.0,94.92753623188406,5.072463768115938,72.5,0.0
NPU,PAM4,fab/eps0.01,fab,eps0.01,10,200,138,11,1,127,124,127,128,13,9.090909090909092,1.6231752262825971,37.73646254862038,63.5,89.85507246376811,92.02898550724638,-2.173913043478265,64.0,9.420289855072465
NPU,PAM4,fab/eps0.01,fab,eps0.01,20,200,138,11,9,141,133,127,140,5,81.81818181818183,52.30138624217553,94.86333993289995,70.5,96.37681159420289,92.02898550724638,4.347826086956516,70.0,3.6231884057971016
NPU,PAM4,fab/eps0.01,fab,eps0.01,30,200,138,11,10,148,137,127,148,1,90.9090909090909,62.26353745137963,98.3768247737174,74.0,99.27536231884058,92.02898550724638,7.246376811594203,74.0,0.7246376811594203
NPU,PAM4,fab/eps0.01,fab,eps0.01,40,200,138,11,11,149,138,127,145,0,100.0,74.11599827511859,100.0,74.5,100.0,92.02898550724638,7.971014492753625,72.5,0.0
NPU,PAM4,fab/eps0.03,fab,eps0.03,10,200,138,28,17,128,125,110,128,13,60.71428571428571,42.408726034906294,76.43454817241995,64.0,90.57971014492753,79.71014492753623,10.869565217391298,64.0,9.420289855072465
NPU,PAM4,fab/eps0.03,fab,eps0.03,20,200,138,28,25,140,133,110,140,5,89.28571428571429,72.80377463234294,96.28823079452005,70.0,96.37681159420289,79.71014492753623,16.666666666666657,70.0,3.6231884057971016
NPU,PAM4,fab/eps0.03,fab,eps0.03,30,200,138,28,25,152,135,110,148,1,89.28571428571429,72.80377463234294,96.28823079452005,76.0,97.82608695652173,79.71014492753623,18.1159420289855,74.0,0.7246376811594203
NPU,PAM4,fab/eps0.03,fab,eps0.03,40,200,138,28,26,148,136,110,145,0,92.85714285714286,77.35426157408214,98.01883525522292,74.0,98.55072463768117,79.71014492753623,18.840579710144937,72.5,0.0
NPU,PAM4,square/eps0.03_default,square,eps0.03_default,10,200,138,33,23,126,124,105,128,13,69.6969696969697,52.66154602526555,82.62465218545277,63.0,89.85507246376811,76.08695652173914,13.76811594202897,64.0,9.420289855072465
NPU,PAM4,square/eps0.03_default,square,eps0.03_default,20,200,138,33,28,134,131,105,140,5,84.84848484848484,69.07978686153953,93.34964074203904,67.0,94.92753623188406,76.08695652173914,18.840579710144922,70.0,3.6231884057971016
NPU,PAM4,square/eps0.03_default,square,eps0.03_default,30,200,138,33,28,146,132,105,148,1,84.84848484848484,69.07978686153953,93.34964074203904,73.0,95.65217391304348,76.08695652173914,19.565217391304344,74.0,0.7246376811594203
NPU,PAM4,square/eps0.03_default,square,eps0.03_default,40,200,138,33,27,142,131,105,145,0,81.81818181818183,65.6114329507048,91.38934877430174,71.0,94.92753623188406,76.08695652173914,18.840579710144922,72.5,0.0
NPU,PAM4,apgd/eps0.03_default,apgd,eps0.03_default,10,200,138,49,39,129,126,89,128,13,79.59183673469387,66.36272988905615,88.5182729571862,64.5,91.30434782608695,64.4927536231884,26.811594202898547,64.0,9.420289855072465
NPU,PAM4,apgd/eps0.03_default,apgd,eps0.03_default,20,200,138,49,34,132,122,89,140,5,69.38775510204081,55.471842599306264,80.48467650685251,66.0,88.40579710144928,64.4927536231884,23.913043478260875,70.0,3.6231884057971016
NPU,PAM4,apgd/eps0.03_default,apgd,eps0.03_default,30,200,138,49,35,140,124,89,148,1,71.42857142857143,57.590850793899676,82.15056506027582,70.0,89.85507246376811,64.4927536231884,25.362318840579704,74.0,0.7246376811594203
NPU,PAM4,apgd/eps0.03_default,apgd,eps0.03_default,40,200,138,49,30,125,119,89,145,0,61.224489795918366,47.24574648805242,73.57118562603951,62.5,86.23188405797102,64.4927536231884,21.73913043478261,72.5,0.0
NPU,PAM4,apgdt/eps0.03_default,apgdt,eps0.03_default,10,200,138,48,35,126,123,90,128,13,72.91666666666666,59.002765383798874,83.4341964383671,63.0,89.13043478260869,65.21739130434783,23.91304347826086,64.0,9.420289855072465
NPU,PAM4,apgdt/eps0.03_default,apgdt,eps0.03_default,20,200,138,48,39,135,128,90,140,5,81.25,68.05986065115378,89.80872365179982,67.5,92.7536231884058,65.21739130434783,27.53623188405797,70.0,3.6231884057971016
NPU,PAM4,apgdt/eps0.03_default,apgdt,eps0.03_default,30,200,138,48,35,144,125,90,148,1,72.91666666666666,59.002765383798874,83.4341964383671,72.0,90.57971014492753,65.21739130434783,25.362318840579704,74.0,0.7246376811594203
NPU,PAM4,apgdt/eps0.03_default,apgdt,eps0.03_default,40,200,138,48,35,139,125,90,145,0,72.91666666666666,59.002765383798874,83.4341964383671,69.5,90.57971014492753,65.21739130434783,25.362318840579704,72.5,0.0
NPU,PAM4,autoattack/eps0.03_standard,autoattack,eps0.03_standard,10,200,138,51,41,131,126,87,128,13,80.3921568627451,67.54165732550456,88.98477516370072,65.5,91.30434782608695,63.04347826086957,28.260869565217384,64.0,9.420289855072465
NPU,PAM4,autoattack/eps0.03_standard,autoattack,eps0.03_standard,20,200,138,51,42,137,128,87,140,5,82.35294117647058,69.74559482722196,90.42770427419009,68.5,92.7536231884058,63.04347826086957,29.710144927536227,70.0,3.6231884057971016
NPU,PAM4,autoattack/eps0.03_standard,autoattack,eps0.03_standard,30,200,138,51,37,137,124,87,148,1,72.54901960784314,59.05308805092127,82.88587798945683,68.5,89.85507246376811,63.04347826086957,26.81159420289854,74.0,0.7246376811594203
NPU,PAM4,autoattack/eps0.03_standard,autoattack,eps0.03_standard,40,200,138,51,33,126,120,87,145,0,64.70588235294117,50.98580497281073,76.3656946187402,63.0,86.95652173913044,63.04347826086957,23.913043478260867,72.5,0.0
NPU,PAM4,ead/package_default,ead,package_default,10,200,138,39,31,130,127,99,128,13,79.48717948717949,64.46572703687139,89.22040980208888,65.0,92.02898550724638,71.73913043478261,20.289855072463766,64.0,9.420289855072465
NPU,PAM4,ead/package_default,ead,package_default,20,200,138,39,32,140,131,99,140,5,82.05128205128204,67.33164837555724,91.02284818853,70.0,94.92753623188406,71.73913043478261,23.188405797101453,70.0,3.6231884057971016
NPU,PAM4,ead/package_default,ead,package_default,30,200,138,39,34,148,133,99,148,1,87.17948717948718,73.29395096236952,94.39726505197169,74.0,96.37681159420289,71.73913043478261,24.637681159420282,74.0,0.7246376811594203
NPU,PAM4,ead/package_default,ead,package_default,40,200,138,39,34,143,131,99,145,0,87.17948717948718,73.29395096236952,94.39726505197169,71.5,94.92753623188406,71.73913043478261,23.188405797101453,72.5,0.0
NPU,PAM4,ALL/ALL_24,ALL,ALL_24,10,4800,3312,898,645,3068,2985,2414,3072,312,71.82628062360801,68.79584386503083,74.67076934065851,63.916666666666664,90.12681159420289,72.88647342995169,17.2403381642512,64.0,9.420289855072465
NPU,PAM4,ALL/ALL_24,ALL,ALL_24,20,4800,3312,898,679,3256,3042,2414,3360,120,75.61247216035635,72.69857993010422,78.30816005616387,67.83333333333333,91.84782608695652,72.88647342995169,18.961352657004824,70.0,3.6231884057971016
NPU,PAM4,ALL/ALL_24,ALL,ALL_24,30,4800,3312,898,656,3381,3038,2414,3552,24,73.05122494432071,70.05553111188196,75.85053487575932,70.4375,91.72705314009661,72.88647342995169,18.840579710144922,74.0,0.7246376811594203
NPU,PAM4,ALL/ALL_24,ALL,ALL_24,40,4800,3312,898,575,3195,2959,2414,3480,0,64.03118040089086,60.838639011247,67.104183763839,66.5625,89.34178743961353,72.88647342995169,16.455314009661834,72.5,0.0
NPU,QAM16,fgsm/eps0.005,fgsm,eps0.005,10,200,104,40,5,22,10,64,21,94,12.5,5.459419773541284,26.112420670238144,11.0,9.615384615384617,61.53846153846154,-51.92307692307692,10.5,90.38461538461539
NPU,QAM16,fgsm/eps0.005,fgsm,eps0.005,20,200,104,40,5,77,44,64,89,40,12.5,5.459419773541284,26.112420670238144,38.5,42.30769230769231,61.53846153846154,-19.230769230769234,44.5,38.46153846153847
NPU,QAM16,fgsm/eps0.005,fgsm,eps0.005,30,200,104,40,5,76,57,64,96,22,12.5,5.459419773541284,26.112420670238144,38.0,54.807692307692314,61.53846153846154,-6.730769230769226,48.0,21.153846153846153
NPU,QAM16,fgsm/eps0.005,fgsm,eps0.005,40,200,104,40,6,71,61,64,94,15,15.0,7.061091708507434,29.072626039020026,35.5,58.65384615384615,61.53846153846154,-2.884615384615387,47.0,14.423076923076922
NPU,QAM16,fgsm/eps0.01,fgsm,eps0.01,10,200,104,74,6,21,8,30,21,94,8.108108108108109,3.7689336809333382,16.582138239479395,10.5,7.6923076923076925,28.846153846153843,-21.15384615384615,10.5,90.38461538461539
NPU,QAM16,fgsm/eps0.01,fgsm,eps0.01,20,200,104,74,13,65,28,30,89,40,17.56756756756757,10.564108955494536,27.772204789341124,32.5,26.923076923076923,28.846153846153843,-1.9230769230769198,44.5,38.46153846153847
NPU,QAM16,fgsm/eps0.01,fgsm,eps0.01,30,200,104,74,8,49,28,30,96,22,10.81081081081081,5.580666169650122,19.90904627202631,24.5,26.923076923076923,28.846153846153843,-1.9230769230769198,48.0,21.153846153846153
NPU,QAM16,fgsm/eps0.01,fgsm,eps0.01,40,200,104,74,9,50,31,30,94,15,12.162162162162163,6.53224180677459,21.526790895533686,25.0,29.807692307692307,28.846153846153843,0.9615384615384635,47.0,14.423076923076922
NPU,QAM16,fgsm/eps0.03,fgsm,eps0.03,10,200,104,102,6,30,6,2,21,94,5.88235294117647,2.7235268139653055,12.243745033776982,15.0,5.769230769230769,1.9230769230769231,3.846153846153846,10.5,90.38461538461539
NPU,QAM16,fgsm/eps0.03,fgsm,eps0.03,20,200,104,102,4,49,5,2,89,40,3.9215686274509802,1.5353823095438888,9.652657175875834,24.5,4.807692307692308,1.9230769230769231,2.884615384615385,44.5,38.46153846153847
NPU,QAM16,fgsm/eps0.03,fgsm,eps0.03,30,200,104,102,3,37,4,2,96,22,2.941176470588235,1.0052266068000588,8.293196697458379,18.5,3.8461538461538463,1.9230769230769231,1.9230769230769231,48.0,21.153846153846153
NPU,QAM16,fgsm/eps0.03,fgsm,eps0.03,40,200,104,102,1,29,2,2,94,15,0.9803921568627451,0.17326897927338986,5.345921962662484,14.499999999999998,1.9230769230769231,1.9230769230769231,0.0,47.0,14.423076923076922
NPU,QAM16,fgsm/eps0.05,fgsm,eps0.05,10,200,104,102,9,41,9,2,21,94,8.823529411764707,4.711502569146458,15.924617822079679,20.5,8.653846153846153,1.9230769230769231,6.73076923076923,10.5,90.38461538461539
NPU,QAM16,fgsm/eps0.05,fgsm,eps0.05,20,200,104,102,3,46,4,2,89,40,2.941176470588235,1.0052266068000588,8.293196697458379,23.0,3.8461538461538463,1.9230769230769231,1.9230769230769231,44.5,38.46153846153847
NPU,QAM16,fgsm/eps0.05,fgsm,eps0.05,30,200,104,102,2,32,3,2,96,22,1.9607843137254901,0.5393639125345434,6.869443210562613,16.0,2.8846153846153846,1.9230769230769231,0.9615384615384615,48.0,21.153846153846153
NPU,QAM16,fgsm/eps0.05,fgsm,eps0.05,40,200,104,102,0,34,1,2,94,15,0.0,0.0,3.629574760774591,17.0,0.9615384615384616,1.9230769230769231,-0.9615384615384616,47.0,14.423076923076922
NPU,QAM16,bim/eps0.03_default,bim,eps0.03_default,10,200,104,103,7,37,7,1,21,94,6.796116504854369,3.330731523877016,13.368381930058531,18.5,6.730769230769231,0.9615384615384616,5.769230769230769,10.5,90.38461538461539
NPU,QAM16,bim/eps0.03_default,bim,eps0.03_default,20,200,104,103,5,54,6,1,89,40,4.854368932038835,2.0910505724241015,10.8642028120254,27.0,5.769230769230769,0.9615384615384616,4.8076923076923075,44.5,38.46153846153847
NPU,QAM16,bim/eps0.03_default,bim,eps0.03_default,30,200,104,103,2,46,3,1,96,22,1.9417475728155338,0.5341113332198465,6.805351947000593,23.0,2.8846153846153846,0.9615384615384616,1.923076923076923,48.0,21.153846153846153
NPU,QAM16,bim/eps0.03_default,bim,eps0.03_default,40,200,104,103,0,32,1,1,94,15,0.0,0.0,3.5956032107343954,16.0,0.9615384615384616,0.9615384615384616,0.0,47.0,14.423076923076922
NPU,QAM16,pgd/eps0.005,pgd,eps0.005,10,200,104,42,5,20,10,62,21,94,11.904761904761903,5.193726765019084,25.00068180710754,10.0,9.615384615384617,59.61538461538461,-50.0,10.5,90.38461538461539
NPU,QAM16,pgd/eps0.005,pgd,eps0.005,20,200,104,42,8,78,45,62,89,40,19.047619047619047,9.981889609856436,33.30106735499644,39.0,43.269230769230774,59.61538461538461,-16.34615384615384,44.5,38.46153846153847
NPU,QAM16,pgd/eps0.005,pgd,eps0.005,30,200,104,42,5,75,55,62,96,22,11.904761904761903,5.193726765019084,25.00068180710754,37.5,52.88461538461539,59.61538461538461,-6.730769230769226,48.0,21.153846153846153
NPU,QAM16,pgd/eps0.005,pgd,eps0.005,40,200,104,42,6,68,59,62,94,15,14.285714285714285,6.715875684189933,27.84138235217878,34.0,56.730769230769226,59.61538461538461,-2.884615384615387,47.0,14.423076923076922
NPU,QAM16,pgd/eps0.01,pgd,eps0.01,10,200,104,88,5,20,6,16,21,94,5.681818181818182,2.4510666532829655,12.62009935427788,10.0,5.769230769230769,15.384615384615385,-9.615384615384617,10.5,90.38461538461539
NPU,QAM16,pgd/eps0.01,pgd,eps0.01,20,200,104,88,17,60,24,16,89,40,19.318181818181817,12.425855430009696,28.777259498301653,30.0,23.076923076923077,15.384615384615385,7.692307692307692,44.5,38.46153846153847
NPU,QAM16,pgd/eps0.01,pgd,eps0.01,30,200,104,88,20,53,29,16,96,22,22.727272727272727,15.22163058823423,32.51447157026475,26.5,27.884615384615387,15.384615384615385,12.500000000000002,48.0,21.153846153846153
NPU,QAM16,pgd/eps0.01,pgd,eps0.01,40,200,104,88,17,51,31,16,94,15,19.318181818181817,12.425855430009696,28.777259498301653,25.5,29.807692307692307,15.384615384615385,14.423076923076922,47.0,14.423076923076922
NPU,QAM16,pgd/eps0.03,pgd,eps0.03,10,200,104,103,7,40,7,1,21,94,6.796116504854369,3.330731523877016,13.368381930058531,20.0,6.730769230769231,0.9615384615384616,5.769230769230769,10.5,90.38461538461539
NPU,QAM16,pgd/eps0.03,pgd,eps0.03,20,200,104,103,5,55,6,1,89,40,4.854368932038835,2.0910505724241015,10.8642028120254,27.500000000000004,5.769230769230769,0.9615384615384616,4.8076923076923075,44.5,38.46153846153847
NPU,QAM16,pgd/eps0.03,pgd,eps0.03,30,200,104,103,2,36,3,1,96,22,1.9417475728155338,0.5341113332198465,6.805351947000593,18.0,2.8846153846153846,0.9615384615384616,1.923076923076923,48.0,21.153846153846153
NPU,QAM16,pgd/eps0.03,pgd,eps0.03,40,200,104,103,1,34,2,1,94,15,0.9708737864077669,0.17158473082714565,5.295948514650271,17.0,1.9230769230769231,0.9615384615384616,0.9615384615384616,47.0,14.423076923076922
NPU,QAM16,mifgsm/eps0.03_default,mifgsm,eps0.03_default,10,200,104,103,7,37,7,1,21,94,6.796116504854369,3.330731523877016,13.368381930058531,18.5,6.730769230769231,0.9615384615384616,5.769230769230769,10.5,90.38461538461539
NPU,QAM16,mifgsm/eps0.03_default,mifgsm,eps0.03_default,20,200,104,103,4,56,5,1,89,40,3.8834951456310676,1.5203743545083999,9.56294899519808,28.000000000000004,4.807692307692308,0.9615384615384616,3.8461538461538467,44.5,38.46153846153847
NPU,QAM16,mifgsm/eps0.03_default,mifgsm,eps0.03_default,30,200,104,103,2,42,3,1,96,22,1.9417475728155338,0.5341113332198465,6.805351947000593,21.0,2.8846153846153846,0.9615384615384616,1.923076923076923,48.0,21.153846153846153
NPU,QAM16,mifgsm/eps0.03_default,mifgsm,eps0.03_default,40,200,104,103,0,32,1,1,94,15,0.0,0.0,3.5956032107343954,16.0,0.9615384615384616,0.9615384615384616,0.0,47.0,14.423076923076922
NPU,QAM16,difgsm/eps0.03_default,difgsm,eps0.03_default,10,200,104,103,4,35,4,1,21,94,3.8834951456310676,1.5203743545083999,9.56294899519808,17.5,3.8461538461538463,0.9615384615384616,2.8846153846153846,10.5,90.38461538461539
NPU,QAM16,difgsm/eps0.03_default,difgsm,eps0.03_default,20,200,104,103,1,56,2,1,89,40,0.9708737864077669,0.17158473082714565,5.295948514650271,28.000000000000004,1.9230769230769231,0.9615384615384616,0.9615384615384616,44.5,38.46153846153847
NPU,QAM16,difgsm/eps0.03_default,difgsm,eps0.03_default,30,200,104,103,1,43,2,1,96,22,0.9708737864077669,0.17158473082714565,5.295948514650271,21.5,1.9230769230769231,0.9615384615384616,0.9615384615384616,48.0,21.153846153846153
NPU,QAM16,difgsm/eps0.03_default,difgsm,eps0.03_default,40,200,104,103,0,32,1,1,94,15,0.0,0.0,3.5956032107343954,16.0,0.9615384615384616,0.9615384615384616,0.0,47.0,14.423076923076922
NPU,QAM16,vmifgsm/eps0.03_default,vmifgsm,eps0.03_default,10,200,104,103,9,40,9,1,21,94,8.737864077669903,4.665069238646754,15.777904284774834,20.0,8.653846153846153,0.9615384615384616,7.692307692307692,10.5,90.38461538461539
NPU,QAM16,vmifgsm/eps0.03_default,vmifgsm,eps0.03_default,20,200,104,103,4,56,5,1,89,40,3.8834951456310676,1.5203743545083999,9.56294899519808,28.000000000000004,4.807692307692308,0.9615384615384616,3.8461538461538467,44.5,38.46153846153847
NPU,QAM16,vmifgsm/eps0.03_default,vmifgsm,eps0.03_default,30,200,104,103,2,42,3,1,96,22,1.9417475728155338,0.5341113332198465,6.805351947000593,21.0,2.8846153846153846,0.9615384615384616,1.923076923076923,48.0,21.153846153846153
NPU,QAM16,vmifgsm/eps0.03_default,vmifgsm,eps0.03_default,40,200,104,103,1,37,2,1,94,15,0.9708737864077669,0.17158473082714565,5.295948514650271,18.5,1.9230769230769231,0.9615384615384616,0.9615384615384616,47.0,14.423076923076922
NPU,QAM16,vnifgsm/eps0.03_default,vnifgsm,eps0.03_default,10,200,104,103,10,44,10,1,21,94,9.70873786407767,5.359319306770389,16.955584251394225,22.0,9.615384615384617,0.9615384615384616,8.653846153846155,10.5,90.38461538461539
NPU,QAM16,vnifgsm/eps0.03_default,vnifgsm,eps0.03_default,20,200,104,103,3,58,4,1,89,40,2.912621359223301,0.9954187460887338,8.215974568874726,28.999999999999996,3.8461538461538463,0.9615384615384616,2.8846153846153846,44.5,38.46153846153847
NPU,QAM16,vnifgsm/eps0.03_default,vnifgsm,eps0.03_default,30,200,104,103,1,40,2,1,96,22,0.9708737864077669,0.17158473082714565,5.295948514650271,20.0,1.9230769230769231,0.9615384615384616,0.9615384615384616,48.0,21.153846153846153
NPU,QAM16,vnifgsm/eps0.03_default,vnifgsm,eps0.03_default,40,200,104,103,0,33,1,1,94,15,0.0,0.0,3.5956032107343954,16.5,0.9615384615384616,0.9615384615384616,0.0,47.0,14.423076923076922
NPU,QAM16,rfgsm/eps0.03_default,rfgsm,eps0.03_default,10,200,104,103,9,40,9,1,21,94,8.737864077669903,4.665069238646754,15.777904284774834,20.0,8.653846153846153,0.9615384615384616,7.692307692307692,10.5,90.38461538461539
NPU,QAM16,rfgsm/eps0.03_default,rfgsm,eps0.03_default,20,200,104,103,3,57,4,1,89,40,2.912621359223301,0.9954187460887338,8.215974568874726,28.499999999999996,3.8461538461538463,0.9615384615384616,2.8846153846153846,44.5,38.46153846153847
NPU,QAM16,rfgsm/eps0.03_default,rfgsm,eps0.03_default,30,200,104,103,1,38,2,1,96,22,0.9708737864077669,0.17158473082714565,5.295948514650271,19.0,1.9230769230769231,0.9615384615384616,0.9615384615384616,48.0,21.153846153846153
NPU,QAM16,rfgsm/eps0.03_default,rfgsm,eps0.03_default,40,200,104,103,1,31,2,1,94,15,0.9708737864077669,0.17158473082714565,5.295948514650271,15.5,1.9230769230769231,0.9615384615384616,0.9615384615384616,47.0,14.423076923076922
NPU,QAM16,tpgd/eps0.03_default,tpgd,eps0.03_default,10,200,104,61,2,32,7,43,21,94,3.278688524590164,0.9037700815687875,11.189700776645692,16.0,6.730769230769231,41.34615384615385,-34.61538461538461,10.5,90.38461538461539
NPU,QAM16,tpgd/eps0.03_default,tpgd,eps0.03_default,20,200,104,61,1,76,40,43,89,40,1.639344262295082,0.2899656114363977,8.719065627768062,38.0,38.46153846153847,41.34615384615385,-2.8846153846153797,44.5,38.46153846153847
NPU,QAM16,tpgd/eps0.03_default,tpgd,eps0.03_default,30,200,104,61,1,73,43,43,96,22,1.639344262295082,0.2899656114363977,8.719065627768062,36.5,41.34615384615385,41.34615384615385,0.0,48.0,21.153846153846153
NPU,QAM16,tpgd/eps0.03_default,tpgd,eps0.03_default,40,200,104,61,1,60,44,43,94,15,1.639344262295082,0.2899656114363977,8.719065627768062,30.0,42.30769230769231,41.34615384615385,0.9615384615384599,47.0,14.423076923076922
NPU,QAM16,cw/c1_steps20_lr0.01,cw,c1_steps20_lr0.01,10,200,104,74,5,24,8,30,21,94,6.756756756756757,2.920365554856204,14.861386104924684,12.0,7.6923076923076925,28.846153846153843,-21.15384615384615,10.5,90.38461538461539
NPU,QAM16,cw/c1_steps20_lr0.01,cw,c1_steps20_lr0.01,20,200,104,74,19,69,30,30,89,40,25.675675675675674,17.097575848977574,36.65465945964917,34.5,28.846153846153843,28.846153846153843,0.0,44.5,38.46153846153847
NPU,QAM16,cw/c1_steps20_lr0.01,cw,c1_steps20_lr0.01,30,200,104,74,21,51,31,30,96,22,28.37837837837838,19.373406470259972,39.51746935963046,25.5,29.807692307692307,28.846153846153843,0.9615384615384635,48.0,21.153846153846153
NPU,QAM16,cw/c1_steps20_lr0.01,cw,c1_steps20_lr0.01,40,200,104,74,19,46,35,30,94,15,25.675675675675674,17.097575848977574,36.65465945964917,23.0,33.65384615384615,28.846153846153843,4.80769230769231,47.0,14.423076923076922
NPU,QAM16,deepfool/package_default,deepfool,package_default,10,200,104,22,3,23,10,82,21,94,13.636363636363635,4.748917264236269,33.33541187947,11.5,9.615384615384617,78.84615384615384,-69.23076923076923,10.5,90.38461538461539
NPU,QAM16,deepfool/package_default,deepfool,package_default,20,200,104,22,9,75,40,82,89,40,40.909090909090914,23.25555966882038,61.26552261710619,37.5,38.46153846153847,78.84615384615384,-40.38461538461537,44.5,38.46153846153847
NPU,QAM16,deepfool/package_default,deepfool,package_default,30,200,104,22,12,70,50,82,96,22,54.54545454545454,34.65947328904156,73.07998556799515,35.0,48.07692307692308,78.84615384615384,-30.76923076923076,48.0,21.153846153846153
NPU,QAM16,deepfool/package_default,deepfool,package_default,40,200,104,22,11,64,55,82,94,15,50.0,30.72180469247956,69.27819530752043,32.0,52.88461538461539,78.84615384615384,-25.961538461538453,47.0,14.423076923076922
NPU,QAM16,fab/eps0.005,fab,eps0.005,10,200,104,11,1,20,10,93,21,94,9.090909090909092,1.6231752262825971,37.73646254862038,10.0,9.615384615384617,89.42307692307693,-79.80769230769232,10.5,90.38461538461539
NPU,QAM16,fab/eps0.005,fab,eps0.005,20,200,104,11,2,87,61,93,89,40,18.181818181818183,5.136660067100063,47.69861375782448,43.5,58.65384615384615,89.42307692307693,-30.76923076923078,44.5,38.46153846153847
NPU,QAM16,fab/eps0.005,fab,eps0.005,30,200,104,11,3,85,69,93,96,22,27.27272727272727,9.745880573921466,56.56502930102463,42.5,66.34615384615384,89.42307692307693,-23.076923076923094,48.0,21.153846153846153
NPU,QAM16,fab/eps0.005,fab,eps0.005,40,200,104,11,2,79,72,93,94,15,18.181818181818183,5.136660067100063,47.69861375782448,39.5,69.23076923076923,89.42307692307693,-20.192307692307708,47.0,14.423076923076922
NPU,QAM16,fab/eps0.01,fab,eps0.01,10,200,104,15,1,19,9,89,21,94,6.666666666666667,1.1866588606194854,29.81707755242399,9.5,8.653846153846153,85.57692307692307,-76.9230769230769,10.5,90.38461538461539
NPU,QAM16,fab/eps0.01,fab,eps0.01,20,200,104,15,4,77,49,89,89,40,26.666666666666668,10.89727610318281,51.95088965768675,38.5,47.11538461538461,85.57692307692307,-38.46153846153845,44.5,38.46153846153847
NPU,QAM16,fab/eps0.01,fab,eps0.01,30,200,104,15,5,73,56,89,96,22,33.33333333333333,15.176100694691236,58.28687484878701,36.5,53.84615384615385,85.57692307692307,-31.73076923076922,48.0,21.153846153846153
NPU,QAM16,fab/eps0.01,fab,eps0.01,40,200,104,15,4,71,61,89,94,15,26.666666666666668,10.89727610318281,51.95088965768675,35.5,58.65384615384615,85.57692307692307,-26.923076923076913,47.0,14.423076923076922
NPU,QAM16,fab/eps0.03,fab,eps0.03,10,200,104,16,1,22,9,88,21,94,6.25,1.1119057308331208,28.32926836802987,11.0,8.653846153846153,84.61538461538461,-75.96153846153845,10.5,90.38461538461539
NPU,QAM16,fab/eps0.03,fab,eps0.03,20,200,104,16,4,72,40,88,89,40,25.0,10.181901984237346,49.49876892939864,36.0,38.46153846153847,84.61538461538461,-46.153846153846146,44.5,38.46153846153847
NPU,QAM16,fab/eps0.03,fab,eps0.03,30,200,104,16,6,67,48,88,96,22,37.5,18.480982554752806,61.3593529020652,33.5,46.15384615384615,84.61538461538461,-38.46153846153846,48.0,21.153846153846153
NPU,QAM16,fab/eps0.03,fab,eps0.03,40,200,104,16,5,68,57,88,94,15,31.25,14.164435051961052,55.596068133265945,34.0,54.807692307692314,84.61538461538461,-29.8076923076923,47.0,14.423076923076922
NPU,QAM16,square/eps0.03_default,square,eps0.03_default,10,200,104,69,3,21,7,35,21,94,4.3478260869565215,1.4895633850267167,12.021397384643361,10.5,6.730769230769231,33.65384615384615,-26.923076923076923,10.5,90.38461538461539
NPU,QAM16,square/eps0.03_default,square,eps0.03_default,20,200,104,69,8,40,14,35,89,40,11.594202898550725,5.993426545958408,21.24595314916087,20.0,13.461538461538462,33.65384615384615,-20.192307692307693,44.5,38.46153846153847
NPU,QAM16,square/eps0.03_default,square,eps0.03_default,30,200,104,69,8,42,13,35,96,22,11.594202898550725,5.993426545958408,21.24595314916087,21.0,12.5,33.65384615384615,-21.153846153846153,48.0,21.153846153846153
NPU,QAM16,square/eps0.03_default,square,eps0.03_default,40,200,104,69,7,28,13,35,94,15,10.144927536231885,5.00160025716155,19.492095652867885,14.000000000000002,12.5,33.65384615384615,-21.153846153846153,47.0,14.423076923076922
NPU,QAM16,apgd/eps0.03_default,apgd,eps0.03_default,10,200,104,103,9,37,9,1,21,94,8.737864077669903,4.665069238646754,15.777904284774834,18.5,8.653846153846153,0.9615384615384616,7.692307692307692,10.5,90.38461538461539
NPU,QAM16,apgd/eps0.03_default,apgd,eps0.03_default,20,200,104,103,5,58,6,1,89,40,4.854368932038835,2.0910505724241015,10.8642028120254,28.999999999999996,5.769230769230769,0.9615384615384616,4.8076923076923075,44.5,38.46153846153847
NPU,QAM16,apgd/eps0.03_default,apgd,eps0.03_default,30,200,104,103,3,45,4,1,96,22,2.912621359223301,0.9954187460887338,8.215974568874726,22.5,3.8461538461538463,0.9615384615384616,2.8846153846153846,48.0,21.153846153846153
NPU,QAM16,apgd/eps0.03_default,apgd,eps0.03_default,40,200,104,103,0,33,1,1,94,15,0.0,0.0,3.5956032107343954,16.5,0.9615384615384616,0.9615384615384616,0.0,47.0,14.423076923076922
NPU,QAM16,apgdt/eps0.03_default,apgdt,eps0.03_default,10,200,104,102,5,26,6,2,21,94,4.901960784313726,2.111728513219697,10.96592715336131,13.0,5.769230769230769,1.9230769230769231,3.846153846153846,10.5,90.38461538461539
NPU,QAM16,apgdt/eps0.03_default,apgdt,eps0.03_default,20,200,104,102,2,51,3,2,89,40,1.9607843137254901,0.5393639125345434,6.869443210562613,25.5,2.8846153846153846,1.9230769230769231,0.9615384615384615,44.5,38.46153846153847
NPU,QAM16,apgdt/eps0.03_default,apgdt,eps0.03_default,30,200,104,102,4,37,6,2,96,22,3.9215686274509802,1.5353823095438888,9.652657175875834,18.5,5.769230769230769,1.9230769230769231,3.846153846153846,48.0,21.153846153846153
NPU,QAM16,apgdt/eps0.03_default,apgdt,eps0.03_default,40,200,104,102,0,31,2,2,94,15,0.0,0.0,3.629574760774591,15.5,1.9230769230769231,1.9230769230769231,0.0,47.0,14.423076923076922
NPU,QAM16,autoattack/eps0.03_standard,autoattack,eps0.03_standard,10,200,104,103,6,34,6,1,21,94,5.825242718446602,2.6968129757982067,12.130370443394318,17.0,5.769230769230769,0.9615384615384616,4.8076923076923075,10.5,90.38461538461539
NPU,QAM16,autoattack/eps0.03_standard,autoattack,eps0.03_standard,20,200,104,103,4,53,5,1,89,40,3.8834951456310676,1.5203743545083999,9.56294899519808,26.5,4.807692307692308,0.9615384615384616,3.8461538461538467,44.5,38.46153846153847
NPU,QAM16,autoattack/eps0.03_standard,autoattack,eps0.03_standard,30,200,104,103,3,45,4,1,96,22,2.912621359223301,0.9954187460887338,8.215974568874726,22.5,3.8461538461538463,0.9615384615384616,2.8846153846153846,48.0,21.153846153846153
NPU,QAM16,autoattack/eps0.03_standard,autoattack,eps0.03_standard,40,200,104,103,0,31,1,1,94,15,0.0,0.0,3.5956032107343954,15.5,0.9615384615384616,0.9615384615384616,0.0,47.0,14.423076923076922
NPU,QAM16,ead/package_default,ead,package_default,10,200,104,11,1,23,9,93,21,94,9.090909090909092,1.6231752262825971,37.73646254862038,11.5,8.653846153846153,89.42307692307693,-80.76923076923077,10.5,90.38461538461539
NPU,QAM16,ead/package_default,ead,package_default,20,200,104,11,5,70,43,93,89,40,45.45454545454545,21.270957543988047,71.99122443100117,35.0,41.34615384615385,89.42307692307693,-48.07692307692309,44.5,38.46153846153847
NPU,QAM16,ead/package_default,ead,package_default,30,200,104,11,5,77,58,93,96,22,45.45454545454545,21.270957543988047,71.99122443100117,38.5,55.769230769230774,89.42307692307693,-33.65384615384616,48.0,21.153846153846153
NPU,QAM16,ead/package_default,ead,package_default,40,200,104,11,3,76,66,93,94,15,27.27272727272727,9.745880573921466,56.56502930102463,38.0,63.46153846153846,89.42307692307693,-25.961538461538474,47.0,14.423076923076922
NPU,QAM16,ALL/ALL_24,ALL,ALL_24,10,4800,2496,1756,126,708,192,740,504,2256,7.175398633257403,6.059467120207179,8.478295823912335,14.75,7.6923076923076925,29.647435897435898,-21.955128205128204,10.5,90.38461538461539
NPU,QAM16,ALL/ALL_24,ALL,ALL_24,20,4800,2496,1756,138,1495,513,740,2136,960,7.858769931662871,6.690144525170641,9.211377520904415,31.145833333333332,20.552884615384613,29.647435897435898,-9.094551282051285,44.5,38.46153846153847
NPU,QAM16,ALL/ALL_24,ALL,ALL_24,30,4800,2496,1756,125,1274,576,740,2304,528,7.118451025056947,6.0070469709651935,8.417069381324694,26.541666666666668,23.076923076923077,29.647435897435898,-6.570512820512821,48.0,21.153846153846153
NPU,QAM16,ALL/ALL_24,ALL,ALL_24,40,4800,2496,1756,94,1121,602,740,2256,360,5.353075170842825,4.394372418921521,6.506699586649887,23.354166666666668,24.118589743589745,29.647435897435898,-5.528846153846153,47.0,14.423076923076922
NPU,QAM64,fgsm/eps0.005,fgsm,eps0.005,10,200,110,41,38,134,103,69,134,9,92.6829268292683,80.57225998278872,97.48026267474359,67.0,93.63636363636364,62.727272727272734,30.909090909090907,67.0,8.181818181818182
NPU,QAM64,fgsm/eps0.005,fgsm,eps0.005,20,200,110,41,30,128,97,69,130,10,73.17073170731707,58.066174723997065,84.30519471866332,64.0,88.18181818181819,62.727272727272734,25.454545454545453,65.0,9.090909090909092
NPU,QAM64,fgsm/eps0.005,fgsm,eps0.005,30,200,110,41,24,124,91,69,124,13,58.536585365853654,43.3668353568366,72.24366917466985,62.0,82.72727272727273,62.727272727272734,20.0,62.0,11.818181818181818
NPU,QAM64,fgsm/eps0.005,fgsm,eps0.005,40,200,110,41,20,115,86,69,123,10,48.78048780487805,34.25418723993569,63.51574068413481,57.49999999999999,78.18181818181819,62.727272727272734,15.454545454545453,61.5,9.090909090909092
NPU,QAM64,fgsm/eps0.01,fgsm,eps0.01,10,200,110,84,77,131,102,26,134,9,91.66666666666666,83.78409753848757,95.90479701716714,65.5,92.72727272727272,23.636363636363637,69.09090909090908,67.0,8.181818181818182
NPU,QAM64,fgsm/eps0.01,fgsm,eps0.01,20,200,110,84,58,115,84,26,130,10,69.04761904761905,58.510990077333794,77.91821886239408,57.49999999999999,76.36363636363637,23.636363636363637,52.727272727272734,65.0,9.090909090909092
NPU,QAM64,fgsm/eps0.01,fgsm,eps0.01,30,200,110,84,51,105,75,26,124,13,60.71428571428571,50.021610091409684,70.46981993718724,52.5,68.18181818181817,23.636363636363637,44.54545454545453,62.0,11.818181818181818
NPU,QAM64,fgsm/eps0.01,fgsm,eps0.01,40,200,110,84,35,94,60,26,123,10,41.66666666666667,31.71466976499569,52.34755132387336,47.0,54.54545454545454,23.636363636363637,30.909090909090903,61.5,9.090909090909092
NPU,QAM64,fgsm/eps0.03,fgsm,eps0.03,10,200,110,106,95,133,99,4,134,9,89.62264150943396,82.36765663741068,94.10610193857511,66.5,90.0,3.6363636363636362,86.36363636363636,67.0,8.181818181818182
NPU,QAM64,fgsm/eps0.03,fgsm,eps0.03,20,200,110,106,36,73,40,4,130,10,33.9622641509434,25.64882375971125,43.39751205477068,36.5,36.36363636363637,3.6363636363636362,32.727272727272734,65.0,9.090909090909092
NPU,QAM64,fgsm/eps0.03,fgsm,eps0.03,30,200,110,106,19,60,23,4,124,13,17.92452830188679,11.786105495852324,26.306566133111563,30.0,20.909090909090907,3.6363636363636362,17.27272727272727,62.0,11.818181818181818
NPU,QAM64,fgsm/eps0.03,fgsm,eps0.03,40,200,110,106,9,49,13,4,123,10,8.49056603773585,4.531104510353617,15.35352936242318,24.5,11.818181818181818,3.6363636363636362,8.181818181818182,61.5,9.090909090909092
NPU,QAM64,fgsm/eps0.05,fgsm,eps0.05,10,200,110,101,88,129,95,9,134,9,87.12871287128714,79.21513093907919,92.32135839339954,64.5,86.36363636363636,8.181818181818182,78.18181818181817,67.0,8.181818181818182
NPU,QAM64,fgsm/eps0.05,fgsm,eps0.05,20,200,110,101,38,81,46,9,130,10,37.62376237623762,28.79296294235288,47.36154061348755,40.5,41.81818181818181,8.181818181818182,33.63636363636363,65.0,9.090909090909092
NPU,QAM64,fgsm/eps0.05,fgsm,eps0.05,30,200,110,101,21,61,28,9,124,13,20.792079207920793,14.020699355070064,29.703929036713344,30.5,25.454545454545453,8.181818181818182,17.272727272727273,62.0,11.818181818181818
NPU,QAM64,fgsm/eps0.05,fgsm,eps0.05,40,200,110,101,9,52,17,9,123,10,8.91089108910891,4.7588698373386995,16.074081968051523,26.0,15.454545454545453,8.181818181818182,7.272727272727272,61.5,9.090909090909092
NPU,QAM64,bim/eps0.03_default,bim,eps0.03_default,10,200,110,108,98,135,100,2,134,9,90.74074074074075,83.78998633039446,94.8927220714882,67.5,90.9090909090909,1.8181818181818181,89.0909090909091,67.0,8.181818181818182
NPU,QAM64,bim/eps0.03_default,bim,eps0.03_default,20,200,110,108,29,64,30,2,130,10,26.851851851851855,19.39478181961424,35.89913386113424,32.0,27.27272727272727,1.8181818181818181,25.454545454545453,65.0,9.090909090909092
NPU,QAM64,bim/eps0.03_default,bim,eps0.03_default,30,200,110,108,8,42,9,2,124,13,7.4074074074074066,3.8009793445671556,13.939825508010056,21.0,8.181818181818182,1.8181818181818181,6.363636363636363,62.0,11.818181818181818
NPU,QAM64,bim/eps0.03_default,bim,eps0.03_default,40,200,110,108,3,33,4,2,123,10,2.7777777777777777,0.9491167942144545,7.850471194512457,16.5,3.6363636363636362,1.8181818181818181,1.8181818181818181,61.5,9.090909090909092
NPU,QAM64,pgd/eps0.005,pgd,eps0.005,10,200,110,46,40,138,103,64,134,9,86.95652173913044,74.33386576963865,93.88224286250797,69.0,93.63636363636364,58.18181818181818,35.45454545454546,67.0,8.181818181818182
NPU,QAM64,pgd/eps0.005,pgd,eps0.005,20,200,110,46,31,129,95,64,130,10,67.3913043478261,52.967462744327065,79.13423543550664,64.5,86.36363636363636,58.18181818181818,28.18181818181818,65.0,9.090909090909092
NPU,QAM64,pgd/eps0.005,pgd,eps0.005,30,200,110,46,28,124,92,64,124,13,60.86956521739131,46.456583717644925,73.60697764475115,62.0,83.63636363636363,58.18181818181818,25.454545454545446,62.0,11.818181818181818
NPU,QAM64,pgd/eps0.005,pgd,eps0.005,40,200,110,46,24,116,87,64,123,10,52.17391304347826,38.13717214815133,65.87554012432788,57.99999999999999,79.0909090909091,58.18181818181818,20.909090909090914,61.5,9.090909090909092
NPU,QAM64,pgd/eps0.01,pgd,eps0.01,10,200,110,91,83,133,101,19,134,9,91.20879120879121,83.60118928653627,95.47803333307368,66.5,91.81818181818183,17.272727272727273,74.54545454545456,67.0,8.181818181818182
NPU,QAM64,pgd/eps0.01,pgd,eps0.01,20,200,110,91,63,115,82,19,130,10,69.23076923076923,59.13030988143508,77.77332734104957,57.49999999999999,74.54545454545455,17.272727272727273,57.27272727272727,65.0,9.090909090909092
NPU,QAM64,pgd/eps0.01,pgd,eps0.01,30,200,110,91,52,104,71,19,124,13,57.14285714285714,46.88956326088688,66.81750199317885,52.0,64.54545454545455,17.272727272727273,47.27272727272727,62.0,11.818181818181818
NPU,QAM64,pgd/eps0.01,pgd,eps0.01,40,200,110,91,39,91,58,19,123,10,42.857142857142854,33.18249800682115,53.11043673911313,45.5,52.72727272727272,17.272727272727273,35.454545454545446,61.5,9.090909090909092
NPU,QAM64,pgd/eps0.03,pgd,eps0.03,10,200,110,109,99,133,100,1,134,9,90.82568807339449,83.93131069442974,94.94031111880226,66.5,90.9090909090909,0.9090909090909091,90.0,67.0,8.181818181818182
NPU,QAM64,pgd/eps0.03,pgd,eps0.03,20,200,110,109,31,68,32,1,130,10,28.440366972477065,20.818221070997712,37.53047302763258,34.0,29.09090909090909,0.9090909090909091,28.18181818181818,65.0,9.090909090909092
NPU,QAM64,pgd/eps0.03,pgd,eps0.03,30,200,110,109,8,40,9,1,124,13,7.339449541284404,3.765663179125689,13.81792301603638,20.0,8.181818181818182,0.9090909090909091,7.2727272727272725,62.0,11.818181818181818
NPU,QAM64,pgd/eps0.03,pgd,eps0.03,40,200,110,109,3,32,4,1,123,10,2.7522935779816518,0.9403685491248321,7.781237667022406,16.0,3.6363636363636362,0.9090909090909091,2.727272727272727,61.5,9.090909090909092
NPU,QAM64,mifgsm/eps0.03_default,mifgsm,eps0.03_default,10,200,110,109,98,136,99,1,134,9,89.90825688073394,82.82813962673976,94.27108619068929,68.0,90.0,0.9090909090909091,89.0909090909091,67.0,8.181818181818182
NPU,QAM64,mifgsm/eps0.03_default,mifgsm,eps0.03_default,20,200,110,109,26,61,27,1,130,10,23.853211009174313,16.829549205620985,32.65716491399448,30.5,24.545454545454547,0.9090909090909091,23.636363636363637,65.0,9.090909090909092
NPU,QAM64,mifgsm/eps0.03_default,mifgsm,eps0.03_default,30,200,110,109,10,45,11,1,124,13,9.174311926605505,5.059688881197748,16.068689305570256,22.5,10.0,0.9090909090909091,9.090909090909092,62.0,11.818181818181818
NPU,QAM64,mifgsm/eps0.03_default,mifgsm,eps0.03_default,40,200,110,109,4,36,5,1,123,10,3.669724770642202,1.4361469198727863,9.057855292077416,18.0,4.545454545454546,0.9090909090909091,3.6363636363636367,61.5,9.090909090909092
NPU,QAM64,difgsm/eps0.03_default,difgsm,eps0.03_default,10,200,110,107,94,129,96,3,134,9,87.85046728971963,80.31662162433888,92.76063456828194,64.5,87.27272727272727,2.727272727272727,84.54545454545453,67.0,8.181818181818182
NPU,QAM64,difgsm/eps0.03_default,difgsm,eps0.03_default,20,200,110,107,15,49,17,3,130,10,14.018691588785046,8.683152059205126,21.848345140402238,24.5,15.454545454545453,2.727272727272727,12.727272727272727,65.0,9.090909090909092
NPU,QAM64,difgsm/eps0.03_default,difgsm,eps0.03_default,30,200,110,107,5,45,6,3,124,13,4.672897196261682,2.0122360456377364,10.475494192828686,22.5,5.454545454545454,2.727272727272727,2.727272727272727,62.0,11.818181818181818
NPU,QAM64,difgsm/eps0.03_default,difgsm,eps0.03_default,40,200,110,107,1,43,3,3,123,10,0.9345794392523363,0.16516291511190045,5.105060538898146,21.5,2.727272727272727,2.727272727272727,0.0,61.5,9.090909090909092
NPU,QAM64,vmifgsm/eps0.03_default,vmifgsm,eps0.03_default,10,200,110,108,97,135,99,2,134,9,89.81481481481481,82.67733718798516,94.21712784112744,67.5,90.0,1.8181818181818181,88.18181818181819,67.0,8.181818181818182
NPU,QAM64,vmifgsm/eps0.03_default,vmifgsm,eps0.03_default,20,200,110,108,29,64,30,2,130,10,26.851851851851855,19.39478181961424,35.89913386113424,32.0,27.27272727272727,1.8181818181818181,25.454545454545453,65.0,9.090909090909092
NPU,QAM64,vmifgsm/eps0.03_default,vmifgsm,eps0.03_default,30,200,110,108,8,41,9,2,124,13,7.4074074074074066,3.8009793445671556,13.939825508010056,20.5,8.181818181818182,1.8181818181818181,6.363636363636363,62.0,11.818181818181818
NPU,QAM64,vmifgsm/eps0.03_default,vmifgsm,eps0.03_default,40,200,110,108,2,36,3,2,123,10,1.8518518518518516,0.5093117606642765,6.502032855292575,18.0,2.727272727272727,1.8181818181818181,0.909090909090909,61.5,9.090909090909092
NPU,QAM64,vnifgsm/eps0.03_default,vnifgsm,eps0.03_default,10,200,110,108,98,132,100,2,134,9,90.74074074074075,83.78998633039446,94.8927220714882,66.0,90.9090909090909,1.8181818181818181,89.0909090909091,67.0,8.181818181818182
NPU,QAM64,vnifgsm/eps0.03_default,vnifgsm,eps0.03_default,20,200,110,108,21,57,22,2,130,10,19.444444444444446,13.084280853074548,27.903687845513453,28.499999999999996,20.0,1.8181818181818181,18.181818181818183,65.0,9.090909090909092
NPU,QAM64,vnifgsm/eps0.03_default,vnifgsm,eps0.03_default,30,200,110,108,8,38,9,2,124,13,7.4074074074074066,3.8009793445671556,13.939825508010056,19.0,8.181818181818182,1.8181818181818181,6.363636363636363,62.0,11.818181818181818
NPU,QAM64,vnifgsm/eps0.03_default,vnifgsm,eps0.03_default,40,200,110,108,2,35,4,2,123,10,1.8518518518518516,0.5093117606642765,6.502032855292575,17.5,3.6363636363636362,1.8181818181818181,1.8181818181818181,61.5,9.090909090909092
NPU,QAM64,rfgsm/eps0.03_default,rfgsm,eps0.03_default,10,200,110,108,98,134,100,2,134,9,90.74074074074075,83.78998633039446,94.8927220714882,67.0,90.9090909090909,1.8181818181818181,89.0909090909091,67.0,8.181818181818182
NPU,QAM64,rfgsm/eps0.03_default,rfgsm,eps0.03_default,20,200,110,108,25,60,26,2,130,10,23.14814814814815,16.199254717778633,31.941687471889608,30.0,23.636363636363637,1.8181818181818181,21.81818181818182,65.0,9.090909090909092
NPU,QAM64,rfgsm/eps0.03_default,rfgsm,eps0.03_default,30,200,110,108,9,42,10,2,124,13,8.333333333333332,4.4459900413239355,15.083058184023338,21.0,9.090909090909092,1.8181818181818181,7.272727272727273,62.0,11.818181818181818
NPU,QAM64,rfgsm/eps0.03_default,rfgsm,eps0.03_default,40,200,110,108,3,34,4,2,123,10,2.7777777777777777,0.9491167942144545,7.850471194512457,17.0,3.6363636363636362,1.8181818181818181,1.8181818181818181,61.5,9.090909090909092
NPU,QAM64,tpgd/eps0.03_default,tpgd,eps0.03_default,10,200,110,61,54,134,99,49,134,9,88.52459016393442,78.15546169010973,94.32886935662569,67.0,90.0,44.54545454545455,45.45454545454545,67.0,8.181818181818182
NPU,QAM64,tpgd/eps0.03_default,tpgd,eps0.03_default,20,200,110,61,15,93,64,49,130,10,24.59016393442623,15.506522999562844,36.68466290578187,46.5,58.18181818181818,44.54545454545455,13.636363636363633,65.0,9.090909090909092
NPU,QAM64,tpgd/eps0.03_default,tpgd,eps0.03_default,30,200,110,61,4,79,53,49,124,13,6.557377049180328,2.579328695767287,15.68302140046723,39.5,48.18181818181818,44.54545454545455,3.636363636363633,62.0,11.818181818181818
NPU,QAM64,tpgd/eps0.03_default,tpgd,eps0.03_default,40,200,110,61,0,75,49,49,123,10,0.0,0.0,5.924591620194442,37.5,44.54545454545455,44.54545454545455,0.0,61.5,9.090909090909092
NPU,QAM64,cw/c1_steps20_lr0.01,cw,c1_steps20_lr0.01,10,200,110,105,97,135,101,5,134,9,92.38095238095238,85.6812239157051,96.08898159395297,67.5,91.81818181818183,4.545454545454546,87.27272727272728,67.0,8.181818181818182
NPU,QAM64,cw/c1_steps20_lr0.01,cw,c1_steps20_lr0.01,20,200,110,105,90,128,94,5,130,10,85.71428571428571,77.75987921491644,91.1475973381662,64.0,85.45454545454545,4.545454545454546,80.9090909090909,65.0,9.090909090909092
NPU,QAM64,cw/c1_steps20_lr0.01,cw,c1_steps20_lr0.01,30,200,110,105,73,112,77,5,124,13,69.52380952380952,60.15949639138787,77.50992412429729,56.00000000000001,70.0,4.545454545454546,65.45454545454545,62.0,11.818181818181818
NPU,QAM64,cw/c1_steps20_lr0.01,cw,c1_steps20_lr0.01,40,200,110,105,67,104,71,5,123,10,63.8095238095238,54.28081976800062,72.36340449919133,52.0,64.54545454545455,4.545454545454546,60.0,61.5,9.090909090909092
NPU,QAM64,deepfool/package_default,deepfool,package_default,10,200,110,99,94,137,104,11,134,9,94.94949494949495,88.7171464182119,97.82370864433089,68.5,94.54545454545455,10.0,84.54545454545455,67.0,8.181818181818182
NPU,QAM64,deepfool/package_default,deepfool,package_default,20,200,110,99,85,125,94,11,130,10,85.85858585858585,77.65261713095185,91.38559308748114,62.5,85.45454545454545,10.0,75.45454545454545,65.0,9.090909090909092
NPU,QAM64,deepfool/package_default,deepfool,package_default,30,200,110,99,83,122,91,11,124,13,83.83838383838383,75.34859492631247,89.80013866009612,61.0,82.72727272727273,10.0,72.72727272727273,62.0,11.818181818181818
NPU,QAM64,deepfool/package_default,deepfool,package_default,40,200,110,99,82,119,90,11,123,10,82.82828282828282,74.21056528666338,88.99342998373302,59.5,81.81818181818183,10.0,71.81818181818183,61.5,9.090909090909092
NPU,QAM64,fab/eps0.005,fab,eps0.005,10,200,110,36,33,135,101,74,134,9,91.66666666666666,78.17298972308114,97.12519107287082,67.5,91.81818181818183,67.27272727272727,24.54545454545456,67.0,8.181818181818182
NPU,QAM64,fab/eps0.005,fab,eps0.005,20,200,110,36,29,132,100,74,130,10,80.55555555555556,64.9716379364848,90.24702798054665,66.0,90.9090909090909,67.27272727272727,23.63636363636364,65.0,9.090909090909092
NPU,QAM64,fab/eps0.005,fab,eps0.005,30,200,110,36,25,125,96,74,124,13,69.44444444444444,53.143421320916275,81.99572971719465,62.5,87.27272727272727,67.27272727272727,20.0,62.0,11.818181818181818
NPU,QAM64,fab/eps0.005,fab,eps0.005,40,200,110,36,25,123,96,74,123,10,69.44444444444444,53.143421320916275,81.99572971719465,61.5,87.27272727272727,67.27272727272727,20.0,61.5,9.090909090909092
NPU,QAM64,fab/eps0.01,fab,eps0.01,10,200,110,77,71,134,100,33,134,9,92.20779220779221,84.02419455014049,96.37995380912008,67.0,90.9090909090909,30.0,60.90909090909091,67.0,8.181818181818182
NPU,QAM64,fab/eps0.01,fab,eps0.01,20,200,110,77,69,132,99,33,130,10,89.6103896103896,80.8154290637188,94.64077170420269,66.0,90.0,30.0,60.0,65.0,9.090909090909092
NPU,QAM64,fab/eps0.01,fab,eps0.01,30,200,110,77,64,124,94,33,124,13,83.11688311688312,73.22690482024223,89.85942696933148,62.0,85.45454545454545,30.0,55.45454545454545,62.0,11.818181818181818
NPU,QAM64,fab/eps0.01,fab,eps0.01,40,200,110,77,61,120,91,33,123,10,79.22077922077922,68.87937633995327,86.78503406261176,60.0,82.72727272727273,30.0,52.727272727272734,61.5,9.090909090909092
NPU,QAM64,fab/eps0.03,fab,eps0.03,10,200,110,100,93,135,101,10,134,9,93.0,86.25032899347025,96.5681175635936,67.5,91.81818181818183,9.090909090909092,82.72727272727273,67.0,8.181818181818182
NPU,QAM64,fab/eps0.03,fab,eps0.03,20,200,110,100,92,132,99,10,130,10,92.0,85.00173312059694,95.89070305141891,66.0,90.0,9.090909090909092,80.9090909090909,65.0,9.090909090909092
NPU,QAM64,fab/eps0.03,fab,eps0.03,30,200,110,100,87,125,94,10,124,13,87.0,79.01947810519012,92.24290614158575,62.5,85.45454545454545,9.090909090909092,76.36363636363636,62.0,11.818181818181818
NPU,QAM64,fab/eps0.03,fab,eps0.03,40,200,110,100,84,120,91,10,123,10,84.0,75.57955544110557,89.90479765052628,60.0,82.72727272727273,9.090909090909092,73.63636363636364,61.5,9.090909090909092
NPU,QAM64,square/eps0.03_default,square,eps0.03_default,10,200,110,105,98,134,101,5,134,9,93.33333333333333,86.87428511060533,96.73345310713495,67.0,91.81818181818183,4.545454545454546,87.27272727272728,67.0,8.181818181818182
NPU,QAM64,square/eps0.03_default,square,eps0.03_default,20,200,110,105,83,123,86,5,130,10,79.04761904761905,70.30819756034555,85.73655003616167,61.5,78.18181818181819,4.545454545454546,73.63636363636364,65.0,9.090909090909092
NPU,QAM64,square/eps0.03_default,square,eps0.03_default,30,200,110,105,74,110,77,5,124,13,70.47619047619048,61.15334816944522,78.35360505432216,55.00000000000001,70.0,4.545454545454546,65.45454545454545,62.0,11.818181818181818
NPU,QAM64,square/eps0.03_default,square,eps0.03_default,40,200,110,105,61,98,64,5,123,10,58.0952380952381,48.535520565824044,67.0835074528747,49.0,58.18181818181818,4.545454545454546,53.63636363636363,61.5,9.090909090909092
NPU,QAM64,apgd/eps0.03_default,apgd,eps0.03_default,10,200,110,109,98,134,99,1,134,9,89.90825688073394,82.82813962673976,94.27108619068929,67.0,90.0,0.9090909090909091,89.0909090909091,67.0,8.181818181818182
NPU,QAM64,apgd/eps0.03_default,apgd,eps0.03_default,20,200,110,109,26,60,27,1,130,10,23.853211009174313,16.829549205620985,32.65716491399448,30.0,24.545454545454547,0.9090909090909091,23.636363636363637,65.0,9.090909090909092
NPU,QAM64,apgd/eps0.03_default,apgd,eps0.03_default,30,200,110,109,10,39,11,1,124,13,9.174311926605505,5.059688881197748,16.068689305570256,19.5,10.0,0.9090909090909091,9.090909090909092,62.0,11.818181818181818
NPU,QAM64,apgd/eps0.03_default,apgd,eps0.03_default,40,200,110,109,3,34,4,1,123,10,2.7522935779816518,0.9403685491248321,7.781237667022406,17.0,3.6363636363636362,0.9090909090909091,2.727272727272727,61.5,9.090909090909092
NPU,QAM64,apgdt/eps0.03_default,apgdt,eps0.03_default,10,200,110,107,99,130,100,3,134,9,92.5233644859813,85.93610402927465,96.16303564391664,65.0,90.9090909090909,2.727272727272727,88.18181818181817,67.0,8.181818181818182
NPU,QAM64,apgdt/eps0.03_default,apgdt,eps0.03_default,20,200,110,107,34,67,36,3,130,10,31.775700934579437,23.716287314844188,41.098367110930965,33.5,32.72727272727273,2.727272727272727,30.0,65.0,9.090909090909092
NPU,QAM64,apgdt/eps0.03_default,apgdt,eps0.03_default,30,200,110,107,9,43,11,3,124,13,8.411214953271028,4.488143661320619,15.217093361602183,21.5,10.0,2.727272727272727,7.272727272727273,62.0,11.818181818181818
NPU,QAM64,apgdt/eps0.03_default,apgdt,eps0.03_default,40,200,110,107,4,41,6,3,123,10,3.7383177570093453,1.4631662528342755,9.220187289518053,20.5,5.454545454545454,2.727272727272727,2.727272727272727,61.5,9.090909090909092
NPU,QAM64,autoattack/eps0.03_standard,autoattack,eps0.03_standard,10,200,110,109,99,131,100,1,134,9,90.82568807339449,83.93131069442974,94.94031111880226,65.5,90.9090909090909,0.9090909090909091,90.0,67.0,8.181818181818182
NPU,QAM64,autoattack/eps0.03_standard,autoattack,eps0.03_standard,20,200,110,109,23,55,24,1,130,10,21.100917431192663,14.492255462317265,29.677270669889293,27.500000000000004,21.818181818181817,0.9090909090909091,20.909090909090907,65.0,9.090909090909092
NPU,QAM64,autoattack/eps0.03_standard,autoattack,eps0.03_standard,30,200,110,109,9,37,10,1,124,13,8.256880733944955,4.404621104078656,14.951361086886378,18.5,9.090909090909092,0.9090909090909091,8.181818181818183,62.0,11.818181818181818
NPU,QAM64,autoattack/eps0.03_standard,autoattack,eps0.03_standard,40,200,110,109,2,32,3,1,123,10,1.834862385321101,0.5046256612463156,6.4445845590979545,16.0,2.727272727272727,0.9090909090909091,1.818181818181818,61.5,9.090909090909092
NPU,QAM64,ead/package_default,ead,package_default,10,200,110,96,91,137,103,14,134,9,94.79166666666666,88.38136706327892,97.755073057873,68.5,93.63636363636364,12.727272727272727,80.9090909090909,67.0,8.181818181818182
NPU,QAM64,ead/package_default,ead,package_default,20,200,110,96,88,132,99,14,130,10,91.66666666666666,84.40993218899774,95.71698885393425,66.0,90.0,12.727272727272727,77.27272727272728,65.0,9.090909090909092
NPU,QAM64,ead/package_default,ead,package_default,30,200,110,96,81,123,92,14,124,13,84.375,75.80833433259717,90.29637552782172,61.5,83.63636363636363,12.727272727272727,70.9090909090909,62.0,11.818181818181818
NPU,QAM64,ead/package_default,ead,package_default,40,200,110,96,85,126,95,14,123,10,88.54166666666666,80.63720685325512,93.480195111457,63.0,86.36363636363636,12.727272727272727,73.63636363636363,61.5,9.090909090909092
NPU,QAM64,ALL/ALL_24,ALL,ALL_24,10,4800,2640,2230,2030,3208,2406,410,3216,216,91.03139013452915,89.77381083074447,92.14784377538336,66.83333333333333,91.13636363636364,15.530303030303031,75.60606060606061,67.0,8.181818181818182
NPU,QAM64,ALL/ALL_24,ALL,ALL_24,20,4800,2640,2230,1066,2243,1450,410,3120,240,47.80269058295964,45.734988920417386,49.877949794664275,46.729166666666664,54.92424242424242,15.530303030303031,39.39393939393939,65.0,9.090909090909092
NPU,QAM64,ALL/ALL_24,ALL,ALL_24,30,4800,2640,2230,770,1910,1149,410,2976,312,34.52914798206278,32.583847017770914,36.52766026188579,39.791666666666664,43.52272727272727,15.530303030303031,27.992424242424242,62.0,11.818181818181818
NPU,QAM64,ALL/ALL_24,ALL,ALL_24,40,4800,2640,2230,628,1758,1008,410,2952,240,28.161434977578477,26.33336739183965,30.06461534784967,36.625,38.18181818181819,15.530303030303031,22.651515151515156,61.5,9.090909090909092
NPU,QPSK,fgsm/eps0.005,fgsm,eps0.005,10,200,107,8,0,4,0,99,2,107,0.0,0.0,32.441561951087685,2.0,0.0,92.5233644859813,-92.5233644859813,1.0,100.0
NPU,QPSK,fgsm/eps0.005,fgsm,eps0.005,20,200,107,8,1,83,76,99,87,27,12.5,2.241690886329617,47.08948057698615,41.5,71.02803738317756,92.5233644859813,-21.495327102803742,43.5,25.233644859813083
NPU,QPSK,fgsm/eps0.005,fgsm,eps0.005,30,200,107,8,0,98,90,99,96,15,0.0,0.0,32.441561951087685,49.0,84.11214953271028,92.5233644859813,-8.411214953271028,48.0,14.018691588785046
NPU,QPSK,fgsm/eps0.005,fgsm,eps0.005,40,200,107,8,1,96,94,99,102,10,12.5,2.241690886329617,47.08948057698615,48.0,87.85046728971963,92.5233644859813,-4.6728971962616725,51.0,9.345794392523365
NPU,QPSK,fgsm/eps0.01,fgsm,eps0.01,10,200,107,15,1,4,1,92,2,107,6.666666666666667,1.1866588606194854,29.81707755242399,2.0,0.9345794392523363,85.98130841121495,-85.04672897196262,1.0,100.0
NPU,QPSK,fgsm/eps0.01,fgsm,eps0.01,20,200,107,15,1,76,69,92,87,27,6.666666666666667,1.1866588606194854,29.81707755242399,38.0,64.48598130841121,85.98130841121495,-21.495327102803742,43.5,25.233644859813083
NPU,QPSK,fgsm/eps0.01,fgsm,eps0.01,30,200,107,15,1,92,86,92,96,15,6.666666666666667,1.1866588606194854,29.81707755242399,46.0,80.37383177570094,85.98130841121495,-5.607476635514018,48.0,14.018691588785046
NPU,QPSK,fgsm/eps0.01,fgsm,eps0.01,40,200,107,15,2,90,88,92,102,10,13.333333333333334,3.73604698913593,37.88249920651624,45.0,82.2429906542056,85.98130841121495,-3.738317757009355,51.0,9.345794392523365
NPU,QPSK,fgsm/eps0.03,fgsm,eps0.03,10,200,107,42,0,6,0,65,2,107,0.0,0.0,8.380161250916197,3.0,0.0,60.747663551401864,-60.747663551401864,1.0,100.0
NPU,QPSK,fgsm/eps0.03,fgsm,eps0.03,20,200,107,42,1,47,43,65,87,27,2.380952380952381,0.421529549910029,12.321481165248253,23.5,40.18691588785047,60.747663551401864,-20.560747663551396,43.5,25.233644859813083
NPU,QPSK,fgsm/eps0.03,fgsm,eps0.03,30,200,107,42,3,63,57,65,96,15,7.142857142857142,2.458996355117286,19.009713288525166,31.5,53.271028037383175,60.747663551401864,-7.476635514018689,48.0,14.018691588785046
NPU,QPSK,fgsm/eps0.03,fgsm,eps0.03,40,200,107,42,3,71,66,65,102,10,7.142857142857142,2.458996355117286,19.009713288525166,35.5,61.6822429906542,60.747663551401864,0.9345794392523388,51.0,9.345794392523365
NPU,QPSK,fgsm/eps0.05,fgsm,eps0.05,10,200,107,78,0,5,0,29,2,107,0.0,0.0,4.693945377411976,2.5,0.0,27.102803738317753,-27.102803738317753,1.0,100.0
NPU,QPSK,fgsm/eps0.05,fgsm,eps0.05,20,200,107,78,3,23,16,29,87,27,3.8461538461538463,1.316558678081521,10.708621670298763,11.5,14.953271028037381,27.102803738317753,-12.149532710280372,43.5,25.233644859813083
NPU,QPSK,fgsm/eps0.05,fgsm,eps0.05,30,200,107,78,2,21,17,29,96,15,2.564102564102564,0.7059945446585378,8.875440813398978,10.5,15.887850467289718,27.102803738317753,-11.214953271028035,48.0,14.018691588785046
NPU,QPSK,fgsm/eps0.05,fgsm,eps0.05,40,200,107,78,1,23,19,29,102,10,1.282051282051282,0.22666733888537863,6.911023028849367,11.5,17.75700934579439,27.102803738317753,-9.345794392523363,51.0,9.345794392523365
NPU,QPSK,bim/eps0.03_default,bim,eps0.03_default,10,200,107,76,0,7,1,31,2,107,0.0,0.0,4.811526823109757,3.5000000000000004,0.9345794392523363,28.971962616822427,-28.037383177570092,1.0,100.0
NPU,QPSK,bim/eps0.03_default,bim,eps0.03_default,20,200,107,76,11,37,34,31,87,27,14.473684210526317,8.278431339921275,24.087653508077764,18.5,31.775700934579437,28.971962616822427,2.803738317757009,43.5,25.233644859813083
NPU,QPSK,bim/eps0.03_default,bim,eps0.03_default,30,200,107,76,10,46,38,31,96,15,13.157894736842104,7.306803021855036,22.554322005699518,23.0,35.51401869158878,28.971962616822427,6.542056074766354,48.0,14.018691588785046
NPU,QPSK,bim/eps0.03_default,bim,eps0.03_default,40,200,107,76,9,43,38,31,102,10,11.842105263157894,6.356747118952921,20.999418088157157,21.5,35.51401869158878,28.971962616822427,6.542056074766354,51.0,9.345794392523365
NPU,QPSK,pgd/eps0.005,pgd,eps0.005,10,200,107,9,0,3,0,98,2,107,0.0,0.0,29.91527535509594,1.5,0.0,91.58878504672897,-91.58878504672897,1.0,100.0
NPU,QPSK,pgd/eps0.005,pgd,eps0.005,20,200,107,9,1,86,76,98,87,27,11.11111111111111,1.9890371327130536,43.50062147680601,43.0,71.02803738317756,91.58878504672897,-20.56074766355141,43.5,25.233644859813083
NPU,QPSK,pgd/eps0.005,pgd,eps0.005,30,200,107,9,0,97,90,98,96,15,0.0,0.0,29.91527535509594,48.5,84.11214953271028,91.58878504672897,-7.476635514018696,48.0,14.018691588785046
NPU,QPSK,pgd/eps0.005,pgd,eps0.005,40,200,107,9,1,96,93,98,102,10,11.11111111111111,1.9890371327130536,43.50062147680601,48.0,86.91588785046729,91.58878504672897,-4.672897196261687,51.0,9.345794392523365
NPU,QPSK,pgd/eps0.01,pgd,eps0.01,10,200,107,16,1,3,1,91,2,107,6.25,1.1119057308331208,28.32926836802987,1.5,0.9345794392523363,85.04672897196261,-84.11214953271028,1.0,100.0
NPU,QPSK,pgd/eps0.01,pgd,eps0.01,20,200,107,16,1,78,68,91,87,27,6.25,1.1119057308331208,28.32926836802987,39.0,63.55140186915887,85.04672897196261,-21.495327102803735,43.5,25.233644859813083
NPU,QPSK,pgd/eps0.01,pgd,eps0.01,30,200,107,16,1,87,80,91,96,15,6.25,1.1119057308331208,28.32926836802987,43.5,74.76635514018692,85.04672897196261,-10.280373831775691,48.0,14.018691588785046
NPU,QPSK,pgd/eps0.01,pgd,eps0.01,40,200,107,16,3,92,89,91,102,10,18.75,6.591478773586765,43.00935986845823,46.0,83.17757009345794,85.04672897196261,-1.8691588785046633,51.0,9.345794392523365
NPU,QPSK,pgd/eps0.03,pgd,eps0.03,10,200,107,73,0,5,1,34,2,107,0.0,-3.469446951953614e-16,4.999375338358389,2.5,0.9345794392523363,31.775700934579437,-30.8411214953271,1.0,100.0
NPU,QPSK,pgd/eps0.03,pgd,eps0.03,20,200,107,73,11,42,38,34,87,27,15.068493150684931,8.627588209726772,25.002112369126344,21.0,35.51401869158878,31.775700934579437,3.7383177570093444,43.5,25.233644859813083
NPU,QPSK,pgd/eps0.03,pgd,eps0.03,30,200,107,73,12,47,43,34,96,15,16.43835616438356,9.661201862809403,26.571255556088687,23.5,40.18691588785047,31.775700934579437,8.411214953271031,48.0,14.018691588785046
NPU,QPSK,pgd/eps0.03,pgd,eps0.03,40,200,107,73,10,48,42,34,102,10,13.698630136986301,7.614307799620813,23.412635939187332,24.0,39.25233644859813,31.775700934579437,7.476635514018692,51.0,9.345794392523365
NPU,QPSK,mifgsm/eps0.03_default,mifgsm,eps0.03_default,10,200,107,72,0,3,1,35,2,107,0.0,0.0,5.0652939811396385,1.5,0.9345794392523363,32.71028037383177,-31.775700934579437,1.0,100.0
NPU,QPSK,mifgsm/eps0.03_default,mifgsm,eps0.03_default,20,200,107,72,10,36,34,35,87,27,13.88888888888889,7.722647811471899,23.713397841573393,18.0,31.775700934579437,32.71028037383177,-0.9345794392523352,43.5,25.233644859813083
NPU,QPSK,mifgsm/eps0.03_default,mifgsm,eps0.03_default,30,200,107,72,14,54,45,35,96,15,19.444444444444446,11.951371043417634,30.032975278389916,27.0,42.05607476635514,32.71028037383177,9.345794392523366,48.0,14.018691588785046
NPU,QPSK,mifgsm/eps0.03_default,mifgsm,eps0.03_default,40,200,107,72,11,48,42,35,102,10,15.277777777777779,8.75061903477544,25.322501785460418,24.0,39.25233644859813,32.71028037383177,6.542056074766357,51.0,9.345794392523365
NPU,QPSK,difgsm/eps0.03_default,difgsm,eps0.03_default,10,200,107,73,0,7,0,34,2,107,0.0,-3.469446951953614e-16,4.999375338358389,3.5000000000000004,0.0,31.775700934579437,-31.775700934579437,1.0,100.0
NPU,QPSK,difgsm/eps0.03_default,difgsm,eps0.03_default,20,200,107,73,1,11,9,34,87,27,1.36986301369863,0.24221890927605197,7.35991326912731,5.5,8.411214953271028,31.775700934579437,-23.36448598130841,43.5,25.233644859813083
NPU,QPSK,difgsm/eps0.03_default,difgsm,eps0.03_default,30,200,107,73,1,16,12,34,96,15,1.36986301369863,0.24221890927605197,7.35991326912731,8.0,11.214953271028037,31.775700934579437,-20.5607476635514,48.0,14.018691588785046
NPU,QPSK,difgsm/eps0.03_default,difgsm,eps0.03_default,40,200,107,73,1,20,13,34,102,10,1.36986301369863,0.24221890927605197,7.35991326912731,10.0,12.149532710280374,31.775700934579437,-19.626168224299064,51.0,9.345794392523365
NPU,QPSK,vmifgsm/eps0.03_default,vmifgsm,eps0.03_default,10,200,107,73,0,6,1,34,2,107,0.0,-3.469446951953614e-16,4.999375338358389,3.0,0.9345794392523363,31.775700934579437,-30.8411214953271,1.0,100.0
NPU,QPSK,vmifgsm/eps0.03_default,vmifgsm,eps0.03_default,20,200,107,73,12,39,36,34,87,27,16.43835616438356,9.661201862809403,26.571255556088687,19.5,33.64485981308411,31.775700934579437,1.869158878504674,43.5,25.233644859813083
NPU,QPSK,vmifgsm/eps0.03_default,vmifgsm,eps0.03_default,30,200,107,73,12,50,41,34,96,15,16.43835616438356,9.661201862809403,26.571255556088687,25.0,38.31775700934579,31.775700934579437,6.542056074766354,48.0,14.018691588785046
NPU,QPSK,vmifgsm/eps0.03_default,vmifgsm,eps0.03_default,40,200,107,73,10,51,41,34,102,10,13.698630136986301,7.614307799620813,23.412635939187332,25.5,38.31775700934579,31.775700934579437,6.542056074766354,51.0,9.345794392523365
NPU,QPSK,vnifgsm/eps0.03_default,vnifgsm,eps0.03_default,10,200,107,74,0,7,1,33,2,107,0.0,0.0,4.9351503566216515,3.5000000000000004,0.9345794392523363,30.8411214953271,-29.906542056074766,1.0,100.0
NPU,QPSK,vnifgsm/eps0.03_default,vnifgsm,eps0.03_default,20,200,107,74,11,38,32,33,87,27,14.864864864864865,8.507972301585125,24.689700921986844,19.0,29.906542056074763,30.8411214953271,-0.9345794392523388,43.5,25.233644859813083
NPU,QPSK,vnifgsm/eps0.03_default,vnifgsm,eps0.03_default,30,200,107,74,10,47,39,33,96,15,13.513513513513514,7.5089679004872245,23.119385062452903,23.5,36.44859813084112,30.8411214953271,5.607476635514018,48.0,14.018691588785046
NPU,QPSK,vnifgsm/eps0.03_default,vnifgsm,eps0.03_default,40,200,107,74,6,43,35,33,102,10,8.108108108108109,3.7689336809333382,16.582138239479395,21.5,32.71028037383177,30.8411214953271,1.8691588785046704,51.0,9.345794392523365
NPU,QPSK,rfgsm/eps0.03_default,rfgsm,eps0.03_default,10,200,107,74,0,6,1,33,2,107,0.0,0.0,4.9351503566216515,3.0,0.9345794392523363,30.8411214953271,-29.906542056074766,1.0,100.0
NPU,QPSK,rfgsm/eps0.03_default,rfgsm,eps0.03_default,20,200,107,74,10,35,34,33,87,27,13.513513513513514,7.5089679004872245,23.119385062452903,17.5,31.775700934579437,30.8411214953271,0.9345794392523352,43.5,25.233644859813083
NPU,QPSK,rfgsm/eps0.03_default,rfgsm,eps0.03_default,30,200,107,74,12,48,43,33,96,15,16.216216216216218,9.526970042922196,26.240023441281622,24.0,40.18691588785047,30.8411214953271,9.345794392523366,48.0,14.018691588785046
NPU,QPSK,rfgsm/eps0.03_default,rfgsm,eps0.03_default,40,200,107,74,7,46,39,33,102,10,9.45945945945946,4.657934593059061,18.26245758798552,23.0,36.44859813084112,30.8411214953271,5.607476635514018,51.0,9.345794392523365
NPU,QPSK,tpgd/eps0.03_default,tpgd,eps0.03_default,10,200,107,46,0,8,0,61,2,107,0.0,-6.938893903907228e-16,7.707617732978073,4.0,0.0,57.009345794392516,-57.009345794392516,1.0,100.0
NPU,QPSK,tpgd/eps0.03_default,tpgd,eps0.03_default,20,200,107,46,4,59,56,61,87,27,8.695652173913043,3.4335311876707477,20.32493563522418,29.5,52.336448598130836,57.009345794392516,-4.67289719626168,43.5,25.233644859813083
NPU,QPSK,tpgd/eps0.03_default,tpgd,eps0.03_default,30,200,107,46,7,68,64,61,96,15,15.217391304347828,7.572186234017478,28.224417406315094,34.0,59.813084112149525,57.009345794392516,2.803738317757009,48.0,14.018691588785046
NPU,QPSK,tpgd/eps0.03_default,tpgd,eps0.03_default,40,200,107,46,4,71,64,61,102,10,8.695652173913043,3.4335311876707477,20.32493563522418,35.5,59.813084112149525,57.009345794392516,2.803738317757009,51.0,9.345794392523365
NPU,QPSK,cw/c1_steps20_lr0.01,cw,c1_steps20_lr0.01,10,200,107,99,0,4,0,8,2,107,0.0,0.0,3.7354533573962287,2.0,0.0,7.476635514018691,-7.476635514018691,1.0,100.0
NPU,QPSK,cw/c1_steps20_lr0.01,cw,c1_steps20_lr0.01,20,200,107,99,31,47,34,8,87,27,31.313131313131315,23.020651977353207,41.001689176421145,23.5,31.775700934579437,7.476635514018691,24.299065420560744,43.5,25.233644859813083
NPU,QPSK,cw/c1_steps20_lr0.01,cw,c1_steps20_lr0.01,30,200,107,99,37,48,41,8,96,15,37.37373737373738,28.483033657505374,47.20773739234217,24.0,38.31775700934579,7.476635514018691,30.8411214953271,48.0,14.018691588785046
NPU,QPSK,cw/c1_steps20_lr0.01,cw,c1_steps20_lr0.01,40,200,107,99,46,55,50,8,102,10,46.464646464646464,36.956329835017776,56.23708605893953,27.500000000000004,46.728971962616825,7.476635514018691,39.252336448598136,51.0,9.345794392523365
NPU,QPSK,deepfool/package_default,deepfool,package_default,10,200,107,66,0,4,0,41,2,107,0.0,0.0,5.500446725160935,2.0,0.0,38.31775700934579,-38.31775700934579,1.0,100.0
NPU,QPSK,deepfool/package_default,deepfool,package_default,20,200,107,66,16,40,28,41,87,27,24.242424242424242,15.50905445826906,35.80935749105627,20.0,26.168224299065418,38.31775700934579,-12.149532710280372,43.5,25.233644859813083
NPU,QPSK,deepfool/package_default,deepfool,package_default,30,200,107,66,23,46,36,41,96,15,34.84848484848485,24.475707338560404,46.88806439633685,23.0,33.64485981308411,38.31775700934579,-4.67289719626168,48.0,14.018691588785046
NPU,QPSK,deepfool/package_default,deepfool,package_default,40,200,107,66,30,52,47,41,102,10,45.45454545454545,34.0239312591756,57.385200261293576,26.0,43.925233644859816,38.31775700934579,5.6074766355140255,51.0,9.345794392523365
NPU,QPSK,fab/eps0.005,fab,eps0.005,10,200,107,4,0,2,0,103,2,107,0.0,0.0,48.990002040399915,1.0,0.0,96.26168224299066,-96.26168224299066,1.0,100.0
NPU,QPSK,fab/eps0.005,fab,eps0.005,20,200,107,4,0,88,80,103,87,27,0.0,0.0,48.990002040399915,44.0,74.76635514018692,96.26168224299066,-21.495327102803742,43.5,25.233644859813083
NPU,QPSK,fab/eps0.005,fab,eps0.005,30,200,107,4,0,98,92,103,96,15,0.0,0.0,48.990002040399915,49.0,85.98130841121495,96.26168224299066,-10.280373831775705,48.0,14.018691588785046
NPU,QPSK,fab/eps0.005,fab,eps0.005,40,200,107,4,1,101,96,103,102,10,25.0,4.558606264463622,69.93639475573634,50.5,89.7196261682243,96.26168224299066,-6.542056074766364,51.0,9.345794392523365
NPU,QPSK,fab/eps0.01,fab,eps0.01,10,200,107,10,0,2,0,97,2,107,0.0,-2.7755575615628914e-15,27.75401687666166,1.0,0.0,90.65420560747664,-90.65420560747664,1.0,100.0
NPU,QPSK,fab/eps0.01,fab,eps0.01,20,200,107,10,0,88,79,97,87,27,0.0,-2.7755575615628914e-15,27.75401687666166,44.0,73.83177570093457,90.65420560747664,-16.82242990654207,43.5,25.233644859813083
NPU,QPSK,fab/eps0.01,fab,eps0.01,30,200,107,10,3,98,91,97,96,15,30.0,10.778928748621183,60.322678002043475,49.0,85.04672897196261,90.65420560747664,-5.607476635514033,48.0,14.018691588785046
NPU,QPSK,fab/eps0.01,fab,eps0.01,40,200,107,10,4,99,94,97,102,10,40.0,16.817758120350966,68.73304525498135,49.5,87.85046728971963,90.65420560747664,-2.803738317757009,51.0,9.345794392523365
NPU,QPSK,fab/eps0.03,fab,eps0.03,10,200,107,41,0,2,0,66,2,107,0.0,0.0,8.567044886890745,1.0,0.0,61.6822429906542,-61.6822429906542,1.0,100.0
NPU,QPSK,fab/eps0.03,fab,eps0.03,20,200,107,41,10,63,52,66,87,27,24.390243902439025,13.824855751022433,39.343630654458195,31.5,48.598130841121495,61.6822429906542,-13.084112149532707,43.5,25.233644859813083
NPU,QPSK,fab/eps0.03,fab,eps0.03,30,200,107,41,15,64,55,66,96,15,36.58536585365854,23.589630416936817,51.87957674783876,32.0,51.4018691588785,61.6822429906542,-10.280373831775705,48.0,14.018691588785046
NPU,QPSK,fab/eps0.03,fab,eps0.03,40,200,107,41,18,65,60,66,102,10,43.90243902439025,29.889904772109833,58.959734848242704,32.5,56.074766355140184,61.6822429906542,-5.607476635514018,51.0,9.345794392523365
NPU,QPSK,square/eps0.03_default,square,eps0.03_default,10,200,107,70,0,5,0,37,2,107,0.0,0.0,5.202487486728348,2.5,0.0,34.57943925233645,-34.57943925233645,1.0,100.0
NPU,QPSK,square/eps0.03_default,square,eps0.03_default,20,200,107,70,14,32,30,37,87,27,20.0,12.304627802949916,30.816864689087087,16.0,28.037383177570092,34.57943925233645,-6.542056074766357,43.5,25.233644859813083
NPU,QPSK,square/eps0.03_default,square,eps0.03_default,30,200,107,70,17,35,34,37,96,15,24.285714285714285,15.751732611923112,35.49526095268004,17.5,31.775700934579437,34.57943925233645,-2.8037383177570128,48.0,14.018691588785046
NPU,QPSK,square/eps0.03_default,square,eps0.03_default,40,200,107,70,16,35,35,37,102,10,22.857142857142858,14.58794018862768,33.95055301845342,17.5,32.71028037383177,34.57943925233645,-1.8691588785046775,51.0,9.345794392523365
NPU,QPSK,apgd/eps0.03_default,apgd,eps0.03_default,10,200,107,80,0,6,1,27,2,107,0.0,-3.469446951953614e-16,4.5819736264575095,3.0,0.9345794392523363,25.233644859813083,-24.299065420560748,1.0,100.0
NPU,QPSK,apgd/eps0.03_default,apgd,eps0.03_default,20,200,107,80,10,39,36,27,87,27,12.5,6.933483036777514,21.50299718306562,19.5,33.64485981308411,25.233644859813083,8.411214953271028,43.5,25.233644859813083
NPU,QPSK,apgd/eps0.03_default,apgd,eps0.03_default,30,200,107,80,13,45,39,27,96,15,16.25,9.749727334375493,25.84310486348333,22.5,36.44859813084112,25.233644859813083,11.214953271028037,48.0,14.018691588785046
NPU,QPSK,apgd/eps0.03_default,apgd,eps0.03_default,40,200,107,80,7,40,34,27,102,10,8.75,4.303145464743989,16.97698277708346,20.0,31.775700934579437,25.233644859813083,6.542056074766354,51.0,9.345794392523365
NPU,QPSK,apgdt/eps0.03_default,apgdt,eps0.03_default,10,200,107,87,0,7,1,20,2,107,0.0,0.0,4.228899535014794,3.5000000000000004,0.9345794392523363,18.69158878504673,-17.757009345794394,1.0,100.0
NPU,QPSK,apgdt/eps0.03_default,apgdt,eps0.03_default,20,200,107,87,15,39,33,20,87,27,17.24137931034483,10.736198165891473,26.517218770842366,19.5,30.8411214953271,18.69158878504673,12.149532710280372,43.5,25.233644859813083
NPU,QPSK,apgdt/eps0.03_default,apgdt,eps0.03_default,30,200,107,87,16,40,34,20,96,15,18.39080459770115,11.64936795956926,27.805683470612507,20.0,31.775700934579437,18.69158878504673,13.084112149532707,48.0,14.018691588785046
NPU,QPSK,apgdt/eps0.03_default,apgdt,eps0.03_default,40,200,107,87,11,32,29,20,102,10,12.643678160919542,7.208878776350036,21.23800018659206,16.0,27.102803738317753,18.69158878504673,8.411214953271024,51.0,9.345794392523365
NPU,QPSK,autoattack/eps0.03_standard,autoattack,eps0.03_standard,10,200,107,91,0,5,1,16,2,107,0.0,0.0,4.050543221539915,2.5,0.9345794392523363,14.953271028037381,-14.018691588785044,1.0,100.0
NPU,QPSK,autoattack/eps0.03_standard,autoattack,eps0.03_standard,20,200,107,91,9,27,22,16,87,27,9.89010989010989,5.290804058720921,17.738752591525387,13.5,20.5607476635514,14.953271028037381,5.607476635514018,43.5,25.233644859813083
NPU,QPSK,autoattack/eps0.03_standard,autoattack,eps0.03_standard,30,200,107,91,13,33,27,16,96,15,14.285714285714285,8.542677254433865,22.9219964752375,16.5,25.233644859813083,14.953271028037381,10.280373831775702,48.0,14.018691588785046
NPU,QPSK,autoattack/eps0.03_standard,autoattack,eps0.03_standard,40,200,107,91,9,30,22,16,102,10,9.89010989010989,5.290804058720921,17.738752591525387,15.0,20.5607476635514,14.953271028037381,5.607476635514018,51.0,9.345794392523365
NPU,QPSK,ead/package_default,ead,package_default,10,200,107,72,0,1,0,35,2,107,0.0,0.0,5.0652939811396385,0.5,0.0,32.71028037383177,-32.71028037383177,1.0,100.0
NPU,QPSK,ead/package_default,ead,package_default,20,200,107,72,34,62,49,35,87,27,47.22222222222222,36.12631919907143,58.599530466547435,31.0,45.794392523364486,32.71028037383177,13.084112149532714,43.5,25.233644859813083
NPU,QPSK,ead/package_default,ead,package_default,30,200,107,72,42,74,63,35,96,15,58.333333333333336,46.807489225639834,69.01496177750356,37.0,58.87850467289719,32.71028037383177,26.16822429906542,48.0,14.018691588785046
NPU,QPSK,ead/package_default,ead,package_default,40,200,107,72,46,73,70,35,102,10,63.888888888888886,52.35226614759323,74.01848552431241,36.5,65.42056074766354,32.71028037383177,32.71028037383177,51.0,9.345794392523365
NPU,QPSK,ALL/ALL_24,ALL,ALL_24,10,4800,2568,1349,2,112,11,1219,48,2568,0.14825796886582654,0.04066625104139385,0.538972932141619,2.3333333333333335,0.4283489096573208,47.46884735202492,-47.0404984423676,1.0,100.0
NPU,QPSK,ALL/ALL_24,ALL,ALL_24,20,4800,2568,1349,217,1215,1064,1219,2088,648,16.08598962194218,14.222102135758139,18.142485115254843,25.3125,41.43302180685358,47.46884735202492,-6.035825545171342,43.5,25.233644859813083
NPU,QPSK,ALL/ALL_24,ALL,ALL_24,30,4800,2568,1349,264,1415,1257,1219,2304,360,19.570051890289104,17.54053901961479,21.772385715993583,29.479166666666668,48.94859813084112,47.46884735202492,1.4797507788161965,48.0,14.018691588785046
NPU,QPSK,ALL/ALL_24,ALL,ALL_24,40,4800,2568,1349,257,1420,1300,1219,2448,240,19.05114899925871,17.04452909181593,21.233536869490997,29.583333333333332,50.62305295950156,47.46884735202492,3.1542056074766336,51.0,9.345794392523365
NPU,WBFM,fgsm/eps0.005,fgsm,eps0.005,10,200,19,12,0,0,0,7,0,19,0.0,0.0,24.25007574992425,0.0,0.0,36.84210526315789,-36.84210526315789,0.0,100.0
NPU,WBFM,fgsm/eps0.005,fgsm,eps0.005,20,200,19,12,1,3,1,7,3,18,8.333333333333332,1.4864709450773477,35.38859217985952,1.5,5.263157894736842,36.84210526315789,-31.578947368421048,1.5,94.73684210526315
NPU,WBFM,fgsm/eps0.005,fgsm,eps0.005,30,200,19,12,1,8,1,7,7,17,8.333333333333332,1.4864709450773477,35.38859217985952,4.0,5.263157894736842,36.84210526315789,-31.578947368421048,3.5000000000000004,89.47368421052632
NPU,WBFM,fgsm/eps0.005,fgsm,eps0.005,40,200,19,12,2,11,2,7,10,17,16.666666666666664,4.696414761482223,44.80363573846727,5.5,10.526315789473683,36.84210526315789,-26.315789473684205,5.0,89.47368421052632
NPU,WBFM,fgsm/eps0.01,fgsm,eps0.01,10,200,19,15,0,0,0,4,0,19,0.0,-1.3877787807814457e-15,20.388926630434785,0.0,0.0,21.052631578947366,-21.052631578947366,0.0,100.0
NPU,WBFM,fgsm/eps0.01,fgsm,eps0.01,20,200,19,15,1,3,1,4,3,18,6.666666666666667,1.1866588606194854,29.81707755242399,1.5,5.263157894736842,21.052631578947366,-15.789473684210524,1.5,94.73684210526315
NPU,WBFM,fgsm/eps0.01,fgsm,eps0.01,30,200,19,15,1,8,1,4,7,17,6.666666666666667,1.1866588606194854,29.81707755242399,4.0,5.263157894736842,21.052631578947366,-15.789473684210524,3.5000000000000004,89.47368421052632
NPU,WBFM,fgsm/eps0.01,fgsm,eps0.01,40,200,19,15,3,13,3,4,10,17,20.0,7.047420643610414,45.18593533465045,6.5,15.789473684210526,21.052631578947366,-5.263157894736841,5.0,89.47368421052632
NPU,WBFM,fgsm/eps0.03,fgsm,eps0.03,10,200,19,19,0,1,0,0,0,19,0.0,0.0,16.818436536845052,0.5,0.0,0.0,0.0,0.0,100.0
NPU,WBFM,fgsm/eps0.03,fgsm,eps0.03,20,200,19,19,1,3,1,0,3,18,5.263157894736842,0.9351752490529969,24.63921533654521,1.5,5.263157894736842,0.0,5.263157894736842,1.5,94.73684210526315
NPU,WBFM,fgsm/eps0.03,fgsm,eps0.03,30,200,19,19,2,8,2,0,7,17,10.526315789473683,2.9357941395096594,31.3945504948417,4.0,10.526315789473683,0.0,10.526315789473683,3.5000000000000004,89.47368421052632
NPU,WBFM,fgsm/eps0.03,fgsm,eps0.03,40,200,19,19,2,9,2,0,10,17,10.526315789473683,2.9357941395096594,31.3945504948417,4.5,10.526315789473683,0.0,10.526315789473683,5.0,89.47368421052632
NPU,WBFM,fgsm/eps0.05,fgsm,eps0.05,10,200,19,19,0,0,0,0,0,19,0.0,0.0,16.818436536845052,0.0,0.0,0.0,0.0,0.0,100.0
NPU,WBFM,fgsm/eps0.05,fgsm,eps0.05,20,200,19,19,0,5,0,0,3,18,0.0,0.0,16.818436536845052,2.5,0.0,0.0,0.0,1.5,94.73684210526315
NPU,WBFM,fgsm/eps0.05,fgsm,eps0.05,30,200,19,19,0,7,0,0,7,17,0.0,0.0,16.818436536845052,3.5000000000000004,0.0,0.0,0.0,3.5000000000000004,89.47368421052632
NPU,WBFM,fgsm/eps0.05,fgsm,eps0.05,40,200,19,19,0,5,0,0,10,17,0.0,0.0,16.818436536845052,2.5,0.0,0.0,0.0,5.0,89.47368421052632
NPU,WBFM,bim/eps0.03_default,bim,eps0.03_default,10,200,19,18,0,1,0,1,0,19,0.0,0.0,17.58845505823749,0.5,0.0,5.263157894736842,-5.263157894736842,0.0,100.0
NPU,WBFM,bim/eps0.03_default,bim,eps0.03_default,20,200,19,18,0,1,0,1,3,18,0.0,0.0,17.58845505823749,0.5,0.0,5.263157894736842,-5.263157894736842,1.5,94.73684210526315
NPU,WBFM,bim/eps0.03_default,bim,eps0.03_default,30,200,19,18,3,7,3,1,7,17,16.666666666666664,5.836470400465757,39.222499638359245,3.5000000000000004,15.789473684210526,5.263157894736842,10.526315789473685,3.5000000000000004,89.47368421052632
NPU,WBFM,bim/eps0.03_default,bim,eps0.03_default,40,200,19,18,2,10,2,1,10,17,11.11111111111111,3.101886845358279,32.80024486660421,5.0,10.526315789473683,5.263157894736842,5.263157894736842,5.0,89.47368421052632
NPU,WBFM,pgd/eps0.005,pgd,eps0.005,10,200,19,12,0,0,0,7,0,19,0.0,0.0,24.25007574992425,0.0,0.0,36.84210526315789,-36.84210526315789,0.0,100.0
NPU,WBFM,pgd/eps0.005,pgd,eps0.005,20,200,19,12,1,5,1,7,3,18,8.333333333333332,1.4864709450773477,35.38859217985952,2.5,5.263157894736842,36.84210526315789,-31.578947368421048,1.5,94.73684210526315
NPU,WBFM,pgd/eps0.005,pgd,eps0.005,30,200,19,12,2,10,2,7,7,17,16.666666666666664,4.696414761482223,44.80363573846727,5.0,10.526315789473683,36.84210526315789,-26.315789473684205,3.5000000000000004,89.47368421052632
NPU,WBFM,pgd/eps0.005,pgd,eps0.005,40,200,19,12,2,10,3,7,10,17,16.666666666666664,4.696414761482223,44.80363573846727,5.0,15.789473684210526,36.84210526315789,-21.052631578947363,5.0,89.47368421052632
NPU,WBFM,pgd/eps0.01,pgd,eps0.01,10,200,19,15,0,0,0,4,0,19,0.0,-1.3877787807814457e-15,20.388926630434785,0.0,0.0,21.052631578947366,-21.052631578947366,0.0,100.0
NPU,WBFM,pgd/eps0.01,pgd,eps0.01,20,200,19,15,0,2,0,4,3,18,0.0,-1.3877787807814457e-15,20.388926630434785,1.0,0.0,21.052631578947366,-21.052631578947366,1.5,94.73684210526315
NPU,WBFM,pgd/eps0.01,pgd,eps0.01,30,200,19,15,2,8,3,4,7,17,13.333333333333334,3.73604698913593,37.88249920651624,4.0,15.789473684210526,21.052631578947366,-5.263157894736841,3.5000000000000004,89.47368421052632
NPU,WBFM,pgd/eps0.01,pgd,eps0.01,40,200,19,15,1,14,2,4,10,17,6.666666666666667,1.1866588606194854,29.81707755242399,7.000000000000001,10.526315789473683,21.052631578947366,-10.526315789473683,5.0,89.47368421052632
NPU,WBFM,pgd/eps0.03,pgd,eps0.03,10,200,19,19,0,1,0,0,0,19,0.0,0.0,16.818436536845052,0.5,0.0,0.0,0.0,0.0,100.0
NPU,WBFM,pgd/eps0.03,pgd,eps0.03,20,200,19,19,1,2,1,0,3,18,5.263157894736842,0.9351752490529969,24.63921533654521,1.0,5.263157894736842,0.0,5.263157894736842,1.5,94.73684210526315
NPU,WBFM,pgd/eps0.03,pgd,eps0.03,30,200,19,19,2,5,2,0,7,17,10.526315789473683,2.9357941395096594,31.3945504948417,2.5,10.526315789473683,0.0,10.526315789473683,3.5000000000000004,89.47368421052632
NPU,WBFM,pgd/eps0.03,pgd,eps0.03,40,200,19,19,2,10,2,0,10,17,10.526315789473683,2.9357941395096594,31.3945504948417,5.0,10.526315789473683,0.0,10.526315789473683,5.0,89.47368421052632
NPU,WBFM,mifgsm/eps0.03_default,mifgsm,eps0.03_default,10,200,19,19,0,1,0,0,0,19,0.0,0.0,16.818436536845052,0.5,0.0,0.0,0.0,0.0,100.0
NPU,WBFM,mifgsm/eps0.03_default,mifgsm,eps0.03_default,20,200,19,19,0,6,0,0,3,18,0.0,0.0,16.818436536845052,3.0,0.0,0.0,0.0,1.5,94.73684210526315
NPU,WBFM,mifgsm/eps0.03_default,mifgsm,eps0.03_default,30,200,19,19,4,12,4,0,7,17,21.052631578947366,8.507538491591577,43.33471424026609,6.0,21.052631578947366,0.0,21.052631578947366,3.5000000000000004,89.47368421052632
NPU,WBFM,mifgsm/eps0.03_default,mifgsm,eps0.03_default,40,200,19,19,2,11,2,0,10,17,10.526315789473683,2.9357941395096594,31.3945504948417,5.5,10.526315789473683,0.0,10.526315789473683,5.0,89.47368421052632
NPU,WBFM,difgsm/eps0.03_default,difgsm,eps0.03_default,10,200,19,18,0,0,0,1,0,19,0.0,0.0,17.58845505823749,0.0,0.0,5.263157894736842,-5.263157894736842,0.0,100.0
NPU,WBFM,difgsm/eps0.03_default,difgsm,eps0.03_default,20,200,19,18,3,3,3,1,3,18,16.666666666666664,5.836470400465757,39.222499638359245,1.5,15.789473684210526,5.263157894736842,10.526315789473685,1.5,94.73684210526315
NPU,WBFM,difgsm/eps0.03_default,difgsm,eps0.03_default,30,200,19,18,2,7,2,1,7,17,11.11111111111111,3.101886845358279,32.80024486660421,3.5000000000000004,10.526315789473683,5.263157894736842,5.263157894736842,3.5000000000000004,89.47368421052632
NPU,WBFM,difgsm/eps0.03_default,difgsm,eps0.03_default,40,200,19,18,4,9,4,1,10,17,22.22222222222222,9.000781913382,45.21502645230549,4.5,21.052631578947366,5.263157894736842,15.789473684210524,5.0,89.47368421052632
NPU,WBFM,vmifgsm/eps0.03_default,vmifgsm,eps0.03_default,10,200,19,19,0,1,0,0,0,19,0.0,0.0,16.818436536845052,0.5,0.0,0.0,0.0,0.0,100.0
NPU,WBFM,vmifgsm/eps0.03_default,vmifgsm,eps0.03_default,20,200,19,19,2,4,2,0,3,18,10.526315789473683,2.9357941395096594,31.3945504948417,2.0,10.526315789473683,0.0,10.526315789473683,1.5,94.73684210526315
NPU,WBFM,vmifgsm/eps0.03_default,vmifgsm,eps0.03_default,30,200,19,19,1,7,1,0,7,17,5.263157894736842,0.9351752490529969,24.63921533654521,3.5000000000000004,5.263157894736842,0.0,5.263157894736842,3.5000000000000004,89.47368421052632
NPU,WBFM,vmifgsm/eps0.03_default,vmifgsm,eps0.03_default,40,200,19,19,2,6,2,0,10,17,10.526315789473683,2.9357941395096594,31.3945504948417,3.0,10.526315789473683,0.0,10.526315789473683,5.0,89.47368421052632
NPU,WBFM,vnifgsm/eps0.03_default,vnifgsm,eps0.03_default,10,200,19,19,0,1,0,0,0,19,0.0,0.0,16.818436536845052,0.5,0.0,0.0,0.0,0.0,100.0
NPU,WBFM,vnifgsm/eps0.03_default,vnifgsm,eps0.03_default,20,200,19,19,0,4,0,0,3,18,0.0,0.0,16.818436536845052,2.0,0.0,0.0,0.0,1.5,94.73684210526315
NPU,WBFM,vnifgsm/eps0.03_default,vnifgsm,eps0.03_default,30,200,19,19,3,8,3,0,7,17,15.789473684210526,5.520371039927826,37.56592764317668,4.0,15.789473684210526,0.0,15.789473684210526,3.5000000000000004,89.47368421052632
NPU,WBFM,vnifgsm/eps0.03_default,vnifgsm,eps0.03_default,40,200,19,19,2,6,2,0,10,17,10.526315789473683,2.9357941395096594,31.3945504948417,3.0,10.526315789473683,0.0,10.526315789473683,5.0,89.47368421052632
NPU,WBFM,rfgsm/eps0.03_default,rfgsm,eps0.03_default,10,200,19,19,0,1,0,0,0,19,0.0,0.0,16.818436536845052,0.5,0.0,0.0,0.0,0.0,100.0
NPU,WBFM,rfgsm/eps0.03_default,rfgsm,eps0.03_default,20,200,19,19,2,5,2,0,3,18,10.526315789473683,2.9357941395096594,31.3945504948417,2.5,10.526315789473683,0.0,10.526315789473683,1.5,94.73684210526315
NPU,WBFM,rfgsm/eps0.03_default,rfgsm,eps0.03_default,30,200,19,19,1,5,1,0,7,17,5.263157894736842,0.9351752490529969,24.63921533654521,2.5,5.263157894736842,0.0,5.263157894736842,3.5000000000000004,89.47368421052632
NPU,WBFM,rfgsm/eps0.03_default,rfgsm,eps0.03_default,40,200,19,19,1,5,1,0,10,17,5.263157894736842,0.9351752490529969,24.63921533654521,2.5,5.263157894736842,0.0,5.263157894736842,5.0,89.47368421052632
NPU,WBFM,tpgd/eps0.03_default,tpgd,eps0.03_default,10,200,19,15,0,1,0,4,0,19,0.0,-1.3877787807814457e-15,20.388926630434785,0.5,0.0,21.052631578947366,-21.052631578947366,0.0,100.0
NPU,WBFM,tpgd/eps0.03_default,tpgd,eps0.03_default,20,200,19,15,2,4,2,4,3,18,13.333333333333334,3.73604698913593,37.88249920651624,2.0,10.526315789473683,21.052631578947366,-10.526315789473683,1.5,94.73684210526315
NPU,WBFM,tpgd/eps0.03_default,tpgd,eps0.03_default,30,200,19,15,4,9,4,4,7,17,26.666666666666668,10.89727610318281,51.95088965768675,4.5,21.052631578947366,21.052631578947366,0.0,3.5000000000000004,89.47368421052632
NPU,WBFM,tpgd/eps0.03_default,tpgd,eps0.03_default,40,200,19,15,3,7,3,4,10,17,20.0,7.047420643610414,45.18593533465045,3.5000000000000004,15.789473684210526,21.052631578947366,-5.263157894736841,5.0,89.47368421052632
NPU,WBFM,cw/c1_steps20_lr0.01,cw,c1_steps20_lr0.01,10,200,19,11,0,0,0,8,0,19,0.0,2.7755575615628914e-15,25.88400172488141,0.0,0.0,42.10526315789473,-42.10526315789473,0.0,100.0
NPU,WBFM,cw/c1_steps20_lr0.01,cw,c1_steps20_lr0.01,20,200,19,11,1,5,1,8,3,18,9.090909090909092,1.6231752262825971,37.73646254862038,2.5,5.263157894736842,42.10526315789473,-36.84210526315789,1.5,94.73684210526315
NPU,WBFM,cw/c1_steps20_lr0.01,cw,c1_steps20_lr0.01,30,200,19,11,3,11,3,8,7,17,27.27272727272727,9.745880573921466,56.56502930102463,5.5,15.789473684210526,42.10526315789473,-26.315789473684205,3.5000000000000004,89.47368421052632
NPU,WBFM,cw/c1_steps20_lr0.01,cw,c1_steps20_lr0.01,40,200,19,11,1,9,1,8,10,17,9.090909090909092,1.6231752262825971,37.73646254862038,4.5,5.263157894736842,42.10526315789473,-36.84210526315789,5.0,89.47368421052632
NPU,WBFM,deepfool/package_default,deepfool,package_default,10,200,19,5,0,0,0,14,0,19,0.0,-2.7755575615628914e-15,43.4491494752081,0.0,0.0,73.68421052631578,-73.68421052631578,0.0,100.0
NPU,WBFM,deepfool/package_default,deepfool,package_default,20,200,19,5,0,3,1,14,3,18,0.0,-2.7755575615628914e-15,43.4491494752081,1.5,5.263157894736842,73.68421052631578,-68.42105263157895,1.5,94.73684210526315
NPU,WBFM,deepfool/package_default,deepfool,package_default,30,200,19,5,0,9,1,14,7,17,0.0,-2.7755575615628914e-15,43.4491494752081,4.5,5.263157894736842,73.68421052631578,-68.42105263157895,3.5000000000000004,89.47368421052632
NPU,WBFM,deepfool/package_default,deepfool,package_default,40,200,19,5,1,11,1,14,10,17,20.0,3.6223160969787447,62.44717358814613,5.5,5.263157894736842,73.68421052631578,-68.42105263157895,5.0,89.47368421052632
NPU,WBFM,fab/eps0.005,fab,eps0.005,10,200,19,0,0,0,0,19,0,19,,,,0.0,0.0,100.0,-100.0,0.0,100.0
NPU,WBFM,fab/eps0.005,fab,eps0.005,20,200,19,0,0,2,1,19,3,18,,,,1.0,5.263157894736842,100.0,-94.73684210526316,1.5,94.73684210526315
NPU,WBFM,fab/eps0.005,fab,eps0.005,30,200,19,0,0,9,1,19,7,17,,,,4.5,5.263157894736842,100.0,-94.73684210526316,3.5000000000000004,89.47368421052632
NPU,WBFM,fab/eps0.005,fab,eps0.005,40,200,19,0,0,9,2,19,10,17,,,,4.5,10.526315789473683,100.0,-89.47368421052632,5.0,89.47368421052632
NPU,WBFM,fab/eps0.01,fab,eps0.01,10,200,19,2,0,0,0,17,0,19,0.0,0.0,65.76280471103807,0.0,0.0,89.47368421052632,-89.47368421052632,0.0,100.0
NPU,WBFM,fab/eps0.01,fab,eps0.01,20,200,19,2,0,2,1,17,3,18,0.0,0.0,65.76280471103807,1.0,5.263157894736842,89.47368421052632,-84.21052631578948,1.5,94.73684210526315
NPU,WBFM,fab/eps0.01,fab,eps0.01,30,200,19,2,0,8,1,17,7,17,0.0,0.0,65.76280471103807,4.0,5.263157894736842,89.47368421052632,-84.21052631578948,3.5000000000000004,89.47368421052632
NPU,WBFM,fab/eps0.01,fab,eps0.01,40,200,19,2,1,9,3,17,10,17,50.0,9.452865480086615,90.54713451991339,4.5,15.789473684210526,89.47368421052632,-73.6842105263158,5.0,89.47368421052632
NPU,WBFM,fab/eps0.03,fab,eps0.03,10,200,19,2,0,0,0,17,0,19,0.0,0.0,65.76280471103807,0.0,0.0,89.47368421052632,-89.47368421052632,0.0,100.0
NPU,WBFM,fab/eps0.03,fab,eps0.03,20,200,19,2,0,3,1,17,3,18,0.0,0.0,65.76280471103807,1.5,5.263157894736842,89.47368421052632,-84.21052631578948,1.5,94.73684210526315
NPU,WBFM,fab/eps0.03,fab,eps0.03,30,200,19,2,0,14,1,17,7,17,0.0,0.0,65.76280471103807,7.000000000000001,5.263157894736842,89.47368421052632,-84.21052631578948,3.5000000000000004,89.47368421052632
NPU,WBFM,fab/eps0.03,fab,eps0.03,40,200,19,2,1,15,2,17,10,17,50.0,9.452865480086615,90.54713451991339,7.5,10.526315789473683,89.47368421052632,-78.94736842105263,5.0,89.47368421052632
NPU,WBFM,square/eps0.03_default,square,eps0.03_default,10,200,19,15,0,0,0,4,0,19,0.0,-1.3877787807814457e-15,20.388926630434785,0.0,0.0,21.052631578947366,-21.052631578947366,0.0,100.0
NPU,WBFM,square/eps0.03_default,square,eps0.03_default,20,200,19,15,0,2,0,4,3,18,0.0,-1.3877787807814457e-15,20.388926630434785,1.0,0.0,21.052631578947366,-21.052631578947366,1.5,94.73684210526315
NPU,WBFM,square/eps0.03_default,square,eps0.03_default,30,200,19,15,1,13,3,4,7,17,6.666666666666667,1.1866588606194854,29.81707755242399,6.5,15.789473684210526,21.052631578947366,-5.263157894736841,3.5000000000000004,89.47368421052632
NPU,WBFM,square/eps0.03_default,square,eps0.03_default,40,200,19,15,0,13,1,4,10,17,0.0,-1.3877787807814457e-15,20.388926630434785,6.5,5.263157894736842,21.052631578947366,-15.789473684210524,5.0,89.47368421052632
NPU,WBFM,apgd/eps0.03_default,apgd,eps0.03_default,10,200,19,19,0,1,0,0,0,19,0.0,0.0,16.818436536845052,0.5,0.0,0.0,0.0,0.0,100.0
NPU,WBFM,apgd/eps0.03_default,apgd,eps0.03_default,20,200,19,19,2,3,2,0,3,18,10.526315789473683,2.9357941395096594,31.3945504948417,1.5,10.526315789473683,0.0,10.526315789473683,1.5,94.73684210526315
NPU,WBFM,apgd/eps0.03_default,apgd,eps0.03_default,30,200,19,19,3,7,3,0,7,17,15.789473684210526,5.520371039927826,37.56592764317668,3.5000000000000004,15.789473684210526,0.0,15.789473684210526,3.5000000000000004,89.47368421052632
NPU,WBFM,apgd/eps0.03_default,apgd,eps0.03_default,40,200,19,19,2,5,2,0,10,17,10.526315789473683,2.9357941395096594,31.3945504948417,2.5,10.526315789473683,0.0,10.526315789473683,5.0,89.47368421052632
NPU,WBFM,apgdt/eps0.03_default,apgdt,eps0.03_default,10,200,19,16,0,0,0,3,0,19,0.0,0.0,19.361341827271993,0.0,0.0,15.789473684210526,-15.789473684210526,0.0,100.0
NPU,WBFM,apgdt/eps0.03_default,apgdt,eps0.03_default,20,200,19,16,0,0,0,3,3,18,0.0,0.0,19.361341827271993,0.0,0.0,15.789473684210526,-15.789473684210526,1.5,94.73684210526315
NPU,WBFM,apgdt/eps0.03_default,apgdt,eps0.03_default,30,200,19,16,1,9,1,3,7,17,6.25,1.1119057308331208,28.32926836802987,4.5,5.263157894736842,15.789473684210526,-10.526315789473685,3.5000000000000004,89.47368421052632
NPU,WBFM,apgdt/eps0.03_default,apgdt,eps0.03_default,40,200,19,16,0,11,1,3,10,17,0.0,0.0,19.361341827271993,5.5,5.263157894736842,15.789473684210526,-10.526315789473685,5.0,89.47368421052632
NPU,WBFM,autoattack/eps0.03_standard,autoattack,eps0.03_standard,10,200,19,19,0,1,0,0,0,19,0.0,0.0,16.818436536845052,0.5,0.0,0.0,0.0,0.0,100.0
NPU,WBFM,autoattack/eps0.03_standard,autoattack,eps0.03_standard,20,200,19,19,1,5,1,0,3,18,5.263157894736842,0.9351752490529969,24.63921533654521,2.5,5.263157894736842,0.0,5.263157894736842,1.5,94.73684210526315
NPU,WBFM,autoattack/eps0.03_standard,autoattack,eps0.03_standard,30,200,19,19,3,7,3,0,7,17,15.789473684210526,5.520371039927826,37.56592764317668,3.5000000000000004,15.789473684210526,0.0,15.789473684210526,3.5000000000000004,89.47368421052632
NPU,WBFM,autoattack/eps0.03_standard,autoattack,eps0.03_standard,40,200,19,19,2,10,2,0,10,17,10.526315789473683,2.9357941395096594,31.3945504948417,5.0,10.526315789473683,0.0,10.526315789473683,5.0,89.47368421052632
NPU,WBFM,ead/package_default,ead,package_default,10,200,19,5,0,0,0,14,0,19,0.0,-2.7755575615628914e-15,43.4491494752081,0.0,0.0,73.68421052631578,-73.68421052631578,0.0,100.0
NPU,WBFM,ead/package_default,ead,package_default,20,200,19,5,0,3,1,14,3,18,0.0,-2.7755575615628914e-15,43.4491494752081,1.5,5.263157894736842,73.68421052631578,-68.42105263157895,1.5,94.73684210526315
NPU,WBFM,ead/package_default,ead,package_default,30,200,19,5,0,8,1,14,7,17,0.0,-2.7755575615628914e-15,43.4491494752081,4.0,5.263157894736842,73.68421052631578,-68.42105263157895,3.5000000000000004,89.47368421052632
NPU,WBFM,ead/package_default,ead,package_default,40,200,19,5,1,7,1,14,10,17,20.0,3.6223160969787447,62.44717358814613,3.5000000000000004,5.263157894736842,73.68421052631578,-68.42105263157895,5.0,89.47368421052632
NPU,WBFM,ALL/ALL_24,ALL,ALL_24,10,4800,456,332,0,10,0,124,0,456,0.0,8.673617379884035e-17,1.1438725875531797,0.20833333333333334,0.0,27.192982456140353,-27.192982456140353,0.0,100.0
NPU,WBFM,ALL/ALL_24,ALL,ALL_24,20,4800,456,332,18,78,23,124,72,432,5.421686746987952,3.456631393172648,8.406580311392839,1.625,5.0438596491228065,27.192982456140353,-22.149122807017548,1.5,94.73684210526315
NPU,WBFM,ALL/ALL_24,ALL,ALL_24,30,4800,456,332,39,204,47,124,168,408,11.74698795180723,8.7132323462483,15.655874994831546,4.25,10.307017543859649,27.192982456140353,-16.885964912280706,3.5000000000000004,89.47368421052632
NPU,WBFM,ALL/ALL_24,ALL,ALL_24,40,4800,456,332,37,225,46,124,240,408,11.144578313253012,8.194213645771315,14.983856015640495,4.6875,10.087719298245613,27.192982456140353,-17.10526315789474,5.0,89.47368421052632
